ISO-10303-21;
HEADER;
/* Generated by software containing ST-Developer
 * from STEP Tools, Inc. (www.steptools.com) 
 */
/* OPTION: using custom renumber hook */

FILE_DESCRIPTION(
/* description */ ('STEP AP242 Edition 2',
'CAx-IF Rec.Pracs.---Representation and Presentation of Product Manufa
cturing Information (PMI)---4.0---2014-10-13',
'CAx-IF Rec.Pracs.---3D Tessellated Geometry---0.4---2014-09-14','2;1',
'CAx-IF Rec.Pracs.---User Defined Attributes---1.5---2016-08-15'),
/* implementation_level */ '2;1');

FILE_NAME(
/* name */ 'Pinion_Gear_Mini_Version',
/* time_stamp */ '2026-06-13T20:24:43Z',
/* author */ (''),
/* organization */ (''),
/* preprocessor_version */ 'ST-DEVELOPER v20',
/* originating_system */ 'ONSHAPE BY PTC INC, 1.216',
/* authorisation */ '  ');

FILE_SCHEMA (('AP242_MANAGED_MODEL_BASED_3D_ENGINEERING_MIM_LF { 1 0 10303 442 3 1 4 }'));
ENDSEC;

DATA;
#10=SHAPE_REPRESENTATION_RELATIONSHIP('','',#31,#11);
#11=TESSELLATED_SHAPE_REPRESENTATION('',(#29),#37);
#12=STYLED_ITEM('',(#14),#27);
#13=STYLED_ITEM('',(#15),#29);
#14=PRESENTATION_STYLE_ASSIGNMENT((#16));
#15=PRESENTATION_STYLE_ASSIGNMENT((#17));
#16=SURFACE_STYLE_USAGE(.BOTH.,#18);
#17=SURFACE_STYLE_USAGE(.BOTH.,#19);
#18=SURFACE_SIDE_STYLE('',(#20));
#19=SURFACE_SIDE_STYLE('',(#21));
#20=SURFACE_STYLE_FILL_AREA(#22);
#21=SURFACE_STYLE_FILL_AREA(#23);
#22=FILL_AREA_STYLE('',(#24));
#23=FILL_AREA_STYLE('',(#25));
#24=FILL_AREA_STYLE_COLOUR('',#26);
#25=FILL_AREA_STYLE_COLOUR('',#26);
#26=COLOUR_RGB('',0.647058823529412,0.647058823529412,0.647058823529412);
#27=COMPLEX_TRIANGULATED_FACE('ConvergentBody',#28,2642,((-0.999078934447882,
-0.0429101706182086,0.),(0.,0.,1.),(0.,0.,1.),(-0.999078934447882,0.0429101706182086,
0.),(-0.999078934447882,-0.0429101706182086,0.),(0.,0.,-1.),(0.,0.,-1.),
(-0.985299433224657,-0.170836257530916,0.),(-0.999078934447882,0.0429101706182086,
0.),(0.,0.,-1.),(0.,0.,-1.),(-0.238004324242308,0.971264094694106,0.),(0.,
0.,-1.),(-0.238009122929819,-0.971262918782643,0.),(0.,0.,-1.),(-0.23481383253019,
-0.972040361328934,0.),(0.,0.,-1.),(-1.,0.,0.),(0.,0.,1.),(-0.238009122929819,
-0.971262918782643,0.),(-0.985299433224657,-0.170836257530916,0.),(0.,0.,
1.),(0.,0.,1.),(-0.985299671394774,0.170834883877239,0.),(-0.985299671394774,
0.170834883877239,0.),(0.,0.,-1.),(0.,0.,1.),(-0.238004324242308,0.971264094694106,
0.),(0.,0.,1.),(1.,0.,0.),(0.,0.,1.),(-0.234808596010772,0.972041626289456,
0.),(-0.94163352952048,-0.336639712575335,0.),(0.,0.,-1.),(0.,0.,-1.),(-0.870282178740224,
-0.492553478687511,0.),(-0.94163352952048,-0.336639712575335,0.),(0.,0.,
1.),(0.,0.,1.),(-0.870282178740224,-0.492553478687511,0.),(-0.941633231959132,
0.336640544899452,0.),(0.,0.,1.),(-0.941633231959132,0.336640544899452,
0.),(0.,0.,-1.),(0.,0.,-1.),(-0.870281056669846,0.492555461244332,0.),(0.,
0.,-1.),(-0.6536683201819,0.756781162021475,0.),(0.,0.,-1.),(-0.360745158321946,
0.932664425582575,0.),(-0.360745158321946,0.932664425582575,0.),(0.,0.,
1.),(0.,0.,1.),(-0.870281056669846,0.492555461244332,0.),(0.,0.,1.),(-0.51477963323738,
0.857322535107989,0.),(-0.773340192238545,-0.633991283117087,0.),(0.,0.,
-1.),(0.,0.,-1.),(-0.514775831520447,-0.857324817838859,0.),(0.,0.,-1.),
(-0.360750060605199,-0.932662529414228,0.),(-0.773340192238545,-0.633991283117087,
0.),(0.,0.,1.),(0.,0.,1.),(-0.653664964304361,-0.756784060641461,0.),(0.,
0.,1.),(-0.514775831520447,-0.857324817838859,0.),(-0.773340192238544,0.633991283117088,
0.),(0.,0.,1.),(-0.773340192238544,0.633991283117088,0.),(0.,0.,-1.),(0.,
0.,1.),(-0.6536683201819,0.756781162021475,0.),(-0.653664964304361,-0.756784060641461,
0.),(0.,0.,-1.),(0.,0.,-1.),(-0.51477963323738,0.857322535107989,0.),(-0.360750060605199,
-0.932662529414228,0.),(0.,0.,1.),(0.,0.,1.),(-0.23481383253019,-0.972040361328934,
0.),(-0.234808596010772,0.972041626289456,0.),(0.,0.,-1.),(0.,0.,-1.),(-0.99878262680236,
-0.0493281298832462,0.),(-0.99878262680236,-0.0493281298832462,0.),(0.,
0.,1.),(0.,0.,1.),(-0.992527167614653,0.122023856466001,0.),(-0.975673087904237,
-0.219230530582331,0.),(0.,0.,-1.),(0.,0.,-1.),(-0.992527167614653,0.122023856466001,
0.),(0.,0.,-1.),(-0.89351867756487,0.449026026910161,0.),(0.,0.,-1.),(-0.803674799692946,
0.595068749253818,0.),(0.,0.,1.),(-0.89351867756487,0.449026026910161,0.),
(-0.975673087904237,-0.219230530582331,0.),(0.,0.,1.),(0.,0.,1.),(-0.939447280271921,
-0.342693460091802,0.),(0.,0.,1.),(-0.591576130705872,0.806249143614472,
0.),(0.,0.,1.),(-0.690202659302779,0.723616119977556,0.),(-0.992527293482895,
-0.122022832664704,0.),(0.,0.,-1.),(-0.998782631728018,0.0493280301497453,
0.),(0.,0.,1.),(-0.998782631728018,0.0493280301497453,0.),(0.,0.,-1.),(-0.975672906637902,
0.219231337296355,0.),(0.,0.,1.),(0.,0.,-1.),(-0.803673721772402,-0.595070205045166,
0.),(-0.975672906637902,0.219231337296355,0.),(0.,0.,-1.),(0.,0.,-1.),(-0.690202893686458,
-0.723615896416628,0.),(-0.992527293482895,-0.122022832664704,0.),(0.,0.,
1.),(0.,0.,1.),(-0.957091808861948,-0.289784867460958,0.),(0.,0.,1.),(-0.893518221866471,
-0.449026933705074,0.),(-0.957091775100267,0.289784978967889,0.),(0.,0.,
1.),(-0.957091775100267,0.289784978967889,0.),(0.,0.,-1.),(0.,0.,-1.),(-0.957091808861948,
-0.289784867460958,0.),(0.,0.,-1.),(-0.893518221866471,-0.449026933705074,
0.),(-0.939447280271921,-0.342693460091802,0.),(0.,0.,-1.),(0.,0.,-1.),
(-0.690202659302779,0.723616119977556,0.),(-0.939447071889504,0.342694031343175,
0.),(0.,0.,1.),(-0.939447071889504,0.342694031343175,0.),(0.,0.,-1.),(0.,
0.,-1.),(-0.591577744520872,-0.806247959493602,0.),(0.,0.,1.),(-0.803673721772402,
-0.595070205045166,0.),(-0.906610779709305,-0.421967882800203,0.),(0.,0.,
-1.),(0.,0.,-1.),(-0.591576130705872,0.806249143614472,0.),(-0.906610779709305,
-0.421967882800203,0.),(0.,0.,1.),(0.,0.,1.),(0.151797318447281,-0.988411642035956,
0.),(-0.906610340164563,0.421968827174112,0.),(0.,0.,1.),(-0.906610340164563,
0.421968827174112,0.),(0.,0.,-1.),(0.,0.,-1.),(-0.932472315996556,0.361241442666838,
0.),(0.,0.,-1.),(-0.588919021656427,-0.808192047678791,0.),(0.,0.,1.),(-0.690202893686458,
-0.723615896416628,0.),(-0.803674799692946,0.595068749253818,0.),(0.,0.,
1.),(0.,0.,1.),(-0.591577744520872,-0.806247959493602,0.),(-0.844923623677249,
-0.534886969510481,0.),(0.,0.,-1.),(0.,0.,-1.),(0.151797318447281,-0.988411642035956,
0.),(0.,0.,-1.),(-0.147507064687563,-0.989061002096058,0.),(0.,0.,-1.),
(0.0236263269015251,-0.999720859378828,0.),(-0.844923623677249,-0.534886969510481,
0.),(0.,0.,1.),(0.,0.,1.),(-0.471859267176578,-0.881673880740256,0.),(0.,
0.,1.),(-0.147507064687563,-0.989061002096058,0.),(-0.844924722079488,0.534885234437165,
0.),(0.,0.,1.),(-0.844924722079488,0.534885234437165,0.),(0.,0.,-1.),(0.,
0.,-1.),(0.0236263157919499,0.99972085964138,0.),(0.,0.,-1.),(0.151800007693943,
0.988411229025712,0.),(0.,0.,1.),(0.155053197827545,0.987906121978932,0.),
(0.,0.,1.),(0.0236263157919499,0.99972085964138,0.),(0.,0.,1.),(0.151800007693943,
0.988411229025712,0.),(-0.588921008339247,0.80819060000515,0.),(0.,0.,1.),
(0.,0.,-1.),(-0.932472315996555,-0.361241442666842,0.),(-0.588921008339247,
0.80819060000515,0.),(0.,0.,-1.),(-0.588919021656427,-0.808192047678791,
0.),(0.,0.,1.),(-0.741124590893083,-0.671367515429188,0.),(0.,0.,-1.),(0.,
0.,-1.),(-0.31430134828689,-0.949323265523943,0.),(-0.741124590893083,-0.671367515429188,
0.),(0.,0.,1.),(0.,0.,1.),(-0.615541650127255,-0.788104356642327,0.),(-0.741126815757496,
0.671365059386587,0.),(0.,0.,1.),(-0.741126815757496,0.671365059386587,
0.),(0.,0.,-1.),(0.,0.,-1.),(-0.147507133174757,0.989060991881979,0.),(-0.147507133174757,
0.989060991881979,0.),(0.,0.,1.),(-0.615541650127255,-0.788104356642327,
0.),(0.,0.,-1.),(0.,0.,-1.),(-0.471859267176578,-0.881673880740256,0.),
(-0.615539842459407,0.788105768501315,0.),(0.,0.,1.),(-0.615539842459407,
0.788105768501315,0.),(0.,0.,-1.),(0.,0.,-1.),(-0.314301208263326,0.949323311882845,
0.),(-0.314301208263326,0.949323311882845,0.),(0.,0.,1.),(0.,0.,1.),(-0.471859462429731,
0.88167377624353,0.),(-0.471859462429731,0.88167377624353,0.),(0.,0.,-1.),
(-0.31430134828689,-0.949323265523943,0.),(0.,0.,1.),(0.,0.,1.),(0.0236263269015251,
-0.999720859378828,0.),(0.155050289333039,-0.987906578466679,0.),(0.,0.,
-1.),(0.,0.,1.),(0.155050289333039,-0.987906578466679,0.),(0.,0.,-1.),(0.155053197827545,
0.987906121978932,0.),(-0.348434756518083,-0.937333036039051,0.),(0.,0.,
-1.),(-0.348434756518083,-0.937333036039051,0.),(0.,0.,1.),(0.,0.,1.),(-0.348434450006364,
0.937333149978578,0.),(-0.348434450006364,0.937333149978578,0.),(0.,0.,
-1.),(0.,0.,-1.),(-0.492013758976382,-0.870587422938059,0.),(-0.492013758976382,
-0.870587422938059,0.),(0.,0.,1.),(0.,0.,1.),(-0.492018438975849,0.870584778012899,
0.),(-0.492018438975849,0.870584778012899,0.),(0.,0.,-1.),(0.,0.,-1.),(-0.993753475229488,
0.11159762752548,0.),(-0.623268241932866,-0.78200811926598,0.),(0.,0.,-1.),
(0.,0.,-1.),(-0.994006052279601,-0.109325056741459,0.),(-0.623268241932866,
-0.78200811926598,0.),(0.,0.,1.),(0.,0.,1.),(-0.623268241932872,0.782008119265974,
0.),(-0.623268241932872,0.782008119265974,0.),(0.,0.,-1.),(-0.680614693672577,
0.732641548614999,0.),(0.,0.,1.),(-0.680614693672577,0.732641548614999,
0.),(0.,0.,-1.),(0.,0.,1.),(0.036789333908307,-0.999323043320118,0.),(-0.680617397575113,
-0.732639036714588,0.),(0.,0.,-1.),(-0.680617397575113,-0.732639036714588,
0.),(0.,0.,1.),(-0.738887205919899,-0.673829130364579,0.),(0.,0.,-1.),(-0.738887205919899,
-0.673829130364579,0.),(0.,0.,1.),(0.,0.,1.),(-0.738887205919926,0.673829130364549,
0.),(-0.738887205919926,0.673829130364549,0.),(0.,0.,-1.),(-0.787724393698104,
0.616027823700321,0.),(0.,0.,1.),(-0.787724393698104,0.616027823700321,
0.),(0.,0.,-1.),(0.,0.,-1.),(-0.787726084315844,-0.616025661874915,0.),
(-0.787726084315844,-0.616025661874915,0.),(0.,0.,1.),(0.,0.,1.),(-0.276555316016719,
0.960998000613369,0.),(0.,0.,1.),(0.0367863572313365,0.999323152899826,
0.),(0.,0.,1.),(-0.121409589896927,0.992602494194458,0.),(-0.992648541731496,
-0.121004325810536,-0.00261261047103879),(0.,0.,-1.),(0.,0.,-1.),(-1.,0.,
0.),(0.,0.,-1.),(0.999999999999998,0.,0.),(-0.992635110948526,0.121118570851848,
-0.00241418868624431),(0.,0.,-1.),(0.,0.,-1.),(0.98561590828132,-0.169000832373066,
0.),(-0.835982847495598,-0.548755572812843,0.),(0.,0.,-1.),(-0.835982847495598,
-0.548755572812843,0.),(0.,0.,1.),(0.,0.,1.),(-0.835982847495568,0.548755572812889,
0.),(-0.835982847495568,0.548755572812889,0.),(0.,0.,-1.),(-0.87508584362767,
0.483967732687263,0.),(0.,0.,1.),(-0.87508584362767,0.483967732687263,0.),
(0.,0.,-1.),(0.,0.,-1.),(-0.965472984417411,-0.260503198368345,0.),(-0.875084260695131,
-0.483970594854332,0.),(0.,0.,-1.),(-0.875084260695131,-0.483970594854332,
0.),(0.,0.,1.),(-0.982327875132526,-0.187166693135278,-0.000758101854426572),
(0.,0.,-1.),(0.,0.,-1.),(-0.969326045086198,-0.245763600674854,-0.00269646080649709),
(0.,0.,-1.),(0.985615896950237,0.169000898456132,0.),(0.,0.,-1.),(-0.912122430797093,
-0.409917883528887,0.),(-0.981464048425967,0.191645015711354,-0.00071386294540728),
(0.,0.,-1.),(0.,0.,-1.),(-0.969351360021071,0.24566480566937,-0.00259693679739501),
(0.,0.,-1.),(-0.912121204523991,0.409920612140574,0.),(0.,0.,-1.),(-0.980785145983843,
0.195090997786807,0.),(-0.912122430797093,-0.409917883528887,0.),(0.,0.,
1.),(0.,0.,1.),(-0.912121204523991,0.409920612140574,0.),(-0.940506184802899,
0.339776568273174,0.),(0.,0.,1.),(-0.940506184802899,0.339776568273174,
0.),(0.,0.,-1.),(0.,0.,1.),(-0.831469626817357,-0.555570211296651,0.),(0.,
0.,1.),(-0.121409476769163,-0.992602508031608,0.),(0.,0.,1.),(-0.276558231882147,
-0.960997161482916,0.),(0.,0.,1.),(-0.424775173056799,-0.905298874601403,
0.),(0.,0.,1.),(-0.562348865689992,-0.826900086623033,0.),(0.,0.,1.),(-0.685821156665778,
-0.727770115537602,0.),(-0.940506184802891,-0.339776568273196,0.),(0.,0.,
-1.),(0.,0.,-1.),(-0.964874628340541,0.262710775539763,0.),(-0.940506184802891,
-0.339776568273196,0.),(0.,0.,1.),(0.,0.,1.),(0.939692377183934,-0.34202081261585,
0.),(0.,0.,1.),(-0.424777684910874,0.905297696010411,0.),(0.,0.,1.),(-0.562350776914561,
0.826898786855798,0.),(0.,0.,1.),(-0.685819943032724,0.727771259214454,
0.),(0.,0.,1.),(-0.831468825857635,0.555571410015783,0.),(-0.980785643610892,
-0.195088496039023,0.),(0.,0.,-1.),(-0.980785643610892,-0.195088496039023,
0.),(0.,0.,1.),(0.,0.,1.),(0.984807768517927,0.173648089729608,0.),(-0.980785145983843,
0.195090997786807,0.),(0.,0.,1.),(0.,0.,1.),(-0.982347621594098,0.187064561979064,
0.),(-0.982347621594098,0.187064561979064,0.),(0.,0.,-1.),(0.,0.,-1.),(-0.982347621594098,
-0.18706456197906,0.),(-0.982347621594098,-0.18706456197906,0.),(0.,0.,
1.),(0.,0.,1.),(-0.999559975162574,0.0296623676228599,0.),(-0.999559975162574,
0.0296623676228599,0.),(0.,0.,-1.),(0.,0.,-1.),(-0.999559962089101,-0.0296628081684033,
0.),(-0.999559962089101,-0.0296628081684033,0.),(0.,0.,1.),(0.,0.,1.),(0.984807861166912,
-0.173647564290006,0.),(-0.932472315996555,-0.361241442666842,0.),(0.,0.,
-1.),(0.,0.,-1.),(0.942877565052483,0.333139456265242,0.),(-0.932472315996556,
0.361241442666838,0.),(0.,0.,-1.),(0.,0.,-1.),(0.942877619295128,-0.333139302743389,
0.),(-0.995133374511895,-0.0985371347897308,0.),(0.,0.,-1.),(-0.997338291621287,
0.0729131817021679,0.),(0.,0.,1.),(-0.997338291621287,0.0729131817021679,
0.),(0.,0.,-1.),(-0.970221339888868,0.242220047940399,0.),(0.,0.,1.),(0.,
0.,-1.),(-0.736795766468784,-0.676115373670557,0.),(-0.970221339888868,
0.242220047940399,0.),(0.,0.,-1.),(-0.995133374511895,-0.0985371347897308,
0.),(0.,0.,1.),(0.,0.,1.),(-0.736795766468784,-0.676115373670557,0.),(0.,
0.,1.),(-0.85508417342987,0.518489205625109,0.),(-0.997338263908202,-0.0729135607728364,
0.),(0.,0.,-1.),(-0.997338263908202,-0.0729135607728364,0.),(0.,0.,1.),
(0.,0.,1.),(-0.995133443540823,0.0985364376592913,0.),(-0.970221450178984,
-0.242219606168845,0.),(0.,0.,-1.),(0.,0.,-1.),(-0.995133443540823,0.0985364376592913,
0.),(0.,0.,-1.),(-0.963671479314246,0.267090396600649,0.),(-0.963671479314246,
0.267090396600649,0.),(0.,0.,1.),(0.,0.,1.),(-0.970221450178984,-0.242219606168845,
0.),(-0.96367153304809,-0.267090202726988,0.),(0.,0.,-1.),(-0.96367153304809,
-0.267090202726988,0.),(0.,0.,1.),(0.,0.,1.),(-0.817509381044885,-0.575915281880599,
0.),(-0.914580840866156,0.40440312254056,0.),(0.,0.,1.),(-0.914580840866156,
0.40440312254056,0.),(0.,0.,-1.),(0.,0.,-1.),(-0.85508417342987,0.518489205625109,
0.),(-0.914580933671826,-0.404402912655152,0.),(0.,0.,-1.),(0.,0.,-1.),
(-0.903876025803728,0.427794495029166,0.),(-0.903876025803728,0.427794495029166,
0.),(0.,0.,1.),(0.,0.,1.),(-0.914580933671826,-0.404402912655152,0.),(-0.903876139236996,
-0.427794255358838,0.),(0.,0.,-1.),(0.,0.,-1.),(-0.817509381044885,-0.575915281880599,
0.),(-0.903876139236996,-0.427794255358838,0.),(0.,0.,1.),(-0.85508380874541,
-0.518489807056458,0.),(0.,0.,-1.),(0.,0.,-1.),(-0.817510285563214,0.575913997918398,
0.),(-0.817510285563214,0.575913997918398,0.),(0.,0.,1.),(0.,0.,1.),(-0.85508380874541,
-0.518489807056458,0.),(-0.853371195141884,0.521303753393463,0.),(0.,0.,
1.),(0.,0.,-1.),(-0.73900887727735,-0.673695687462277,0.),(-0.853371195141884,
0.521303753393463,0.),(0.,0.,-1.),(0.,0.,1.),(0.518489673499934,-0.855083889728915,
0.),(-0.853372677131352,-0.52130132737762,0.),(0.,0.,-1.),(0.,0.,-1.),(-0.736795405739911,
0.676115766774123,0.),(0.,0.,-1.),(0.52130348681526,0.853371357987982,0.),
(0.,0.,1.),(-0.736795405739911,0.676115766774123,0.),(0.,0.,1.),(-0.853372677131352,
-0.52130132737762,0.),(-0.676116022941219,-0.736795170669671,0.),(0.,0.,
-1.),(0.,0.,-1.),(0.518489673499934,-0.855083889728915,0.),(0.,0.,-1.),
(0.521304762730368,-0.853370578561644,0.),(-0.676116022941219,-0.736795170669671,
0.),(0.,0.,1.),(0.,0.,1.),(-0.676116523631926,0.736794711213293,0.),(-0.676116523631926,
0.736794711213293,0.),(0.,0.,-1.),(0.,0.,-1.),(-0.881693865141048,-0.471818053052891,
-0.00191127863444931),(0.,0.,-1.),(0.036789333908307,-0.999323043320118,
0.),(0.,0.,-1.),(-0.121409476769163,-0.992602508031608,0.),(-0.884713192431726,
-0.466135781867541,0.),(0.,0.,-1.),(0.,0.,-1.),(-0.883645019586329,0.468157536904272,
0.),(-0.881541792962301,0.472103731864086,-0.00146069189610132),(0.,0.,
-1.),(0.,0.,-1.),(0.873013923450204,-0.487695283411764,0.),(0.,0.,-1.),
(0.0367863572313365,0.999323152899826,0.),(-0.57591543870901,-0.817509270563098,
0.),(0.,0.,-1.),(0.,0.,-1.),(0.404403725005405,-0.91458057447212,0.),(-0.57591543870901,
-0.817509270563098,0.),(0.,0.,1.),(0.,0.,1.),(-0.575922949900434,0.817503979059418,
0.),(-0.575922949900434,0.817503979059418,0.),(0.,0.,-1.),(0.,0.,-1.),(0.518494630646352,
0.855080883888129,0.),(0.,0.,1.),(-0.427800044013791,0.903873399510019,
0.),(0.,0.,1.),(0.072907687755544,0.997338693256278,0.),(0.,0.,1.),(0.242222615034379,
0.970220698998896,0.),(0.,0.,1.),(0.52130348681526,0.853371357987982,0.),
(0.,0.,1.),(0.404410394676061,0.914577625288282,0.),(0.,0.,1.),(0.518494630646352,
0.855080883888129,0.),(0.,0.,-1.),(-0.121409589896927,0.992602494194458,
0.),(-0.427793632251887,-0.903876434146137,0.),(0.,0.,-1.),(0.,0.,-1.),
(0.24222004794041,-0.970221339888866,0.),(-0.427793632251887,-0.903876434146137,
0.),(0.,0.,1.),(-0.427800044013791,0.903873399510019,0.),(0.,0.,-1.),(0.,
0.,-1.),(0.404410394676061,0.914577625288282,0.),(-0.842224071570592,-0.539127329010555,
-0.000579983619957649),(0.,0.,-1.),(0.,0.,-1.),(-0.815337273067877,-0.578982156410658,
-0.00218945296884168),(0.,0.,-1.),(0.873014059950805,0.48769503906459,0.),
(0.,0.,-1.),(-0.276558231882147,-0.960997161482916,0.),(0.,0.,-1.),(-0.424775173056799,
-0.905298874601403,0.),(0.,0.,-1.),(-0.562348865689992,-0.826900086623033,
0.),(0.,0.,-1.),(-0.685821156665778,-0.727770115537602,0.),(-0.839749345670291,
0.542974063797648,-0.000449988205453625),(0.,0.,-1.),(0.,0.,-1.),(-0.815525305834448,
0.57871878855565,-0.00174336350486484),(0.,0.,-1.),(-0.276555316016719,
0.960998000613369,0.),(0.,0.,-1.),(-0.424777684910874,0.905297696010411,
0.),(0.,0.,-1.),(-0.562350776914561,0.826898786855798,0.),(0.,0.,-1.),(-0.685819943032724,
0.727771259214454,0.),(0.,0.,-1.),(-0.831468825857635,0.555571410015783,
0.),(-0.26708996073233,-0.963671600119046,0.),(0.,0.,-1.),(0.,0.,-1.),(0.0729131641463202,
-0.997338292904755,0.),(-0.26708996073233,-0.963671600119046,0.),(0.,0.,
1.),(0.,0.,1.),(-0.098536902411492,-0.995133397521733,0.),(-0.267086071296895,
0.963672678101434,0.),(0.,0.,1.),(-0.267086071296895,0.963672678101434,
0.),(0.,0.,-1.),(0.,0.,-1.),(0.242222615034379,0.970220698998896,0.),(-0.098536902411492,
-0.995133397521733,0.),(0.,0.,-1.),(-0.0985396950666556,0.995133120992448,
0.),(0.,0.,1.),(-0.0985396950666556,0.995133120992448,0.),(0.,0.,-1.),(0.,
0.,-1.),(0.072907687755544,0.997338693256278,0.),(0.0729131641463202,-0.997338292904755,
0.),(0.,0.,1.),(0.,0.,1.),(0.24222004794041,-0.970221339888866,0.),(-0.831469626817357,
-0.555570211296651,0.),(0.,0.,-1.),(-0.909175192891749,0.416413818971286,
0.),(0.,0.,1.),(-0.909175192891749,0.416413818971286,0.),(0.,0.,-1.),(0.,
0.,1.),(0.416413730123772,-0.909175233585037,0.),(0.,0.,1.),(0.521304762730368,
-0.853370578561644,0.),(-0.909175971767539,-0.416412118412218,0.),(0.,0.,
-1.),(-0.909175971767539,-0.416412118412218,0.),(0.,0.,1.),(0.,0.,-1.),
(-0.802741554467449,-0.596327088711543,0.),(-0.934824895309282,-0.35510901862666,
0.),(0.,0.,-1.),(-0.934824895309282,-0.35510901862666,0.),(0.,0.,1.),(0.,
0.,1.),(-0.934826090997296,0.35510587096064,0.),(0.,0.,-1.),(-0.801375371368055,
0.598161779257678,0.),(-0.934826090997296,0.35510587096064,0.),(0.,0.,-1.),
(0.404403725005405,-0.91458057447212,0.),(0.,0.,1.),(0.,0.,1.),(-0.963506413311068,
0.267685247087773,0.),(-0.963506413311068,0.267685247087773,0.),(0.,0.,
-1.),(0.,0.,-1.),(-0.963506141062888,-0.267686227016076,0.),(0.,0.,-1.),
(-0.650618135661088,0.75940505762662,0.),(0.,0.,-1.),(-0.355111834450123,
0.934823825666349,0.),(0.,0.,-1.),(0.416416350202167,0.909174033551501,
0.),(0.,0.,-1.),(0.267687929582664,0.96350566804547,0.),(0.,0.,-1.),(0.112251589822374,
0.993679817940542,0.),(0.,0.,-1.),(-0.0460042344566916,0.99894124472466,
0.),(0.,0.,-1.),(-0.203111675816018,0.979155578622319,0.),(-0.963506141062888,
-0.267686227016076,0.),(0.,0.,1.),(0.,0.,1.),(0.267687929582664,0.96350566804547,
0.),(0.,0.,1.),(0.416416350202167,0.909174033551501,0.),(-0.979157331808959,
-0.203103223915232,0.),(0.,0.,-1.),(-0.979157331808959,-0.203103223915232,
0.),(0.,0.,1.),(0.,0.,1.),(-0.979157349921656,0.203103136594195,0.),(-0.979157349921656,
0.203103136594195,0.),(0.,0.,-1.),(-0.993680150471657,0.112248646132708,
0.),(0.,0.,1.),(-0.993680150471657,0.112248646132708,0.),(0.,0.,-1.),(0.,
0.,1.),(0.112248619964967,-0.993680153427631,0.),(0.,0.,1.),(0.267685307614671,
-0.963506396495238,0.),(-0.993680161526556,-0.112248548269262,0.),(0.,0.,
-1.),(-0.993680161526556,-0.112248548269262,0.),(0.,0.,1.),(0.,0.,1.),(-0.0460042344566916,
0.99894124472466,0.),(0.,0.,1.),(0.112251589822374,0.993679817940542,0.),
(-0.998941243731476,-0.0460042560228168,0.),(0.,0.,-1.),(-0.998941243731476,
-0.0460042560228168,0.),(0.,0.,1.),(0.,0.,1.),(-0.998941205124724,0.0460050943262196,
0.),(-0.998941205124724,0.0460050943262196,0.),(0.,0.,-1.),(0.,0.,-1.),
(-0.739008843289921,0.673695724744705,0.),(-0.73900887727735,-0.673695687462277,
0.),(0.,0.,-1.),(0.,0.,-1.),(0.778035856661692,0.6282198705459,0.),(-0.739008843289921,
0.673695724744705,0.),(0.,0.,-1.),(0.,0.,-1.),(0.778035406710055,-0.628220427800242,
0.),(-0.650980016009667,-0.759094626242636,-0.000605941917349991),(0.,0.,
-1.),(0.,0.,-1.),(-0.652216316795129,-0.758032899092246,0.),(0.,0.,-1.),
(0.416413730123772,-0.909175233585037,0.),(-0.650618135661088,0.75940505762662,
0.),(0.,0.,-1.),(0.,0.,-1.),(0.660675019118683,-0.750672044978716,0.),(-0.581220923530227,
-0.813745784489565,-0.000190462942550621),(0.,0.,-1.),(0.,0.,-1.),(-0.551949960616018,
-0.833876878665211,-0.000769547620951302),(0.,0.,-1.),(0.660674985866908,
0.750672074243981,0.),(0.,0.,-1.),(0.267685307614671,-0.963506396495238,
0.),(0.,0.,-1.),(0.112248619964967,-0.993680153427631,0.),(0.,0.,-1.),(-0.046002797947246,
-0.998941310879185,0.),(0.,0.,-1.),(-0.20310173748066,-0.979157640133772,
0.),(0.,0.,-1.),(-0.35511160077442,-0.934823914432782,0.),(-0.571566782835193,
0.820503285587439,-0.00926126879240796),(0.,0.,-1.),(0.,0.,-1.),(-0.552365111286842,
0.833602293562748,0.),(0.,0.,-1.),(0.524307423255211,-0.851529051717838,
0.),(0.,0.,-1.),(-0.555567983909184,0.831471115105681,0.),(-0.046002797947246,
-0.998941310879185,0.),(0.,0.,1.),(0.,0.,1.),(-0.20310173748066,-0.979157640133772,
0.),(-0.203111675816018,0.979155578622319,0.),(0.,0.,1.),(0.,0.,1.),(-0.35511160077442,
-0.934823914432782,0.),(-0.355111834450123,0.934823825666349,0.),(0.,0.,
1.),(-0.989061394222944,-0.147504435383366,0.),(0.,0.,-1.),(-0.999720853573705,
0.023626572537361,0.),(0.,0.,1.),(-0.999720853573705,0.023626572537361,
0.),(0.,0.,-1.),(-0.988412035899099,0.151794753828312,0.),(0.,0.,1.),(0.,
0.,-1.),(-0.988412035899099,0.151794753828312,0.),(-0.989061394222944,-0.147504435383366,
0.),(0.,0.,1.),(0.,0.,1.),(-0.671367427852359,-0.741124670226884,0.),(0.,
0.,1.),(-0.534886792436687,-0.84492373577548,0.),(-0.999720892858745,-0.0236249101948145,
0.),(0.,0.,-1.),(-0.999720892858745,-0.0236249101948145,0.),(0.,0.,1.),
(0.,0.,1.),(-0.989061538585497,0.147503467385989,0.),(-0.98841216140321,
-0.151793936605633,0.),(0.,0.,-1.),(0.,0.,-1.),(-0.989061538585497,0.147503467385989,
0.),(0.,0.,1.),(-0.671368779780116,0.741123445545044,0.),(-0.98841216140321,
-0.151793936605633,0.),(0.,0.,1.),(0.,0.,1.),(-0.53487989026064,0.84492810522243,
0.),(-0.949323215679378,-0.314301498838559,0.),(0.,0.,-1.),(0.,0.,-1.),
(-0.421968493352376,-0.906610495537045,0.),(-0.949323215679378,-0.314301498838559,
0.),(0.,0.,1.),(0.,0.,1.),(-0.788104671874399,-0.615541246521909,0.),(-0.949323933668163,
0.314299330201012,0.),(0.,0.,1.),(0.,0.,-1.),(-0.949323933668163,0.314299330201012,
0.),(0.,0.,1.),(-0.788105617560787,0.615540035715899,0.),(-0.987906099000357,
0.155053344233192,0.),(0.,0.,1.),(-0.987906099000357,0.155053344233192,
0.),(0.,0.,-1.),(0.,0.,-1.),(0.808189158927571,-0.588922985959918,0.),(0.,
0.,-1.),(-0.342693215697279,-0.939447369422608,0.),(0.,0.,-1.),(0.806248944517039,
-0.591576402052313,0.),(0.,0.,1.),(-0.421968493352376,-0.906610495537045,
0.),(0.,0.,1.),(0.808189158927571,-0.588922985959918,0.),(-0.987906114716574,
-0.15505324409893,0.),(0.,0.,-1.),(0.,0.,-1.),(-0.788105617560787,0.615540035715899,
0.),(0.,0.,-1.),(-0.671368779780116,0.741123445545044,0.),(0.,0.,-1.),(-0.421961034911242,
0.906613966921221,0.),(-0.421961034911242,0.906613966921221,0.),(0.,0.,
1.),(0.,0.,1.),(-0.987906114716574,-0.15505324409893,0.),(-0.881673792637664,
-0.471859431797138,0.),(0.,0.,-1.),(0.,0.,-1.),(-0.671367427852359,-0.741124670226884,
0.),(0.,0.,-1.),(-0.534886792436687,-0.84492373577548,0.),(-0.881673792637664,
-0.471859431797138,0.),(0.,0.,1.),(0.,0.,1.),(-0.881673783111396,0.471859449597058,
0.),(-0.881673783111396,0.471859449597058,0.),(0.,0.,-1.),(0.,0.,-1.),(-0.555570411529511,
-0.83146949302601,0.),(-0.555570411529511,-0.83146949302601,0.),(0.,0.,
1.),(0.,0.,1.),(-0.555567983909184,0.831471115105681,0.),(-0.788104671874399,
-0.615541246521909,0.),(0.,0.,-1.),(0.,0.,-1.),(-0.528218793603047,-0.849108300562738,
0.),(-0.727769362091506,-0.685821956196302,0.),(0.,0.,-1.),(-0.727769362091506,
-0.685821956196302,0.),(0.,0.,1.),(0.,0.,1.),(-0.727768842878338,0.685822507166049,
0.),(0.,0.,-1.),(-0.532343543093293,0.846393330079801,-0.0151222658125468),
(0.,0.,-1.),(-0.727768842878338,0.685822507166049,0.),(-0.445738652480427,
-0.895163143614019,0.),(0.,0.,-1.),(0.,0.,-1.),(0.524306852061239,0.85152940341578,
0.),(0.,0.,-1.),(-0.445738652480427,-0.895163143614019,0.),(-0.44573514927909,
0.895164887855748,-1.5727451491088E-5),(0.,0.,-1.),(0.,0.,-1.),(-0.445576748802818,
0.895243743863262,0.),(-0.53487989026064,0.84492810522243,0.),(0.,0.,-1.),
(0.,0.,-1.),(-0.826899673986065,-0.562349472447285,0.),(-0.826899673986065,
-0.562349472447285,0.),(0.,0.,1.),(0.,0.,1.),(-0.826898217808764,0.56235161365883,
0.),(-0.826898217808764,0.56235161365883,0.),(0.,0.,-1.),(0.,0.,-1.),(-0.905298784361273,
-0.424775365380341,0.),(-0.905298784361273,-0.424775365380341,0.),(0.,0.,
1.),(0.,0.,1.),(-0.905299137009386,0.42477461380132,0.),(-0.905299137009386,
0.42477461380132,0.),(0.,0.,-1.),(0.,0.,-1.),(-0.960997305661315,-0.276557730883974,
0.),(-0.960997305661315,-0.276557730883974,0.),(0.,0.,1.),(0.,0.,1.),(-0.195092737733348,
-0.980784799884106,0.),(-0.96099757456203,0.276556796491961,0.),(0.,0.,
1.),(-0.96099757456203,0.276556796491961,0.),(0.,0.,-1.),(0.,0.,-1.),(-0.992602148485578,
-0.121412416258856,0.),(-0.992602148485578,-0.121412416258856,0.),(0.,0.,
1.),(0.,0.,1.),(-0.992602091927399,0.121412878647004,0.),(-0.992602091927399,
0.121412878647004,0.),(0.,0.,-1.),(0.,0.,1.),(0.0296618843083289,0.999559989505022,
0.),(-0.99932303764281,0.0367894881229351,0.),(0.,0.,1.),(-0.99932303764281,
0.0367894881229351,0.),(0.,0.,-1.),(0.,0.,1.),(0.732641331226262,-0.680614927678648,
0.),(-0.999323039327353,-0.0367894423651913,0.),(0.,0.,-1.),(0.,0.,-1.),
(0.808192322514956,0.588918644489951,0.),(0.,0.,-1.),(0.806251011128599,
0.591573585493903,0.),(-0.999323039327353,-0.0367894423651913,0.),(0.,0.,
1.),(0.,0.,1.),(0.808192322514956,0.588918644489951,0.),(0.,0.,1.),(-0.342693824843813,
0.939447147216872,0.),(0.,0.,1.),(0.187063928952405,-0.982347742138643,
0.),(0.,0.,1.),(0.0296603907960071,-0.999560033823796,0.),(0.,0.,1.),(0.616031979572312,
-0.787721143644259,0.),(0.,0.,1.),(0.483970594854395,-0.875084260695096,
0.),(0.,0.,1.),(0.339776568273198,-0.94050618480289,0.),(0.,0.,1.),(0.732641371962835,
0.680614883828156,0.),(0.,0.,1.),(0.616023785891118,0.787727551388406,0.),
(0.,0.,1.),(0.483969811304215,0.875084694041761,0.),(0.,0.,1.),(0.339785753424132,
0.940502866433694,0.),(0.,0.,1.),(0.187066650935984,0.982347223800014,0.),
(-0.342693215697279,-0.939447369422608,0.),(0.,0.,1.),(-0.342693824843813,
0.939447147216872,0.),(0.,0.,-1.),(0.,0.,-1.),(0.723614942919565,0.690203893341318,
0.),(0.985615896950237,0.169000898456132,0.),(0.,0.,-1.),(0.,0.,-1.),(0.999999999999998,
0.,0.),(0.,0.,-1.),(1.,0.,0.),(0.98561590828132,-0.169000832373066,0.),
(0.,0.,-1.),(0.,0.,-1.),(0.984807861166912,-0.173647564290006,0.),(0.942877565052483,
0.333139456265242,0.),(0.,0.,-1.),(0.,0.,-1.),(0.984807768517927,0.173648089729608,
0.),(0.942877619295128,-0.333139302743389,0.),(0.,0.,-1.),(0.,0.,-1.),(0.939692377183934,
-0.34202081261585,0.),(0.873014059950805,0.48769503906459,0.),(0.,0.,-1.),
(0.,0.,-1.),(0.939692194700192,0.342021313984283,0.),(0.873013923450204,
-0.487695283411764,0.),(0.,0.,-1.),(0.,0.,-1.),(0.866025389020451,-0.500000025571976,
0.),(-0.219229881577108,-0.975673233733347,0.),(0.,0.,-1.),(0.,0.,-1.),
(0.122023295007931,-0.992527236641598,0.),(0.,0.,-1.),(0.289785408867904,
-0.957091644936503,0.),(0.,0.,-1.),(0.595068721198262,-0.803674820466254,
0.),(0.,0.,-1.),(0.723616149279426,-0.690202628582372,0.),(-0.219229881577108,
-0.975673233733347,0.),(0.,0.,1.),(0.,0.,1.),(0.806248944517039,-0.591576402052313,
0.),(-0.219233151698017,0.975672498944474,0.),(0.,0.,1.),(-0.219233151698017,
0.975672498944474,0.),(0.,0.,-1.),(0.,0.,-1.),(0.595066499857133,0.803676465219544,
0.),(0.,0.,1.),(-0.0493301615513191,0.99878252645975,0.),(0.,0.,1.),(0.806251011128599,
0.591573585493903,0.),(-0.0493277912716707,-0.998782643525737,0.),(0.,0.,
-1.),(-0.0493277912716707,-0.998782643525737,0.),(0.,0.,1.),(0.,0.,1.),
(0.723616149279426,-0.690202628582372,0.),(-0.0493301615513191,0.99878252645975,
0.),(0.,0.,-1.),(0.,0.,-1.),(0.449027881092484,0.893517745767589,0.),(0.122023295007931,
-0.992527236641598,0.),(0.,0.,1.),(0.,0.,1.),(0.595068721198262,-0.803674820466254,
0.),(0.122023295008199,0.992527236641565,0.),(0.,0.,1.),(0.122023295008199,
0.992527236641565,0.),(0.,0.,-1.),(0.,0.,-1.),(0.289784192361979,0.957092013265765,
0.),(0.,0.,1.),(0.595066499857133,0.803676465219544,0.),(0.,0.,1.),(0.723614942919565,
0.690203893341318,0.),(-0.332354890161861,-0.943154402516098,0.),(0.,0.,
-1.),(0.,0.,-1.),(0.372856359189315,0.927889074950281,0.),(-0.332354890161861,
-0.943154402516098,0.),(0.,0.,-1.),(0.,0.,-1.),(0.732641331226262,-0.680614927678648,
0.),(-0.332354387185141,0.943154579758159,0.),(0.,0.,-1.),(-0.332354387185141,
0.943154579758159,0.),(0.,0.,-1.),(0.,0.,-1.),(0.372856335992425,-0.927889084271554,
0.),(0.778035856661692,0.6282198705459,0.),(0.,0.,-1.),(0.,0.,-1.),(0.866025980218334,
0.499999001585877,0.),(0.778035406710055,-0.628220427800242,0.),(0.,0.,
-1.),(0.,0.,-1.),(0.766044805997068,-0.642787177225024,0.),(0.289785408867904,
-0.957091644936503,0.),(0.,0.,1.),(0.,0.,1.),(0.449026673318081,-0.893518352720803,
0.),(0.289784192361979,0.957092013265765,0.),(0.,0.,1.),(0.,0.,1.),(0.449027881092484,
0.893517745767589,0.),(0.449026673318081,-0.893518352720803,0.),(0.,0.,
-1.),(0.,0.,-1.),(0.660674985866908,0.750672074243981,0.),(0.,0.,-1.),(0.766045566026129,
0.642786271455534,0.),(0.660675019118683,-0.750672044978716,0.),(0.,0.,
-1.),(0.,0.,-1.),(0.64278717722504,-0.766044805997054,0.),(0.524306852061239,
0.85152940341578,0.),(0.,0.,-1.),(0.,0.,-1.),(0.642787177225025,0.766044805997068,
0.),(0.524307423255211,-0.851529051717838,0.),(0.,0.,-1.),(0.,0.,-1.),(0.499999271083167,
-0.866025824624359,0.),(-0.214732869474751,-0.976672017426654,-0.00125105670940242),
(0.,0.,-1.),(0.,0.,-1.),(0.616031979572312,-0.787721143644259,0.),(0.,0.,
-1.),(0.483970594854395,-0.875084260695096,0.),(0.,0.,-1.),(0.339776568273198,
-0.94050618480289,0.),(0.,0.,-1.),(0.187063928952405,-0.982347742138643,
0.),(0.,0.,-1.),(-0.240353378798537,-0.970685455387134,0.),(-0.238136447292005,
0.97123170895062,0.),(0.,0.,-1.),(0.,0.,-1.),(-0.215119779892993,0.976585968104569,
-0.00182406141654004),(0.,0.,-1.),(0.210679386741912,-0.977555213786951,
0.),(0.,0.,-1.),(0.732641371962835,0.680614883828156,0.),(0.,0.,-1.),(0.616023785891118,
0.787727551388406,0.),(0.,0.,-1.),(0.483969811304215,0.875084694041761,
0.),(0.,0.,-1.),(0.339785753424132,0.940502866433694,0.),(0.372856359189315,
0.927889074950281,0.),(0.,0.,-1.),(0.,0.,-1.),(0.499998462080667,0.866026291700759,
0.),(0.372856335992425,-0.927889084271554,0.),(0.,0.,-1.),(0.,0.,-1.),(0.342020495316344,
-0.939692492671705,0.),(0.187066650935984,0.982347223800014,0.),(0.,0.,
-1.),(0.,0.,-1.),(0.0296603907960071,-0.999560033823796,0.),(0.,0.,-1.),
(0.0296618843083289,0.999559989505022,0.),(-0.17650091342334,-0.98430042565194,
-0.000315629746119952),(0.,0.,-1.),(0.,0.,-1.),(-0.0914833244935507,-0.995806093353177,
-0.00101280812194018),(0.,0.,-1.),(0.210679372934429,0.977555216762693,
0.),(0.,0.,-1.),(-0.195092737733348,-0.980784799884106,0.),(-0.171993585854159,
0.985097955987257,-0.000472794622861782),(0.,0.,-1.),(0.,0.,-1.),(-0.091094408337721,
0.995841072961251,-0.00153823697321131),(0.,0.,-1.),(0.0424407821768882,
-0.999098984089271,0.),(0.,0.,-1.),(-0.195088382427553,0.980785666209392,
0.),(-0.195088382427553,0.980785666209392,0.),(0.,0.,1.),(0.,0.,-1.),(-0.0886143759062312,
-0.996066008045024,0.),(-0.409919426879327,-0.912121737196808,0.),(0.,0.,
-1.),(0.,0.,1.),(0.939692194700192,0.342021313984283,0.),(-0.409919426879327,
-0.912121737196808,0.),(0.,0.,1.),(0.,0.,1.),(0.173648120453248,0.984807763100522,
0.),(0.,0.,1.),(0.866025980218334,0.499999001585877,0.),(0.,0.,1.),(0.766045566026129,
0.642786271455534,0.),(0.,0.,1.),(0.642787177225025,0.766044805997068,0.),
(0.,0.,1.),(0.499998462080667,0.866026291700759,0.),(0.,0.,1.),(0.342018681931616,
0.939693152688557,0.),(-0.409924167899846,0.912119606505429,0.),(0.,0.,
1.),(0.,0.,-1.),(-0.409924167899846,0.912119606505429,0.),(0.,0.,-1.),(-0.0863357141970122,
0.996266101227023,0.),(0.210679372934429,0.977555216762693,0.),(0.,0.,-1.),
(0.,0.,-1.),(0.342018681931616,0.939693152688557,0.),(0.210679386741912,
-0.977555213786951,0.),(0.,0.,-1.),(0.,0.,-1.),(0.17364808972961,-0.984807768517926,
0.),(-0.54875144750327,-0.835985555415323,0.),(0.,0.,-1.),(-0.54875144750327,
-0.835985555415323,0.),(0.,0.,1.),(0.,0.,1.),(-0.548750899425438,0.835985915180258,
0.),(-0.548750899425438,0.835985915180258,0.),(0.,0.,-1.),(0.,0.,1.),(-0.673829058597029,
0.738887271368401,0.),(0.,0.,1.),(-0.782012422510213,0.623262842659266,
0.),(0.866025389020451,-0.500000025571976,0.),(0.,0.,1.),(0.,0.,1.),(0.195088382427589,
0.980785666209385,0.),(-0.67382964282657,-0.738886738579207,0.),(0.,0.,
-1.),(-0.67382964282657,-0.738886738579207,0.),(0.,0.,1.),(0.,0.,1.),(0.,
1.,0.),(-0.673829058597029,0.738887271368401,0.),(0.,0.,-1.),(0.,0.,-1.),
(-0.782010817248548,-0.623264856787431,0.),(-0.782010817248548,-0.623264856787431,
0.),(0.,0.,1.),(-0.782012422510213,0.623262842659266,0.),(0.,0.,-1.),(0.766044805997068,
-0.642787177225024,0.),(0.,0.,1.),(-0.870584931706904,-0.492018167027281,
0.),(0.,0.,-1.),(-0.870584931706904,-0.492018167027281,0.),(0.,0.,1.),(0.,
0.,1.),(-0.870584476450006,0.492018972565356,0.),(-0.870584476450006,0.492018972565356,
0.),(0.,0.,-1.),(0.,0.,-1.),(-0.937333188299158,-0.348434346919094,0.),
(-0.937333188299158,-0.348434346919094,0.),(0.,0.,1.),(0.,0.,1.),(-0.937334508223158,
0.348430796133251,0.),(-0.937334508223158,0.348430796133251,0.),(0.,0.,
-1.),(0.,0.,-1.),(-0.972041579691477,-0.234808788913231,0.),(-0.972041579691477,
-0.234808788913231,0.),(0.,0.,1.),(0.,0.,1.),(-0.972042090407281,0.234806674685033,
0.),(-0.972042090407281,0.234806674685033,0.),(0.,0.,-1.),(0.,0.,-1.),(0.0307942896136867,
0.999525743403935,0.),(0.,0.,1.),(0.93733638125317,0.348425757341807,0.),
(0.,0.,1.),(0.870584703702336,0.492018570462046,0.),(0.,0.,1.),(0.782009359926159,
0.623266685286386,0.),(0.,0.,1.),(0.673829058597025,0.738887271368405,0.),
(0.,0.,1.),(0.548750899425439,0.835985915180257,0.),(0.,0.,1.),(0.409924167899857,
0.912119606505424,0.),(0.64278717722504,-0.766044805997054,0.),(0.,0.,1.),
(-0.971264061498006,-0.238004459711152,0.),(0.,0.,-1.),(0.,0.,-1.),(0.97204157969151,
-0.234808788913096,0.),(-0.971264061498006,-0.238004459711152,0.),(0.,0.,
1.),(0.,0.,1.),(-0.0429097874707183,-0.99907895090389,0.),(-0.971263946888486,
0.238004927416638,0.),(0.,0.,1.),(-0.971263946888486,0.238004927416638,
0.),(0.,0.,-1.),(0.,0.,1.),(0.972042090407312,0.234806674684906,0.),(0.499999271083167,
-0.866025824624359,0.),(0.,0.,1.),(0.0424411796039508,0.999098967206865,
0.),(0.,0.,-1.),(0.0424411796039508,0.999098967206865,0.),(0.,0.,-1.),(0.,
0.,-1.),(0.173648120453248,0.984807763100522,0.),(0.,0.,-1.),(0.,-1.,0.),
(0.0424407821768882,-0.999098984089271,0.),(0.,0.,-1.),(0.,0.,-1.),(-0.932664373844034,
-0.360745292085864,0.),(0.,0.,-1.),(-0.170835838917942,-0.985299505805825,
0.),(0.,0.,-1.),(-0.0429097874707183,-0.99907895090389,0.),(0.,0.,-1.),
(0.0429097874707166,-0.99907895090389,0.),(0.,0.,-1.),(0.971262810479975,
-0.238009564888766,0.),(-0.932664373844034,-0.360745292085864,0.),(0.,0.,
1.),(0.,0.,1.),(-0.170835838917942,-0.985299505805825,0.),(-0.932663459378769,
0.360747656318965,0.),(0.,0.,1.),(-0.932663459378769,0.360747656318965,
0.),(0.,0.,-1.),(0.,0.,-1.),(-0.0429149386709322,0.999078729649906,0.),
(0.,0.,-1.),(0.971262695864612,0.238010032607465,0.),(0.,0.,1.),(-0.857323114730077,
0.514778667923913,0.),(0.,0.,1.),(-0.633998756741199,0.773334065233527,
0.),(0.,0.,1.),(-0.336623083512443,0.941639474345981,0.),(0.,0.,1.),(-0.170837047821088,
0.985299296199777,0.),(0.,0.,1.),(-0.0429149386709322,0.999078729649906,
0.),(0.,0.,1.),(0.0429149386709305,0.999078729649906,0.),(0.,0.,1.),(0.971262695864612,
0.238010032607465,0.),(-0.85732481783885,-0.514775831520461,0.),(0.,0.,
-1.),(0.,0.,-1.),(-0.336640076450502,-0.941633399432815,0.),(-0.85732481783885,
-0.514775831520461,0.),(0.,0.,1.),(0.,0.,1.),(-0.336640076450502,-0.941633399432815,
0.),(-0.857323114730077,0.514778667923913,0.),(0.,0.,-1.),(0.342020495316344,
-0.939692492671705,0.),(0.,0.,1.),(0.0307951205108916,-0.999525717804559,
0.),(0.,0.,-1.),(0.0307951205108916,-0.999525717804559,0.),(0.,0.,-1.),
(0.,0.,-1.),(0.78200775466689,-0.623268699391241,0.),(0.,0.,-1.),(0.937335061358127,
-0.348429308108195,0.),(0.,0.,-1.),(0.870585158982498,-0.492017764881939,
0.),(0.,0.,-1.),(0.0307942896136867,0.999525743403935,0.),(-0.756781703211244,
-0.653667693621682,0.),(0.,0.,-1.),(0.,0.,-1.),(-0.492553728178584,-0.87028203753575,
0.),(-0.756781703211244,-0.653667693621682,0.),(0.,0.,1.),(0.,0.,1.),(-0.492553728178584,
-0.87028203753575,0.),(-0.756785901372623,0.653662833182082,0.),(0.,0.,
1.),(-0.756785901372623,0.653662833182082,0.),(0.,0.,-1.),(0.,0.,-1.),(-0.633998756741199,
0.773334065233527,0.),(-0.633988384956375,-0.773342568167825,0.),(0.,0.,
-1.),(-0.633988384956375,-0.773342568167825,0.),(0.,0.,1.),(0.,0.,1.),(-0.492546477201113,
0.870286141333282,0.),(-0.492546477201113,0.870286141333282,0.),(0.,0.,
-1.),(0.,0.,-1.),(-0.170837047821088,0.985299296199777,0.),(-0.336623083512443,
0.941639474345981,0.),(0.,0.,-1.),(0.17364808972961,-0.984807768517926,
0.),(0.,0.,1.),(0.,0.,-1.),(0.,1.,0.),(0.,-1.,0.),(0.,0.,1.),(0.,0.,1.),
(0.971262810479975,-0.238009564888766,0.),(0.0429097874707166,-0.99907895090389,
0.),(0.,0.,1.),(0.0429149386709305,0.999078729649906,0.),(0.,0.,-1.),(0.,
0.,-1.),(-0.127017991545818,0.991900413259147,0.),(0.,0.,-1.),(-0.127017991545818,
0.991900413259147,0.),(-0.12701877502724,-0.991900312929973,0.),(0.,0.,
-1.),(0.,0.,-1.),(-0.173648089729582,-0.984807768517931,0.),(0.,0.,-1.),
(-0.12701877502724,-0.991900312929973,0.),(-0.173648120453241,0.984807763100523,
0.),(0.,0.,1.),(-0.173648120453241,0.984807763100523,0.),(0.,0.,-1.),(0.,
0.,1.),(0.409919426879338,-0.912121737196803,0.),(0.,0.,1.),(0.97204157969151,
-0.234808788913096,0.),(0.,0.,1.),(0.937335061358127,-0.348429308108195,
0.),(0.,0.,1.),(0.870585158982498,-0.492017764881939,0.),(0.,0.,1.),(0.78200775466689,
-0.623268699391241,0.),(0.,0.,1.),(0.673829642826565,-0.738886738579211,
0.),(0.,0.,1.),(0.548751447503271,-0.835985555415322,0.),(-0.173648089729582,
-0.984807768517931,0.),(0.,0.,1.),(0.17083583891794,-0.985299505805825,
0.),(0.,0.,-1.),(0.,0.,-1.),(0.633988384956365,-0.773342568167834,0.),(0.,
0.,-1.),(0.857327349296063,-0.514771615523803,0.),(0.,0.,-1.),(0.932664251691332,
-0.3607456078971,0.),(0.17083583891794,-0.985299505805825,0.),(0.,0.,1.),
(0.,0.,1.),(0.633988384956365,-0.773342568167834,0.),(0.,0.,1.),(0.756781703211249,
-0.653667693621676,0.),(0.,0.,1.),(0.857327349296063,-0.514771615523803,
0.),(0.170837047821086,0.985299296199777,0.),(0.,0.,1.),(0.170837047821086,
0.985299296199777,0.),(0.,0.,-1.),(0.,0.,-1.),(0.633998756741189,0.773334065233536,
0.),(0.,0.,-1.),(0.756785901372628,0.653662833182077,0.),(0.,0.,-1.),(0.857325646217812,
0.514774451908028,0.),(0.,0.,1.),(0.633998756741189,0.773334065233536,0.),
(0.,0.,1.),(0.857325646217812,0.514774451908028,0.),(0.,0.,1.),(0.93266333723175,
0.36074797211313,0.),(0.151757765355218,-0.988414773671287,-0.00241160584017089),
(0.,0.,-1.),(0.,0.,-1.),(0.13225537304716,-0.991215675975797,0.),(0.,0.,
-1.),(0.673829642826565,-0.738886738579211,0.),(0.132254049569337,0.99121585256316,
0.),(0.,0.,-1.),(0.,0.,-1.),(0.151757663950094,0.988414788875511,-0.00241175549935143),
(0.,0.,-1.),(0.972042090407312,0.234806674684906,0.),(0.,0.,-1.),(0.93733638125317,
0.348425757341807,0.),(0.,0.,-1.),(0.870584703702336,0.492018570462046,
0.),(0.,0.,-1.),(0.782009359926159,0.623266685286386,0.),(-0.342019500597466,
0.939692854719594,0.),(0.,0.,1.),(0.,0.,-1.),(-0.292822629335902,0.956166778208074,
0.),(-0.342019500597466,0.939692854719594,0.),(0.,0.,-1.),(0.,0.,1.),(0.195092737733351,
-0.980784799884106,0.),(-0.342021313984199,-0.939692194700223,0.),(0.,0.,
-1.),(-0.342021313984199,-0.939692194700223,0.),(0.,0.,1.),(0.,0.,1.),(-0.0296618843083364,
0.999559989505021,0.),(0.336640076450506,-0.941633399432814,0.),(0.,0.,
-1.),(0.,0.,-1.),(0.492553728178612,-0.870282037535734,0.),(0.336640076450506,
-0.941633399432814,0.),(0.,0.,1.),(0.,0.,1.),(0.492553728178612,-0.870282037535734,
0.),(0.336623083512447,0.941639474345979,0.),(0.,0.,1.),(0.336623083512447,
0.941639474345979,0.),(0.,0.,-1.),(0.,0.,-1.),(0.492546477201141,0.870286141333266,
0.),(0.492546477201141,0.870286141333266,0.),(0.,0.,1.),(-0.292822629335902,
0.956166778208074,0.),(0.,0.,-1.),(0.,0.,-1.),(0.275220787085992,-0.961378608962712,
-0.00216531399310756),(-0.292821927909725,-0.956166993017031,0.),(0.,0.,
-1.),(-0.292821927909725,-0.956166993017031,0.),(0.,0.,-1.),(-0.499998192580864,
0.866026447295849,0.),(0.,0.,1.),(-0.499998192580864,0.866026447295849,
0.),(0.,0.,-1.),(0.,0.,-1.),(-0.450203391836502,0.892926036118843,0.),(0.,
0.,1.),(0.727768218472155,-0.685823169761613,0.),(0.,0.,1.),(-0.0296603907960146,
-0.999560033823796,0.),(0.,0.,1.),(-0.187063928952404,-0.982347742138643,
0.),(0.,0.,1.),(-0.33977887189532,-0.940505352570385,0.),(0.,0.,1.),(-0.483969876072061,
-0.875084658221588,0.),(0.,0.,1.),(-0.616029403145711,-0.787723158514424,
0.),(0.,0.,1.),(-0.732641331226333,-0.680614927678571,0.),(0.,0.,1.),(-0.808189158927607,
-0.588922985959869,0.),(0.,0.,1.),(0.0493278910040774,-0.998782638600156,
0.),(0.,0.,1.),(0.219230688289748,-0.975673052467887,0.),(0.,0.,1.),(0.342693786947199,
-0.93944716104089,0.),(0.,0.,1.),(0.421969437727843,-0.906610055990803,
0.),(0.,0.,1.),(0.988412861888372,0.151789375298927,0.),(0.,0.,1.),(0.999322928690143,
0.0367924475151615,0.),(0.,0.,1.),(0.9926025080316,-0.121409476769226,0.),
(0.,0.,1.),(0.987906099000356,0.155053344233198,0.),(0.,0.,1.),(0.960996538318275,
-0.276560397273892,0.),(0.,0.,1.),(0.905297605772611,-0.424777877228062,
0.),(0.,0.,1.),(0.826900973759934,-0.562347561206478,0.),(-0.499999001585862,
-0.866025980218343,0.),(0.,0.,-1.),(-0.499999001585862,-0.866025980218343,
0.),(0.,0.,1.),(0.,0.,1.),(0.555566785271634,0.831471916003747,0.),(0.,
0.,1.),(-0.187066650935983,0.982347223800014,0.),(0.,0.,1.),(-0.339788057070778,
0.940502034166894,0.),(0.,0.,1.),(-0.483969092575966,0.875085091537501,
0.),(0.,0.,1.),(-0.616021209465217,0.787729566214834,0.),(0.,0.,1.),(-0.732641371962906,
0.68061488382808,0.),(0.,0.,1.),(-0.808192322514992,0.588918644489902,0.),
(0.,0.,1.),(-0.806252274333937,0.591571863877378,0.),(0.,0.,1.),(0.0493302612837141,
0.998782521533932,0.),(0.,0.,1.),(0.987906114716574,-0.155053244098936,
0.),(0.,0.,1.),(0.992602451472664,0.12140993917492,0.),(0.,0.,1.),(0.999322930375466,
-0.0367924017399266,0.),(0.,0.,1.),(0.960996807227067,0.276559462863565,
0.),(0.,0.,1.),(0.905297958431235,0.424777125632064,0.),(0.,0.,1.),(0.826899517589717,
0.562349702418249,0.),(0.,0.,1.),(0.72776769925948,0.685823720728995,0.),
(0.756781703211249,-0.653667693621676,0.),(0.,0.,-1.),(0.756785901372628,
0.653662833182077,0.),(0.,0.,1.),(0.,0.,1.),(0.932664251691332,-0.3607456078971,
0.),(0.93266333723175,0.36074797211313,0.),(0.,0.,-1.),(-0.642786271455553,
0.766045566026113,0.),(0.,0.,1.),(-0.642786271455553,0.766045566026113,
0.),(0.,0.,-1.),(0.,0.,-1.),(-0.594633532708729,0.803996866771468,0.),(0.,
0.,1.),(0.555569212923517,-0.831470293908053,0.),(-0.64278627145557,-0.766045566026099,
0.),(0.,0.,-1.),(0.,0.,-1.),(-0.450202736802511,-0.892926366379406,0.),
(-0.64278627145557,-0.766045566026099,0.),(0.,0.,1.),(0.,0.,1.),(0.355114982175025,
0.93482262993299,0.),(-0.766045566026109,0.642786271455558,0.),(0.,0.,1.),
(-0.766045566026109,0.642786271455558,0.),(0.,0.,-1.),(0.,0.,-1.),(-0.721956093590044,
0.691938869357838,0.),(0.,0.,1.),(-0.0729144944873455,-0.997338195645617,
0.),(0.,0.,1.),(0.35511474851007,-0.93482271869624,0.),(0.,0.,1.),(0.203101824868646,
-0.979157622007318,0.),(0.,0.,1.),(0.046001959702772,-0.998941349481292,
0.),(0.,0.,1.),(-0.112248717820847,-0.993680142373579,0.),(0.,0.,1.),(-0.267686287536494,
-0.963506124248792,0.),(0.,0.,1.),(-0.416414654788717,-0.909174810076255,
0.),(0.,0.,1.),(-0.521304686565282,-0.853370625089166,0.),(0.,0.,1.),(-0.518491850296371,
-0.855082569800277,0.),(0.,0.,1.),(-0.242218722665952,-0.970221670748533,
0.),(-0.766044805997047,-0.642787177225049,0.),(0.,0.,-1.),(0.,0.,-1.),
(-0.594633771284805,-0.803996690321303,0.),(-0.766044805997047,-0.642787177225049,
0.),(0.,0.,1.),(0.,0.,1.),(0.855088023885509,-0.518482855461561,0.),(0.,
0.,1.),(0.203111763158911,0.979155560504294,0.),(0.,0.,1.),(0.0460033961179847,
0.998941283332315,0.),(0.,0.,1.),(-0.112251687704353,0.993679806883246,
0.),(0.,0.,1.),(-0.267688909523161,0.963505395790963,0.),(0.,0.,1.),(-0.416417274884212,
0.909173610031663,0.),(0.,0.,1.),(-0.52130341065013,0.853371404515374,0.),
(0.,0.,1.),(-0.518496807469541,0.855079563926009,0.),(0.,0.,1.),(-0.4044103675596,
0.914577637278711,0.),(0.,0.,1.),(0.098540159766375,0.995133074977019,0.),
(0.,0.,1.),(0.427799181247801,0.903873807853569,0.),(0.,0.,1.),(0.575924390694097,
0.817502964033546,0.),(0.,0.,1.),(0.676117673271593,0.736793656249705,0.),
(0.,0.,1.),(0.736791021168722,0.67612054481812,0.),(0.,0.,1.),(0.903879232228597,
0.427787720190565,0.),(0.,0.,1.),(0.914581712107214,-0.404401152173231,
0.),(0.,0.,1.),(0.963671053045732,0.267091934587569,0.),(0.,0.,1.),(0.997338260165987,
-0.0729136119602011,0.),(-0.866025980218327,0.499999001585888,0.),(0.,0.,
1.),(-0.866025980218327,0.499999001585888,0.),(0.,0.,-1.),(0.,0.,-1.),(-0.82850968894385,
0.559974727399519,0.),(0.,0.,1.),(0.934821923072425,-0.35511684294493,0.),
(0.,0.,1.),(0.993681159838522,0.112239710361216,0.),(0.,0.,1.),(0.998941238767721,
-0.0460043638061756,0.),(0.,0.,1.),(0.979159162376209,-0.203094398580366,
0.),(0.,0.,1.),(0.963502619649015,0.26769890162174,0.),(0.,0.,1.),(0.909173870813975,
0.416416705511599,0.),(0.,0.,1.),(0.853373754524667,0.521299563675699,0.),
(0.,0.,1.),(0.855088388557822,0.518482254039218,0.),(0.,0.,1.),(0.0985373671694673,
-0.995133351501852,0.),(0.,0.,1.),(0.267089524878634,-0.96367172091958,
0.),(0.,0.,1.),(0.427792769483001,-0.903876842483568,0.),(0.,0.,1.),(0.676117172579716,
-0.736794115708595,0.),(0.,0.,1.),(0.736791381897539,-0.676120151719732,
0.),(0.,0.,1.),(0.914581619284316,0.404401362098693,0.),(-0.866025389020454,
-0.50000002557197,0.),(0.,0.,-1.),(0.,0.,-1.),(-0.721956298914293,-0.691938655126287,
0.),(-0.866025389020454,-0.50000002557197,0.),(0.,0.,1.),(0.,0.,1.),(0.831464896171414,
0.55557729114378,0.),(0.,0.,1.),(0.998941200172743,0.0460052018519559,0.),
(0.,0.,1.),(0.993681170882703,-0.112239612584779,0.),(0.,0.,1.),(0.97915918052871,
0.20309431106347,0.),(0.,0.,1.),(0.96350234737616,-0.267699881585014,0.),
(0.,0.,1.),(0.934823118805214,0.355113695240401,0.),(0.,0.,1.),(0.909174649663002,
-0.416415005025224,0.),(0.,0.,1.),(0.85337523648296,-0.521297137684116,
0.),(-0.450203391836502,0.892926036118843,0.),(0.,0.,-1.),(0.,0.,-1.),(0.389785775378436,
-0.920905559388492,0.),(-0.450202736802511,-0.892926366379406,0.),(0.,0.,
-1.),(0.,0.,-1.),(0.275220757942655,0.961378617003641,-0.00216544813764433),
(0.,0.,-1.),(0.38978542644703,0.920905707078367,0.),(0.202313966251873,
-0.979320497518523,-0.000649768810950351),(0.,0.,-1.),(0.,0.,-1.),(0.548751447503271,
-0.835985555415322,0.),(0.,0.,-1.),(0.409919426879338,-0.912121737196803,
0.),(0.,0.,-1.),(0.195092737733351,-0.980784799884106,0.),(0.202313231711623,
0.979320649237257,-0.000649809137719207),(0.,0.,-1.),(0.,0.,-1.),(0.673829058597025,
0.738887271368405,0.),(0.,0.,-1.),(0.548750899425439,0.835985915180257,
0.),(0.,0.,-1.),(0.409924167899857,0.912119606505424,0.),(-0.939692875737319,
0.342019442851612,0.),(0.,0.,1.),(-0.939692875737319,0.342019442851612,
0.),(0.,0.,-1.),(0.,0.,-1.),(-0.911228420963826,0.41190140182788,0.),(0.,
0.,1.),(0.831465697131106,-0.555576092443046,0.),(-0.939693058217544,-0.342018941489736,
0.),(0.,0.,-1.),(0.,0.,-1.),(-0.828509796897845,-0.559974567676329,0.),
(-0.939693058217544,-0.342018941489736,0.),(0.,0.,1.),(0.,0.,1.),(0.68582079648674,
0.727770454955609,0.),(-0.984807757683371,0.173648151175449,0.),(0.,0.,
1.),(-0.984807757683371,0.173648151175449,0.),(0.,0.,-1.),(0.,0.,-1.),(-0.967732751788603,
0.251978810846581,0.),(0.,0.,1.),(0.999559974748997,0.0296623815595518,
0.),(0.,0.,1.),(0.685822010115203,-0.727769311280397,0.),(0.,0.,1.),(0.562349828615168,
-0.826899431766942,0.),(0.,0.,1.),(0.424769299585624,-0.905301630468839,
0.),(0.,0.,1.),(0.276559070901872,-0.960996920027267,0.),(0.,0.,1.),(0.121411788880577,
-0.992602225224595,0.),(0.,0.,1.),(-0.0367920204920393,-0.999322944411922,
0.),(0.,0.,1.),(-0.155052246674961,-0.987906271263143,0.),(0.,0.,1.),(0.99878252645975,
-0.0493301615513214,0.),(0.,0.,1.),(0.982348172774881,0.18706166749458,
0.),(0.,0.,1.),(0.940502974810447,0.339785453444816,0.),(0.,0.,1.),(0.875083664297258,
0.483971673220741,0.),(0.,0.,1.),(0.7877254223269,0.616026508374361,0.),
(0.,0.,1.),(0.680613642118124,0.732642525494325,0.),(0.,0.,1.),(0.588922603251593,
0.80818943780488,0.),(0.,0.,1.),(0.591573477705282,0.806251090216738,0.),
(-0.984807850331105,-0.173647625743132,0.),(0.,0.,-1.),(0.,0.,-1.),(-0.91122839188587,
-0.411901466155548,0.),(-0.984807850331105,-0.173647625743132,0.),(0.,0.,
1.),(0.,0.,1.),(0.980784634412881,0.195093569600822,0.),(0.,0.,1.),(0.562351739847643,
0.826898131991075,0.),(0.,0.,1.),(0.424771811423405,0.905300451905377,0.),
(0.,0.,1.),(0.276556154856355,0.960997759212303,0.),(0.,0.,1.),(0.12141190167401,
0.992602211428073,0.),(0.,0.,1.),(-0.0367890440928536,0.999323053989416,
0.),(0.,0.,1.),(-0.155055155269925,0.987905814753724,0.),(0.,0.,1.),(-0.151800373919711,
0.988411172780759,0.),(0.,0.,1.),(0.999559961677073,-0.0296628220526633,
0.),(0.,0.,1.),(0.982348172774882,-0.187061667494576,0.),(0.,0.,1.),(0.940502974810439,
-0.339785453444838,0.),(0.,0.,1.),(0.875082081365139,-0.483974535356621,
0.),(0.,0.,1.),(0.7877271129621,-0.61602434651919,0.),(0.,0.,1.),(0.680616346026218,
-0.732640013595982,0.),(0.,0.,1.),(0.588920616568339,-0.808190885484839,
0.),(0.,0.,1.),(0.998782531385611,0.0493300618178307,0.),(0.,0.,1.),(0.9394469388331,
0.342694396098212,0.),(0.,0.,1.),(0.975672317675364,0.219233958414257,0.),
(0.,0.,-1.),(0.195088382427589,0.980785666209385,0.),(-1.,0.,0.),(0.,0.,
1.),(-1.,0.,0.),(0.,0.,-1.),(0.,0.,-1.),(-0.996397458706267,0.0848062750254539,
0.),(0.,0.,1.),(0.980785132072642,-0.195091067722874,0.),(0.,0.,-1.),(-0.996397458706267,
-0.0848062750254524,0.),(0.,0.,-1.),(-0.967732685422852,-0.251979065726252,
0.),(0.,0.,1.),(0.912119448771863,0.409924518871599,0.),(0.,0.,1.),(0.912120675090087,
-0.409921790190768,0.),(0.,0.,1.),(0.835986772658726,-0.548749593111146,
0.),(0.,0.,1.),(0.83598677265871,0.54874959311117,0.),(0.,0.,1.),(0.738887738719265,
-0.67382854612307,0.),(0.,0.,1.),(0.738887738719293,0.67382854612304,0.),
(0.,0.,1.),(0.623266227806915,-0.782009724540136,0.),(0.,0.,1.),(0.623266227806921,
0.782009724540131,0.),(0.,0.,1.),(0.492014292597202,-0.870587121361254,
0.),(0.,0.,1.),(0.492018972565465,0.870584476449944,0.),(0.,0.,1.),(0.348434138088232,
-0.937333265927712,0.),(0.,0.,1.),(0.348433831502549,0.937333379894503,
0.),(0.,0.,1.),(0.234814936317505,-0.972040094688592,0.),(0.,0.,1.),(0.234809699755696,
0.972041359665647,0.),(0.,0.,1.),(0.999078729649906,-0.0429149386709322,
0.),(0.,0.,1.),(0.238004804822004,0.971263976929877,0.),(0.,0.,1.),(0.999078729649906,
0.0429149386709322,0.),(0.,0.,-1.),(0.282734141459803,-0.959198313829308,
0.),(0.,0.,-1.),(0.282734575401887,0.95919818592005,0.),(-0.0296603907960146,
-0.999560033823796,0.),(0.,0.,-1.),(0.,0.,-1.),(-0.0296618843083364,0.999559989505021,
0.),(-0.187063928952404,-0.982347742138643,0.),(0.,0.,-1.),(0.,0.,-1.),
(-0.187066650935983,0.982347223800014,0.),(-0.33977887189532,-0.940505352570385,
0.),(0.,0.,-1.),(0.,0.,-1.),(-0.339788057070778,0.940502034166894,0.),(-0.483969876072061,
-0.875084658221588,0.),(0.,0.,-1.),(0.,0.,-1.),(-0.483969092575966,0.875085091537501,
0.),(-0.594633532708729,0.803996866771468,0.),(0.,0.,-1.),(0.,0.,-1.),(0.604169313588172,
-0.796851451700044,-0.00268410915014668),(0.,0.,-1.),(0.498326969229056,
-0.866984994057763,-0.00269291991057594),(-0.594633771284805,-0.803996690321303,
0.),(0.,0.,-1.),(0.,0.,-1.),(0.498365099427875,0.866963394176938,-0.00258859603775413),
(-0.616029403145711,-0.787723158514424,0.),(0.,0.,-1.),(0.,0.,-1.),(-0.616021209465217,
0.787729566214834,0.),(-0.732641331226333,-0.680614927678571,0.),(0.,0.,
-1.),(0.,0.,-1.),(-0.732641371962906,0.68061488382808,0.),(0.,0.,-1.),(0.38978542644703,
0.920905707078367,0.),(-0.808189158927607,-0.588922985959869,0.),(0.,0.,
-1.),(0.,0.,-1.),(0.389785775378436,-0.920905559388492,0.),(-0.808192322514992,
0.588918644489902,0.),(0.,0.,-1.),(0.,0.,-1.),(-0.806250207732483,-0.591574680434624,
0.),(-0.806250207732483,-0.591574680434624,0.),(0.,0.,1.),(-0.806252274333937,
0.591571863877378,0.),(0.,0.,-1.),(0.,0.,-1.),(-0.721956093590044,0.691938869357838,
0.),(0.,0.,-1.),(0.696134070916459,-0.717911801901375,0.),(-0.721956298914293,
-0.691938655126287,0.),(0.,0.,-1.),(0.,0.,-1.),(0.604146607157353,0.796868649824306,
-0.0026892354762177),(-0.82850968894385,0.559974727399519,0.),(0.,0.,-1.),
(0.,0.,-1.),(0.778039680940026,-0.628211220547759,-0.00221748971552517),
(-0.828509796897845,-0.559974567676329,0.),(0.,0.,-1.),(0.,0.,-1.),(0.778200453369368,
0.628013252475714,-0.00184637227693005),(0.,0.,-1.),(0.696133785692018,
0.717912078473471,0.),(-0.723616372860806,-0.690202394177078,0.),(0.,0.,
-1.),(0.,0.,-1.),(0.421969437727843,-0.906610055990803,0.),(0.,0.,-1.),
(0.0493278910040774,-0.998782638600156,0.),(0.,0.,-1.),(0.219230688289748,
-0.975673052467887,0.),(0.,0.,-1.),(0.342693786947199,-0.93944716104089,
0.),(-0.723616372860806,-0.690202394177078,0.),(0.,0.,1.),(0.,0.,1.),(-0.289785950280539,
-0.957091481009002,0.),(-0.723615166499951,0.690203658937887,0.),(0.,0.,
1.),(0.,0.,-1.),(0.988412987374715,-0.151788558162307,0.),(-0.723615166499951,
0.690203658937887,0.),(0.,0.,-1.),(0.,0.,-1.),(0.219233958414526,0.975672317675303,
0.),(0.,0.,-1.),(0.34269439609818,0.939446938833111,0.),(0.,0.,1.),(-0.595065044076524,
0.803677543121745,0.),(0.486446355108097,-0.873710446087288,0.),(0.,0.,
-1.),(0.,0.,-1.),(0.9926025080316,-0.121409476769226,0.),(0.,0.,-1.),(0.987906099000356,
0.155053344233198,0.),(0.,0.,-1.),(0.999322928690143,0.0367924475151615,
0.),(0.488443217755511,0.872595681302998,0.),(0.,0.,-1.),(0.,0.,-1.),(0.999322930375466,
-0.0367924017399266,0.),(0.,0.,-1.),(0.987906114716574,-0.155053244098936,
0.),(-0.595067265416709,-0.803675898375384,0.),(0.,0.,-1.),(0.,0.,-1.),
(-0.122023757358215,-0.992527179799215,0.),(-0.595067265416709,-0.803675898375384,
0.),(0.,0.,1.),(0.,0.,1.),(-0.449026673318079,-0.893518352720804,0.),(-0.595065044076524,
0.803677543121745,0.),(0.,0.,-1.),(0.,0.,-1.),(0.0493302612837141,0.998782521533932,
0.),(-0.449026673318079,-0.893518352720804,0.),(0.,0.,-1.),(0.,0.,-1.),
(-0.289785950280539,-0.957091481009002,0.),(-0.449027881092482,0.89351774576759,
0.),(0.,0.,1.),(-0.449027881092482,0.89351774576759,0.),(0.,0.,-1.),(0.,
0.,-1.),(-0.122023757358483,0.992527179799182,0.),(-0.289784733774822,0.957091849338952,
0.),(0.,0.,1.),(-0.289784733774822,0.957091849338952,0.),(0.,0.,-1.),(0.,
0.,-1.),(-0.911228420963826,0.41190140182788,0.),(0.,0.,-1.),(0.908465299425161,
-0.417960284884045,0.),(0.,0.,-1.),(0.851101473503068,-0.524995487029774,
-0.00245365019460201),(-0.91122839188587,-0.411901466155548,0.),(0.,0.,
-1.),(0.,0.,-1.),(0.850971299632114,0.525207877864538,-0.00212890381647179),
(-0.122023757358215,-0.992527179799215,0.),(0.,0.,1.),(0.,0.,1.),(-0.122023757358483,
0.992527179799182,0.),(0.219233958414526,0.975672317675303,0.),(0.,0.,1.),
(0.,0.,1.),(0.34269439609818,0.939446938833111,0.),(0.,0.,1.),(0.988412987374715,
-0.151788558162307,0.),(-0.967732751788603,0.251978810846581,0.),(0.,0.,
-1.),(0.,0.,-1.),(0.952681738493679,-0.303967582882018,-0.00110167941108732),
(-0.967732685422852,-0.251979065726252,0.),(0.,0.,-1.),(0.,0.,-1.),(0.90846528646489,
0.417960313054081,0.),(0.421961979265161,0.906613527394461,0.),(0.,0.,1.),
(0.421961979265161,0.906613527394461,0.),(0.,0.,-1.),(0.,0.,-1.),(-0.996397458706267,
0.0848062750254539,0.),(0.,0.,-1.),(0.983135090756177,-0.18287581897757,
-0.00135209360865656),(-0.996397458706267,-0.0848062750254524,0.),(0.,0.,
-1.),(0.,0.,-1.),(0.983049602286214,0.183338649502908,-0.000647335589731655),
(0.,0.,-1.),(0.952820830307877,0.303532879324648,-0.000506458583163419),
(0.552063710144172,-0.833801576981426,-0.000768222063282651),(0.,0.,-1.),
(0.,0.,-1.),(0.960996538318275,-0.276560397273892,0.),(0.,0.,-1.),(0.905297605772611,
-0.424777877228062,0.),(0.,0.,-1.),(0.826900973759934,-0.562347561206478,
0.),(0.,0.,-1.),(0.727768218472155,-0.685823169761613,0.),(0.,0.,-1.),(0.555569212923517,
-0.831470293908053,0.),(0.555860673224519,0.831275131511279,-0.000753454239207729),
(0.,0.,-1.),(0.,0.,-1.),(0.992602451472664,0.12140993917492,0.),(0.,0.,
-1.),(0.960996807227067,0.276559462863565,0.),(0.,0.,-1.),(0.905297958431235,
0.424777125632064,0.),(0.,0.,-1.),(0.826899517589717,0.562349702418249,
0.),(0.,0.,-1.),(0.72776769925948,0.685823720728995,0.),(0.,0.,-1.),(0.555566785271634,
0.831471916003747,0.),(0.,0.,-1.),(0.99999970473835,0.,0.000768455081157762),
(0.,0.,-1.),(0.997036805058575,-0.0769259992368616,0.),(0.,0.,-1.),(0.997036805063981,
0.0769259991667876,0.),(0.534887857388131,-0.844923061597169,0.),(0.,0.,
-1.),(0.,0.,-1.),(0.988412861888372,0.151789375298927,0.),(0.,0.,-1.),(0.671367427852364,
-0.741124670226879,0.),(0.,0.,-1.),(0.881673897145572,-0.471859236523076,
0.),(0.,0.,-1.),(0.949323169324923,-0.314301638848549,0.),(0.,0.,-1.),(0.989061807398449,
-0.147501664891329,0.),(0.,0.,-1.),(0.999720853049455,0.0236265947201432,
0.),(0.534887857388131,-0.844923061597169,0.),(0.,0.,1.),(0.,0.,1.),(0.671367427852364,
-0.741124670226879,0.),(0.,0.,1.),(0.881673897145572,-0.471859236523076,
0.),(0.,0.,1.),(0.989061807398449,-0.147501664891329,0.),(0.534880955193935,
0.844927431067795,0.),(0.,0.,1.),(0.534880955193935,0.844927431067795,0.),
(0.,0.,-1.),(0.,0.,1.),(0.999720892329298,-0.0236249325991126,0.),(0.671368779780122,
0.741123445545039,0.),(0.,0.,1.),(0.671368779780122,0.741123445545039,0.),
(0.,0.,-1.),(0.,0.,-1.),(0.788104205707924,0.615541843374991,0.),(0.,0.,
1.),(0.989061951783453,0.147500696724814,0.),(0.788103260020158,-0.615543054177041,
0.),(0.,0.,-1.),(0.788103260020158,-0.615543054177041,0.),(0.,0.,1.),(0.,
0.,1.),(0.788104205707924,0.615541843374991,0.),(0.,0.,1.),(0.949323887323966,
0.314299470181091,0.),(0.,0.,-1.),(0.614709280500542,-0.788753764153621,
0.),(0.35511474851007,-0.93482271869624,0.),(0.,0.,-1.),(0.,0.,-1.),(0.616512067719318,
0.787345458078251,0.),(0.355114982175025,0.93482262993299,0.),(0.,0.,-1.),
(0.881673887615801,0.471859254329551,0.),(0.,0.,1.),(0.881673887615801,
0.471859254329551,0.),(0.,0.,-1.),(0.,0.,-1.),(0.999720892329298,-0.0236249325991126,
0.),(0.949323169324923,-0.314301638848549,0.),(0.,0.,1.),(0.949323887323966,
0.314299470181091,0.),(0.,0.,-1.),(0.,0.,-1.),(0.989061951783453,0.147500696724814,
0.),(0.203101824868646,-0.979157622007318,0.),(0.,0.,-1.),(0.,0.,-1.),(0.203111763158911,
0.979155560504294,0.),(0.999720853049455,0.0236265947201432,0.),(0.,0.,
1.),(0.046001959702772,-0.998941349481292,0.),(0.,0.,-1.),(0.,0.,-1.),(0.0460033961179847,
0.998941283332315,0.),(-0.112248717820847,-0.993680142373579,0.),(0.,0.,
-1.),(0.,0.,-1.),(-0.112251687704353,0.993679806883246,0.),(-0.267686287536494,
-0.963506124248792,0.),(0.,0.,-1.),(0.,0.,-1.),(0.696133785692018,0.717912078473471,
0.),(-0.267688909523161,0.963505395790963,0.),(0.,0.,-1.),(0.,0.,-1.),(0.696134070916459,
-0.717911801901375,0.),(-0.416414654788717,-0.909174810076255,0.),(0.,0.,
-1.),(0.,0.,-1.),(-0.416417274884212,0.909173610031663,0.),(-0.521304686565282,
-0.853370625089166,0.),(0.,0.,-1.),(0.,0.,-1.),(-0.52130341065013,0.853371404515374,
0.),(-0.518491850296371,-0.855082569800277,0.),(0.,0.,-1.),(0.,0.,-1.),
(-0.518496807469541,0.855079563926009,0.),(0.772895946241608,-0.634532785822206,
0.),(0.,0.,-1.),(0.,0.,-1.),(0.963502619649015,0.26769890162174,0.),(0.,
0.,-1.),(0.855088388557822,0.518482254039218,0.),(0.,0.,-1.),(0.909173870813975,
0.416416705511599,0.),(0.,0.,-1.),(0.853373754524667,0.521299563675699,
0.),(0.774344066416325,0.632764779997931,0.),(0.,0.,-1.),(0.,0.,-1.),(0.909174649663002,
-0.416415005025224,0.),(0.,0.,-1.),(0.855088023885509,-0.518482855461561,
0.),(0.,0.,-1.),(0.85337523648296,-0.521297137684116,0.),(0.822591811084948,
-0.568631930088648,-0.000663641202039189),(0.,0.,-1.),(0.,0.,-1.),(0.998941238767721,
-0.0460043638061756,0.),(0.,0.,-1.),(0.993681159838522,0.112239710361216,
0.),(0.,0.,-1.),(0.979159162376209,-0.203094398580366,0.),(0.,0.,-1.),(0.934821923072425,
-0.35511684294493,0.),(0.825182372086739,0.564866123350714,-0.000561683218518443),
(0.,0.,-1.),(0.,0.,-1.),(0.993681170882703,-0.112239612584779,0.),(0.,0.,
-1.),(0.998941200172743,0.0460052018519559,0.),(0.,0.,-1.),(0.97915918052871,
0.20309431106347,0.),(0.,0.,-1.),(0.96350234737616,-0.267699881585014,0.),
(0.,0.,-1.),(0.934823118805214,0.355113695240401,0.),(0.,0.,-1.),(0.831464896171414,
0.55557729114378,0.),(-0.404403697868311,-0.914580586471436,0.),(0.,0.,
-1.),(0.,0.,-1.),(-0.242218722665952,-0.970221670748533,0.),(0.,0.,-1.),
(0.676117172579716,-0.736794115708595,0.),(0.,0.,-1.),(0.736791381897539,
-0.676120151719732,0.),(-0.404403697868311,-0.914580586471436,0.),(0.,0.,
1.),(-0.4044103675596,0.914577637278711,0.),(0.,0.,-1.),(0.,0.,-1.),(0.575924390694097,
0.817502964033546,0.),(0.,0.,-1.),(0.676117673271593,0.736793656249705,
0.),(-0.2422212897643,0.970221029861196,0.),(0.,0.,1.),(-0.2422212897643,
0.970221029861196,0.),(0.,0.,-1.),(0.,0.,-1.),(0.427799181247801,0.903873807853569,
0.),(0.831465697131106,-0.555576092443046,0.),(0.,0.,-1.),(0.,0.,-1.),(0.861080667453476,
-0.508468370833305,0.),(-0.0729144944873455,-0.997338195645617,0.),(0.,
0.,-1.),(-0.0729090181557472,0.997338596000157,0.),(0.,0.,1.),(-0.0729090181557472,
0.997338596000157,0.),(0.,0.,-1.),(0.,0.,-1.),(0.26708563542251,0.963672798905808,
0.),(0.685822010115203,-0.727769311280397,0.),(0.,0.,-1.),(0.,0.,-1.),(0.862243331362122,
0.506494262081566,0.),(0.68582079648674,0.727770454955609,0.),(0.,0.,-1.),
(0.,0.,-1.),(0.562349828615168,-0.826899431766942,0.),(0.562351739847643,
0.826898131991075,0.),(0.,0.,-1.),(0.,0.,-1.),(0.0985373671694673,-0.995133351501852,
0.),(0.098540159766375,0.995133074977019,0.),(0.,0.,-1.),(0.,0.,-1.),(0.424769299585624,
-0.905301630468839,0.),(0.,0.,-1.),(0.424771811423405,0.905300451905377,
0.),(0.,0.,-1.),(0.276559070901872,-0.960996920027267,0.),(0.,0.,-1.),(0.908465299425161,
-0.417960284884045,0.),(0.90846528646489,0.417960313054081,0.),(0.,0.,-1.),
(0.,0.,-1.),(0.267089524878634,-0.96367172091958,0.),(0.,0.,-1.),(0.427792769483001,
-0.903876842483568,0.),(0.26708563542251,0.963672798905808,0.),(0.,0.,1.),
(0.276556154856355,0.960997759212303,0.),(0.,0.,-1.),(0.,0.,-1.),(0.121411788880577,
-0.992602225224595,0.),(0.12141190167401,0.992602211428073,0.),(0.,0.,-1.),
(0.,0.,-1.),(0.575916879509906,-0.817508255551938,0.),(0.575916879509906,
-0.817508255551938,0.),(0.,0.,1.),(-0.0367920204920393,-0.999322944411922,
0.),(0.,0.,-1.),(0.,0.,-1.),(-0.0367890440928536,0.999323053989416,0.),
(-0.155052246674961,-0.987906271263143,0.),(0.,0.,-1.),(0.,0.,-1.),(-0.155055155269925,
0.987905814753724,0.),(0.,0.,-1.),(0.952411797865995,0.304814316077284,
0.),(0.736791021168722,0.67612054481812,0.),(0.,0.,-1.),(0.,0.,-1.),(-0.151797684651514,
-0.98841158579533,0.),(0.,0.,-1.),(0.951712173918356,-0.306991755615028,
0.),(0.,0.,-1.),(0.680613642118124,0.732642525494325,0.),(0.,0.,-1.),(0.588922603251593,
0.80818943780488,0.),(-0.151797684651514,-0.98841158579533,0.),(0.,0.,1.),
(0.,0.,-1.),(0.588920616568339,-0.808190885484839,0.),(0.,0.,-1.),(-0.151800373919711,
0.988411172780759,0.),(0.817507124463182,-0.575918485075743,0.),(0.,0.,
-1.),(0.,0.,-1.),(0.995133116209145,-0.0985397433722923,0.),(0.,0.,-1.),
(0.914581619284316,0.404401362098693,0.),(0.,0.,-1.),(0.970220754080616,
0.242222394404894,0.),(0.817507124463182,-0.575918485075743,0.),(0.,0.,
1.),(0.,0.,1.),(0.817508028986629,0.575917201116964,0.),(0.817508028986629,
0.575917201116964,0.),(0.,0.,-1.),(0.,0.,-1.),(0.903879345651946,-0.427787480536551,
0.),(0.,0.,-1.),(0.96367110675983,-0.267091740786352,0.),(0.903879345651946,
-0.427787480536551,0.),(0.,0.,1.),(0.96367110675983,-0.267091740786352,
0.),(0.,0.,1.),(0.,0.,-1.),(0.903879232228597,0.427787720190565,0.),(0.914581712107214,
-0.404401152173231,0.),(0.,0.,-1.),(0.,0.,-1.),(0.995133185248386,0.0985390461563426,
0.),(0.97508537222772,-0.221829663223743,-0.000342609939294966),(0.,0.,
-1.),(0.,0.,-1.),(0.999559974748997,0.0296623815595518,0.),(0.,0.,-1.),
(0.982348172774881,0.18706166749458,0.),(0.,0.,-1.),(0.940502974810447,
0.339785453444816,0.),(0.,0.,-1.),(0.875083664297258,0.483971673220741,
0.),(0.,0.,-1.),(0.7877254223269,0.616026508374361,0.),(0.976093085469197,
0.217352853813911,-0.000159493485419088),(0.,0.,-1.),(0.,0.,-1.),(0.999559961677073,
-0.0296628220526633,0.),(0.,0.,-1.),(0.980784634412881,0.195093569600822,
0.),(0.,0.,-1.),(0.982348172774882,-0.187061667494576,0.),(0.,0.,-1.),(0.940502974810439,
-0.339785453444838,0.),(0.,0.,-1.),(0.875082081365139,-0.483974535356621,
0.),(0.,0.,-1.),(0.7877271129621,-0.61602434651919,0.),(0.,0.,-1.),(0.680616346026218,
-0.732640013595982,0.),(0.963671053045732,0.267091934587569,0.),(0.,0.,
-1.),(0.970220754080616,0.242222394404894,0.),(0.,0.,1.),(0.,0.,1.),(0.995133116209145,
-0.0985397433722923,0.),(0.970220864384135,-0.242221952584201,0.),(0.,0.,
-1.),(0.,0.,-1.),(0.997338260165987,-0.0729136119602011,0.),(0.970220864384135,
-0.242221952584201,0.),(0.,0.,1.),(0.,0.,1.),(0.995133185248386,0.0985390461563426,
0.),(0.997338287879992,0.0729132328772157,0.),(0.,0.,1.),(0.,0.,-1.),(0.997338287879992,
0.0729132328772157,0.),(0.,0.,-1.),(0.980785132072642,-0.195091067722874,
0.),(0.,0.,-1.),(0.98753965681737,-0.157370347311786,0.),(0.912120675090087,
-0.409921790190768,0.),(0.,0.,-1.),(0.,0.,-1.),(0.987897062226177,0.155110910141388,
0.),(0.,0.,-1.),(0.912119448771863,0.409924518871599,0.),(0.,0.,-1.),(0.835986772658726,
-0.548749593111146,0.),(0.,0.,-1.),(0.997979153384091,-0.0634852500957468,
0.00268931795334602),(0.997979151230429,0.0634852839859751,0.00268931712738604),
(0.,0.,-1.),(0.,0.,-1.),(0.83598677265871,0.54874959311117,0.),(0.738887738719265,
-0.67382854612307,0.),(0.,0.,-1.),(0.,0.,-1.),(0.738887738719293,0.67382854612304,
0.),(0.623266227806915,-0.782009724540136,0.),(0.,0.,-1.),(0.,0.,-1.),(0.623266227806921,
0.782009724540131,0.),(0.,0.,-1.),(0.234814936317505,-0.972040094688592,
0.),(0.,0.,-1.),(0.492014292597202,-0.870587121361254,0.),(0.,0.,-1.),(0.348434138088232,
-0.937333265927712,0.),(0.,0.,-1.),(0.492018972565465,0.870584476449944,
0.),(0.,0.,-1.),(0.348433831502549,0.937333379894503,0.),(0.,0.,-1.),(0.234809699755696,
0.972041359665647,0.),(0.,0.,-1.),(0.238009603527586,-0.971262801011468,
0.),(0.,0.,-1.),(0.999078729649906,0.0429149386709322,0.),(0.,0.,-1.),(0.999078729649906,
-0.0429149386709322,0.),(0.,0.,-1.),(0.591573477705282,0.806251090216738,
0.),(0.591575091518907,-0.806249906105047,0.),(0.,0.,-1.),(0.,0.,-1.),(0.906609426322493,
0.42197079058058,0.),(0.,0.,-1.),(0.9394469388331,0.342694396098212,0.),
(0.591575091518907,-0.806249906105047,0.),(0.,0.,1.),(0.,0.,1.),(0.238009603527586,
-0.971262801011468,0.),(0.238004804822004,0.971263976929877,0.),(0.,0.,
-1.),(0.,0.,-1.),(0.985297725585307,0.17084610606163,0.),(-0.0236267753369386,
-0.999720848780887,0.),(0.,0.,-1.),(0.,0.,-1.),(0.314301739012542,-0.949323136162652,
0.),(0.,0.,-1.),(0.47185418180645,-0.881676602338843,0.),(0.,0.,-1.),(0.61554120174253,
-0.788104706848882,0.),(0.,0.,-1.),(0.741128450097911,-0.671363255216927,
0.),(0.,0.,-1.),(0.844922906727883,-0.53488810202369,0.),(0.,0.,-1.),(0.90660986587302,
-0.42196984619959,0.),(0.,0.,-1.),(0.939447147216865,-0.34269382484383,
0.),(-0.0236267753369386,-0.999720848780887,0.),(0.,0.,1.),(0.,0.,1.),(0.314301739012542,
-0.949323136162652,0.),(0.,0.,1.),(0.47185418180645,-0.881676602338843,
0.),(0.,0.,1.),(0.741128450097911,-0.671363255216927,0.),(0.,0.,1.),(0.90660986587302,
-0.42196984619959,0.),(0.,0.,1.),(0.939447147216865,-0.34269382484383,0.),
(-0.0236267642493018,0.999720849042926,0.),(0.,0.,1.),(-0.0236267642493018,
0.999720849042926,0.),(0.,0.,-1.),(0.,0.,-1.),(0.84492400512569,0.534886366962519,
0.),(0.,0.,1.),(0.147508074282847,0.989060851526015,0.),(0.,0.,1.),(0.84492400512569,
0.534886366962519,0.),(0.,0.,1.),(0.906609426322493,0.42197079058058,0.),
(0.147508005815508,-0.9890608617372,0.),(0.,0.,-1.),(0.147508005815508,
-0.9890608617372,0.),(0.,0.,1.),(0.147508074282847,0.989060851526015,0.),
(0.,0.,-1.),(0.,0.,-1.),(0.741130674945518,0.671360799164503,0.),(0.314301598965053,
0.949323182529538,0.),(0.,0.,1.),(0.314301598965053,0.949323182529538,0.),
(0.,0.,-1.),(0.,0.,-1.),(0.615539394090594,0.788106118693786,0.),(0.471854377074356,
0.881676497835669,0.),(0.,0.,1.),(0.471854377074356,0.881676497835669,0.),
(0.,0.,-1.),(0.,0.,1.),(0.615539394090594,0.788106118693786,0.),(0.61554120174253,
-0.788104706848882,0.),(0.,0.,1.),(0.,0.,1.),(0.741130674945518,0.671360799164503,
0.),(0.844922906727883,-0.53488810202369,0.),(0.,0.,1.),(0.,0.,1.),(0.690203893341151,
0.723614942919725,0.),(0.690203893341151,0.723614942919725,0.),(0.,0.,-1.),
(0.,0.,-1.),(0.803676465219545,0.595066499857132,0.),(0.803676465219545,
0.595066499857132,0.),(0.,0.,1.),(0.690204127723104,-0.723614719359681,
0.),(0.,0.,-1.),(0.,0.,-1.),(0.975672317675364,0.219233958414257,0.),(0.690204127723104,
-0.723614719359681,0.),(0.,0.,1.),(0.,0.,1.),(0.957092177190448,-0.289783650955068,
0.),(0.803675387305843,-0.59506795564776,0.),(0.,0.,-1.),(0.,0.,-1.),(0.998782531385611,
0.0493300618178307,0.),(0.803675387305843,-0.59506795564776,0.),(0.,0.,
1.),(0.,0.,1.),(0.89351774576756,-0.449027881092542,0.),(0.893518201464482,
0.449026974302967,0.),(0.,0.,1.),(0.893518201464482,0.449026974302967,0.),
(0.,0.,-1.),(0.,0.,-1.),(0.89351774576756,-0.449027881092542,0.),(0.,0.,
-1.),(0.992527293482894,-0.122022832664715,0.),(0.957092143427335,0.289783762467241,
0.),(0.,0.,1.),(0.,0.,-1.),(0.975672498944538,-0.219233151697732,0.),(0.957092143427335,
0.289783762467241,0.),(0.,0.,-1.),(0.,0.,1.),(0.992527167614651,0.122023856466011,
0.),(0.957092177190448,-0.289783650955068,0.),(0.,0.,-1.),(0.975672498944538,
-0.219233151697732,0.),(0.,0.,1.),(0.,0.,-1.),(0.99878252645975,-0.0493301615513214,
0.),(0.992527167614651,0.122023856466011,0.),(0.,0.,-1.),(0.992527293482894,
-0.122022832664715,0.),(0.,0.,1.),(0.36075255861487,-0.932661563190435,
0.),(0.,0.,-1.),(0.36075255861487,-0.932661563190435,0.),(0.,0.,1.),(0.,
0.,1.),(0.773336613775108,-0.633995648088257,0.),(0.,0.,1.),(0.870281237523516,
-0.492555141699421,0.),(0.,0.,1.),(0.941632558711652,-0.336642428065964,
0.),(0.360747656319007,0.932663459378753,0.),(0.,0.,1.),(0.360747656319007,
0.932663459378753,0.),(0.,0.,-1.),(0.,0.,-1.),(0.941632261179745,0.336643260300158,
0.),(0.,0.,1.),(0.514782469639417,0.857320831982953,0.),(0.514778667924019,
-0.857323114730014,0.),(0.,0.,-1.),(0.,0.,-1.),(0.985297487388405,-0.170847479776836,
0.),(0.514778667924019,-0.857323114730014,0.),(0.,0.,1.),(0.,0.,1.),(0.653665875304553,
-0.756783273772837,0.),(0.514782469639417,0.857320831982953,0.),(0.,0.,
-1.),(0.,0.,-1.),(0.870280115463823,0.492557124228524,0.),(0.653665875304553,
-0.756783273772837,0.),(0.,0.,-1.),(0.,0.,-1.),(0.941632558711652,-0.336642428065964,
0.),(0.653669231183914,0.756780375144223,0.),(0.,0.,1.),(0.653669231183914,
0.756780375144223,0.),(0.,0.,-1.),(0.,0.,-1.),(0.773336613775107,0.633995648088258,
0.),(0.773336613775108,-0.633995648088257,0.),(0.,0.,-1.),(0.,0.,-1.),(0.870281237523516,
-0.492555141699421,0.),(0.773336613775107,0.633995648088258,0.),(0.,0.,
1.),(0.,0.,1.),(0.870280115463823,0.492557124228524,0.),(0.941632261179745,
0.336643260300158,0.),(0.,0.,1.),(0.,0.,1.),(0.985297725585307,0.17084610606163,
0.),(0.985297487388405,-0.170847479776836,0.),(0.,0.,1.)),$,(2,2,4,4,1,
1,5,5,3,3,35,35,33,33,109,109,134,134,34,34,6,6,8,8,7,7,36,36,546,546,112,
112,9,9,13,13,10,10,14,14,12,12,11,11,15,15,23,23,31,31,32,32,16,16,28,
28,17,17,25,25,29,29,18,18,22,22,26,26,20,20,19,19,24,24,21,21,27,27,30,
30,110,110,111,111,37,37,38,38,42,42,45,45,41,41,57,57,61,61,58,58,46,46,
54,54,74,74,66,66,43,43,40,40,39,39,48,48,63,63,47,47,67,67,44,44,52,52,
60,60,50,50,49,49,51,51,59,59,53,53,65,65,56,56,55,55,75,75,64,64,70,70,
73,73,69,69,106,106,72,72,71,71,220,220,123,123,68,68,62,62,76,76,77,77,
105,105,97,97,103,103,78,78,90,90,98,98,80,80,79,79,101,101,107,107,224,
224,102,102,108,108,122,122,218,218,121,121,124,124,81,81,93,93,82,82,86,
86,84,84,83,83,99,99,100,100,85,85,89,89,88,88,87,87,95,95,96,96,92,92,
91,91,94,94,104,104,221,221,222,222,223,223,113,113,114,114,116,116,115,
115,117,117,118,118,120,120,119,119,146,146,125,125,144,144,126,126,128,
128,127,127,130,130,129,129,230,230,131,131,132,132,135,135,136,136,138,
138,137,137,140,140,139,139,141,141,142,142,252,252,232,232,244,244,143,
143,133,133,437,437,145,145,441,441,147,147,148,148,150,150,149,149,152,
152,151,151,178,178,153,153,154,154,163,163,177,177,439,439,155,155,176,
176,179,179,157,157,170,170,156,156,158,158,160,160,159,159,283,283,242,
242,250,250,258,258,266,266,274,274,161,161,180,180,162,162,562,562,260,
260,268,268,276,276,285,285,168,168,169,169,552,552,171,171,165,165,164,
164,166,166,167,167,173,173,172,172,174,174,175,175,554,554,217,217,443,
443,219,219,445,445,185,185,182,182,181,181,190,190,213,213,189,189,186,
186,214,214,206,206,183,183,184,184,188,188,191,191,187,187,195,195,196,
196,192,192,193,193,194,194,210,210,198,198,197,197,205,205,199,199,203,
203,204,204,200,200,201,201,209,209,202,202,208,208,211,211,212,212,207,
207,278,278,328,328,277,277,324,324,279,279,215,215,337,337,216,216,280,
280,225,225,323,323,335,335,226,226,228,228,227,227,237,237,229,229,241,
241,238,238,240,240,239,239,465,465,231,231,233,233,315,315,234,234,236,
236,235,235,325,325,248,248,272,272,289,289,338,338,318,318,326,326,243,
243,245,245,286,286,246,246,247,247,317,317,281,281,319,319,463,463,249,
249,257,257,265,265,273,273,290,290,321,321,251,251,259,259,267,267,275,
275,284,284,253,253,269,269,254,254,262,262,256,256,255,255,288,288,261,
261,264,264,263,263,271,271,270,270,287,287,282,282,292,292,291,291,340,
340,336,336,293,293,294,294,320,320,295,295,296,296,298,298,322,322,297,
297,316,316,300,300,299,299,301,301,334,334,377,377,341,341,345,345,349,
349,353,353,357,357,302,302,346,346,342,342,303,303,304,304,306,306,305,
305,308,308,307,307,348,348,344,344,309,309,310,310,354,354,350,350,311,
311,312,312,314,314,313,313,330,330,327,327,483,483,329,329,485,485,331,
331,332,332,339,339,333,333,497,497,383,383,392,392,495,495,343,343,347,
347,351,351,355,355,375,375,395,395,394,394,505,505,390,390,352,352,356,
356,358,358,376,376,378,378,363,363,360,360,359,359,368,368,367,367,364,
364,398,398,410,410,361,361,362,362,366,366,369,369,365,365,400,400,370,
370,412,412,371,371,433,433,372,372,385,385,374,374,373,373,387,387,422,
422,421,421,507,507,447,447,491,491,434,434,508,508,423,423,386,386,399,
399,435,435,436,436,424,424,379,379,397,397,409,409,380,380,382,382,381,
381,388,388,389,389,391,391,384,384,393,393,401,401,402,402,404,404,396,
396,403,403,459,459,503,503,460,460,461,461,462,462,411,411,405,405,406,
406,408,408,407,407,413,413,414,414,416,416,415,415,417,417,418,418,541,
541,420,420,419,419,425,425,426,426,428,428,427,427,538,538,430,430,429,
429,512,512,431,431,509,509,493,493,432,432,510,510,450,450,528,528,536,
536,516,516,520,520,524,524,514,514,518,518,522,522,526,526,530,530,448,
448,449,449,489,489,440,440,438,438,545,545,442,442,553,553,444,444,551,
551,446,446,561,561,464,464,560,560,466,466,573,573,451,451,467,467,471,
471,479,479,487,487,452,452,492,492,454,454,453,453,481,481,458,458,494,
494,455,455,456,456,488,488,457,457,477,477,468,468,480,480,470,470,469,
469,473,473,482,482,490,490,499,499,547,547,500,500,511,511,502,502,501,
501,549,549,484,484,571,571,486,486,589,589,472,472,476,476,474,474,478,
478,475,475,496,496,587,587,498,498,597,597,504,504,595,595,506,506,613,
613,531,531,515,515,519,519,523,523,527,527,532,532,534,534,533,533,601,
601,513,513,517,517,521,521,525,525,548,548,611,611,550,550,637,637,529,
529,535,535,537,537,539,539,615,615,599,599,540,540,544,544,616,616,657,
657,542,542,543,543,618,618,555,555,559,559,556,556,647,647,572,572,588,
588,596,596,612,612,636,636,558,558,557,557,617,617,600,600,635,635,602,
602,649,649,563,563,564,564,566,566,565,565,570,570,578,578,574,574,780,
780,567,567,568,568,660,660,569,569,575,575,576,576,577,577,590,590,579,
579,580,580,582,582,581,581,583,583,584,584,586,586,585,585,591,591,592,
592,594,594,593,593,670,670,734,734,742,742,750,750,758,758,762,762,770,
770,598,598,603,603,724,724,604,604,652,652,606,606,605,605,726,726,614,
614,656,656,655,655,648,648,661,661,658,658,607,607,643,643,651,651,663,
663,715,715,608,608,644,644,610,610,609,609,653,653,717,717,622,622,630,
630,642,642,646,646,654,654,666,666,718,718,619,619,639,639,620,620,640,
640,621,621,638,638,667,667,668,668,747,747,731,731,739,739,669,669,623,
623,631,631,624,624,632,632,626,626,625,625,629,629,627,627,628,628,634,
634,633,633,645,645,641,641,650,650,659,659,662,662,716,716,664,664,665,
665,684,684,683,683,685,685,673,673,686,686,672,672,671,671,768,768,723,
723,732,732,740,740,748,748,756,756,760,760,674,674,675,675,695,695,703,
703,711,711,676,676,696,696,700,700,704,704,678,678,677,677,697,697,701,
701,705,705,698,698,706,706,714,714,743,743,744,744,755,755,746,746,745,
745,725,725,733,733,741,741,749,749,687,687,736,736,688,688,781,781,689,
689,690,690,786,786,679,679,691,691,680,680,692,692,682,682,681,681,693,
693,694,694,735,735,815,815,737,737,738,738,708,708,707,707,796,796,920,
920,784,784,788,788,792,792,800,800,804,804,808,808,812,812,860,860,864,
864,872,872,888,888,950,950,892,892,896,896,900,900,904,904,908,908,916,
916,709,709,710,710,931,931,790,790,794,794,802,802,806,806,810,810,814,
814,830,830,862,862,902,902,898,898,894,894,906,906,910,910,918,918,922,
922,699,699,702,702,712,712,713,713,720,720,719,719,820,820,929,929,721,
721,798,798,722,722,944,944,727,727,728,728,824,824,1048,1048,942,942,962,
962,966,966,970,970,978,978,982,982,986,986,998,998,1031,1031,729,729,822,
822,730,730,1113,1113,964,964,968,968,972,972,980,980,984,984,988,988,1000,
1000,1004,1004,1062,1062,1078,1078,1086,1086,1094,1094,1106,1106,1122,1122,
1126,1126,1130,1130,1142,1142,752,752,751,751,848,848,1022,1022,1010,1010,
1006,1006,1014,1014,1018,1018,1026,1026,1040,1040,1111,1111,1060,1060,1068,
1068,1076,1076,1092,1092,1104,1104,1124,1124,753,753,826,826,754,754,1037,
1037,1008,1008,1012,1012,1016,1016,1020,1020,1024,1024,1028,1028,1042,1042,
795,795,831,831,797,797,817,817,833,833,777,777,759,759,767,767,779,779,
778,778,757,757,761,761,769,769,765,765,763,763,868,868,1035,1035,764,764,
850,850,766,766,1043,1043,772,772,771,771,876,876,1145,1145,1045,1045,1052,
1052,1064,1064,1072,1072,1080,1080,1088,1088,1096,1096,1283,1283,1153,1153,
1162,1162,1170,1170,1178,1178,1191,1191,1199,1199,1247,1247,773,773,870,
870,774,774,1151,1151,1054,1054,1066,1066,1074,1074,1082,1082,1090,1090,
1098,1098,1217,1217,1147,1147,1155,1155,1164,1164,1172,1172,1180,1180,1193,
1193,1201,1201,1285,1285,1269,1269,1277,1277,782,782,776,776,775,775,884,
884,1149,1149,886,886,878,878,1168,1168,1166,1166,1174,1174,1176,1176,1182,
1182,1184,1184,1195,1195,1197,1197,1203,1203,1205,1205,1207,1207,1209,1209,
1211,1211,1213,1213,1319,1319,1289,1289,1321,1321,816,816,818,818,783,783,
785,785,787,787,789,789,791,791,793,793,799,799,801,801,819,819,973,973,
879,879,821,821,881,881,803,803,805,805,807,807,809,809,834,834,811,811,
832,832,813,813,827,827,828,828,829,829,823,823,989,989,825,825,975,975,
847,847,993,993,849,849,995,995,991,991,835,835,887,887,859,859,863,863,
871,871,836,836,852,852,838,838,951,951,837,837,865,865,873,873,842,842,
880,880,895,895,899,899,891,891,882,882,893,893,901,901,839,839,855,855,
840,840,844,844,841,841,861,861,843,843,851,851,846,846,845,845,857,857,
854,854,853,853,867,867,1099,1099,1055,1055,869,869,1057,1057,856,856,858,
858,866,866,874,874,952,952,875,875,1115,1115,877,877,1101,1101,890,890,
889,889,883,883,1157,1157,885,885,1160,1160,1117,1117,927,927,903,903,907,
907,915,915,919,919,928,928,936,936,897,897,905,905,909,909,917,917,921,
921,930,930,1189,1189,1185,1185,1187,1187,911,911,949,949,923,923,937,937,
945,945,953,953,957,957,912,912,924,924,938,938,954,954,914,914,913,913,
960,960,926,926,925,925,934,934,956,956,932,932,933,933,935,935,948,948,
974,974,941,941,976,976,943,943,940,940,939,939,959,959,946,946,947,947,
955,955,961,961,963,963,958,958,965,965,967,967,969,969,971,971,977,977,
992,992,979,979,990,990,981,981,983,983,985,985,987,987,997,997,999,999,
994,994,1017,1017,1112,1112,1025,1025,1039,1039,996,996,1027,1027,1114,
1114,1041,1041,1029,1029,1005,1005,1009,1009,1013,1013,1021,1021,1038,1038,
1011,1011,1007,1007,1015,1015,1019,1019,1023,1023,1036,1036,1001,1001,1030,
1030,1091,1091,1103,1103,1002,1002,1003,1003,1085,1085,1093,1093,1033,1033,
1032,1032,1077,1077,1034,1034,1056,1056,1047,1047,1050,1050,1049,1049,1069,
1069,1044,1044,1058,1058,1046,1046,1051,1051,1053,1053,1059,1059,1061,1061,
1063,1063,1065,1065,1071,1071,1100,1100,1102,1102,1067,1067,1075,1075,1070,
1070,1073,1073,1079,1079,1081,1081,1083,1083,1084,1084,1087,1087,1089,1089,
1095,1095,1097,1097,1118,1118,1105,1105,1214,1214,1116,1116,1190,1190,1198,
1198,1215,1215,1200,1200,1216,1216,1107,1107,1135,1135,1123,1123,1131,1131,
1108,1108,1110,1110,1109,1109,1119,1119,1127,1127,1120,1120,1128,1128,1121,
1121,1125,1125,1137,1137,1143,1143,1144,1144,1152,1152,1161,1161,1169,1169,
1177,1177,1156,1156,1146,1146,1150,1150,1154,1154,1163,1163,1171,1171,1179,
1179,1192,1192,1129,1129,1132,1132,1136,1136,1133,1133,1141,1141,1134,1134,
1138,1138,1140,1140,1139,1139,1148,1148,1158,1158,1165,1165,1159,1159,1167,
1167,1173,1173,1186,1186,1188,1188,1175,1175,1181,1181,1183,1183,1194,1194,
1196,1196,1210,1210,1202,1202,1206,1206,1204,1204,1208,1208,1212,1212,1286,
1286,1320,1320,1318,1318,1246,1246,1248,1248,1252,1252,1268,1268,1249,1249,
1287,1287,1288,1288,1316,1316,1218,1218,1226,1226,1230,1230,1234,1234,1238,
1238,1242,1242,1250,1250,1266,1266,1219,1219,1227,1227,1231,1231,1239,1239,
1251,1251,1267,1267,1221,1221,1220,1220,1244,1244,1225,1225,1245,1245,1253,
1253,1222,1222,1223,1223,1224,1224,1240,1240,1229,1229,1228,1228,1236,1236,
1233,1233,1232,1232,1237,1237,1235,1235,1241,1241,1243,1243,1255,1255,1254,
1254,1258,1258,1259,1259,1256,1256,1276,1276,1257,1257,1273,1273,1260,1260,
1284,1284,1261,1261,1265,1265,1263,1263,1262,1262,1264,1264,1280,1280,1271,
1271,1274,1274,1270,1270,1279,1279,1272,1272,1275,1275,1282,1282,1278,1278,
1281,1281,1290,1290,1291,1291,1303,1303,1307,1307,1311,1311,1293,1293,1292,
1292,1312,1312,1297,1297,1294,1294,1314,1314,1295,1295,1299,1299,1296,1296,
1308,1308,1298,1298,1310,1310,1301,1301,1300,1300,1304,1304,1302,1302,1306,
1306,1305,1305,1309,1309,1313,1313,1317,1317,1315,1315),((1,4,5),(8,1,5),
(5,4,9),(6,10,11),(6,13,7),(6,15,13),(6,11,17),(17,15,6),(2,19,3),(8,21,
1),(22,19,2),(9,4,24),(9,24,25),(11,10,26),(3,27,23),(29,3,19),(31,27,3),
(31,3,29),(33,21,8),(7,35,34),(7,13,35),(33,37,21),(38,39,22),(22,39,19),
(25,24,41),(25,41,43),(45,26,44),(45,47,26),(49,26,47),(11,26,49),(23,52,
42),(23,27,52),(36,37,33),(36,40,37),(43,41,54),(43,54,46),(42,55,53),(42,
52,55),(57,40,36),(59,58,35),(59,35,61),(61,35,13),(57,63,40),(65,39,64),
(67,39,65),(67,19,39),(46,54,69),(46,69,71),(72,47,45),(53,73,70),(53,55,
73),(75,63,57),(76,58,59),(75,66,63),(71,69,74),(71,74,48),(60,66,75),(60,
68,66),(48,74,56),(48,56,78),(49,47,77),(62,68,60),(62,79,68),(80,19,67),
(78,56,51),(78,51,50),(14,79,62),(14,20,79),(50,51,28),(50,28,12),(16,20,
14),(82,20,16),(29,19,81),(28,32,12),(12,32,83),(17,11,84),(86,87,90),(91,
87,86),(86,90,94),(95,85,93),(97,92,85),(97,85,95),(99,89,88),(91,101,87),
(88,102,103),(105,88,103),(107,99,88),(107,88,105),(109,111,113),(113,111,
115),(114,117,110),(113,115,119),(120,121,114),(114,121,117),(109,123,111),
(124,125,112),(112,127,116),(112,125,127),(94,90,129),(94,129,131),(95,
93,132),(130,89,99),(134,123,109),(110,135,133),(110,117,135),(134,126,
123),(137,101,91),(139,138,92),(139,92,97),(137,104,101),(119,115,141),
(119,141,143),(144,145,120),(120,145,121),(116,147,142),(116,127,147),(131,
129,100),(131,100,96),(136,126,134),(136,128,126),(149,104,137),(151,138,
139),(151,150,138),(153,104,149),(155,103,154),(105,103,155),(141,157,143),
(143,157,159),(161,144,160),(144,163,145),(161,163,144),(142,147,165),(142,
165,158),(96,100,167),(96,167,98),(168,99,107),(118,128,136),(118,148,128),
(98,167,108),(98,108,140),(122,148,118),(122,166,148),(140,108,106),(140,
106,152),(146,166,122),(158,165,169),(146,170,166),(171,153,149),(173,150,
151),(150,175,172),(150,177,175),(173,177,150),(171,179,153),(180,181,154),
(154,181,183),(154,183,155),(159,157,185),(159,185,187),(189,160,188),(191,
160,189),(191,161,160),(158,169,193),(158,195,186),(158,197,195),(193,197,
158),(106,199,152),(201,173,151),(152,199,203),(201,151,204),(105,155,200),
(164,170,146),(205,170,164),(193,169,206),(207,179,171),(172,209,208),(172,
175,209),(207,211,179),(212,213,180),(180,213,181),(187,185,215),(187,215,
217),(219,188,218),(189,188,219),(186,222,216),(186,195,222),(223,211,207),
(208,225,224),(208,209,225),(223,214,211),(217,215,227),(217,227,229),(231,
218,230),(219,218,231),(216,234,228),(216,222,234),(226,214,223),(226,182,
214),(229,227,236),(229,236,237),(231,230,238),(228,234,235),(210,182,226),
(210,239,182),(181,240,183),(237,236,233),(237,233,232),(176,239,210),(176,
184,239),(232,233,221),(232,221,220),(178,184,176),(178,242,184),(155,183,
241),(220,221,196),(220,196,190),(174,242,178),(174,156,242),(190,196,198),
(190,198,192),(243,156,174),(244,173,201),(200,155,245),(246,156,243),(198,
194,192),(247,161,191),(192,194,248),(82,16,249),(17,250,15),(82,249,251),
(81,252,29),(254,83,32),(254,255,83),(17,84,256),(29,253,31),(251,249,258),
(257,250,17),(251,258,259),(252,260,29),(262,255,254),(262,263,255),(265,
256,264),(17,256,265),(29,261,253),(259,258,267),(269,268,257),(269,257,
17),(259,267,271),(29,260,272),(274,263,262),(274,275,263),(265,264,276),
(273,261,29),(277,203,199),(277,279,203),(204,280,201),(281,278,200),(200,
245,281),(205,164,283),(161,284,163),(205,283,285),(193,206,286),(271,267,
287),(288,268,269),(271,287,289),(29,272,290),(292,275,274),(292,293,275),
(276,294,265),(29,291,273),(295,279,277),(295,297,279),(201,280,298),(296,
278,281),(285,283,300),(299,284,161),(285,300,301),(302,303,286),(286,305,
193),(286,307,305),(303,307,286),(309,18,312),(312,18,266),(313,310,311),
(312,266,315),(311,316,317),(313,311,317),(309,270,18),(289,287,319),(269,
320,288),(289,319,321),(290,322,29),(324,293,292),(265,294,326),(324,325,
293),(29,323,291),(327,297,295),(327,329,297),(331,298,330),(201,298,331),
(296,281,328),(301,300,333),(161,334,299),(301,333,335),(336,303,302),(337,
270,309),(309,340,337),(341,339,310),(341,310,313),(269,343,320),(338,343,
269),(315,266,345),(315,345,348),(317,316,347),(265,326,349),(351,265,349),
(346,265,351),(321,319,344),(321,344,353),(29,322,354),(356,325,324),(356,
350,325),(355,323,29),(357,329,327),(357,359,329),(331,330,360),(361,358,
328),(328,281,363),(328,363,365),(365,367,328),(328,367,369),(328,369,371),
(361,328,371),(335,333,373),(375,374,334),(375,334,161),(335,373,377),(336,
378,379),(336,381,303),(383,381,336),(336,385,383),(336,387,385),(379,387,
336),(353,344,389),(338,390,343),(353,389,391),(393,354,392),(29,354,393),
(395,350,356),(395,352,350),(29,396,355),(398,359,357),(398,399,359),(360,
400,331),(393,397,358),(393,358,361),(377,373,402),(401,374,375),(377,402,
403),(378,404,379),(331,390,338),(337,340,332),(406,399,398),(406,407,399),
(400,408,331),(405,397,393),(403,402,410),(375,409,401),(403,410,411),(379,
404,412),(391,389,407),(331,408,390),(391,407,406),(393,392,405),(411,352,
395),(411,410,352),(375,351,409),(346,351,375),(413,412,396),(413,396,29),
(379,412,413),(348,345,376),(332,340,415),(417,416,339),(417,339,341),(332,
415,202),(348,376,162),(348,162,419),(421,347,420),(317,347,421),(423,425,
427),(427,425,429),(431,424,428),(427,429,433),(431,428,434),(423,435,425),
(437,426,436),(439,430,426),(439,426,437),(441,443,446),(447,443,441),(441,
446,450),(451,442,449),(451,448,442),(445,444,454),(447,456,443),(454,444,
455),(457,435,423),(458,424,431),(457,459,435),(461,436,460),(437,436,461),
(450,446,453),(450,453,452),(433,429,463),(433,463,465),(467,434,466),(467,
431,434),(464,430,439),(469,456,447),(471,448,451),(471,470,448),(454,455,
474),(469,476,456),(474,455,475),(477,459,457),(478,458,479),(479,458,431),
(477,481,459),(461,460,482),(452,453,473),(452,473,472),(465,463,440),(465,
440,468),(483,476,469),(485,470,471),(485,484,470),(474,475,488),(483,490,
476),(488,475,489),(480,481,477),(480,462,481),(472,473,487),(472,487,486),
(440,491,468),(493,431,467),(468,491,495),(467,496,493),(497,439,437),(497,
492,439),(499,490,483),(501,484,485),(501,503,484),(503,500,484),(488,489,
505),(505,489,507),(508,490,499),(432,462,480),(432,438,462),(486,487,506),
(486,506,502),(509,438,432),(511,510,431),(511,431,513),(493,513,431),(515,
438,509),(437,516,497),(506,518,502),(502,518,519),(520,503,501),(505,507,
517),(202,415,522),(417,521,416),(201,523,244),(201,525,523),(202,522,527),
(528,525,201),(419,162,530),(419,530,531),(533,420,532),(421,420,533),(247,
535,161),(161,535,529),(246,243,524),(246,524,282),(306,248,194),(306,536,
248),(537,515,509),(539,538,510),(539,510,511),(537,541,515),(542,497,516),
(519,518,544),(519,544,545),(546,547,520),(520,547,503),(543,517,549),(549,
517,551),(517,553,551),(517,507,555),(517,557,553),(559,557,517),(517,555,
559),(282,524,526),(282,526,364),(308,536,306),(529,535,561),(308,562,536),
(563,541,537),(565,564,538),(565,538,539),(563,567,541),(568,497,542),(545,
544,550),(545,550,569),(570,571,546),(546,571,547),(527,522,573),(573,522,
576),(577,575,521),(577,521,417),(528,579,525),(581,579,528),(583,581,528),
(583,528,585),(585,528,574),(531,530,587),(531,587,590),(533,532,589),(529,
561,591),(529,591,593),(593,595,529),(529,595,597),(529,597,599),(599,588,
529),(364,526,580),(364,580,366),(304,562,308),(304,592,562),(601,567,563),
(603,602,564),(603,564,565),(601,605,567),(606,607,568),(568,607,497),(569,
550,609),(569,609,611),(612,613,570),(570,613,571),(549,551,610),(366,580,
582),(366,582,368),(382,592,304),(382,594,592),(615,605,601),(616,602,603),
(615,608,605),(611,609,617),(611,617,619),(620,621,612),(612,621,613),(610,
551,618),(368,582,584),(368,584,370),(384,594,382),(384,596,594),(604,608,
615),(604,623,608),(625,607,624),(625,497,607),(619,617,552),(619,552,622),
(370,584,586),(370,586,372),(386,596,384),(386,598,596),(566,623,604),(566,
626,623),(622,552,554),(622,554,614),(372,586,627),(585,574,628),(372,627,
362),(388,598,386),(388,600,598),(629,495,491),(629,631,495),(493,496,632),
(633,630,492),(635,492,497),(635,633,492),(508,499,637),(503,638,500),(508,
637,639),(507,640,555),(574,641,628),(573,576,642),(362,627,643),(628,641,
644),(362,643,645),(361,646,393),(648,600,388),(588,599,649),(648,651,600),
(649,599,652),(379,647,387),(540,626,566),(540,653,626),(654,497,625),(614,
554,558),(614,558,572),(590,587,650),(656,631,629),(656,657,631),(493,632,
658),(633,655,630),(639,637,660),(661,659,638),(663,661,638),(665,638,503),
(665,667,638),(638,667,669),(638,669,671),(673,638,671),(663,638,673),(639,
660,675),(676,677,640),(640,679,555),(640,677,679),(645,643,681),(641,682,
644),(645,681,683),(393,646,684),(686,651,648),(686,687,651),(649,652,688),
(685,647,379),(689,657,656),(689,691,657),(658,692,493),(693,690,655),(695,
655,633),(693,655,695),(675,660,697),(661,698,659),(675,697,699),(700,701,
676),(676,703,677),(701,703,676),(683,681,705),(641,706,682),(683,705,707),
(393,684,708),(710,687,686),(710,711,687),(688,712,713),(713,649,688),(709,
685,379),(707,691,689),(707,705,691),(493,692,706),(708,690,693),(699,697,
711),(713,712,698),(713,698,661),(699,711,710),(709,379,700),(700,379,701),
(493,706,641),(708,693,393),(512,653,540),(512,498,653),(572,558,560),(572,
560,548),(642,576,715),(717,716,575),(717,575,577),(642,715,494),(590,650,
714),(714,719,590),(721,589,720),(533,589,721),(514,498,512),(636,498,514),
(560,556,548),(548,556,504),(494,715,723),(717,724,716),(494,723,726),(725,
727,493),(727,513,493),(662,719,714),(662,729,719),(731,720,730),(721,720,
731),(726,723,733),(733,723,736),(737,735,724),(737,724,717),(725,739,727),
(741,739,725),(741,725,743),(743,725,745),(745,725,747),(747,725,734),(749,
729,662),(749,752,729),(753,730,751),(731,730,753),(755,661,663),(755,750,
661),(636,514,728),(636,728,634),(680,504,556),(680,666,504),(634,728,740),
(634,740,696),(678,666,680),(678,668,666),(696,740,742),(696,742,694),(704,
668,678),(704,670,668),(694,742,744),(694,744,757),(393,693,758),(702,670,
704),(702,672,670),(757,744,746),(757,746,760),(393,758,759),(761,672,702),
(761,674,672),(379,762,701),(760,746,748),(760,748,764),(759,763,393),(765,
674,761),(765,664,674),(379,766,762),(767,769,771),(771,769,773),(772,775,
768),(771,773,776),(767,777,769),(779,770,778),(781,774,770),(781,770,779),
(783,785,788),(789,785,783),(783,788,792),(784,791,790),(793,787,786),(789,
795,785),(797,786,796),(793,786,797),(799,777,767),(768,775,801),(768,801,
800),(799,803,777),(805,778,804),(779,778,805),(792,788,807),(790,791,809),
(792,807,810),(811,808,787),(811,787,793),(773,813,776),(776,813,815),(816,
817,775),(819,801,775),(775,821,819),(775,817,821),(823,774,781),(774,825,
814),(823,825,774),(827,795,789),(829,790,809),(831,790,829),(831,833,790),
(833,828,790),(797,796,836),(838,795,827),(836,796,837),(839,803,799),(841,
840,800),(800,843,841),(800,801,843),(839,845,803),(805,804,846),(810,807,
848),(810,848,849),(829,809,850),(847,808,811),(764,748,852),(747,734,851),
(764,852,853),(393,763,854),(856,664,765),(856,756,664),(855,766,379),(857,
845,839),(858,840,841),(857,806,845),(849,848,812),(849,812,830),(859,851,
734),(733,736,860),(842,806,857),(842,780,806),(830,812,794),(830,794,832),
(853,852,861),(859,862,851),(853,861,863),(393,854,864),(866,756,856),(867,
750,755),(755,869,867),(866,870,756),(865,855,379),(860,736,871),(873,872,
735),(873,735,737),(875,862,859),(860,871,876),(877,752,749),(753,751,878),
(749,868,877),(867,869,879),(877,868,880),(844,780,842),(844,782,780),(832,
794,798),(832,798,881),(882,833,831),(863,861,884),(875,883,862),(863,884,
885),(864,886,393),(888,870,866),(888,889,870),(869,890,879),(865,379,887),
(885,884,892),(891,883,875),(885,892,893),(886,894,393),(896,889,888),(896,
897,889),(879,890,898),(379,895,887),(802,782,844),(802,824,782),(881,798,
835),(881,835,834),(893,892,900),(875,899,891),(893,900,901),(902,903,894),
(393,894,903),(905,897,896),(905,907,897),(879,898,908),(379,906,895),(901,
900,910),(875,909,899),(901,910,911),(902,912,903),(914,907,905),(914,915,
907),(908,916,879),(917,913,906),(917,906,379),(919,815,813),(919,921,815),
(922,875,816),(816,875,817),(814,923,920),(814,825,923),(838,827,925),(927,
926,828),(929,828,833),(927,828,929),(838,925,931),(932,933,837),(836,837,
935),(837,933,935),(911,910,921),(922,909,875),(911,921,919),(920,937,912),
(912,937,939),(912,939,903),(931,915,914),(931,925,915),(879,916,926),(932,
913,917),(920,923,941),(920,941,943),(943,945,920),(920,945,937),(879,926,
927),(932,947,933),(949,947,932),(932,951,949),(932,953,951),(955,953,932),
(932,917,955),(820,824,802),(957,824,820),(958,825,823),(835,936,834),(834,
936,959),(961,833,960),(929,833,961),(963,314,966),(966,314,318),(963,342,
314),(967,964,965),(966,318,969),(971,965,970),(967,965,971),(973,342,963),
(973,418,342),(975,974,964),(975,964,967),(969,318,422),(969,422,977),(979,
970,978),(971,970,979),(981,418,973),(981,578,418),(983,982,974),(983,974,
975),(977,422,534),(977,534,985),(987,978,986),(979,978,987),(989,957,820),
(991,990,819),(991,819,993),(993,819,995),(819,997,995),(819,821,997),(989,
999,957),(1000,1001,958),(958,1001,825),(959,936,1003),(959,1003,1005),
(1007,960,1006),(961,960,1007),(1009,1004,935),(935,1011,1009),(935,933,
1011),(1013,999,989),(1014,990,991),(1013,1015,999),(1016,1017,1000),(1000,
1017,1001),(1005,1003,1010),(1005,1010,1019),(1021,1006,1020),(1007,1006,
1021),(992,1015,1013),(992,1023,1015),(1024,1025,1016),(1016,1025,1017),
(1019,1010,1027),(1019,1027,1029),(1031,1020,1030),(1021,1020,1031),(1009,
1033,1028),(1009,1035,1033),(1011,1035,1009),(876,871,1037),(1039,1038,
872),(1039,872,873),(876,1037,1041),(1042,1043,875),(875,1043,817),(877,
880,1045),(877,1045,1047),(1049,878,1048),(753,878,1049),(879,927,1046),
(1051,578,981),(1051,718,578),(1053,1052,982),(1053,982,983),(985,534,722),
(985,722,1055),(1057,986,1056),(987,986,1057),(994,1023,992),(994,1059,
1023),(1060,1061,1024),(1024,1061,1025),(1029,1027,1063),(1029,1063,1032),
(1028,1065,1064),(1028,1033,1065),(1067,1059,994),(993,995,1068),(1067,
1062,1059),(1032,1063,1066),(1032,1066,1022),(996,1062,1067),(996,1026,
1062),(1022,1066,1034),(1022,1034,1008),(998,1026,996),(998,1018,1026),
(1008,1034,1036),(1008,1036,962),(1070,718,1051),(1070,738,718),(1071,1069,
1052),(1071,1052,1053),(1055,722,732),(1055,732,1073),(1075,1056,1074),
(1057,1056,1075),(822,1018,998),(822,1002,1018),(962,1036,1012),(962,1012,
930),(818,1002,822),(826,1002,818),(1012,934,930),(930,934,928),(1077,738,
1070),(1077,874,738),(1079,1078,1069),(1079,1069,1071),(1073,732,754),(1073,
754,1081),(1083,1074,1082),(1075,1074,1083),(1041,1037,1085),(1086,1038,
1039),(1042,1087,1043),(1089,1087,1042),(1042,1091,1089),(1042,1093,1091),
(1095,1093,1042),(1041,1085,1096),(1047,1045,1097),(1047,1097,1100),(1101,
1048,1099),(1049,1048,1101),(1046,927,1103),(1046,1103,1105),(1105,1107,
1046),(1046,1107,1109),(1046,1109,1098),(1111,874,1077),(1111,1040,874),
(1113,1112,1078),(1113,1078,1079),(1081,754,1050),(1081,1050,1115),(1117,
1082,1116),(1083,1082,1117),(826,818,1044),(826,1044,924),(948,928,934),
(948,1104,928),(924,1044,1088),(924,1088,942),(950,1104,948),(950,1106,
1104),(942,1088,1090),(942,1090,944),(952,1106,950),(952,1108,1106),(944,
1090,1092),(944,1092,946),(954,1108,952),(954,1110,1108),(946,1092,1094),
(946,1094,938),(956,1110,954),(956,1119,1110),(1098,1109,1120),(938,1094,
1122),(1095,1121,1093),(938,1122,940),(918,1119,956),(1098,1120,1123),(918,
1124,1119),(1096,1085,1125),(1125,1085,1128),(1129,1086,1039),(1129,1127,
1086),(1131,1121,1095),(1095,1126,1131),(1100,1097,1133),(1100,1133,1136),
(1101,1099,1137),(1137,1099,1135),(1139,1098,1123),(1134,1098,1139),(940,
1122,1132),(940,1132,904),(1141,1124,918),(1141,1140,1124),(379,1142,917),
(1131,1126,1143),(1125,1128,1144),(904,1132,1145),(1143,1146,1131),(393,
903,1147),(904,1145,1149),(903,1150,1151),(1147,903,1153),(903,1155,1153),
(903,1157,1155),(903,1159,1157),(1161,1159,903),(1151,1161,903),(1163,1140,
1141),(1139,1165,1134),(1163,1166,1140),(379,1164,1142),(1134,1165,1167),
(1136,1133,1168),(968,30,394),(972,30,968),(968,394,976),(972,414,30),(1169,
1040,1111),(1169,1130,1040),(1171,1170,1112),(1171,1112,1113),(1115,1050,
1102),(1115,1102,1173),(1175,1116,1174),(1117,1116,1175),(976,394,1148),
(976,1148,984),(980,414,972),(980,380,414),(1149,1145,1177),(1143,1178,
1146),(1149,1177,1179),(1151,1150,1180),(1182,1166,1163),(1182,1183,1166),
(1165,1184,1167),(1181,1164,379),(984,1148,1154),(984,1154,1054),(988,380,
980),(379,1185,1181),(379,1187,1185),(988,1189,380),(379,1190,1191),(1191,
1187,379),(1179,1177,1193),(1194,1178,1143),(1179,1193,1195),(1197,1180,
1196),(1151,1180,1197),(1186,1183,1182),(1186,1199,1183),(1167,1184,1200),
(1195,1193,1202),(1143,1201,1194),(1195,1202,1203),(1196,1204,1197),(1188,
1199,1186),(1188,1205,1199),(1167,1200,1206),(1054,1154,1156),(1054,1156,
1072),(1058,1189,988),(1058,1207,1189),(1191,1190,1208),(1203,1202,1209),
(1210,1201,1143),(1203,1209,1211),(1197,1204,1212),(1214,1205,1188),(1214,
1215,1205),(1206,1216,1167),(1191,1213,1187),(1211,1209,1218),(1143,1217,
1210),(1211,1218,1219),(1197,1212,1220),(1222,1215,1214),(1222,1223,1215),
(1167,1216,1224),(1221,1213,1191),(1219,1218,1226),(1143,1225,1217),(1219,
1226,1227),(1228,1197,1220),(1230,1223,1222),(1230,1231,1223),(1233,1224,
1232),(1167,1224,1233),(1221,1235,1229),(1221,1237,1235),(1239,1237,1221),
(1221,1241,1239),(1221,1243,1241),(1245,1243,1221),(1221,1191,1245),(1072,
1156,1158),(1072,1158,1080),(1076,1207,1058),(1076,1247,1207),(1191,1208,
1248),(1249,1227,1226),(1251,1250,1225),(1251,1225,1143),(1253,1227,1249),
(1228,1254,1255),(1255,1197,1228),(1230,1257,1231),(1231,1257,1259),(1232,
1260,1233),(1229,1261,1258),(1229,1235,1261),(1080,1158,1160),(1080,1160,
1114),(1084,1247,1076),(1084,1263,1247),(1248,1264,1191),(1265,1130,1169),
(1268,1127,1129),(1265,1267,1130),(1269,1170,1171),(1269,1266,1170),(1173,
1102,1138),(1175,1174,1271),(1173,1138,1273),(1271,1174,1274),(1276,1253,
1249),(1250,1277,1275),(1250,1279,1277),(1281,1279,1250),(1283,1281,1250),
(1283,1250,1251),(1276,1285,1253),(1287,1254,1286),(1255,1254,1287),(1259,
1257,1289),(1259,1289,1291),(1293,1260,1292),(1293,1295,1260),(1233,1260,
1295),(1290,1258,1297),(1297,1258,1299),(1301,1299,1258),(1301,1258,1303),
(1303,1258,1305),(1305,1258,1307),(1307,1258,1309),(1258,1261,1309),(1311,
1285,1276),(1275,1313,1312),(1275,1277,1313),(1311,1315,1285),(1317,1286,
1316),(1287,1286,1317),(1291,1289,1298),(1291,1298,1319),(1292,1320,1293),
(1114,1160,1162),(1114,1162,1172),(1118,1263,1084),(1118,1321,1263),(1191,
1264,1322),(1144,1128,1323),(1268,1324,1127),(1144,1323,1325),(1326,1327,
1143),(1143,1329,1251),(1143,1331,1329),(1327,1331,1143),(1136,1168,1234),
(1137,1135,1333),(1136,1234,1334),(1335,1315,1311),(1312,1337,1336),(1312,
1313,1337),(1335,1339,1315),(1341,1316,1340),(1317,1316,1341),(1319,1298,
1343),(1319,1343,1345),(1320,1346,1347),(1293,1320,1347),(1297,1299,1344),
(1349,1339,1335),(1336,1337,1350),(1349,1351,1339),(1341,1340,1352),(1345,
1343,1300),(1345,1300,1348),(1338,1351,1349),(1338,1342,1351),(1348,1300,
1354),(1348,1354,1355),(1357,1347,1356),(1293,1347,1357),(1353,1299,1301),
(1314,1342,1338),(1314,1318,1342),(1355,1354,1302),(1355,1302,1359),(1357,
1356,1360),(1172,1162,1152),(1172,1152,1270),(1176,1321,1118),(1176,1361,
1321),(1191,1322,1362),(1278,1318,1314),(1278,1288,1318),(1359,1302,1304),
(1359,1304,1358),(1280,1288,1278),(1280,1256,1288),(1358,1304,1306),(1358,
1306,1294),(1270,1152,1198),(1363,1266,1269),(1270,1198,1364),(1272,1361,
1176),(1272,1365,1361),(1362,1366,1191),(1282,1256,1280),(1255,1367,1197),
(1369,1256,1282),(1370,1367,1255),(1306,1308,1294),(1294,1308,1371),(1372,
1295,1293),(1374,1267,1265),(1375,1324,1268),(1374,1376,1267),(1363,1373,
1266),(1273,1138,1377),(1137,1333,1378),(1271,1274,1379),(1379,1274,1381),
(1273,1377,1382),(1364,1198,1383),(1364,1383,1385),(1386,1373,1363),(1197,
1387,1384),(1367,1389,1197),(1389,1391,1197),(1197,1391,1393),(1197,1393,
1395),(1395,1397,1197),(1197,1397,1399),(1197,1399,1387),(1380,1365,1272),
(1380,1401,1365),(1191,1366,1402),(1403,1369,1282),(1281,1405,1404),(1281,
1407,1405),(1409,1407,1281),(1409,1281,1283),(1403,1411,1369),(1412,1413,
1370),(1370,1413,1415),(1415,1417,1370),(1370,1417,1367),(1371,1308,1419),
(1371,1419,1421),(1422,1423,1372),(1372,1423,1425),(1425,1427,1372),(1372,
1427,1295),(1307,1429,1420),(1307,1431,1429),(1433,1431,1307),(1307,1309,
1433),(1325,1323,1435),(1375,1436,1324),(1325,1435,1438),(1437,1439,1326),
(1326,1439,1327),(1334,1234,1441),(1378,1333,1443),(1334,1441,1444),(1233,
1295,1445),(1445,1447,1233),(1447,1449,1233),(1233,1449,1451),(1233,1451,
1442),(1385,1383,1453),(1386,1455,1373),(1385,1453,1457),(1458,1455,1386),
(1384,1459,1454),(1384,1387,1459),(1461,1401,1380),(1379,1381,1462),(1461,
1463,1401),(1465,1402,1464),(1191,1402,1465),(1467,1411,1403),(1404,1469,
1468),(1404,1405,1469),(1467,1471,1411),(1472,1473,1412),(1412,1473,1413),
(1421,1419,1475),(1421,1475,1477),(1478,1479,1422),(1422,1479,1423),(1420,
1482,1476),(1420,1429,1482),(1470,1471,1467),(1470,1474,1471),(1477,1475,
1481),(1477,1481,1480),(1456,1376,1374),(1456,1483,1376),(1484,1485,1375),
(1375,1485,1436),(1382,1377,1487),(1378,1443,1488),(1462,1381,1490),(1382,
1487,1489),(1457,1453,1491),(1457,1491,1493),(1494,1495,1458),(1458,1495,
1455),(1454,1497,1492),(1454,1459,1499),(1454,1499,1501),(1501,1503,1454),
(1454,1503,1505),(1454,1505,1507),(1509,1454,1507),(1511,1454,1509),(1511,
1513,1454),(1513,1515,1454),(1454,1515,1517),(1454,1517,1519),(1521,1454,
1519),(1523,1525,1454),(1527,1523,1454),(1454,1525,1529),(1527,1454,1521),
(1454,1529,1531),(1531,1533,1454),(1454,1533,1497),(1535,1463,1461),(1462,
1490,1536),(1535,1537,1463),(1538,1539,1464),(1465,1464,1541),(1541,1464,
1543),(1464,1545,1543),(1547,1545,1464),(1464,1549,1547),(1464,1551,1549),
(1553,1551,1464),(1464,1555,1553),(1464,1557,1555),(1464,1559,1561),(1561,
1557,1464),(1464,1563,1559),(1464,1565,1563),(1567,1565,1464),(1464,1569,
1567),(1464,1539,1569),(1406,1474,1470),(1406,1414,1474),(1480,1481,1430),
(1480,1430,1424),(1571,1414,1406),(1407,1572,1405),(1571,1416,1414),(1424,
1430,1573),(1424,1573,1426),(1431,1574,1429),(1408,1416,1571),(1408,1418,
1416),(1426,1573,1432),(1426,1432,1428),(1410,1418,1408),(1410,1576,1418),
(1417,1575,1367),(1428,1432,1434),(1428,1434,1577),(1427,1578,1295),(1493,
1491,1579),(1493,1579,1581),(1582,1583,1494),(1494,1583,1495),(1492,1585,
1580),(1492,1497,1585),(1587,1537,1535),(1536,1589,1588),(1536,1490,1589),
(1587,1591,1537),(1592,1593,1538),(1538,1593,1539),(1284,1576,1410),(1284,
1368,1576),(1577,1434,1310),(1577,1310,1296),(1252,1368,1284),(1390,1368,
1252),(1310,1262,1296),(1296,1262,1446),(1581,1579,1595),(1581,1595,1597),
(1598,1599,1582),(1582,1599,1583),(1580,1601,1596),(1580,1585,1603),(1580,
1603,1605),(1605,1607,1580),(1580,1607,1609),(1580,1609,1611),(1580,1611,
1613),(1615,1580,1613),(1617,1580,1615),(1617,1619,1580),(1619,1601,1580),
(1621,1591,1587),(1588,1623,1622),(1588,1589,1623),(1621,1625,1591),(1627,
1592,1626),(1592,1629,1593),(1631,1629,1592),(1633,1631,1592),(1592,1635,
1633),(1592,1637,1635),(1639,1637,1592),(1592,1641,1639),(1592,1643,1641),
(1645,1643,1592),(1647,1645,1592),(1647,1592,1649),(1649,1592,1651),(1592,
1653,1651),(1655,1653,1592),(1657,1592,1627),(1655,1592,1659),(1657,1661,
1592),(1659,1592,1661),(1390,1252,1330),(1390,1330,1392),(1236,1446,1262),
(1236,1448,1446),(1597,1595,1663),(1597,1663,1665),(1666,1667,1598),(1598,
1667,1599),(1596,1669,1664),(1596,1671,1673),(1596,1673,1675),(1677,1671,
1596),(1675,1669,1596),(1596,1679,1677),(1596,1681,1679),(1683,1681,1596),
(1601,1685,1596),(1596,1685,1687),(1596,1687,1689),(1691,1596,1689),(1693,
1596,1691),(1693,1695,1596),(1695,1683,1596),(1697,1625,1621),(1622,1699,
1698),(1622,1623,1699),(1697,1701,1625),(1702,1703,1626),(1705,1707,1626),
(1626,1709,1705),(1626,1707,1711),(1626,1713,1709),(1626,1711,1715),(1626,
1703,1713),(1717,1626,1715),(1627,1626,1717),(1392,1330,1332),(1392,1332,
1394),(1238,1448,1236),(1238,1450,1448),(1496,1483,1456),(1496,1719,1483),
(1720,1721,1484),(1484,1721,1485),(1489,1487,1723),(1443,1725,1488),(1488,
1727,1724),(1488,1725,1727),(1489,1723,1590),(1394,1332,1328),(1394,1328,
1396),(1240,1450,1238),(1240,1452,1450),(1438,1435,1729),(1729,1435,1486),
(1437,1731,1439),(1733,1731,1437),(1437,1735,1733),(1730,1735,1437),(1444,
1441,1737),(1444,1737,1726),(1442,1451,1739),(1741,1442,1739),(1743,1442,
1741),(1743,1738,1442),(1396,1328,1440),(1396,1440,1398),(1242,1452,1240),
(1242,1740,1452),(1665,1663,1745),(1665,1745,1747),(1748,1749,1666),(1666,
1749,1667),(1664,1751,1746),(1664,1669,1751),(1753,1701,1697),(1698,1755,
1754),(1698,1699,1755),(1753,1757,1701),(1758,1759,1702),(1702,1759,1703),
(1398,1440,1732),(1398,1732,1400),(1244,1740,1242),(1244,1742,1740),(1400,
1732,1734),(1400,1734,1388),(1246,1742,1244),(1246,1744,1742),(1747,1745,
1761),(1747,1761,1763),(1764,1765,1748),(1748,1765,1749),(1746,1767,1762),
(1746,1751,1769),(1746,1769,1771),(1771,1773,1746),(1746,1773,1775),(1746,
1775,1777),(1779,1746,1777),(1781,1746,1779),(1781,1783,1746),(1746,1785,
1767),(1787,1785,1746),(1746,1789,1787),(1746,1791,1789),(1793,1791,1746),
(1746,1795,1793),(1746,1797,1795),(1783,1797,1746),(1799,1757,1753),(1754,
1801,1800),(1754,1755,1801),(1799,1803,1757),(1804,1805,1758),(1758,1807,
1759),(1809,1807,1758),(1809,1758,1811),(1811,1758,1813),(1758,1815,1813),
(1758,1817,1815),(1819,1817,1758),(1758,1805,1821),(1821,1823,1758),(1758,
1823,1825),(1758,1825,1827),(1758,1827,1829),(1831,1758,1829),(1833,1758,
1831),(1833,1835,1758),(1758,1837,1819),(1758,1839,1837),(1835,1839,1758),
(1388,1734,1736),(1388,1736,1460),(1192,1744,1246),(1841,1738,1743),(1192,
1842,1744),(1763,1761,1843),(1763,1843,1845),(1846,1847,1764),(1764,1847,
1765),(1762,1849,1844),(1762,1767,1849),(1845,1803,1799),(1800,1851,1846),
(1801,1853,1800),(1800,1853,1851),(1845,1843,1803),(1844,1855,1804),(1804,
1855,1805),(1846,1851,1847),(1844,1849,1857),(1844,1857,1859),(1844,1861,
1855),(1859,1863,1844),(1865,1861,1844),(1844,1863,1867),(1844,1869,1865),
(1844,1867,1871),(1844,1873,1869),(1875,1844,1871),(1877,1873,1844),(1879,
1844,1875),(1844,1881,1877),(1879,1883,1844),(1844,1885,1881),(1887,1885,
1844),(1844,1883,1887),(1735,1730,1889),(1729,1486,1890),(1891,1738,1841),
(1726,1737,1892),(1460,1736,1893),(1889,1894,1735),(1460,1893,1500),(1466,
1842,1192),(1466,1896,1842),(1841,1895,1891),(1500,1893,1897),(1889,1898,
1894),(1500,1897,1502),(1542,1896,1466),(1542,1900,1896),(1891,1895,1899),
(1502,1897,1901),(1902,1898,1889),(1502,1901,1504),(1544,1900,1542),(1544,
1904,1900),(1891,1899,1903),(1504,1901,1905),(1889,1906,1902),(1504,1905,
1506),(1546,1904,1544),(1546,1908,1904),(1903,1907,1891),(1584,1719,1496),
(1584,1909,1719),(1910,1911,1720),(1720,1913,1721),(1720,1911,1913),(1590,
1723,1915),(1724,1917,1916),(1724,1727,1917),(1590,1915,1624),(1506,1905,
1919),(1889,1920,1906),(1506,1919,1508),(1548,1908,1546),(1548,1922,1908),
(1891,1907,1921),(1508,1919,1923),(1889,1924,1920),(1508,1923,1510),(1550,
1922,1548),(1550,1926,1922),(1927,1921,1925),(1891,1921,1927),(1510,1923,
1929),(1930,1924,1931),(1931,1924,1889),(1510,1929,1512),(1552,1926,1550),
(1552,1933,1926),(1927,1925,1934),(1936,1512,1929),(1930,1931,1935),(1937,
1512,1936),(1938,1513,1511),(1552,1554,1933),(1933,1554,1939),(1934,1940,
1927),(1890,1486,1722),(1890,1722,1932),(1726,1892,1928),(1726,1928,1728),
(1600,1909,1584),(1600,1942,1909),(1941,1943,1910),(1910,1943,1911),(1624,
1915,1945),(1916,1947,1946),(1916,1917,1947),(1624,1945,1700),(1668,1942,
1600),(1668,1949,1942),(1950,1951,1941),(1941,1951,1943),(1700,1945,1953),
(1946,1955,1954),(1946,1947,1957),(1946,1957,1955),(1700,1953,1756),(1959,
1937,1936),(1935,1931,1961),(1935,1963,1960),(1935,1965,1963),(1967,1965,
1935),(1935,1961,1967),(1959,1969,1937),(1970,1971,1938),(1938,1971,1513),
(1939,1554,1973),(1927,1940,1975),(1939,1973,1977),(1979,1940,1978),(1981,
1940,1979),(1981,1975,1940),(1553,1983,1974),(1553,1555,1983),(1932,1722,
1914),(1932,1914,1985),(1986,1987,1931),(1931,1989,1961),(1987,1991,1931),
(1931,1991,1989),(1728,1928,1993),(1728,1993,1918),(1995,1994,1927),(1995,
1927,1997),(1927,1975,1997),(1999,1969,1959),(1960,2001,2000),(1960,1963,
2001),(1999,2003,1969),(2004,2005,1970),(1970,2005,1971),(1977,1973,1984),
(1977,1984,2007),(2009,1978,2008),(1979,1978,2009),(2011,2003,1999),(2000,
2013,2012),(2000,2001,2013),(2011,2006,2003),(2007,1984,2015),(2007,2015,
2017),(2019,2008,2018),(2009,2008,2019),(1555,2016,1983),(2014,2006,2011),
(2014,1972,2006),(2017,2015,2021),(2017,2021,2023),(2019,2018,2024),(1555,
2022,2016),(1750,1949,1668),(1750,2026,1949),(2025,2027,1950),(1950,2029,
1951),(1950,2027,2029),(1756,1953,2031),(1954,2033,2032),(1954,1955,2033),
(1756,2031,1802),(2002,1972,2014),(2002,2035,1972),(1971,2036,1513),(2023,
2021,2038),(2023,2038,2020),(2037,2022,1555),(1964,2035,2002),(1964,1514,
2035),(2020,2038,1556),(2020,1556,2010),(1966,1514,1964),(1966,1516,1514),
(2010,1556,2039),(2010,2039,1980),(2040,1555,2041),(2041,1555,2043),(1557,
2043,1555),(1968,1516,1966),(1968,1518,1516),(1980,2039,2042),(1980,2042,
1982),(1766,2026,1750),(1766,2045,2026),(2046,2047,2025),(2025,2047,2027),
(1802,2031,2049),(2032,2051,2050),(2032,2033,2051),(1802,2049,1854),(1962,
1518,1968),(1520,1518,1962),(2042,2053,1982),(1982,2053,2055),(2056,1975,
1981),(2041,2043,2054),(1848,2045,1766),(1848,2058,2045),(2057,2059,2046),
(2046,2059,2047),(1854,2049,2061),(2050,2063,2062),(2050,2051,2065),(2050,
2065,2063),(1854,2061,1852),(1985,1914,2067),(2067,1914,1912),(1986,2069,
1987),(1986,2071,2069),(1986,2073,2071),(2075,2073,1986),(1986,2077,2075),
(2068,2077,1986),(1918,1993,2079),(1918,2079,1948),(2081,1994,1995),(2081,
2083,1994),(1994,2083,2085),(1994,2085,2087),(2087,2089,1994),(1994,2089,
2091),(1994,2091,2080),(1852,2058,1848),(1852,2061,2058),(2062,2093,2057),
(2057,2095,2059),(2057,2093,2095),(2062,2063,2097),(2062,2097,2093),(2099,
1520,1962),(1989,2101,1961),(2103,2100,1961),(2105,2103,1961),(2105,1961,
2107),(2107,1961,2109),(1961,2101,2111),(1961,2111,2109),(2099,2113,1520),
(2115,1519,2114),(2115,2117,1519),(2119,1519,2117),(1521,1519,2119),(2055,
2053,2121),(2055,2121,2123),(2056,2124,1975),(2054,2125,2122),(2054,2043,
2125),(1524,1992,1988),(1528,1992,1524),(1528,1990,1992),(1524,1988,1526),
(1560,1996,1562),(1562,1996,1998),(1560,2082,1996),(1562,1998,1558),(1526,
1988,2070),(1526,2070,1530),(1564,2082,1560),(1564,2084,2082),(1528,1522,
1990),(1990,1522,2102),(1976,1558,1998),(2044,1558,1976),(1530,2070,2072),
(1530,2072,1532),(1566,2084,1564),(1566,2086,2084),(1532,2072,2074),(1532,
2074,1534),(1568,2086,1566),(1568,2088,2086),(2104,2113,2099),(2104,2116,
2113),(2123,2121,2127),(2123,2127,2129),(2124,2130,2131),(1975,2124,2131),
(2122,2133,2128),(2122,2125,2133),(1534,2074,2076),(1534,2076,1498),(1570,
2088,1568),(1570,2090,2088),(1498,2076,2078),(1498,2078,1586),(1540,2090,
1570),(1540,2092,2090),(2135,2116,2104),(2136,2103,2105),(2135,2137,2116),
(2138,2117,2115),(2129,2127,2140),(2129,2140,2132),(2128,2141,2139),(2128,
2133,2141),(2077,2068,2143),(2067,1912,2144),(1586,2078,2145),(2143,2146,
2077),(1586,2145,1604),(1594,2092,1540),(2080,2091,2147),(1594,2149,2092),
(2147,2091,2150),(2106,2137,2135),(2106,2118,2137),(2132,2140,2151),(2132,
2151,2153),(2155,2131,2154),(1975,2131,2155),(2139,2141,2152),(1948,2079,
2148),(2108,2118,2106),(2108,2157,2118),(2119,2117,2158),(2153,2151,2142),
(2153,2142,2159),(2161,2154,2160),(2155,2154,2161),(1604,2145,2163),(2143,
2164,2146),(1604,2163,1606),(1630,2149,1594),(1630,2166,2149),(2147,2150,
2165),(2110,2157,2108),(2110,2120,2157),(2159,2142,2134),(2159,2134,2162),
(2102,1522,2167),(2102,2167,2112),(2119,2168,1521),(2156,2044,1976),(2156,
2126,2044),(2112,2120,2110),(2112,2167,2120),(2162,2134,2126),(2162,2126,
2156),(1606,2163,2169),(2170,2164,2143),(1606,2169,1608),(1632,2166,1630),
(1632,2172,2166),(2171,2147,2165),(1608,2169,2173),(2143,2174,2170),(1608,
2173,1610),(1634,2172,1632),(1634,2176,2172),(2175,2147,2171),(1610,2173,
2177),(2143,2178,2174),(1610,2177,1612),(1636,2176,1634),(2175,2179,2147),
(1636,2181,2176),(2182,2179,2175),(2144,1912,1944),(2183,2178,2143),(2144,
1944,2184),(1948,2148,2180),(1948,2180,1958),(1612,2177,2185),(2183,2186,
2178),(1612,2185,1614),(1638,2181,1636),(1638,2188,2181),(2182,2187,2179),
(1614,2185,2189),(2190,2186,2183),(1614,2189,1616),(1640,2188,1638),(1640,
2192,2188),(2179,2187,2191),(2193,1616,2189),(2183,2194,2190),(1618,1616,
2193),(1640,1642,2192),(2179,2191,2195),(2192,1642,2196),(2184,1944,1952),
(2184,1952,2197),(2198,2199,2183),(2183,2201,2194),(2183,2199,2203),(2183,
2203,2205),(2205,2201,2183),(1958,2180,2207),(1958,2207,1956),(2179,2209,
2208),(2195,2211,2179),(2179,2213,2209),(2179,2211,2213),(2197,1952,2215),
(2215,1952,2030),(2217,2219,2198),(2198,2221,2217),(2198,2219,2199),(2198,
2223,2221),(2216,2223,2198),(1956,2207,2225),(1956,2225,2034),(2208,2227,
2229),(2208,2229,2231),(2233,2227,2208),(2231,2235,2208),(2208,2209,2233),
(2208,2235,2237),(2208,2237,2226),(2239,1618,2193),(2241,2240,2194),(2243,
2241,2194),(2243,2194,2245),(2245,2194,2201),(2239,2247,1618),(2248,1619,
1617),(2196,1642,1644),(2196,1644,2249),(2250,2251,2195),(2195,2251,2253),
(2195,2253,2211),(2242,2247,2239),(2242,1620,2247),(2249,1644,2255),(2249,
2255,2257),(2258,2259,2250),(2250,2259,2251),(1645,2256,1643),(1672,2218,
1674),(1674,2218,2222),(1672,2220,2218),(1674,2222,1676),(1706,2230,2228),
(1710,2230,1706),(1710,2232,2230),(1706,2228,1708),(1678,2220,1672),(1678,
2200,2220),(1708,2228,2234),(1708,2234,1712),(1676,2222,2224),(1676,2224,
1670),(1714,2232,1710),(1714,2236,2232),(1680,2200,1678),(1680,2204,2200),
(1712,2234,2210),(1712,2210,1716),(1670,2224,2261),(2216,2262,2223),(1670,
2261,1752),(1704,2236,1714),(1704,2238,2236),(1682,2204,1680),(1682,2206,
2204),(1716,2210,2214),(1716,2214,1718),(2263,2262,2216),(2215,2030,2264),
(2265,1620,2242),(2266,2241,2243),(2265,1602,1620),(2257,2255,2267),(2257,
2267,2269),(2270,2271,2258),(2258,2271,2259),(2268,2256,1645),(1752,2261,
2273),(2263,2274,2262),(1752,2273,1770),(1760,2238,1704),(2226,2237,2275),
(1760,2277,2238),(2275,2237,2278),(2034,2225,2276),(1682,1684,2206),(2206,
1684,2202),(2212,1718,2214),(1628,1718,2212),(1770,2273,2280),(2279,2274,
2263),(1770,2280,1772),(1808,2277,1760),(1808,2281,2277),(2278,2282,2275),
(2284,1602,2265),(2266,2243,2283),(2284,1686,1602),(2269,2267,1646),(2269,
1646,2285),(2270,2286,2271),(1772,2280,2288),(2263,2287,2279),(1772,2288,
1774),(1810,2281,1808),(2275,2282,2289),(1810,2290,2281),(2264,2030,2028),
(2263,2291,2287),(2293,2291,2263),(2264,2028,2294),(2034,2276,2295),(2034,
2295,2052),(2275,2289,2296),(2298,1686,2284),(2283,2299,2297),(2283,2243,
2299),(2298,1688,1686),(2285,1646,2301),(2285,2301,2272),(2302,1645,1647),
(1774,2288,2292),(1774,2292,1776),(1812,2290,1810),(1812,2303,2290),(2296,
2289,2304),(2300,1688,2298),(2300,1690,1688),(2272,2301,1648),(2272,1648,
2260),(1776,2292,2306),(2305,2291,2293),(1776,2306,1778),(1814,2303,1812),
(1814,2307,2303),(2304,2308,2296),(2310,1690,2300),(2243,2309,2299),(2310,
2311,1690),(1691,1689,2312),(2260,1648,1650),(2260,1650,2252),(1778,2306,
2313),(2293,2314,2305),(1778,2313,1780),(1816,2307,1814),(1816,2316,2307),
(2296,2308,2315),(2244,2311,2310),(2244,1692,2311),(2252,1650,1652),(2252,
1652,2254),(1780,2313,2317),(2293,2318,2314),(1780,2317,1782),(1818,2316,
1816),(1818,2320,2316),(2321,2315,2319),(2296,2315,2321),(2246,1692,2244),
(1694,1692,2246),(1652,1654,2254),(2254,1654,2323),(2211,2253,2324),(2326,
1782,2317),(2327,2318,2293),(2327,2329,2318),(2318,2329,2331),(2318,2331,
2325),(2333,1782,2326),(2334,1783,1781),(1818,1820,2320),(2321,2319,2335),
(2335,2319,2337),(2320,1820,2338),(2294,2028,2048),(2294,2048,2328),(2052,
2295,2322),(2052,2322,2066),(2339,1694,2246),(2245,2341,2340),(2245,2201,
2343),(2343,2345,2245),(2245,2345,2341),(2339,2347,1694),(2348,1695,1693),
(2323,1654,2350),(2323,2350,2351),(2211,2324,2352),(2349,1653,1655),(2354,
2347,2339),(2340,2355,2353),(2340,2341,2355),(2354,2357,2347),(2360,2348,
2358),(2360,1695,2348),(2351,2350,1656),(2352,2361,2211),(2351,1656,2362),
(2202,1684,1696),(2202,1696,2344),(2363,1628,2212),(2211,2361,2365),(2211,
2365,2364),(2363,1658,1628),(2328,2048,2367),(2367,2048,2060),(2368,2369,
2327),(2327,2369,2371),(2327,2371,2373),(2373,2375,2327),(2375,2377,2327),
(2327,2377,2329),(2066,2322,2379),(2066,2379,2064),(2321,2381,2383),(2385,
2381,2321),(2321,2383,2380),(2321,2387,2385),(2321,2389,2387),(2391,2389,
2321),(2321,2393,2391),(2335,2393,2321),(2356,2357,2354),(2356,2359,2357),
(2362,1656,1660),(2362,1660,2395),(2361,2396,2365),(2344,1696,2397),(2344,
2397,2346),(2399,1695,2360),(2399,2398,1695),(2401,1658,2363),(2364,2403,
2402),(2364,2365,2403),(2401,2405,1658),(2406,1661,1657),(2342,2359,2356),
(2342,2400,2359),(2395,1660,2408),(2395,2408,2366),(1659,1661,2407),(2346,
2397,2409),(2345,2411,2341),(2346,2409,2412),(2410,2398,2399),(2404,2405,
2401),(2404,1662,2405),(2412,2400,2342),(2412,2409,2400),(2366,2408,1662),
(2366,1662,2404),(2368,2413,2369),(2413,2368,2415),(2367,2060,2416),(1768,
2370,2414),(1786,2370,1768),(1786,2372,2370),(1768,2414,1850),(1806,2382,
1822),(1822,2382,2386),(1806,2384,2382),(1822,2386,1824),(1850,2414,2417),
(2415,2418,2413),(1850,2417,1858),(1856,2384,1806),(2380,2383,2419),(2419,
2383,2421),(1856,2422,2384),(1788,2372,1786),(1788,2374,2372),(1824,2386,
2388),(1824,2388,1826),(2064,2379,2420),(2416,2060,2096),(2415,2423,2418),
(2425,2423,2415),(2416,2096,2426),(2064,2420,2427),(2427,2098,2064),(2419,
2421,2428),(1790,2374,1788),(1790,2376,2374),(1826,2388,2390),(1826,2390,
1828),(1858,2417,2424),(1858,2424,1860),(1862,2422,1856),(1862,2430,2422),
(2428,2421,2429),(1792,2376,1790),(1792,2378,2376),(1828,2390,2392),(1828,
2392,1830),(1860,2424,2431),(2425,2432,2423),(1860,2431,1864),(1866,2430,
1862),(1866,2434,2430),(2428,2429,2433),(1794,2378,1792),(1794,2330,2378),
(1830,2392,2394),(1830,2394,1832),(1864,2431,2435),(2436,2432,2425),(1864,
2435,1868),(1870,2434,1866),(2433,2437,2428),(1870,2438,2434),(2426,2096,
2094),(2426,2094,2427),(2439,2425,2428),(2436,2425,2441),(2441,2425,2443),
(2443,2425,2439),(2427,2094,2098),(2437,2445,2428),(2428,2445,2447),(2428,
2447,2449),(2439,2428,2451),(2453,2428,2449),(2451,2428,2455),(2455,2428,
2453),(1796,2330,1794),(1796,2332,2330),(1832,2394,2336),(1832,2336,1834),
(1868,2435,2442),(1868,2442,1872),(1874,2438,1870),(1874,2446,2438),(1796,
1798,2332),(2325,2331,2457),(2332,1798,2458),(2459,1834,2336),(2461,2335,
2337),(2463,2460,2335),(2463,2335,2461),(2465,1834,2459),(2466,1835,1833),
(1872,2442,2444),(1872,2444,1876),(1878,2446,1874),(1878,2448,2446),(1876,
2444,2440),(1876,2440,1880),(1882,2448,1878),(1882,2450,2448),(2452,1880,
2440),(2468,1880,2452),(2467,1883,1879),(1882,1886,2450),(2450,1886,2469),
(2471,2449,2470),(2453,2449,2471),(2473,2333,2326),(2475,2474,2325),(2475,
2325,2477),(2477,2325,2479),(2325,2481,2479),(2325,2483,2481),(2485,2483,
2325),(2325,2457,2487),(2487,2485,2325),(2473,2489,2333),(2491,2334,2490),
(2493,2334,2491),(2493,2495,2334),(2495,2497,2334),(2497,2499,2334),(2334,
2499,1783),(2338,1820,2501),(2338,2501,2503),(2505,2337,2504),(2461,2337,
2505),(2502,1819,2507),(2507,1819,2509),(1819,2511,2509),(1819,1837,2511),
(2513,2489,2473),(2514,2474,2475),(2513,2515,2489),(2491,2490,2516),(2503,
2501,2508),(2503,2508,2517),(2519,2504,2518),(2505,2504,2519),(2476,2515,
2513),(2476,2492,2515),(2517,2508,2521),(2517,2521,2523),(2525,2518,2524),
(2519,2518,2525),(2507,2509,2522),(2478,2492,2476),(2478,2494,2492),(2523,
2521,2527),(2523,2527,2529),(2525,2524,2530),(2522,2531,2528),(2522,2509,
2531),(2480,2494,2478),(2480,2533,2494),(2534,2495,2493),(2529,2527,2532),
(2529,2532,2526),(2482,2533,2480),(2482,2496,2533),(2526,2532,2536),(2526,
2536,2520),(2509,2535,2531),(2484,2496,2482),(2484,2537,2496),(2538,2497,
2495),(2520,2536,2510),(2520,2510,2506),(2486,2537,2484),(2486,2498,2537),
(2506,2510,2512),(2506,2512,2462),(2458,1798,2540),(2458,2540,2541),(2543,
2457,2542),(2543,2487,2457),(2539,1797,2546),(2546,1797,1783),(2547,2465,
2459),(2549,2548,2460),(2549,2460,2463),(2547,2551,2465),(2552,2553,2466),
(2466,2553,1835),(2488,2498,2486),(2500,2498,2488),(2512,1838,2462),(2462,
1838,2464),(2541,2540,2545),(2541,2545,2544),(2555,2551,2547),(2557,2556,
2548),(2557,2548,2549),(2555,2559,2551),(2560,2561,2552),(2552,2561,2553),
(2544,2545,2563),(2544,2563,2565),(2566,2487,2543),(2546,1783,2564),(2568,
2559,2555),(2569,2567,2556),(2569,2556,2557),(2568,2562,2559),(2565,2563,
2571),(2566,2573,2487),(2565,2571,2575),(2576,2573,2566),(2564,2577,2572),
(2564,1783,2577),(2579,2562,2568),(2580,2567,2569),(2579,2554,2562),(2574,
2500,2488),(2574,2581,2500),(2499,2582,1783),(2464,1838,1840),(2464,1840,
2550),(2575,2571,2578),(2576,2583,2573),(2575,2578,2585),(2586,2583,2576),
(2570,2554,2579),(2570,2587,2554),(2553,2588,1835),(2584,2581,2574),(2584,
1784,2581),(2550,1840,1836),(2550,1836,2558),(2585,2578,1784),(2585,1784,
2584),(2558,2587,2570),(2558,1836,2587),(2589,2468,2452),(2451,2455,2590),
(2589,2591,2468),(2592,2593,2467),(2467,2593,2595),(2595,2597,2467),(2467,
2597,1883),(2469,1886,2599),(2469,2599,2601),(2603,2470,2602),(2471,2470,
2603),(2605,2600,1885),(1887,2605,1885),(2607,2591,2589),(2590,2609,2608),
(2590,2455,2609),(2607,2611,2591),(2612,2613,2592),(2592,2613,2593),(2601,
2599,2606),(2601,2606,2615),(2617,2602,2616),(2603,2602,2617),(2619,2611,
2607),(2608,2621,2620),(2608,2609,2621),(2619,2614,2611),(2615,2606,2623),
(2615,2623,2625),(2627,2616,2626),(2617,2616,2627),(2624,2605,1887),(2629,
2614,2619),(2620,2631,2630),(2620,2621,2631),(2629,2594,2614),(2625,2623,
2633),(2625,2633,2628),(1887,2634,2624),(2632,2594,2629),(2632,2596,2594),
(2628,2633,2636),(2628,2636,2618),(1887,2635,2634),(2622,2596,2632),(2622,
2598,2596),(2618,2636,2637),(2618,2637,2604),(2639,2638,2635),(2639,2635,
1887),(2610,2598,2622),(2610,2641,2598),(2597,2642,1883),(2604,2637,2640),
(2604,2640,2472),(2456,2641,2610),(2456,1884,2641),(2472,2640,1888),(2472,
1888,2454),(2454,1884,2456),(1888,1884,2454)),());
#28=COORDINATES_LIST('',1321,((0.00139599943161011,0.00889546012878418,
0.00215899991989136),(0.00139599943161011,0.00889546012878418,0.0059689998626709),
(0.00139599943161011,0.00931254005432129,0.00215899991989136),(0.00139599943161011,
0.00931254005432129,0.0059689998626709),(0.00140346777439117,0.00880867767333984,
0.00215899991989136),(0.00140346777439117,0.00880867767333984,0.0059689998626709),
(0.00140346777439117,0.00939932250976563,0.00215899991989136),(0.00140346777439117,
0.00939932250976563,0.0059689998626709),(0.00142565095424652,0.00872444534301758,
0.00215899991989136),(0.00142565095424652,0.00872444534301758,0.0059689998626709),
(0.00142565095424652,0.00948355579376221,0.00215899991989136),(0.00142565095424652,
0.00948355579376221,0.0059689998626709),(0.00146189701557159,0.00864524173736572,
0.00215899991989136),(0.00146189701557159,0.00864524173736572,0.0059689998626709),
(0.00146189701557159,0.00956275844573975,0.00215899991989136),(0.00146189701557159,
0.00956275844573975,0.0059689998626709),(0.00151114165782928,0.00857339382171631,
0.00215899991989136),(0.00151114165782928,0.00857339382171631,0.0059689998626709),
(0.00151114165782928,0.00963460636138916,0.00215899991989136),(0.00151114165782928,
0.00963460636138916,0.0059689998626709),(0.00157193648815155,0.00851101589202881,
0.00215899991989136),(0.00157193648815155,0.00851101589202881,0.0059689998626709),
(0.00157193648815155,0.00969698429107666,0.00215899991989136),(0.00157193648815155,
0.00969698429107666,0.0059689998626709),(0.00164249348640442,0.00845993995666504,
0.00215899991989136),(0.00164249348640442,0.00845993995666504,0.0059689998626709),
(0.00164249348640442,0.00974806118011475,0.00215899991989136),(0.00164249348640442,
0.00974806118011475,0.0059689998626709),(0.00172073948383331,0.00842166805267334,
0.00215899991989136),(0.00172073948383331,0.00842166805267334,0.0059689998626709),
(0.00172073948383331,0.00978633308410645,0.00215899991989136),(0.00172073948383331,
0.00978633308410645,0.0059689998626709),(0.00180437326431275,0.00839732551574707,
0.00215899991989136),(0.00180437326431275,0.00839732551574707,0.0059689998626709),
(0.00180437326431275,0.0098106746673584,0.00215899991989136),(0.00180437326431275,
0.0098106746673584,0.0059689998626709),(0.00197114515304565,0.00598205995559693,
0.00215899991989136),(0.00197114515304565,0.00598205995559693,0.0059689998626709),
(0.00197114515304565,0.0122259407043457,0.00215899991989136),(0.00197114515304565,
0.0122259407043457,0.0059689998626709),(0.00197432279586792,0.00606910610198975,
0.00215899991989136),(0.00197432279586792,0.00606910610198975,0.0059689998626709),
(0.00197432279586792,0.01213889503479,0.00215899991989136),(0.00197432279586792,
0.01213889503479,0.0059689998626709),(0.00198288452625274,0.00589575052261353,
0.00215899991989136),(0.00198288452625274,0.00589575052261353,0.0059689998626709),
(0.00198288452625274,0.0123122501373291,0.00215899991989136),(0.00198288452625274,
0.0123122501373291,0.0059689998626709),(0.0019923243522644,0.00615432929992676,
0.00215899991989136),(0.0019923243522644,0.00615432929992676,0.0059689998626709),
(0.0019923243522644,0.0120536708831787,0.00215899991989136),(0.0019923243522644,
0.0120536708831787,0.0059689998626709),(0.00200919628143311,0.00581271553039551,
0.00215899991989136),(0.00200919628143311,0.00581271553039551,0.0059689998626709),
(0.00200919628143311,0.01239528465271,0.00215899991989136),(0.00200919628143311,
0.01239528465271,0.0059689998626709),(0.00202461981773376,0.00623522520065308,
0.00215899991989136),(0.00202461981773376,0.00623522520065308,0.0059689998626709),
(0.00202461981773376,0.0119727754592895,0.00215899991989136),(0.00202461981773376,
0.0119727754592895,0.0059689998626709),(0.00207026028633118,0.00630941438674927,
0.00215899991989136),(0.00207026028633118,0.00630941438674927,0.0059689998626709),
(0.00207026028633118,0.0118985862731934,0.00215899991989136),(0.00207026028633118,
0.0118985862731934,0.0059689998626709),(0.0021279034614563,0.00637471580505371,
0.00215899991989136),(0.0021279034614563,0.00637471580505371,0.0059689998626709),
(0.0021279034614563,0.0118332853317261,0.00215899991989136),(0.0021279034614563,
0.0118332853317261,0.0059689998626709),(0.00216880536079407,0.00542738485336303,
0.0059689998626709),(0.00216880536079407,0.00542738485336304,0.00215899991989136),
(0.00216880536079407,0.0127806158065796,0.00215899991989136),(0.00216880536079407,
0.0127806158065796,0.0059689998626709),(0.0021958556175232,0.00642921018600464,
0.00215899991989136),(0.0021958556175232,0.00642921018600464,0.0059689998626709),
(0.0021958556175232,0.011778790473938,0.00215899991989136),(0.0021958556175232,
0.011778790473938,0.0059689998626709),(0.00220891451835633,0.00535006523132324,
0.00215899991989136),(0.00220891451835633,0.00535006523132324,0.0059689998626709),
(0.00220891451835633,0.0128579349517822,0.00215899991989136),(0.00220891451835633,
0.0128579349517822,0.0059689998626709),(0.002261643409729,0.00528073501586914,
0.00215899991989136),(0.002261643409729,0.00528073501586914,0.0059689998626709),
(0.002261643409729,0.0129272661209106,0.00215899991989136),(0.002261643409729,
0.0129272661209106,0.0059689998626709),(0.00232544159889221,0.00522143077850342,
0.00215899991989136),(0.00232544159889221,0.00522143077850342,0.0059689998626709),
(0.00232544159889221,0.0129865703582764,0.00215899991989136),(0.00232544159889221,
0.0129865703582764,0.0059689998626709),(0.00239843225479126,0.00517389726638794,
0.00215899991989136),(0.00239843225479126,0.00517389726638794,0.0059689998626709),
(0.00239843225479126,0.0130341033935547,0.00215899991989136),(0.00239843225479126,
0.0130341033935547,0.0059689998626709),(0.00247847008705139,0.0051395320892334,
0.00215899991989136),(0.00247847008705139,0.0051395320892334,0.0059689998626709),
(0.00247847008705139,0.0130684690475464,0.00215899991989136),(0.00247847008705139,
0.0130684690475464,0.0059689998626709),(0.00256320285797119,0.00511934518814087,
0.00215899991989136),(0.00256320285797119,0.00511934518814087,0.0059689998626709),
(0.00256320285797119,0.0130886554718018,0.00215899991989136),(0.00256320285797119,
0.0130886554718018,0.0059689998626709),(0.00265013790130615,0.0130940713882446,
0.00215899991989136),(0.00265013790130615,0.0130940713882446,0.0059689998626709),
(0.00265013790130616,0.00511392974853516,0.00215899991989136),(0.00265013790130616,
0.00511392974853516,0.0059689998626709),(0.00273672080039978,0.00512344598770142,
0.00215899991989136),(0.00273672080039978,0.00512344598770142,0.0059689998626709),
(0.00273672080039978,0.0130845546722412,0.00215899991989136),(0.00273672080039978,
0.0130845546722412,0.0059689998626709),(0.00325736546516418,0.00810672760009766,
0.00215899991989136),(0.00325736546516418,0.00810672760009766,0.0059689998626709),
(0.00325736546516418,0.0101012735366821,0.00215899991989136),(0.00325736546516418,
0.0101012735366821,0.0059689998626709),(0.00333474349975586,0.00808475685119629,
0.00215899991989136),(0.00333474349975586,0.00808475685119629,0.0059689998626709),
(0.00333474349975586,0.0101232433319092,0.00215899991989136),(0.00333474349975586,
0.0101232433319092,0.0059689998626709),(0.00340768361091614,0.00805084991455078,
0.00215899991989136),(0.00340768361091614,0.00805084991455078,0.0059689998626709),
(0.00340768361091614,0.010157151222229,0.00215899991989136),(0.00340768361091614,
0.010157151222229,0.0059689998626709),(0.0034270384311676,0.00725372409820557,
0.00215899991989136),(0.0034270384311676,0.00725372409820557,0.0059689998626709),
(0.0034270384311676,0.0109542770385742,0.00215899991989136),(0.0034270384311676,
0.0109542770385742,0.0059689998626709),(0.00347435760498047,0.0080058536529541,
0.00215899991989136),(0.00347435760498047,0.0080058536529541,0.0059689998626709),
(0.00347435760498047,0.0102021474838257,0.00215899991989136),(0.00347435760498047,
0.0102021474838257,0.0059689998626709),(0.00349011874198914,0.00730363321304321,
0.00215899991989136),(0.00349011874198914,0.00730363321304321,0.0059689998626709),
(0.00349011874198914,0.0109043684005737,0.00215899991989136),(0.00349011874198914,
0.0109043684005737,0.0059689998626709),(0.00351500010490418,0.00910400009155274,
0.),(0.00351500010490418,0.00910400009155274,0.00215899991989136),(0.00353309321403504,
0.00795089721679688,0.00215899991989136),(0.00353309321403504,0.00795089721679688,
0.0059689998626709),(0.00353309321403504,0.0102571039199829,0.00215899991989136),
(0.00353309321403504,0.0102571039199829,0.0059689998626709),(0.00354453086853028,
0.00736287307739258,0.00215899991989136),(0.00354453086853028,0.00736287307739258,
0.0059689998626709),(0.00354453086853028,0.0108451271057129,0.00215899991989136),
(0.00354453086853028,0.0108451271057129,0.0059689998626709),(0.00356794238090515,
0.00824562549591065,0.),(0.00356794238090515,0.00824562549591065,0.00215899991989136),
(0.00356794238090515,0.00996237564086914,0.),(0.00356794238090515,0.00996237564086914,
0.00215899991989136),(0.00358241844177246,0.00788735961914063,0.00215899991989136),
(0.00358241844177246,0.00788735961914063,0.0059689998626709),(0.00358241844177246,
0.0103206415176392,0.00215899991989136),(0.00358241844177246,0.0103206415176392,
0.0059689998626709),(0.00358891010284424,0.00742995929718018,0.00215899991989136),
(0.00358891010284424,0.00742995929718018,0.0059689998626709),(0.00358891010284424,
0.0107780418395996,0.00215899991989136),(0.00358891010284424,0.0107780418395996,
0.0059689998626709),(0.00362109589576721,0.00781683254241943,0.00215899991989136),
(0.00362109589576721,0.00781683254241943,0.0059689998626709),(0.00362109589576721,
0.0103911685943603,0.00215899991989136),(0.00362109589576721,0.0103911685943603,
0.0059689998626709),(0.00362214398384094,0.00750320911407471,0.00215899991989136),
(0.00362214398384094,0.00750320911407471,0.0059689998626709),(0.00362214398384094,
0.0107047920227051,0.00215899991989136),(0.00362214398384094,0.0107047920227051,
0.0059689998626709),(0.00364305400848389,0.00777264165878296,0.00215899991989136),
(0.00364339947700501,0.00758078670501709,0.00215899991989136),(0.00364339947700501,
0.00758078670501709,0.0059689998626709),(0.00364339947700501,0.0106272144317627,
0.00215899991989136),(0.00364339947700501,0.0106272144317627,0.0059689998626709),
(0.00364815640449524,0.00774108362197876,0.00215899991989136),(0.00364815640449524,
0.00774108362197876,0.0059689998626709),(0.00364815640449524,0.0104669160842895,
0.00215899991989136),(0.00364815640449524,0.0104669160842895,0.0059689998626709),
(0.00365214323997497,0.00766074657440186,0.00215899991989136),(0.00365214323997497,
0.00766074657440186,0.0059689998626709),(0.00365214323997497,0.0105472545623779,
0.00215899991989136),(0.00365214323997497,0.0105472545623779,0.0059689998626709),
(0.0036555187702179,0.0104980249404907,0.00215899991989136),(0.00372596836090088,
0.00740026330947876,0.),(0.00372596836090088,0.00740026330947876,0.00215899991989136),
(0.00372596836090088,0.0108077373504639,0.),(0.00372596836090088,0.0108077373504639,
0.00215899991989136),(0.00376760220527649,0.00321020984649658,0.00215899991989136),
(0.00376760220527649,0.00321020984649658,0.0059689998626709),(0.00376760220527649,
0.0149977912902832,0.00215899991989136),(0.00376760220527649,0.0149977912902832,
0.0059689998626709),(0.00376872253417969,0.00312311291694641,0.00215899991989136),
(0.00376872253417969,0.00312311291694641,0.0059689998626709),(0.00376872253417969,
0.0150848875045777,0.00215899991989136),(0.00376872253417969,0.0150848875045777,
0.0059689998626709),(0.0037813777923584,0.00329621744155884,0.00215899991989136),
(0.0037813777923584,0.00329621744155884,0.0059689998626709),(0.0037813777923584,
0.0149117841720581,0.00215899991989136),(0.0037813777923584,0.0149117841720581,
0.0059689998626709),(0.00378470492362976,0.00303748798370362,0.00215899991989136),
(0.00378470492362976,0.00303748798370362,0.0059689998626709),(0.00378470492362976,
0.0151705131530762,0.00215899991989136),(0.00378470492362976,0.0151705131530762,
0.0059689998626709),(0.00380964350700379,0.00337860774993897,0.00215899991989136),
(0.00380964350700379,0.00337860774993897,0.0059689998626709),(0.00380964350700379,
0.0148293933868408,0.00215899991989136),(0.00380964350700379,0.0148293933868408,
0.0059689998626709),(0.00381508040428161,0.00295585203170777,0.00215899991989136),
(0.00381508040428161,0.00295585203170777,0.0059689998626709),(0.00381508040428161,
0.0152521486282348,0.00215899991989136),(0.00381508040428161,0.0152521486282348,
0.0059689998626709),(0.00385156869888305,0.00345495820045471,0.00215899991989136),
(0.00385156869888305,0.00345495820045471,0.0059689998626709),(0.00385156869888305,
0.0147530431747436,0.0059689998626709),(0.00385156869888305,0.0147530431747437,
0.00215899991989136),(0.00385895562171936,0.00288060545921326,0.00215899991989136),
(0.00385895562171936,0.00288060545921326,0.0059689998626709),(0.00385895562171936,
0.0153273954391479,0.00215899991989136),(0.00385895562171936,0.0153273954391479,
0.0059689998626709),(0.00391503977775574,0.00281396007537842,0.00215899991989136),
(0.00391503977775574,0.00281396007537842,0.0059689998626709),(0.00391503977775574,
0.0153940410614013,0.00215899991989136),(0.00391503977775574,0.0153940410614013,
0.0059689998626709),(0.00398668146133423,0.00658072710037231,0.),(0.00398668146133423,
0.00658072710037232,0.00215899991989136),(0.00398668146133423,0.0116272735595703,
0.),(0.00398668146133423,0.0116272735595703,0.00215899991989136),(0.00419031763076782,
0.00541100358963013,0.00215899991989136),(0.00419031763076782,0.00541100358963013,
0.0059689998626709),(0.00419031763076782,0.0127969970703125,0.00215899991989136),
(0.00419031763076782,0.0127969970703125,0.0059689998626709),(0.00420995950698853,
0.00251904034614563,0.00215899991989136),(0.00420995950698853,0.00251904034614563,
0.0059689998626709),(0.00420995950698853,0.0156889591217041,0.00215899991989136),
(0.00420995950698853,0.0156889591217041,0.0059689998626709),(0.00427021360397339,
0.00542031764984131,0.00215899991989136),(0.00427021360397339,0.00542031764984131,
0.0059689998626709),(0.00427021360397339,0.0127876825332642,0.00215899991989136),
(0.00427021360397339,0.0127876825332642,0.0059689998626709),(0.00427660465240478,
0.00246295619010926,0.00215899991989136),(0.00427660465240478,0.00246295619010926,
0.0059689998626709),(0.00427660465240478,0.0157450437545777,0.00215899991989136),
(0.00427660465240478,0.0157450437545777,0.0059689998626709),(0.00434612941741943,
0.00579944181442261,0.),(0.00434612941741943,0.00579944181442261,0.00215899991989136),
(0.00434612941741943,0.01240855884552,0.),(0.00434612941741943,0.01240855884552,
0.00215899991989136),(0.00435057735443116,0.00541690349578857,0.00215899991989136),
(0.00435057735443116,0.00541690349578857,0.0059689998626709),(0.00435057735443116,
0.0127910976409912,0.00215899991989136),(0.00435057735443116,0.0127910976409912,
0.0059689998626709),(0.00435185146331787,0.00241908097267151,0.00215899991989136),
(0.00435185146331787,0.00241908097267151,0.0059689998626709),(0.00435185146331787,
0.0157889204025269,0.00215899991989136),(0.00435185146331787,0.0157889204025269,
0.0059689998626709),(0.00442939519882202,0.00540084743499756,0.00215899991989136),
(0.00442939519882202,0.00540084743499756,0.0059689998626709),(0.00442939519882202,
0.0128071527481079,0.00215899991989136),(0.00442939519882202,0.0128071527481079,
0.0059689998626709),(0.00443348741531372,0.00238870549201965,0.00215899991989136),
(0.00443348741531372,0.00238870549201965,0.0059689998626709),(0.00443348741531372,
0.0158192958831787,0.00215899991989136),(0.00443348741531372,0.0158192958831787,
0.0059689998626709),(0.00450469064712524,0.00537255239486694,0.00215899991989136),
(0.00450469064712524,0.00537255239486694,0.0059689998626709),(0.00450469064712524,
0.0128354482650757,0.00215899991989136),(0.00450469064712524,0.0128354482650757,
0.0059689998626709),(0.0045191125869751,0.00237272310256958,0.00215899991989136),
(0.0045191125869751,0.00237272310256958,0.0059689998626709),(0.0045191125869751,
0.015835277557373,0.00215899991989136),(0.0045191125869751,0.015835277557373,
0.0059689998626709),(0.00457457637786865,0.00533272695541382,0.00215899991989136),
(0.00457457637786865,0.00533272695541382,0.0059689998626709),(0.00457457637786865,
0.0128752737045288,0.00215899991989136),(0.00457457637786865,0.0128752737045288,
0.0059689998626709),(0.00460620927810669,0.00237160277366638,0.00215899991989136),
(0.00460620927810669,0.00237160277366638,0.0059689998626709),(0.00460620927810669,
0.0158363990783691,0.00215899991989136),(0.00460620927810669,0.0158363990783691,
0.0059689998626709),(0.00463729906082153,0.00528236961364746,0.00215899991989136),
(0.00463729906082153,0.00528236961364746,0.0059689998626709),(0.00463729906082153,
0.0129256315231323,0.00215899991989136),(0.00463729906082153,0.0129256315231323,
0.0059689998626709),(0.0046735053062439,0.00468786287307739,0.00215899991989136),
(0.0046735053062439,0.00468786287307739,0.0059689998626709),(0.0046735053062439,
0.0135201387405395,0.00215899991989136),(0.0046735053062439,0.0135201387405395,
0.0059689998626709),(0.0046744966506958,0.00524994564056397,0.00215899991989136),
(0.00469128751754761,0.00522274303436279,0.00215899991989136),(0.00469128751754761,
0.00522274303436279,0.0059689998626709),(0.00469128751754761,0.0129852571487427,
0.00215899991989136),(0.00469128751754761,0.0129852571487427,0.0059689998626709),
(0.00469221687316895,0.00238537836074829,0.00215899991989136),(0.00469221687316895,
0.00238537836074829,0.0059689998626709),(0.00469221687316895,0.0158226232528687,
0.00215899991989136),(0.00469221687316895,0.0158226232528687,0.0059689998626709),
(0.00470999383926392,0.0130111808776855,0.00215899991989136),(0.00471268510818482,
0.00475811243057251,0.00215899991989136),(0.00471268510818482,0.00475811243057251,
0.0059689998626709),(0.00471268510818482,0.0134498882293701,0.00215899991989136),
(0.00471268510818482,0.0134498882293701,0.0059689998626709),(0.00472571468353272,
0.00515004634857178,0.00215899991989136),(0.00472571468353272,0.00515004634857178,
0.0059689998626709),(0.00472571468353272,0.013057954788208,0.00215899991989136),
(0.00472571468353272,0.013057954788208,0.0059689998626709),(0.00474028491973877,
0.00483366584777832,0.00215899991989136),(0.00474028491973877,0.00483366584777832,
0.0059689998626709),(0.00474028491973877,0.0133743352890015,0.00215899991989136),
(0.00474028491973877,0.0133743352890015,0.0059689998626709),(0.00474823570251465,
0.00507282686233521,0.00215899991989136),(0.00474823570251465,0.00507282686233521,
0.0059689998626709),(0.00474823570251465,0.0131351747512817,0.00215899991989136),
(0.00474823570251465,0.0131351747512817,0.0059689998626709),(0.00475561332702637,
0.00491262817382813,0.00215899991989136),(0.00475561332702637,0.00491262817382813,
0.0059689998626709),(0.00475561332702637,0.0132953729629517,0.00215899991989136),
(0.00475561332702637,0.0132953729629517,0.0059689998626709),(0.0047582859992981,
0.00499302053451538,0.00215899991989136),(0.0047582859992981,0.00499302053451538,
0.0059689998626709),(0.0047582859992981,0.0132149801254272,0.00215899991989136),
(0.0047582859992981,0.0132149801254272,0.0059689998626709),(0.00477460718154907,
0.00241364407539368,0.00215899991989136),(0.00477460718154907,0.00241364407539368,
0.0059689998626709),(0.00477460718154907,0.0157943572998047,0.00215899991989136),
(0.00477460718154907,0.0157943572998047,0.0059689998626709),(0.00479886436462402,
0.00506825017929077,0.),(0.00479886436462402,0.00506825017929077,0.00215899991989136),
(0.00479886436462402,0.0131397504806519,0.),(0.00479886436462402,0.0131397504806519,
0.00215899991989136),(0.00485095739364624,0.00245556926727295,0.00215899991989136),
(0.00485095739364624,0.00245556926727295,0.0059689998626709),(0.00485095739364624,
0.0157524309158325,0.00215899991989136),(0.00485095739364624,0.0157524309158325,
0.0059689998626709),(0.00533802270889282,0.0043982367515564,0.),(0.00533802270889282,
0.0043982367515564,0.00215899991989136),(0.00533802270889282,0.0138097648620605,
0.),(0.00533802270889282,0.0138097648620605,0.00215899991989136),(0.00595543098449707,
0.00379955720901489,0.),(0.00595543098449707,0.00379955720901489,0.00215899991989136),
(0.00595543098449707,0.0144084434509277,0.),(0.00595543098449707,0.0144084434509277,
0.00215899991989136),(0.0060838623046875,0.00327750563621521,0.00215899991989136),
(0.0060838623046875,0.00327750563621521,0.0059689998626709),(0.0060838623046875,
0.014930495262146,0.00215899991989136),(0.0060838623046875,0.014930495262146,
0.0059689998626709),(0.00615411186218262,0.00331668567657471,0.00215899991989136),
(0.00615411186218262,0.00331668567657471,0.0059689998626709),(0.00615411186218262,
0.0148913154602051,0.00215899991989136),(0.00615411186218262,0.0148913154602051,
0.0059689998626709),(0.00622966527938843,0.00334428524971009,0.00215899991989136),
(0.00622966527938843,0.00334428524971009,0.0059689998626709),(0.00622966527938843,
0.014863715171814,0.00215899991989136),(0.00622966527938843,0.014863715171814,
0.0059689998626709),(0.00630862760543823,0.00335961389541626,0.00215899991989136),
(0.00630862760543823,0.00335961389541626,0.0059689998626709),(0.00630862760543823,
0.0148483867645264,0.00215899991989136),(0.00630862760543823,0.0148483867645264,
0.0059689998626709),(0.00638901996612549,0.00336228632926941,0.00215899991989136),
(0.00638901996612549,0.00336228632926941,0.0059689998626709),(0.00638901996612549,
0.0148457136154175,0.00215899991989136),(0.00638901996612549,0.0148457136154175,
0.0059689998626709),(0.00646882629394531,0.00335223650932312,0.00215899991989136),
(0.00646882629394531,0.00335223650932312,0.0059689998626709),(0.00646882629394531,
0.0148557643890381,0.00215899991989136),(0.00646882629394531,0.0148557643890381,
0.0059689998626709),(0.00650992965698242,0.00125413858890533,0.00215899991989136),
(0.00650992965698242,0.00125413858890533,0.0059689998626709),(0.00650992965698242,
0.0169538631439209,0.00215899991989136),(0.00650992965698242,0.0169538631439209,
0.0059689998626709),(0.00651534461975098,0.00116720330715179,0.00215899991989136),
(0.00651534461975098,0.00116720330715179,0.0059689998626709),(0.00651534461975098,
0.0170407962799072,0.00215899991989136),(0.00651534461975098,0.0170407962799072,
0.0059689998626709),(0.00651944541931152,0.00134072124958038,0.00215899991989136),
(0.00651944541931152,0.00134072124958038,0.0059689998626709),(0.00651944541931152,
0.0168672790527344,0.00215899991989136),(0.00651944541931152,0.0168672790527344,
0.0059689998626709),(0.00653553152084351,0.00108247065544128,0.00215899991989136),
(0.00653553152084351,0.00108247065544128,0.0059689998626709),(0.00653553152084351,
0.0171255302429199,0.00215899991989136),(0.00653553152084351,0.0171255302429199,
0.0059689998626709),(0.00654604578018189,0.00332971525192261,0.00215899991989136),
(0.00654604578018189,0.00332971525192261,0.0059689998626709),(0.00654604578018189,
0.0148782863616943,0.00215899991989136),(0.00654604578018189,0.0148782863616943,
0.0059689998626709),(0.00656989669799805,0.00100243282318115,0.00215899991989136),
(0.00656989669799805,0.00100243282318115,0.0059689998626709),(0.00656989669799805,
0.0172055683135986,0.00215899991989136),(0.00656989669799805,0.0172055683135986,
0.0059689998626709),(0.00659281969070435,0.00331399440765381,0.00215899991989136),
(0.00661743021011353,0.000929442226886749,0.00215899991989136),(0.00661743021011353,
0.000929442226886749,0.0059689998626709),(0.00661743021011353,0.0172785587310791,
0.00215899991989136),(0.00661743021011353,0.0172785587310791,0.0059689998626709),
(0.0066187424659729,0.00329528784751892,0.00215899991989136),(0.0066187424659729,
0.00329528784751892,0.0059689998626709),(0.0066187424659729,0.0149127130508423,
0.00215899991989136),(0.0066187424659729,0.0149127130508423,0.0059689998626709),
(0.00664173078536987,0.00328128790855407,0.),(0.00664173078536987,0.00328128790855407,
0.00215899991989136),(0.00664173078536987,0.0149267129898071,0.),(0.00664173078536987,
0.0149267129898071,0.00215899991989136),(0.00664594507217407,0.0149295034408569,
0.00215899991989136),(0.00667673444747925,0.000865643858909607,0.00215899991989136),
(0.00667673444747925,0.000865643858909607,0.0059689998626709),(0.00667673444747925,
0.017342357635498,0.00215899991989136),(0.00667673444747925,0.017342357635498,
0.0059689998626709),(0.00667836904525757,0.00324129962921143,0.00215899991989136),
(0.00667836904525757,0.00324129962921143,0.0059689998626709),(0.00667836904525757,
0.0149667015075684,0.00215899991989136),(0.00667836904525757,0.0149667015075684,
0.0059689998626709),(0.00672872638702393,0.00317857694625854,0.00215899991989136),
(0.00672872638702393,0.00317857694625854,0.0059689998626709),(0.00672872638702393,
0.0150294237136841,0.00215899991989136),(0.00672872638702393,0.0150294237136841,
0.0059689998626709),(0.00674606466293335,0.000812915146350861,0.00215899991989136),
(0.00674606466293335,0.000812915146350861,0.0059689998626709),(0.00674606466293335,
0.0173950862884521,0.00215899991989136),(0.00674606466293335,0.0173950862884521,
0.0059689998626709),(0.00676855182647705,0.00310869145393372,0.00215899991989136),
(0.00676855182647705,0.00310869145393372,0.0059689998626709),(0.00676855182647705,
0.0150993089675904,0.00215899991989136),(0.00676855182647705,0.0150993089675904,
0.0059689998626709),(0.00679684686660767,0.00303339576721192,0.00215899991989136),
(0.00679684686660767,0.00303339576721192,0.0059689998626709),(0.00679684686660767,
0.0151746053695678,0.00215899991989136),(0.00679684686660767,0.0151746053695678,
0.0059689998626709),(0.00680700302124024,0.0027943184375763,0.00215899991989136),
(0.00680700302124024,0.0027943184375763,0.0059689998626709),(0.00680700302124024,
0.0154136829376221,0.00215899991989136),(0.00680700302124024,0.0154136829376221,
0.0059689998626709),(0.00681290292739868,0.00295457792282105,0.00215899991989136),
(0.00681290292739868,0.00295457792282105,0.0059689998626709),(0.00681290292739868,
0.0152534227371216,0.00215899991989136),(0.00681290292739868,0.0152534227371216,
0.0059689998626709),(0.00681631755828858,0.00287421417236328,0.00215899991989136),
(0.00681631755828858,0.00287421417236328,0.0059689998626709),(0.00681631755828858,
0.0153337869644165,0.00215899991989136),(0.00681631755828858,0.0153337869644165,
0.0059689998626709),(0.00682338428497315,0.000772805869579315,0.00215899991989136),
(0.00682338428497315,0.000772805869579315,0.0059689998626709),(0.00682338428497315,
0.0174351940155029,0.00215899991989136),(0.00682338428497315,0.0174351940155029,
0.0059689998626709),(0.00694399976730347,0.00910400009155274,0.),(0.00694399976730347,
0.00910400009155274,0.00408940029144287),(0.00699515008926392,0.00850303363800049,
0.),(0.00699515008926392,0.00850303363800049,0.00408940029144287),(0.00699515008926392,
0.0097049674987793,0.),(0.00699515008926392,0.0097049674987793,0.00408940029144287),
(0.00714712762832642,0.00791935539245606,0.),(0.00714712762832642,0.00791935539245606,
0.00408940029144287),(0.00714712762832642,0.0102886457443237,0.),(0.00714712762832642,
0.0102886457443237,0.00408940029144287),(0.00720871496200562,0.000613196730613708,
0.00215899991989136),(0.00720871496200562,0.000613196730613708,0.0059689998626709),
(0.00720871496200562,0.0175948028564453,0.00215899991989136),(0.00720871496200562,
0.0175948028564453,0.0059689998626709),(0.00729174995422363,0.000586885035037994,
0.00215899991989136),(0.00729174995422363,0.000586885035037994,0.0059689998626709),
(0.00729174995422363,0.017621114730835,0.00215899991989136),(0.00729174995422363,
0.017621114730835,0.0059689998626709),(0.00737805938720703,0.000575145721435547,
0.00215899991989136),(0.00737805938720703,0.000575145721435547,0.0059689998626709),
(0.00737805938720703,0.0176328544616699,0.00215899991989136),(0.00737805938720703,
0.0176328544616699,0.0059689998626709),(0.00738651752471924,0.00285128498077393,
0.),(0.00738651752471924,0.00285128498077393,0.00215899991989136),(0.00738651752471924,
0.0153567161560059,0.),(0.00738651752471924,0.0153567161560059,0.00215899991989136),
(0.00739556169509888,0.00736975717544556,0.),(0.00739556169509888,0.00736975717544556,
0.00408940029144287),(0.00739556169509888,0.0108382444381714,0.),(0.00739556169509888,
0.0108382444381714,0.00408940029144287),(0.00746510553359985,0.000578323364257813,
0.00215899991989136),(0.00746510553359985,0.000578323364257813,0.0059689998626709),
(0.00746510553359985,0.0176296768188476,0.00215899991989136),(0.00746510553359985,
0.0176296768188476,0.0059689998626709),(0.00755032920837402,0.000596324920654297,
0.00215899991989136),(0.00755032920837402,0.000596324920654297,0.0059689998626709),
(0.00755032920837402,0.0176116752624512,0.00215899991989136),(0.00755032920837402,
0.0176116752624512,0.0059689998626709),(0.00763122463226318,0.000628620386123657,
0.00215899991989136),(0.00763122463226318,0.000628620386123657,0.0059689998626709),
(0.00763122463226318,0.0175793800354004,0.00215899991989136),(0.00763122463226318,
0.0175793800354004,0.0059689998626709),(0.00770541381835938,0.000674260795116425,
0.00215899991989136),(0.00770541381835938,0.000674260795116425,0.0059689998626709),
(0.00770541381835938,0.0175337390899658,0.00215899991989136),(0.00770541381835938,
0.0175337390899658,0.0059689998626709),(0.00773330497741699,0.0068700499534607,
0.),(0.00773330497741699,0.0068700499534607,0.00408940029144287),(0.00773330497741699,
0.0113379507064819,0.),(0.00773330497741699,0.0113379507064819,0.00408940029144287),
(0.00777071523666382,0.000731904029846191,0.00215899991989136),(0.00777071523666382,
0.000731904029846191,0.0059689998626709),(0.00777071523666382,0.0174760971069336,
0.00215899991989136),(0.00777071523666382,0.0174760971069336,0.0059689998626709),
(0.00782520961761475,0.000799856126308441,0.00215899991989136),(0.00782520961761475,
0.000799856126308441,0.0059689998626709),(0.00782520961761475,0.0174081439971924,
0.00215899991989136),(0.00782520961761475,0.0174081439971924,0.0059689998626709),
(0.0081506404876709,0.00643460941314697,0.),(0.0081506404876709,0.00643460941314697,
0.00408940029144287),(0.0081506404876709,0.0117733907699585,0.),(0.0081506404876709,
0.0117733907699585,0.00408940029144287),(0.00817850112915039,0.0025160665512085,
0.),(0.00817850112915039,0.0025160665512085,0.00215899991989136),(0.00817850112915039,
0.0156919345855713,0.),(0.00817850112915039,0.0156919345855713,0.00215899991989136),
(0.00863556289672852,0.00607596254348755,0.),(0.00863556289672852,0.00607596254348755,
0.00408940029144287),(0.00863556289672852,0.0121320381164551,0.),(0.00863556289672852,
0.0121320381164551,0.00408940029144287),(0.00864972400665283,0.0020310389995575,
0.00215899991989136),(0.00864972400665283,0.0020310389995575,0.0059689998626709),
(0.00864972400665283,0.0161769618988037,0.00215899991989136),(0.00864972400665283,
0.0161769618988037,0.0059689998626709),(0.00869963359832764,0.00209411931037903,
0.00215899991989136),(0.00869963359832764,0.00209411931037903,0.0059689998626709),
(0.00869963359832764,0.0161138801574707,0.00215899991989136),(0.00869963359832764,
0.0161138801574707,0.0059689998626709),(0.00875887298583985,0.00214853143692016,
0.00215899991989136),(0.00875887298583985,0.00214853143692016,0.0059689998626709),
(0.00875887298583985,0.0160594692230225,0.00215899991989136),(0.00875887298583985,
0.0160594692230225,0.0059689998626709),(0.00882595825195313,0.00219291067123413,
0.00215899991989136),(0.00882595825195313,0.00219291067123413,0.0059689998626709),
(0.00882595825195313,0.0160150909423828,0.00215899991989136),(0.00882595825195313,
0.0160150909423828,0.0059689998626709),(0.00889920806884766,0.00222614455223084,
0.00215899991989136),(0.00889920806884766,0.00222614455223084,0.0059689998626709),
(0.00889920806884766,0.0159818563461303,0.00215899991989136),(0.00889920806884766,
0.0159818563461303,0.0059689998626709),(0.00897678565979004,0.0022474000453949,
0.00215899991989136),(0.00897678565979004,0.0022474000453949,0.0059689998626709),
(0.00897678565979004,0.015960599899292,0.00215899991989136),(0.00897678565979004,
0.015960599899292,0.0059689998626709),(0.00900567722320557,0.00228071498870849,
0.),(0.00900567722320557,0.00228071498870849,0.00215899991989136),(0.00900567722320557,
0.015927285194397,0.),(0.00900567722320557,0.015927285194397,0.00215899991989136),
(0.00905674648284912,0.00225614380836487,0.00215899991989136),(0.00905674648284912,
0.00225614380836487,0.0059689998626709),(0.00905674648284912,0.0159518566131592,
0.00215899991989136),(0.00905674648284912,0.0159518566131592,0.0059689998626709),
(0.00910597610473633,0.00225951933860779,0.00215899991989136),(0.00913708400726318,
0.00225215673446655,0.00215899991989136),(0.00913708400726318,0.00225215673446656,
0.0059689998626709),(0.00913708400726318,0.0159558429718017,0.00215899991989136),
(0.00913708400726318,0.0159558429718017,0.0059689998626709),(0.00916864109039307,
0.0159609470367431,0.00215899991989136),(0.00917300224304199,0.00910400009155274,
0.00408940029144287),(0.00917300224304199,0.00910400009155274,0.0059689998626709),
(0.00917412281036377,0.00580442714691162,0.),(0.00917412281036377,0.00580442714691162,
0.00408940029144287),(0.00917412281036377,0.0124035739898682,0.),(0.00917412281036377,
0.0124035739898682,0.00408940029144287),(0.0091931619644165,0.00887356948852539,
0.00408940029144287),(0.0091931619644165,0.00887356948852539,0.0059689998626709),
(0.0091931619644165,0.00933443069458008,0.00408940029144287),(0.0091931619644165,
0.00933443069458008,0.0059689998626709),(0.00921283149719238,0.00222509622573853,
0.00215899991989136),(0.00921283149719238,0.00222509622573853,0.0059689998626709),
(0.00921283149719238,0.0159829034805298,0.00215899991989136),(0.00921283149719238,
0.0159829034805298,0.0059689998626709),(0.00925302982330322,0.0086501407623291,
0.0059689998626709),(0.00925302982330323,0.0086501407623291,0.00408940029144287),
(0.00925302982330323,0.00955786037445068,0.00408940029144287),(0.00925302982330323,
0.00955786037445069,0.0059689998626709),(0.00928335857391357,0.00218641901016236,
0.00215899991989136),(0.00928335857391357,0.00218641901016236,0.0059689998626709),
(0.00928335857391357,0.0160215816497803,0.00215899991989136),(0.00928335857391357,
0.0160215816497803,0.0059689998626709),(0.00934689712524414,0.00213709378242492,
0.00215899991989136),(0.00934689712524414,0.00213709378242492,0.0059689998626709),
(0.00934689712524414,0.0160709056854248,0.00215899991989136),(0.00934689712524414,
0.0160709056854248,0.0059689998626709),(0.00935078620910645,0.00844050216674805,
0.00408940029144287),(0.00935078620910645,0.00844050216674805,0.0059689998626709),
(0.00935078620910645,0.00976749897003174,0.00408940029144287),(0.00935078620910645,
0.00976749897003174,0.0059689998626709),(0.00940185260772705,0.00207835817337036,
0.00215899991989136),(0.00940185260772705,0.00207835817337036,0.0059689998626709),
(0.00940185260772705,0.0161296424865723,0.00215899991989136),(0.00940185260772705,
0.0161296424865723,0.0059689998626709),(0.00944684886932373,0.00201168417930603,
0.00215899991989136),(0.00944684886932373,0.00201168417930603,0.0059689998626709),
(0.00944684886932373,0.0161963157653808,0.00215899991989136),(0.00944684886932373,
0.0161963157653808,0.0059689998626709),(0.00948075675964355,0.00193874394893647,
0.00215899991989136),(0.00948075675964355,0.00193874394893647,0.0059689998626709),
(0.00948075675964355,0.0162692565917969,0.00215899991989136),(0.00948075675964355,
0.0162692565917969,0.0059689998626709),(0.00948346042633057,0.00825102233886719,
0.00408940029144287),(0.00948346042633057,0.00825102233886719,0.0059689998626709),
(0.00948346042633057,0.00995697784423828,0.00408940029144287),(0.00948346042633057,
0.00995697784423828,0.0059689998626709),(0.00950272655487061,0.00186136603355408,
0.00215899991989136),(0.00950272655487061,0.00186136603355408,0.0059689998626709),
(0.00950272655487061,0.0163466358184815,0.00215899991989136),(0.00950272655487061,
0.0163466358184815,0.0059689998626709),(0.00964702224731445,0.0080874605178833,
0.00408940029144287),(0.00964702224731445,0.0080874605178833,0.0059689998626709),
(0.00964702224731445,0.0101205396652222,0.00408940029144287),(0.00964702224731445,
0.0101205396652222,0.0059689998626709),(0.00975082397460937,0.00562781381607056,
0.),(0.00975082397460937,0.00562781381607056,0.00408940029144287),(0.00975082397460937,
0.0125801868438721,0.),(0.00975082397460937,0.0125801868438721,0.00408940029144287),
(0.00979332542419434,0.000408373773097992,0.00215899991989136),(0.00979332542419434,
0.000408373773097992,0.0059689998626709),(0.00979332542419434,0.0177996273040771,
0.00215899991989136),(0.00979332542419434,0.0177996273040771,0.0059689998626709),
(0.00981766700744629,0.000324740082025528,0.00215899991989136),(0.00981766700744629,
0.000324740082025528,0.0059689998626709),(0.00981766700744629,0.0178832607269287,
0.00215899991989136),(0.00981766700744629,0.0178832607269287,0.0059689998626709),
(0.009836501121521,0.00795478630065918,0.00408940029144287),(0.009836501121521,
0.00795478630065918,0.0059689998626709),(0.009836501121521,0.0102532138824463,
0.00408940029144287),(0.009836501121521,0.0102532138824463,0.0059689998626709),
(0.00985550498962402,0.00214879727363586,0.),(0.00985550498962402,0.0160592021942139,
0.),(0.00985550498962402,0.0160592021942139,0.00215899991989136),(0.00985550498962403,
0.00214879727363586,0.00215899991989136),(0.00985593891143799,0.000246494084596634,
0.00215899991989136),(0.00985593891143799,0.000246494084596634,0.0059689998626709),
(0.00985593891143799,0.0179615058898926,0.00215899991989136),(0.00985593891143799,
0.0179615058898926,0.0059689998626709),(0.00990701484680176,0.000175937086343766,
0.00215899991989136),(0.00990701484680176,0.000175937086343766,0.0059689998626709),
(0.00990701484680176,0.0180320625305176,0.00215899991989136),(0.00990701484680176,
0.0180320625305176,0.0059689998626709),(0.00996939373016357,0.000115142203867435,
0.00215899991989136),(0.00996939373016357,0.000115142203867435,0.0059689998626709),
(0.00996939373016357,0.0180928592681885,0.00215899991989136),(0.00996939373016357,
0.0180928592681885,0.0059689998626709),(0.010041241645813,6.58975914120674E-5,
0.00215899991989136),(0.010041241645813,6.58975914120674E-5,0.0059689998626709),
(0.010041241645813,0.018142105102539,0.00215899991989136),(0.010041241645813,
0.018142105102539,0.0059689998626709),(0.0100461406707764,0.00785703039169312,
0.00408940029144287),(0.0100461406707764,0.00785703039169312,0.0059689998626709),
(0.0100461406707764,0.0103509702682495,0.00408940029144287),(0.0100461406707764,
0.0103509702682495,0.0059689998626709),(0.0101204452514648,2.96514481306076E-5,
0.00215899991989136),(0.0101204452514648,2.96514481306076E-5,0.0059689998626709),
(0.0101204452514648,0.0181783485412597,0.00215899991989136),(0.0101204452514648,
0.0181783485412597,0.0059689998626709),(0.0102046775817871,7.46827572584152E-6,
0.00215899991989136),(0.0102046775817871,7.46827572584152E-6,0.0059689998626709),
(0.0102046775817871,0.0182005310058594,0.00215899991989136),(0.0102046775817871,
0.0182005310058594,0.0059689998626709),(0.0102695693969727,0.00779716300964355,
0.0059689998626709),(0.0102695693969727,0.00779716300964356,0.00408940029144287),
(0.0102695693969727,0.0104108381271362,0.00408940029144287),(0.0102695693969727,
0.0104108381271362,0.0059689998626709),(0.0102914600372314,0.,0.00215899991989136),
(0.0102914600372314,0.,0.0059689998626709),(0.0102914600372314,0.0182080001831054,
0.00215899991989136),(0.0102914600372314,0.0182080001831054,0.0059689998626709),
(0.0103490791320801,0.00555120468139648,0.),(0.0103490791320801,0.00555120468139648,
0.00408940029144287),(0.0103490791320801,0.0126567964553833,0.),(0.0103490791320801,
0.0126567964553833,0.00408940029144287),(0.0105,0.00777700281143189,0.00408940029144287),
(0.0105,0.00777700281143189,0.0059689998626709),(0.0105,0.0104309978485107,
0.00408940029144287),(0.0105,0.0104309978485107,0.0059689998626709),(0.0107085399627686,
0.,0.00215899991989136),(0.0107085399627686,0.,0.0059689998626709),(0.0107085399627686,
0.0182080001831054,0.00215899991989136),(0.0107085399627686,0.0182080001831054,
0.0059689998626709),(0.0107151041030884,0.00212231326103211,0.),(0.0107151041030884,
0.00212231326103211,0.00215899991989136),(0.0107151041030884,0.0160856876373291,
0.),(0.0107151041030884,0.0160856876373291,0.00215899991989136),(0.0107304306030273,
0.00779716300964356,0.00408940029144287),(0.0107304306030273,0.00779716300964356,
0.0059689998626709),(0.0107304306030273,0.0104108381271362,0.00408940029144287),
(0.0107304306030273,0.0104108381271362,0.0059689998626709),(0.0107953224182129,
7.46827572584152E-6,0.00215899991989136),(0.0107953224182129,7.46827572584152E-6,
0.0059689998626709),(0.0107953224182129,0.0182005310058594,0.00215899991989136),
(0.0107953224182129,0.0182005310058594,0.0059689998626709),(0.0108795547485352,
2.96514481306076E-5,0.00215899991989136),(0.0108795547485352,2.96514481306076E-5,
0.0059689998626709),(0.0108795547485352,0.0181783485412597,0.00215899991989136),
(0.0108795547485352,0.0181783485412597,0.0059689998626709),(0.0109516754150391,
0.00557680225372315,0.),(0.0109516754150391,0.00557680225372315,0.00408940029144287),
(0.0109516754150391,0.0126311979293823,0.),(0.0109516754150391,0.0126311979293823,
0.00408940029144287),(0.0109538593292236,0.00785703039169311,0.0059689998626709),
(0.0109538593292236,0.00785703039169312,0.00408940029144287),(0.0109538593292236,
0.0103509702682495,0.00408940029144287),(0.0109538593292236,0.0103509702682495,
0.0059689998626709),(0.010958758354187,6.58975914120674E-5,0.00215899991989136),
(0.010958758354187,6.58975914120674E-5,0.0059689998626709),(0.010958758354187,
0.018142105102539,0.00215899991989136),(0.010958758354187,0.018142105102539,
0.0059689998626709),(0.0110306062698364,0.000115142203867435,0.00215899991989136),
(0.0110306062698364,0.000115142203867435,0.0059689998626709),(0.0110306062698364,
0.0180928592681885,0.00215899991989136),(0.0110306062698364,0.0180928592681885,
0.0059689998626709),(0.0110929851531982,0.000175937086343766,0.00215899991989136),
(0.0110929851531982,0.000175937086343766,0.0059689998626709),(0.0110929851531982,
0.0180320625305176,0.00215899991989136),(0.0110929851531982,0.0180320625305176,
0.0059689998626709),(0.011144061088562,0.000246494084596634,0.00215899991989136),
(0.011144061088562,0.000246494084596634,0.0059689998626709),(0.011144061088562,
0.0179615058898926,0.00215899991989136),(0.011144061088562,0.0179615058898926,
0.0059689998626709),(0.0111634979248047,0.00795478630065918,0.00408940029144287),
(0.0111634979248047,0.00795478630065918,0.0059689998626709),(0.0111634979248047,
0.0102532138824463,0.00408940029144287),(0.0111634979248047,0.0102532138824463,
0.0059689998626709),(0.0111823320388794,0.000324740082025528,0.00215899991989136),
(0.0111823320388794,0.000324740082025528,0.0059689998626709),(0.0111823320388794,
0.0178832607269287,0.00215899991989136),(0.0111823320388794,0.0178832607269287,
0.0059689998626709),(0.0112066745758057,0.000408373773097992,0.00215899991989136),
(0.0112066745758057,0.000408373773097992,0.0059689998626709),(0.0112066745758057,
0.0177996273040771,0.00215899991989136),(0.0112066745758057,0.0177996273040771,
0.0059689998626709),(0.0113529777526855,0.0080874605178833,0.00408940029144287),
(0.0113529777526855,0.0080874605178833,0.0059689998626709),(0.0113529777526855,
0.0101205396652222,0.00408940029144287),(0.0113529777526855,0.0101205396652222,
0.0059689998626709),(0.0114972734451294,0.00186136603355408,0.0059689998626709),
(0.0114972734451294,0.00186136603355408,0.00215899991989136),(0.0114972734451294,
0.0163466358184815,0.00215899991989136),(0.0114972734451294,0.0163466358184815,
0.0059689998626709),(0.0115165395736694,0.00825102233886718,0.0059689998626709),
(0.0115165395736694,0.00825102233886719,0.00408940029144287),(0.0115165395736694,
0.00995697784423828,0.00408940029144287),(0.0115165395736694,0.00995697784423828,
0.0059689998626709),(0.0115192432403564,0.00193874394893647,0.00215899991989136),
(0.0115192432403564,0.00193874394893647,0.0059689998626709),(0.0115192432403564,
0.0162692565917969,0.00215899991989136),(0.0115192432403564,0.0162692565917969,
0.0059689998626709),(0.0115412769317627,0.00570387172698975,0.),(0.0115412769317627,
0.00570387172698975,0.00408940029144287),(0.0115412769317627,0.0125041284561157,
0.),(0.0115412769317627,0.0125041284561157,0.00408940029144287),(0.0115531501770019,
0.00201168417930603,0.00215899991989136),(0.0115531501770019,0.00201168417930603,
0.0059689998626709),(0.0115531501770019,0.0161963157653808,0.00215899991989136),
(0.0115531501770019,0.0161963157653808,0.0059689998626709),(0.0115714406967163,
0.00220166468620301,0.),(0.0115714406967163,0.00220166468620301,0.00215899991989136),
(0.0115714406967163,0.0160063362121582,0.),(0.0115714406967163,0.0160063362121582,
0.00215899991989136),(0.0115981473922729,0.00207835817337036,0.00215899991989136),
(0.0115981473922729,0.00207835817337036,0.0059689998626709),(0.0115981473922729,
0.0161296424865723,0.00215899991989136),(0.0115981473922729,0.0161296424865723,
0.0059689998626709),(0.0116492137908936,0.00844050216674805,0.00408940029144287),
(0.0116492137908936,0.00844050216674805,0.0059689998626709),(0.0116492137908936,
0.00976749897003174,0.00408940029144287),(0.0116492137908936,0.00976749897003174,
0.0059689998626709),(0.0116531028747559,0.00213709378242492,0.00215899991989136),
(0.0116531028747559,0.00213709378242492,0.0059689998626709),(0.0116531028747559,
0.0160709056854248,0.00215899991989136),(0.0116531028747559,0.0160709056854248,
0.0059689998626709),(0.0117166414260864,0.00218641901016236,0.00215899991989136),
(0.0117166414260864,0.00218641901016236,0.0059689998626709),(0.0117166414260864,
0.0160215816497803,0.00215899991989136),(0.0117166414260864,0.0160215816497803,
0.0059689998626709),(0.0117469701766968,0.0086501407623291,0.00408940029144287),
(0.0117469701766968,0.00955786037445068,0.00408940029144287),(0.0117469701766968,
0.0086501407623291,0.0059689998626709),(0.0117469701766968,0.00955786037445069,
0.0059689998626709),(0.0117871685028076,0.00222509622573853,0.00215899991989136),
(0.0117871685028076,0.00222509622573853,0.0059689998626709),(0.0117871685028076,
0.0159829034805298,0.00215899991989136),(0.0117871685028076,0.0159829034805298,
0.0059689998626709),(0.0118068370819092,0.00887356948852539,0.00408940029144287),
(0.0118068370819092,0.00887356948852539,0.0059689998626709),(0.0118068370819092,
0.00933443069458008,0.00408940029144287),(0.0118068370819092,0.00933443069458008,
0.0059689998626709),(0.011826997756958,0.00910400009155274,0.00408940029144287),
(0.011826997756958,0.00910400009155274,0.0059689998626709),(0.0118313589096069,
0.00224705457687378,0.00215899991989136),(0.0118313589096069,0.0159609470367431,
0.00215899991989136),(0.0118629159927368,0.00225215673446655,0.00215899991989136),
(0.0118629159927368,0.0159558429718017,0.0059689998626709),(0.0118629159927368,
0.00225215673446655,0.0059689998626709),(0.0118629159927368,0.0159558429718017,
0.00215899991989136),(0.0119432535171509,0.00225614380836487,0.00215899991989136),
(0.0119432535171509,0.00225614380836487,0.0059689998626709),(0.0119432535171509,
0.0159518566131592,0.00215899991989136),(0.0119432535171509,0.0159518566131592,
0.0059689998626709),(0.01202321434021,0.0022474000453949,0.00215899991989136),
(0.01202321434021,0.0022474000453949,0.0059689998626709),(0.01202321434021,
0.015960599899292,0.00215899991989136),(0.01202321434021,0.015960599899292,
0.0059689998626709),(0.0121007919311523,0.00222614455223084,0.00215899991989136),
(0.0121007919311523,0.00222614455223084,0.0059689998626709),(0.0121007919311523,
0.0159818563461303,0.00215899991989136),(0.0121007919311523,0.0159818563461303,
0.0059689998626709),(0.0121009244918823,0.00592875576019287,0.),(0.0121009244918823,
0.00592875576019287,0.00408940029144287),(0.0121009244918823,0.0122792453765869,
0.),(0.0121009244918823,0.0122792453765869,0.00408940029144287),(0.0121740407943726,
0.00219291067123413,0.00215899991989136),(0.0121740407943726,0.00219291067123413,
0.0059689998626709),(0.0121740407943726,0.0160150909423828,0.00215899991989136),
(0.0121740407943726,0.0160150909423828,0.0059689998626709),(0.0122411270141602,
0.00214853143692016,0.00215899991989136),(0.0122411270141602,0.00214853143692016,
0.0059689998626709),(0.0122411270141602,0.0160594692230225,0.00215899991989136),
(0.0122411270141602,0.0160594692230225,0.0059689998626709),(0.0123003664016724,
0.00209411931037903,0.00215899991989136),(0.0123003664016724,0.00209411931037903,
0.0059689998626709),(0.0123003664016724,0.0161138801574707,0.00215899991989136),
(0.0123003664016724,0.0161138801574707,0.0059689998626709),(0.0123502759933472,
0.0020310389995575,0.00215899991989136),(0.0123502759933472,0.0020310389995575,
0.0059689998626709),(0.0123502759933472,0.0161769618988037,0.00215899991989136),
(0.0123502759933472,0.0161769618988037,0.0059689998626709),(0.0124115352630615,
0.00238564848899841,0.),(0.0124115352630615,0.00238564848899841,0.00215899991989136),
(0.0124115352630615,0.0158223524093628,0.),(0.0124115352630615,0.0158223524093628,
0.00215899991989136),(0.0126145153045654,0.00624498653411865,0.),(0.0126145153045654,
0.00624498653411865,0.00408940029144287),(0.0126145153045654,0.0119630146026611,
0.),(0.0126145153045654,0.0119630146026611,0.00408940029144287),(0.0130672750473022,
0.00664346551895142,0.),(0.0130672750473022,0.00664346551895142,0.00408940029144287),
(0.0130672750473022,0.0115645351409912,0.),(0.0130672750473022,0.0115645351409912,
0.00408940029144287),(0.0131747903823853,0.000799856126308441,0.00215899991989136),
(0.0131747903823853,0.000799856126308441,0.0059689998626709),(0.0131747903823853,
0.0174081439971924,0.00215899991989136),(0.0131747903823853,0.0174081439971924,
0.0059689998626709),(0.0132226543426514,0.00267147541046143,0.),(0.0132226543426514,
0.00267147541046143,0.00215899991989136),(0.0132226543426514,0.0155365257263183,
0.),(0.0132226543426514,0.0155365257263183,0.00215899991989136),(0.013229284286499,
0.000731904029846191,0.00215899991989136),(0.013229284286499,0.000731904029846191,
0.0059689998626709),(0.013229284286499,0.0174760971069336,0.00215899991989136),
(0.013229284286499,0.0174760971069336,0.0059689998626709),(0.0132945861816406,
0.000674260795116425,0.00215899991989136),(0.0132945861816406,0.000674260795116425,
0.0059689998626709),(0.0132945861816406,0.0175337390899658,0.00215899991989136),
(0.0132945861816406,0.0175337390899658,0.0059689998626709),(0.0133687753677368,
0.000628620386123657,0.00215899991989136),(0.0133687753677368,0.000628620386123657,
0.0059689998626709),(0.0133687753677368,0.0175793800354004,0.00215899991989136),
(0.0133687753677368,0.0175793800354004,0.0059689998626709),(0.0134461803436279,
0.00711273050308228,0.),(0.0134461803436279,0.00711273050308228,0.00408940029144287),
(0.0134461803436279,0.0110952701568603,0.),(0.0134461803436279,0.0110952701568603,
0.00408940029144287),(0.013449670791626,0.000596324920654297,0.00215899991989136),
(0.013449670791626,0.000596324920654297,0.0059689998626709),(0.013449670791626,
0.0176116752624512,0.00215899991989136),(0.013449670791626,0.0176116752624512,
0.0059689998626709),(0.013534893989563,0.000578323364257813,0.00215899991989136),
(0.013534893989563,0.000578323364257813,0.0059689998626709),(0.013534893989563,
0.0176296768188476,0.00215899991989136),(0.013534893989563,0.0176296768188476,
0.0059689998626709),(0.013621940612793,0.000575145721435547,0.00215899991989136),
(0.013621940612793,0.000575145721435547,0.0059689998626709),(0.013621940612793,
0.0176328544616699,0.00215899991989136),(0.013621940612793,0.0176328544616699,
0.0059689998626709),(0.0137082500457764,0.000586885035037994,0.00215899991989136),
(0.0137082500457764,0.000586885035037994,0.0059689998626709),(0.0137082500457764,
0.017621114730835,0.00215899991989136),(0.0137082500457764,0.017621114730835,
0.0059689998626709),(0.013740327835083,0.00763927936553955,0.),(0.013740327835083,
0.00763927936553955,0.00408940029144287),(0.013740327835083,0.0105687208175659,
0.),(0.013740327835083,0.0105687208175659,0.00408940029144287),(0.0137912845611572,
0.000613196730613709,0.00215899991989136),(0.0137912845611572,0.000613196730613709,
0.0059689998626709),(0.0137912845611572,0.0175948028564453,0.00215899991989136),
(0.0137912845611572,0.0175948028564453,0.0059689998626709),(0.013941258430481,
0.00820796680450439,0.),(0.013941258430481,0.00820796680450439,0.00408940029144287),
(0.013941258430481,0.0100000343322754,0.),(0.013941258430481,0.0100000343322754,
0.00408940029144287),(0.0139924993515015,0.00305481290817261,0.),(0.0139924993515015,
0.00305481290817261,0.00215899991989136),(0.0139924993515015,0.0151531887054444,
0.),(0.0139924993515015,0.0151531887054444,0.00215899991989136),(0.0140431900024414,
0.00880243110656738,0.),(0.0140431900024414,0.00880243110656738,0.00408940029144287),
(0.0140431900024414,0.0094055700302124,0.),(0.0140431900024414,0.0094055700302124,
0.00408940029144287),(0.0141766157150268,0.000772805869579315,0.00215899991989136),
(0.0141766157150269,0.000772805869579315,0.0059689998626709),(0.0141766157150269,
0.0174351940155029,0.00215899991989136),(0.0141766157150269,0.0174351940155029,
0.0059689998626709),(0.0141836824417114,0.00287421417236328,0.00215899991989136),
(0.0141836824417114,0.00287421417236328,0.0059689998626709),(0.0141836824417114,
0.0153337869644165,0.00215899991989136),(0.0141836824417114,0.0153337869644165,
0.0059689998626709),(0.0141870965957642,0.00295457792282105,0.00215899991989136),
(0.0141870965957642,0.00295457792282105,0.0059689998626709),(0.0141870965957642,
0.0152534227371216,0.00215899991989136),(0.0141870965957642,0.0152534227371216,
0.0059689998626709),(0.0141929969787598,0.0027943184375763,0.00215899991989136),
(0.0141929969787598,0.0027943184375763,0.0059689998626709),(0.0141929969787598,
0.0154136829376221,0.00215899991989136),(0.0141929969787598,0.0154136829376221,
0.0059689998626709),(0.0142031526565552,0.00303339576721192,0.00215899991989136),
(0.0142031526565552,0.00303339576721192,0.0059689998626709),(0.0142031526565552,
0.0151746053695678,0.00215899991989136),(0.0142031526565552,0.0151746053695678,
0.0059689998626709),(0.0142314481735229,0.00310869145393372,0.00215899991989136),
(0.0142314481735229,0.00310869145393372,0.0059689998626709),(0.0142314481735229,
0.0150993089675904,0.00215899991989136),(0.0142314481735229,0.0150993089675904,
0.0059689998626709),(0.0142539348602295,0.000812915146350861,0.00215899991989136),
(0.0142539348602295,0.000812915146350861,0.0059689998626709),(0.0142539348602295,
0.0173950862884521,0.00215899991989136),(0.0142539348602295,0.0173950862884521,
0.0059689998626709),(0.0142712736129761,0.00317857694625854,0.00215899991989136),
(0.0142712736129761,0.00317857694625854,0.0059689998626709),(0.0142712736129761,
0.0150294237136841,0.00215899991989136),(0.0142712736129761,0.0150294237136841,
0.0059689998626709),(0.0143216304779053,0.00324129962921143,0.00215899991989136),
(0.0143216304779053,0.00324129962921143,0.0059689998626709),(0.0143216304779053,
0.0149667015075684,0.00215899991989136),(0.0143216304779053,0.0149667015075684,
0.0059689998626709),(0.0143232650756836,0.000865643858909607,0.00215899991989136),
(0.0143232650756836,0.000865643858909607,0.0059689998626709),(0.0143232650756836,
0.017342357635498,0.00215899991989136),(0.0143232650756836,0.017342357635498,
0.0059689998626709),(0.0143540544509888,0.00327849721908569,0.00215899991989136),
(0.0143812580108643,0.00329528784751892,0.00215899991989136),(0.0143812580108643,
0.00329528784751892,0.0059689998626709),(0.0143812580108643,0.0149127130508423,
0.00215899991989136),(0.0143812580108643,0.0149127130508423,0.0059689998626709),
(0.0143825693130493,0.000929442226886749,0.00215899991989136),(0.0143825693130493,
0.000929442226886749,0.0059689998626709),(0.0143825693130493,0.0172785587310791,
0.00215899991989136),(0.0143825693130493,0.0172785587310791,0.0059689998626709),
(0.0144071798324585,0.014894006729126,0.00215899991989136),(0.0144301033020019,
0.00100243282318115,0.00215899991989136),(0.0144301033020019,0.00100243282318115,
0.0059689998626709),(0.0144301033020019,0.0172055683135986,0.00215899991989136),
(0.0144301033020019,0.0172055683135986,0.0059689998626709),(0.014453953742981,
0.00332971525192261,0.00215899991989136),(0.014453953742981,0.00332971525192261,
0.0059689998626709),(0.014453953742981,0.0148782863616943,0.00215899991989136),
(0.014453953742981,0.0148782863616943,0.0059689998626709),(0.0144644680023193,
0.00108247065544128,0.00215899991989136),(0.0144644680023193,0.00108247065544128,
0.0059689998626709),(0.0144644680023193,0.0171255302429199,0.00215899991989136),
(0.0144644680023193,0.0171255302429199,0.0059689998626709),(0.0144805545806885,
0.00134072124958038,0.00215899991989136),(0.0144805545806885,0.00134072124958038,
0.0059689998626709),(0.0144805545806885,0.0168672790527344,0.00215899991989136),
(0.0144805545806885,0.0168672790527344,0.0059689998626709),(0.014484655380249,
0.00116720330715179,0.00215899991989136),(0.014484655380249,0.00116720330715179,
0.0059689998626709),(0.014484655380249,0.0170407962799072,0.00215899991989136),
(0.014484655380249,0.0170407962799072,0.0059689998626709),(0.0144900693893433,
0.00125413858890533,0.00215899991989136),(0.0144900693893433,0.00125413858890533,
0.0059689998626709),(0.0144900693893433,0.0169538631439209,0.00215899991989136),
(0.0144900693893433,0.0169538631439209,0.0059689998626709),(0.0145311727523804,
0.00335223650932312,0.00215899991989136),(0.0145311727523804,0.00335223650932312,
0.0059689998626709),(0.0145311727523804,0.0148557643890381,0.00215899991989136),
(0.0145311727523804,0.0148557643890381,0.0059689998626709),(0.0146109800338745,
0.00336228632926941,0.00215899991989136),(0.0146109800338745,0.00336228632926941,
0.0059689998626709),(0.0146109800338745,0.0148457136154175,0.00215899991989136),
(0.0146109800338745,0.0148457136154175,0.0059689998626709),(0.0146913719177246,
0.00335961389541626,0.00215899991989136),(0.0146913719177246,0.00335961389541626,
0.0059689998626709),(0.0146913719177246,0.0148483867645264,0.00215899991989136),
(0.0146913719177246,0.0148483867645264,0.0059689998626709),(0.0147094030380249,
0.00352985000610352,0.),(0.0147094030380249,0.00352985000610352,0.00215899991989136),
(0.0147094030380249,0.014678150177002,0.),(0.0147094030380249,0.014678150177002,
0.00215899991989136),(0.0147703342437744,0.00334428524971009,0.00215899991989136),
(0.0147703342437744,0.00334428524971009,0.0059689998626709),(0.0147703342437744,
0.014863715171814,0.00215899991989136),(0.0147703342437744,0.014863715171814,
0.0059689998626709),(0.0148458871841431,0.00331668567657471,0.00215899991989136),
(0.0148458871841431,0.00331668567657471,0.0059689998626709),(0.0148458871841431,
0.0148913154602051,0.00215899991989136),(0.0148458871841431,0.0148913154602051,
0.0059689998626709),(0.0149161367416382,0.00327750563621521,0.00215899991989136),
(0.0149161367416382,0.00327750563621521,0.0059689998626709),(0.0149161367416382,
0.014930495262146,0.00215899991989136),(0.0149161367416382,0.014930495262146,
0.0059689998626709),(0.0153624954223633,0.00408938550949097,0.),(0.0153624954223633,
0.00408938550949097,0.00215899991989136),(0.0153624954223633,0.0141186151504517,
0.),(0.0153624954223633,0.0141186151504517,0.00215899991989136),(0.0159418773651123,
0.00472493743896484,0.),(0.0159418773651123,0.00472493743896484,0.00215899991989136),
(0.0159418773651123,0.0134830636978149,0.),(0.0159418773651123,0.0134830636978149,
0.00215899991989136),(0.0161490421295166,0.00245556926727295,0.00215899991989136),
(0.0161490421295166,0.00245556926727295,0.0059689998626709),(0.0161490421295166,
0.0157524309158325,0.00215899991989136),(0.0161490421295166,0.0157524309158325,
0.0059689998626709),(0.0162253913879395,0.00241364407539368,0.00215899991989136),
(0.0162253913879395,0.00241364407539368,0.0059689998626709),(0.0162253913879395,
0.0157943572998047,0.00215899991989136),(0.0162253913879395,0.0157943572998047,
0.0059689998626709),(0.0162417144775391,0.00499302053451538,0.00215899991989136),
(0.0162417144775391,0.00499302053451538,0.0059689998626709),(0.0162417144775391,
0.0132149801254272,0.00215899991989136),(0.0162417144775391,0.0132149801254272,
0.0059689998626709),(0.016244384765625,0.00491262817382813,0.00215899991989136),
(0.016244384765625,0.00491262817382813,0.0059689998626709),(0.016244384765625,
0.0132953729629517,0.00215899991989136),(0.016244384765625,0.0132953729629517,
0.0059689998626709),(0.0162517623901367,0.00507282686233521,0.00215899991989136),
(0.0162517623901367,0.00507282686233521,0.0059689998626709),(0.0162517623901367,
0.0131351747512817,0.00215899991989136),(0.0162517623901367,0.0131351747512817,
0.0059689998626709),(0.0162597141265869,0.00483366584777832,0.00215899991989136),
(0.0162597141265869,0.00483366584777832,0.0059689998626709),(0.0162597141265869,
0.0133743352890015,0.00215899991989136),(0.0162597141265869,0.0133743352890015,
0.0059689998626709),(0.0162742843627929,0.00515004634857178,0.00215899991989136),
(0.0162742843627929,0.00515004634857178,0.0059689998626709),(0.0162742843627929,
0.013057954788208,0.00215899991989136),(0.0162742843627929,0.013057954788208,
0.0059689998626709),(0.0162873153686523,0.00475811243057251,0.00215899991989136),
(0.0162873153686523,0.00475811243057251,0.0059689998626709),(0.0162873153686523,
0.0134498882293701,0.00215899991989136),(0.0162873153686523,0.0134498882293701,
0.0059689998626709),(0.0162900047302246,0.00519681978225708,0.00215899991989136),
(0.016307783126831,0.00238537836074829,0.00215899991989136),(0.016307783126831,
0.00238537836074829,0.0059689998626709),(0.016307783126831,0.0158226232528687,
0.00215899991989136),(0.016307783126831,0.0158226232528687,0.0059689998626709),
(0.0163087120056153,0.00522274303436279,0.00215899991989136),(0.0163087120056153,
0.00522274303436279,0.0059689998626709),(0.0163087120056153,0.0129852571487427,
0.00215899991989136),(0.0163087120056153,0.0129852571487427,0.0059689998626709),
(0.0163255043029785,0.0129580554962158,0.00215899991989136),(0.016326494216919,
0.00468786287307739,0.00215899991989136),(0.016326494216919,0.00468786287307739,
0.0059689998626709),(0.016326494216919,0.0135201387405395,0.00215899991989136),
(0.016326494216919,0.0135201387405395,0.0059689998626709),(0.0163627014160156,
0.0129256315231323,0.0059689998626709),(0.0163627014160156,0.00528236961364746,
0.00215899991989136),(0.0163627014160156,0.00528236961364746,0.0059689998626709),
(0.0163627014160156,0.0129256315231323,0.00215899991989136),(0.0163937892913818,
0.00237160277366638,0.00215899991989136),(0.0163937892913818,0.00237160277366638,
0.0059689998626709),(0.0163937892913818,0.0158363990783691,0.00215899991989136),
(0.0163937892913818,0.0158363990783691,0.0059689998626709),(0.0164254226684571,
0.00533272695541382,0.00215899991989136),(0.0164254226684571,0.00533272695541382,
0.0059689998626709),(0.0164254226684571,0.0128752737045288,0.00215899991989136),
(0.0164254226684571,0.0128752737045288,0.0059689998626709),(0.0164387664794922,
0.00542687177658081,0.),(0.0164387664794922,0.00542687177658081,0.00215899991989136),
(0.0164387664794922,0.0127811288833618,0.),(0.0164387664794922,0.0127811288833618,
0.00215899991989136),(0.0164808864593506,0.00237272310256958,0.00215899991989136),
(0.0164808864593506,0.00237272310256958,0.0059689998626709),(0.0164808864593506,
0.015835277557373,0.00215899991989136),(0.0164808864593506,0.015835277557373,
0.0059689998626709),(0.0164953098297119,0.00537255239486694,0.00215899991989136),
(0.0164953098297119,0.00537255239486694,0.0059689998626709),(0.0164953098297119,
0.0128354482650757,0.00215899991989136),(0.0164953098297119,0.0128354482650757,
0.0059689998626709),(0.0165665111541748,0.00238870549201965,0.00215899991989136),
(0.0165665111541748,0.00238870549201965,0.0059689998626709),(0.0165665111541748,
0.0158192958831787,0.00215899991989136),(0.0165665111541748,0.0158192958831787,
0.0059689998626709),(0.0165706062316895,0.00540084743499756,0.00215899991989136),
(0.0165706062316895,0.00540084743499756,0.0059689998626709),(0.0165706062316895,
0.0128071527481079,0.00215899991989136),(0.0165706062316895,0.0128071527481079,
0.0059689998626709),(0.0166481475830078,0.00241908097267151,0.00215899991989136),
(0.0166481475830078,0.00241908097267151,0.0059689998626709),(0.0166481475830078,
0.0157889204025269,0.00215899991989136),(0.0166481475830078,0.0157889204025269,
0.0059689998626709),(0.0166494216918945,0.00541690349578857,0.00215899991989136),
(0.0166494216918945,0.00541690349578857,0.0059689998626709),(0.0166494216918945,
0.0127910976409912,0.00215899991989136),(0.0166494216918945,0.0127910976409912,
0.0059689998626709),(0.0167233943939209,0.00246295619010926,0.00215899991989136),
(0.0167233943939209,0.00246295619010926,0.0059689998626709),(0.0167233943939209,
0.0157450437545777,0.00215899991989136),(0.0167233943939209,0.0157450437545777,
0.0059689998626709),(0.0167297878265381,0.00542031764984131,0.00215899991989136),
(0.0167297878265381,0.00542031764984131,0.0059689998626709),(0.0167297878265381,
0.0127876825332642,0.00215899991989136),(0.0167297878265381,0.0127876825332642,
0.0059689998626709),(0.0167900390625,0.00251904034614563,0.00215899991989136),
(0.0167900390625,0.00251904034614563,0.0059689998626709),(0.0167900390625,
0.0156889591217041,0.00215899991989136),(0.0167900390625,0.0156889591217041,
0.0059689998626709),(0.0168096809387207,0.00541100358963013,0.00215899991989136),
(0.0168096809387207,0.00541100358963013,0.0059689998626709),(0.0168096809387207,
0.0127969970703125,0.00215899991989136),(0.0168096809387207,0.0127969970703125,
0.0059689998626709),(0.0168456287384033,0.00618454742431641,0.),(0.0168456287384033,
0.00618454742431641,0.00215899991989136),(0.0168456287384033,0.0120234537124634,
0.),(0.0168456287384033,0.0120234537124634,0.00215899991989136),(0.0170849590301514,
0.00281396007537842,0.00215899991989136),(0.0170849590301514,0.00281396007537842,
0.0059689998626709),(0.0170849590301514,0.0153940410614013,0.00215899991989136),
(0.0170849590301514,0.0153940410614013,0.0059689998626709),(0.0171410446166992,
0.00288060545921326,0.00215899991989136),(0.0171410446166992,0.00288060545921326,
0.0059689998626709),(0.0171410446166992,0.0153273954391479,0.00215899991989136),
(0.0171410446166992,0.0153273954391479,0.0059689998626709),(0.0171484317779541,
0.00345495820045471,0.0059689998626709),(0.0171484317779541,0.00345495820045471,
0.00215899991989136),(0.0171484317779541,0.0147530431747436,0.0059689998626709),
(0.0171484317779541,0.0147530431747437,0.00215899991989136),(0.0171562995910645,
0.00698647928237915,0.),(0.0171562995910645,0.00698647928237915,0.00215899991989136),
(0.0171562995910645,0.0112215213775635,0.),(0.0171562995910645,0.0112215213775635,
0.00215899991989136),(0.0171849193572998,0.00295585203170777,0.00215899991989136),
(0.0171849193572998,0.00295585203170777,0.0059689998626709),(0.0171849193572998,
0.0152521486282348,0.00215899991989136),(0.0171849193572998,0.0152521486282348,
0.0059689998626709),(0.0171903553009033,0.00337860774993897,0.00215899991989136),
(0.0171903553009033,0.00337860774993897,0.0059689998626709),(0.0171903553009033,
0.0148293933868408,0.00215899991989136),(0.0171903553009033,0.0148293933868408,
0.0059689998626709),(0.0172152938842773,0.00303748798370362,0.00215899991989136),
(0.0172152938842773,0.00303748798370362,0.0059689998626709),(0.0172152938842773,
0.0151705131530762,0.00215899991989136),(0.0172152938842773,0.0151705131530762,
0.0059689998626709),(0.0172186222076416,0.00329621744155884,0.00215899991989136),
(0.0172186222076416,0.00329621744155884,0.0059689998626709),(0.0172186222076416,
0.0149117841720581,0.00215899991989136),(0.0172186222076416,0.0149117841720581,
0.0059689998626709),(0.0172312774658203,0.00312311291694641,0.00215899991989136),
(0.0172312774658203,0.00312311291694641,0.0059689998626709),(0.0172312774658203,
0.0150848875045777,0.00215899991989136),(0.0172312774658203,0.0150848875045777,
0.0059689998626709),(0.0172323970794677,0.00321020984649658,0.00215899991989136),
(0.0172323970794677,0.00321020984649658,0.0059689998626709),(0.0172323970794677,
0.0149977912902832,0.00215899991989136),(0.0172323970794677,0.0149977912902832,
0.0059689998626709),(0.0173444805145264,0.0077099757194519,0.00215899991989136),
(0.0173478565216065,0.00766074657440186,0.00215899991989136),(0.0173478565216065,
0.00766074657440186,0.0059689998626709),(0.0173478565216065,0.0105472545623779,
0.00215899991989136),(0.0173478565216065,0.0105472545623779,0.0059689998626709),
(0.017351842880249,0.00774108362197876,0.00215899991989136),(0.017351842880249,
0.00774108362197876,0.0059689998626709),(0.017351842880249,0.0104669160842895,
0.00215899991989136),(0.017351842880249,0.0104669160842895,0.0059689998626709),
(0.0173565998077393,0.00758078670501709,0.00215899991989136),(0.0173565998077393,
0.00758078670501709,0.0059689998626709),(0.0173565998077393,0.0106272144317627,
0.00215899991989136),(0.0173565998077393,0.0106272144317627,0.0059689998626709),
(0.0173569450378418,0.010435359954834,0.00215899991989136),(0.0173660659790039,
0.00782051038742065,0.),(0.0173660659790039,0.00782051038742065,0.00215899991989136),
(0.0173660659790039,0.010387490272522,0.00215899991989136),(0.0173660659790039,
0.010387490272522,0.),(0.0173778553009033,0.00750320911407471,0.00215899991989136),
(0.0173778553009033,0.00750320911407471,0.0059689998626709),(0.0173778553009033,
0.0107047920227051,0.00215899991989136),(0.0173778553009033,0.0107047920227051,
0.0059689998626709),(0.0173789043426514,0.00781683254241943,0.00215899991989136),
(0.0173789043426514,0.00781683254241943,0.0059689998626709),(0.0173789043426514,
0.0103911685943603,0.00215899991989136),(0.0173789043426514,0.0103911685943603,
0.0059689998626709),(0.0174110908508301,0.00742995929718018,0.00215899991989136),
(0.0174110908508301,0.00742995929718018,0.0059689998626709),(0.0174110908508301,
0.0107780418395996,0.00215899991989136),(0.0174110908508301,0.0107780418395996,
0.0059689998626709),(0.0174175815582275,0.00788735961914063,0.00215899991989136),
(0.0174175815582275,0.00788735961914063,0.0059689998626709),(0.0174175815582275,
0.0103206415176392,0.00215899991989136),(0.0174175815582275,0.0103206415176392,
0.0059689998626709),(0.0174554691314698,0.00736287307739258,0.00215899991989136),
(0.0174554691314698,0.00736287307739258,0.0059689998626709),(0.0174554691314698,
0.0108451271057129,0.00215899991989136),(0.0174554691314698,0.0108451271057129,
0.0059689998626709),(0.0174669055938721,0.00795089721679688,0.00215899991989136),
(0.0174669055938721,0.00795089721679688,0.0059689998626709),(0.0174669055938721,
0.0102571039199829,0.00215899991989136),(0.0174669055938721,0.0102571039199829,
0.0059689998626709),(0.0174717502593994,0.00867399787902832,0.),(0.0174717502593994,
0.00867399787902832,0.00215899991989136),(0.0174717502593994,0.00953400325775147,
0.),(0.0174717502593994,0.00953400325775147,0.00215899991989136),(0.0174850006103515,
0.00910400009155274,0.),(0.0175098819732666,0.00730363321304321,0.00215899991989136),
(0.0175098819732666,0.00730363321304321,0.0059689998626709),(0.0175098819732666,
0.0109043684005737,0.00215899991989136),(0.0175098819732666,0.0109043684005737,
0.0059689998626709),(0.0175256423950195,0.0080058536529541,0.00215899991989136),
(0.0175256423950195,0.0080058536529541,0.0059689998626709),(0.0175256423950195,
0.0102021474838257,0.00215899991989136),(0.0175256423950195,0.0102021474838257,
0.0059689998626709),(0.017572961807251,0.00725372409820557,0.00215899991989136),
(0.017572961807251,0.00725372409820557,0.0059689998626709),(0.017572961807251,
0.0109542770385742,0.00215899991989136),(0.017572961807251,0.0109542770385742,
0.0059689998626709),(0.0175923156738282,0.00805084991455078,0.00215899991989136),
(0.0175923156738282,0.00805084991455078,0.0059689998626709),(0.0175923156738282,
0.010157151222229,0.00215899991989136),(0.0175923156738282,0.010157151222229,
0.0059689998626709),(0.0176652565002441,0.00808475685119629,0.00215899991989136),
(0.0176652565002441,0.00808475685119629,0.0059689998626709),(0.0176652565002441,
0.0101232433319092,0.00215899991989136),(0.0176652565002441,0.0101232433319092,
0.0059689998626709),(0.0177426338195801,0.00810672760009766,0.00215899991989136),
(0.0177426338195801,0.00810672760009766,0.0059689998626709),(0.0177426338195801,
0.0101012735366821,0.00215899991989136),(0.0177426338195801,0.0101012735366821,
0.0059689998626709),(0.0182632789611816,0.00512344598770142,0.00215899991989136),
(0.0182632789611816,0.00512344598770142,0.0059689998626709),(0.0182632789611816,
0.0130845546722412,0.00215899991989136),(0.0182632789611816,0.0130845546722412,
0.0059689998626709),(0.0183498611450196,0.00511392974853516,0.00215899991989136),
(0.0183498611450196,0.00511392974853516,0.0059689998626709),(0.0183498611450196,
0.0130940713882446,0.00215899991989136),(0.0183498611450196,0.0130940713882446,
0.0059689998626709),(0.0184367961883545,0.00511934518814087,0.00215899991989136),
(0.0184367961883545,0.00511934518814087,0.0059689998626709),(0.0184367961883545,
0.0130886554718018,0.00215899991989136),(0.0184367961883545,0.0130886554718018,
0.0059689998626709),(0.0185215282440186,0.0051395320892334,0.00215899991989136),
(0.0185215282440186,0.0051395320892334,0.0059689998626709),(0.0185215282440186,
0.0130684690475464,0.00215899991989136),(0.0185215282440186,0.0130684690475464,
0.0059689998626709),(0.0186015663146973,0.00517389726638794,0.00215899991989136),
(0.0186015663146973,0.00517389726638794,0.0059689998626709),(0.0186015663146973,
0.0130341033935547,0.00215899991989136),(0.0186015663146973,0.0130341033935547,
0.0059689998626709),(0.0186745586395263,0.00522143077850342,0.00215899991989136),
(0.0186745586395263,0.00522143077850342,0.0059689998626709),(0.0186745586395263,
0.0129865703582764,0.00215899991989136),(0.0186745586395263,0.0129865703582764,
0.0059689998626709),(0.0187383556365967,0.00528073501586914,0.00215899991989136),
(0.0187383556365967,0.00528073501586914,0.0059689998626709),(0.0187383556365967,
0.0129272661209106,0.00215899991989136),(0.0187383556365967,0.0129272661209106,
0.0059689998626709),(0.0187910842895508,0.00535006523132324,0.00215899991989136),
(0.0187910842895508,0.00535006523132324,0.0059689998626709),(0.0187910842895508,
0.0128579349517822,0.00215899991989136),(0.0187910842895508,0.0128579349517822,
0.0059689998626709),(0.0188041439056396,0.00642921018600464,0.00215899991989136),
(0.0188041439056396,0.00642921018600464,0.0059689998626709),(0.0188041439056396,
0.011778790473938,0.00215899991989136),(0.0188041439056396,0.011778790473938,
0.0059689998626709),(0.0188311939239502,0.00542738485336304,0.00215899991989136),
(0.0188311939239502,0.00542738485336304,0.0059689998626709),(0.0188311939239502,
0.0127806158065796,0.00215899991989136),(0.0188311939239502,0.0127806158065796,
0.0059689998626709),(0.0188720970153809,0.00637471580505371,0.00215899991989136),
(0.0188720970153809,0.00637471580505371,0.0059689998626709),(0.0188720970153809,
0.0118332853317261,0.00215899991989136),(0.0188720970153809,0.0118332853317261,
0.0059689998626709),(0.0189297389984131,0.00630941438674927,0.00215899991989136),
(0.0189297389984131,0.00630941438674927,0.0059689998626709),(0.0189297389984131,
0.0118985862731934,0.00215899991989136),(0.0189297389984131,0.0118985862731934,
0.0059689998626709),(0.0189753799438476,0.00623522520065308,0.00215899991989136),
(0.0189753799438476,0.00623522520065308,0.0059689998626709),(0.0189753799438476,
0.0119727754592895,0.00215899991989136),(0.0189753799438476,0.0119727754592895,
0.0059689998626709),(0.0189908027648926,0.00581271553039551,0.00215899991989136),
(0.0189908027648926,0.00581271553039551,0.0059689998626709),(0.0189908027648926,
0.01239528465271,0.00215899991989136),(0.0189908027648926,0.01239528465271,
0.0059689998626709),(0.0190076751708984,0.00615432929992676,0.00215899991989136),
(0.0190076751708984,0.00615432929992676,0.0059689998626709),(0.0190076751708984,
0.0120536708831787,0.00215899991989136),(0.0190076751708984,0.0120536708831787,
0.0059689998626709),(0.0190171146392823,0.00589575052261353,0.00215899991989136),
(0.0190171146392823,0.00589575052261353,0.0059689998626709),(0.0190171146392823,
0.0123122501373291,0.00215899991989136),(0.0190171146392823,0.0123122501373291,
0.0059689998626709),(0.0190256767272949,0.00606910610198975,0.00215899991989136),
(0.0190256767272949,0.00606910610198975,0.0059689998626709),(0.0190256767272949,
0.01213889503479,0.00215899991989136),(0.0190256767272949,0.01213889503479,
0.0059689998626709),(0.0190288543701172,0.00598205995559692,0.00215899991989136),
(0.0190288543701172,0.00598205995559693,0.0059689998626709),(0.0190288543701172,
0.0122259407043457,0.00215899991989136),(0.0190288543701172,0.0122259407043457,
0.0059689998626709),(0.0191956272125244,0.00839732551574707,0.00215899991989136),
(0.0191956272125244,0.00839732551574707,0.0059689998626709),(0.0191956272125244,
0.0098106746673584,0.00215899991989136),(0.0191956272125244,0.0098106746673584,
0.0059689998626709),(0.019279260635376,0.00842166805267334,0.00215899991989136),
(0.019279260635376,0.00842166805267334,0.0059689998626709),(0.019279260635376,
0.00978633308410645,0.00215899991989136),(0.019279260635376,0.00978633308410645,
0.0059689998626709),(0.0193575057983398,0.00845993995666504,0.00215899991989136),
(0.0193575057983398,0.00845993995666504,0.0059689998626709),(0.0193575057983398,
0.00974806118011475,0.00215899991989136),(0.0193575057983398,0.00974806118011475,
0.0059689998626709),(0.0194280624389648,0.00851101589202881,0.00215899991989136),
(0.0194280624389648,0.00851101589202881,0.0059689998626709),(0.0194280624389648,
0.00969698429107666,0.00215899991989136),(0.0194280624389648,0.00969698429107666,
0.0059689998626709),(0.0194888572692871,0.00857339382171631,0.00215899991989136),
(0.0194888572692871,0.00857339382171631,0.0059689998626709),(0.0194888572692871,
0.00963460636138916,0.00215899991989136),(0.0194888572692871,0.00963460636138916,
0.0059689998626709),(0.0195381031036377,0.00864524173736572,0.00215899991989136),
(0.0195381031036377,0.00864524173736572,0.0059689998626709),(0.0195381031036377,
0.00956275844573975,0.00215899991989136),(0.0195381031036377,0.00956275844573975,
0.0059689998626709),(0.0195743484497071,0.00872444534301758,0.00215899991989136),
(0.0195743484497071,0.00872444534301758,0.0059689998626709),(0.0195743484497071,
0.00948355579376221,0.00215899991989136),(0.0195743484497071,0.00948355579376221,
0.0059689998626709),(0.0195965328216553,0.00880867767333984,0.00215899991989136),
(0.0195965328216553,0.00880867767333984,0.0059689998626709),(0.0195965328216553,
0.00939932250976563,0.00215899991989136),(0.0195965328216553,0.00939932250976563,
0.0059689998626709),(0.0196040019989013,0.00889546012878418,0.00215899991989136),
(0.0196040019989013,0.00889546012878418,0.0059689998626709),(0.0196040019989013,
0.00931254005432129,0.00215899991989136),(0.0196040019989013,0.00931254005432129,
0.0059689998626709)));
#29=TESSELLATED_SHELL('Part 1',(#27),$);
#30=SHAPE_DEFINITION_REPRESENTATION(#42,#31);
#31=SHAPE_REPRESENTATION('Part 1',(#32),#37);
#32=AXIS2_PLACEMENT_3D('',#35,#33,#34);
#33=DIRECTION('',(0.,0.,1.));
#34=DIRECTION('',(1.,0.,0.));
#35=CARTESIAN_POINT('',(0.,0.,0.));
#36=MECHANICAL_DESIGN_GEOMETRIC_PRESENTATION_REPRESENTATION('',(#12,#13),
#37);
#37=(
GEOMETRIC_REPRESENTATION_CONTEXT(3)
GLOBAL_UNCERTAINTY_ASSIGNED_CONTEXT((#38))
GLOBAL_UNIT_ASSIGNED_CONTEXT((#41,#40,#39))
REPRESENTATION_CONTEXT('Part 1','TOP_LEVEL_ASSEMBLY_PART')
);
#38=UNCERTAINTY_MEASURE_WITH_UNIT(LENGTH_MEASURE(1.E-8),#41,
'DISTANCE_ACCURACY_VALUE','Maximum Tolerance applied to model');
#39=(
NAMED_UNIT(*)
SI_UNIT($,.STERADIAN.)
SOLID_ANGLE_UNIT()
);
#40=(
NAMED_UNIT(*)
PLANE_ANGLE_UNIT()
SI_UNIT($,.RADIAN.)
);
#41=(
LENGTH_UNIT()
NAMED_UNIT(*)
SI_UNIT($,.METRE.)
);
#42=PRODUCT_DEFINITION_SHAPE('','',#43);
#43=PRODUCT_DEFINITION('','',#45,#44);
#44=PRODUCT_DEFINITION_CONTEXT('',#51,'design');
#45=PRODUCT_DEFINITION_FORMATION_WITH_SPECIFIED_SOURCE('','',#47,
 .NOT_KNOWN.);
#46=PRODUCT_RELATED_PRODUCT_CATEGORY('','',(#47));
#47=PRODUCT('Part 1','Part 1','Part 1',(#49));
#48=PRODUCT_CATEGORY('','');
#49=PRODUCT_CONTEXT('',#51,'mechanical');
#50=APPLICATION_PROTOCOL_DEFINITION('international standard',
'ap242_managed_model_based_3d_engineering',2020,#51);
#51=APPLICATION_CONTEXT('managed model based 3d engineering');
ENDSEC;
END-ISO-10303-21;
