ISO-10303-21;
HEADER;
/* Generated by software containing ST-Developer
 * from STEP Tools, Inc. (www.steptools.com) 
 */
/* OPTION: using custom renumber hook */

FILE_DESCRIPTION(
/* description */ ('STEP AP242 Edition 2',
'CAx-IF Rec.Pracs.---Representation and Presentation of Product Manufa
cturing Information (PMI)---4.0---2014-10-13',
'CAx-IF Rec.Pracs.---3D Tessellated Geometry---0.4---2014-09-14','2;1',
'CAx-IF Rec.Pracs.---User Defined Attributes---1.5---2016-08-15'),
/* implementation_level */ '2;1');

FILE_NAME(
/* name */ 'Stamper Casing',
/* time_stamp */ '2026-06-13T20:32:00Z',
/* author */ (''),
/* organization */ (''),
/* preprocessor_version */ 'ST-DEVELOPER v20',
/* originating_system */ 'ONSHAPE BY PTC INC, 1.216',
/* authorisation */ '  ');

FILE_SCHEMA (('AP242_MANAGED_MODEL_BASED_3D_ENGINEERING_MIM_LF { 1 0 10303 442 3 1 4 }'));
ENDSEC;

DATA;
#10=SHAPE_REPRESENTATION_RELATIONSHIP('','',#1246,#11);
#11=ADVANCED_BREP_SHAPE_REPRESENTATION('',(#1244),#3358);
#12=CYLINDRICAL_SURFACE('',#1293,0.0015);
#13=CYLINDRICAL_SURFACE('',#1294,0.0015);
#14=CYLINDRICAL_SURFACE('',#1295,0.0015);
#15=CYLINDRICAL_SURFACE('',#1296,0.0015);
#16=CYLINDRICAL_SURFACE('',#1297,0.0015);
#17=CYLINDRICAL_SURFACE('',#1298,0.0015);
#18=B_SPLINE_SURFACE_WITH_KNOTS('',3,1,((#2006,#2007),(#2008,#2009),(#2010,
#2011),(#2012,#2013)),.SURF_OF_LINEAR_EXTRUSION.,.F.,.F.,.F.,(4,4),(2,2),
(-1.99375549379776E-5,1.),(0.,1.),.PIECEWISE_BEZIER_KNOTS.);
#19=B_SPLINE_SURFACE_WITH_KNOTS('',3,1,((#2022,#2023),(#2024,#2025),(#2026,
#2027),(#2028,#2029)),.SURF_OF_LINEAR_EXTRUSION.,.F.,.F.,.F.,(4,4),(2,2),
(-2.02800001605123E-15,1.00000000000001),(0.,1.),
 .PIECEWISE_BEZIER_KNOTS.);
#20=B_SPLINE_SURFACE_WITH_KNOTS('',3,1,((#2128,#2129),(#2130,#2131),(#2132,
#2133),(#2134,#2135)),.SURF_OF_LINEAR_EXTRUSION.,.F.,.F.,.F.,(4,4),(2,2),
(-5.27689091081582E-16,0.999999999999999),(0.,1.),
 .PIECEWISE_BEZIER_KNOTS.);
#21=B_SPLINE_SURFACE_WITH_KNOTS('',2,3,((#2173,#2174,#2175,#2176,#2177,
#2178,#2179,#2180,#2181,#2182,#2183,#2184,#2185,#2186,#2187,#2188,#2189,
#2190),(#2191,#2192,#2193,#2194,#2195,#2196,#2197,#2198,#2199,#2200,#2201,
#2202,#2203,#2204,#2205,#2206,#2207,#2208),(#2209,#2210,#2211,#2212,#2213,
#2214,#2215,#2216,#2217,#2218,#2219,#2220,#2221,#2222,#2223,#2224,#2225,
#2226)),.UNSPECIFIED.,.F.,.T.,.F.,(3,3),(4,2,2,2,2,2,2,2,4),(0.,1.),(0.,
0.785398163397448,1.5707963267949,2.35619449019234,3.1415926535898,3.92699081698724,
4.71238898038469,5.49778714378214,6.28318530717959),.UNSPECIFIED.);
#22=B_SPLINE_SURFACE_WITH_KNOTS('',2,3,((#2227,#2228,#2229,#2230,#2231,
#2232,#2233,#2234,#2235,#2236,#2237,#2238,#2239,#2240,#2241,#2242,#2243,
#2244),(#2245,#2246,#2247,#2248,#2249,#2250,#2251,#2252,#2253,#2254,#2255,
#2256,#2257,#2258,#2259,#2260,#2261,#2262),(#2263,#2264,#2265,#2266,#2267,
#2268,#2269,#2270,#2271,#2272,#2273,#2274,#2275,#2276,#2277,#2278,#2279,
#2280)),.UNSPECIFIED.,.F.,.T.,.F.,(3,3),(4,2,2,2,2,2,2,2,4),(0.,1.),(0.,
0.785398163397448,1.5707963267949,2.35619449019234,3.1415926535898,3.92699081698724,
4.71238898038469,5.49778714378214,6.28318530717959),.UNSPECIFIED.);
#23=B_SPLINE_SURFACE_WITH_KNOTS('',3,1,((#2281,#2282),(#2283,#2284),(#2285,
#2286),(#2287,#2288)),.SURF_OF_LINEAR_EXTRUSION.,.F.,.F.,.F.,(4,4),(2,2),
(-1.40392716834294E-14,1.00000000000001),(0.,1.),
 .PIECEWISE_BEZIER_KNOTS.);
#24=B_SPLINE_SURFACE_WITH_KNOTS('',3,1,((#2289,#2290),(#2291,#2292),(#2293,
#2294),(#2295,#2296)),.SURF_OF_LINEAR_EXTRUSION.,.F.,.F.,.F.,(4,4),(2,2),
(-1.9253153935252E-14,1.00000000000001),(0.,1.),
 .PIECEWISE_BEZIER_KNOTS.);
#25=B_SPLINE_SURFACE_WITH_KNOTS('',3,1,((#2297,#2298),(#2299,#2300),(#2301,
#2302),(#2303,#2304)),.SURF_OF_LINEAR_EXTRUSION.,.F.,.F.,.F.,(4,4),(2,2),
(-7.58837604529673E-15,0.999999999999999),(0.,1.),
 .PIECEWISE_BEZIER_KNOTS.);
#26=B_SPLINE_SURFACE_WITH_KNOTS('',3,1,((#2305,#2306),(#2307,#2308),(#2309,
#2310),(#2311,#2312)),.SURF_OF_LINEAR_EXTRUSION.,.F.,.F.,.F.,(4,4),(2,2),
(-5.6876981463717E-17,1.00000000000001),(0.,1.),
 .PIECEWISE_BEZIER_KNOTS.);
#27=B_SPLINE_SURFACE_WITH_KNOTS('',3,1,((#2313,#2314),(#2315,#2316),(#2317,
#2318),(#2319,#2320)),.SURF_OF_LINEAR_EXTRUSION.,.F.,.F.,.F.,(4,4),(2,2),
(-1.1070250097508E-14,1.00000000000001),(0.,1.),
 .PIECEWISE_BEZIER_KNOTS.);
#28=B_SPLINE_SURFACE_WITH_KNOTS('',3,1,((#2321,#2322),(#2323,#2324),(#2325,
#2326),(#2327,#2328)),.SURF_OF_LINEAR_EXTRUSION.,.F.,.F.,.F.,(4,4),(2,2),
(-8.50218230187044E-15,1.00000000000001),(0.,1.),
 .PIECEWISE_BEZIER_KNOTS.);
#29=B_SPLINE_SURFACE_WITH_KNOTS('',3,1,((#2329,#2330),(#2331,#2332),(#2333,
#2334),(#2335,#2336)),.SURF_OF_LINEAR_EXTRUSION.,.F.,.F.,.F.,(4,4),(2,2),
(2.51570011765343E-16,1.00000000000001),(0.,1.),
 .PIECEWISE_BEZIER_KNOTS.);
#30=B_SPLINE_SURFACE_WITH_KNOTS('',3,1,((#2337,#2338),(#2339,#2340),(#2341,
#2342),(#2343,#2344)),.SURF_OF_LINEAR_EXTRUSION.,.F.,.F.,.F.,(4,4),(2,2),
(1.45284561950329E-15,1.00000000000001),(0.,1.),
 .PIECEWISE_BEZIER_KNOTS.);
#31=B_SPLINE_SURFACE_WITH_KNOTS('',2,3,((#2397,#2398,#2399,#2400,#2401,
#2402,#2403,#2404,#2405,#2406,#2407,#2408,#2409,#2410,#2411,#2412,#2413,
#2414),(#2415,#2416,#2417,#2418,#2419,#2420,#2421,#2422,#2423,#2424,#2425,
#2426,#2427,#2428,#2429,#2430,#2431,#2432),(#2433,#2434,#2435,#2436,#2437,
#2438,#2439,#2440,#2441,#2442,#2443,#2444,#2445,#2446,#2447,#2448,#2449,
#2450)),.UNSPECIFIED.,.F.,.T.,.F.,(3,3),(4,2,2,2,2,2,2,2,4),(0.,1.),(0.,
0.785398163397448,1.5707963267949,2.35619449019234,3.1415926535898,3.92699081698724,
4.71238898038469,5.49778714378214,6.28318530717959),.UNSPECIFIED.);
#32=B_SPLINE_SURFACE_WITH_KNOTS('',2,3,((#2451,#2452,#2453,#2454,#2455,
#2456,#2457,#2458,#2459,#2460,#2461,#2462,#2463,#2464,#2465,#2466,#2467,
#2468),(#2469,#2470,#2471,#2472,#2473,#2474,#2475,#2476,#2477,#2478,#2479,
#2480,#2481,#2482,#2483,#2484,#2485,#2486),(#2487,#2488,#2489,#2490,#2491,
#2492,#2493,#2494,#2495,#2496,#2497,#2498,#2499,#2500,#2501,#2502,#2503,
#2504)),.UNSPECIFIED.,.F.,.T.,.F.,(3,3),(4,2,2,2,2,2,2,2,4),(0.,1.),(-6.28318530717959,
-5.49778714378214,-4.71238898038469,-3.92699081698724,-3.1415926535898,
-2.35619449019234,-1.5707963267949,-0.785398163397448,0.),.UNSPECIFIED.);
#33=B_SPLINE_SURFACE_WITH_KNOTS('',2,3,((#2505,#2506,#2507,#2508,#2509,
#2510,#2511,#2512,#2513,#2514,#2515,#2516,#2517,#2518,#2519,#2520,#2521,
#2522),(#2523,#2524,#2525,#2526,#2527,#2528,#2529,#2530,#2531,#2532,#2533,
#2534,#2535,#2536,#2537,#2538,#2539,#2540),(#2541,#2542,#2543,#2544,#2545,
#2546,#2547,#2548,#2549,#2550,#2551,#2552,#2553,#2554,#2555,#2556,#2557,
#2558)),.UNSPECIFIED.,.F.,.T.,.F.,(3,3),(4,2,2,2,2,2,2,2,4),(0.,1.),(-6.28318530717959,
-5.49778714378214,-4.71238898038469,-3.92699081698724,-3.1415926535898,
-2.35619449019234,-1.5707963267949,-0.785398163397448,0.),.UNSPECIFIED.);
#34=B_SPLINE_SURFACE_WITH_KNOTS('',2,3,((#2559,#2560,#2561,#2562,#2563,
#2564,#2565,#2566,#2567,#2568,#2569,#2570,#2571,#2572,#2573,#2574,#2575,
#2576),(#2577,#2578,#2579,#2580,#2581,#2582,#2583,#2584,#2585,#2586,#2587,
#2588,#2589,#2590,#2591,#2592,#2593,#2594),(#2595,#2596,#2597,#2598,#2599,
#2600,#2601,#2602,#2603,#2604,#2605,#2606,#2607,#2608,#2609,#2610,#2611,
#2612)),.UNSPECIFIED.,.F.,.T.,.F.,(3,3),(4,2,2,2,2,2,2,2,4),(0.,1.),(0.,
0.785398163397448,1.5707963267949,2.35619449019234,3.1415926535898,3.92699081698724,
4.71238898038469,5.49778714378214,6.28318530717959),.UNSPECIFIED.);
#35=B_SPLINE_SURFACE_WITH_KNOTS('',3,1,((#2613,#2614),(#2615,#2616),(#2617,
#2618),(#2619,#2620)),.SURF_OF_LINEAR_EXTRUSION.,.F.,.F.,.F.,(4,4),(2,2),
(-1.05279861236603E-15,1.),(0.,1.),.PIECEWISE_BEZIER_KNOTS.);
#36=B_SPLINE_SURFACE_WITH_KNOTS('',3,3,((#2643,#2644,#2645,#2646,#2647,
#2648,#2649,#2650,#2651,#2652),(#2653,#2654,#2655,#2656,#2657,#2658,#2659,
#2660,#2661,#2662),(#2663,#2664,#2665,#2666,#2667,#2668,#2669,#2670,#2671,
#2672),(#2673,#2674,#2675,#2676,#2677,#2678,#2679,#2680,#2681,#2682),(#2683,
#2684,#2685,#2686,#2687,#2688,#2689,#2690,#2691,#2692),(#2693,#2694,#2695,
#2696,#2697,#2698,#2699,#2700,#2701,#2702),(#2703,#2704,#2705,#2706,#2707,
#2708,#2709,#2710,#2711,#2712),(#2713,#2714,#2715,#2716,#2717,#2718,#2719,
#2720,#2721,#2722),(#2723,#2724,#2725,#2726,#2727,#2728,#2729,#2730,#2731,
#2732),(#2733,#2734,#2735,#2736,#2737,#2738,#2739,#2740,#2741,#2742),(#2743,
#2744,#2745,#2746,#2747,#2748,#2749,#2750,#2751,#2752),(#2753,#2754,#2755,
#2756,#2757,#2758,#2759,#2760,#2761,#2762),(#2763,#2764,#2765,#2766,#2767,
#2768,#2769,#2770,#2771,#2772),(#2773,#2774,#2775,#2776,#2777,#2778,#2779,
#2780,#2781,#2782),(#2783,#2784,#2785,#2786,#2787,#2788,#2789,#2790,#2791,
#2792),(#2793,#2794,#2795,#2796,#2797,#2798,#2799,#2800,#2801,#2802),(#2803,
#2804,#2805,#2806,#2807,#2808,#2809,#2810,#2811,#2812),(#2813,#2814,#2815,
#2816,#2817,#2818,#2819,#2820,#2821,#2822),(#2823,#2824,#2825,#2826,#2827,
#2828,#2829,#2830,#2831,#2832),(#2833,#2834,#2835,#2836,#2837,#2838,#2839,
#2840,#2841,#2842),(#2843,#2844,#2845,#2846,#2847,#2848,#2849,#2850,#2851,
#2852),(#2853,#2854,#2855,#2856,#2857,#2858,#2859,#2860,#2861,#2862),(#2863,
#2864,#2865,#2866,#2867,#2868,#2869,#2870,#2871,#2872),(#2873,#2874,#2875,
#2876,#2877,#2878,#2879,#2880,#2881,#2882),(#2883,#2884,#2885,#2886,#2887,
#2888,#2889,#2890,#2891,#2892),(#2893,#2894,#2895,#2896,#2897,#2898,#2899,
#2900,#2901,#2902),(#2903,#2904,#2905,#2906,#2907,#2908,#2909,#2910,#2911,
#2912),(#2913,#2914,#2915,#2916,#2917,#2918,#2919,#2920,#2921,#2922),(#2923,
#2924,#2925,#2926,#2927,#2928,#2929,#2930,#2931,#2932),(#2933,#2934,#2935,
#2936,#2937,#2938,#2939,#2940,#2941,#2942)),.UNSPECIFIED.,.F.,.F.,.F.,(4,
2,2,2,2,2,2,2,2,2,2,2,2,2,4),(4,2,2,2,4),(0.,0.121540806635306,0.182311209952959,
0.243081613270613,0.317848659924261,0.39261570657791,0.467382753231558,
0.542149799885207,0.604024847671683,0.665899895458159,0.727774943244635,
0.789649991031111,0.842237493273333,0.894824995515555,1.),(0.,0.25,0.5,
0.75,1.),.UNSPECIFIED.);
#37=B_SPLINE_SURFACE_WITH_KNOTS('',3,1,((#2965,#2966),(#2967,#2968),(#2969,
#2970),(#2971,#2972)),.SURF_OF_LINEAR_EXTRUSION.,.F.,.F.,.F.,(4,4),(2,2),
(-3.52244948519383E-16,0.999999999999999),(0.,1.),
 .PIECEWISE_BEZIER_KNOTS.);
#38=B_SPLINE_SURFACE_WITH_KNOTS('',3,1,((#2995,#2996),(#2997,#2998),(#2999,
#3000),(#3001,#3002)),.SURF_OF_LINEAR_EXTRUSION.,.F.,.F.,.F.,(4,4),(2,2),
(6.14498577771123E-16,1.),(0.,1.),.PIECEWISE_BEZIER_KNOTS.);
#39=B_SPLINE_SURFACE_WITH_KNOTS('',3,3,((#3025,#3026,#3027,#3028,#3029,
#3030,#3031,#3032,#3033,#3034),(#3035,#3036,#3037,#3038,#3039,#3040,#3041,
#3042,#3043,#3044),(#3045,#3046,#3047,#3048,#3049,#3050,#3051,#3052,#3053,
#3054),(#3055,#3056,#3057,#3058,#3059,#3060,#3061,#3062,#3063,#3064),(#3065,
#3066,#3067,#3068,#3069,#3070,#3071,#3072,#3073,#3074),(#3075,#3076,#3077,
#3078,#3079,#3080,#3081,#3082,#3083,#3084),(#3085,#3086,#3087,#3088,#3089,
#3090,#3091,#3092,#3093,#3094),(#3095,#3096,#3097,#3098,#3099,#3100,#3101,
#3102,#3103,#3104),(#3105,#3106,#3107,#3108,#3109,#3110,#3111,#3112,#3113,
#3114),(#3115,#3116,#3117,#3118,#3119,#3120,#3121,#3122,#3123,#3124),(#3125,
#3126,#3127,#3128,#3129,#3130,#3131,#3132,#3133,#3134),(#3135,#3136,#3137,
#3138,#3139,#3140,#3141,#3142,#3143,#3144),(#3145,#3146,#3147,#3148,#3149,
#3150,#3151,#3152,#3153,#3154),(#3155,#3156,#3157,#3158,#3159,#3160,#3161,
#3162,#3163,#3164),(#3165,#3166,#3167,#3168,#3169,#3170,#3171,#3172,#3173,
#3174),(#3175,#3176,#3177,#3178,#3179,#3180,#3181,#3182,#3183,#3184),(#3185,
#3186,#3187,#3188,#3189,#3190,#3191,#3192,#3193,#3194),(#3195,#3196,#3197,
#3198,#3199,#3200,#3201,#3202,#3203,#3204),(#3205,#3206,#3207,#3208,#3209,
#3210,#3211,#3212,#3213,#3214),(#3215,#3216,#3217,#3218,#3219,#3220,#3221,
#3222,#3223,#3224),(#3225,#3226,#3227,#3228,#3229,#3230,#3231,#3232,#3233,
#3234),(#3235,#3236,#3237,#3238,#3239,#3240,#3241,#3242,#3243,#3244),(#3245,
#3246,#3247,#3248,#3249,#3250,#3251,#3252,#3253,#3254),(#3255,#3256,#3257,
#3258,#3259,#3260,#3261,#3262,#3263,#3264),(#3265,#3266,#3267,#3268,#3269,
#3270,#3271,#3272,#3273,#3274),(#3275,#3276,#3277,#3278,#3279,#3280,#3281,
#3282,#3283,#3284),(#3285,#3286,#3287,#3288,#3289,#3290,#3291,#3292,#3293,
#3294),(#3295,#3296,#3297,#3298,#3299,#3300,#3301,#3302,#3303,#3304),(#3305,
#3306,#3307,#3308,#3309,#3310,#3311,#3312,#3313,#3314),(#3315,#3316,#3317,
#3318,#3319,#3320,#3321,#3322,#3323,#3324)),.UNSPECIFIED.,.F.,.F.,.F.,(4,
2,2,2,2,2,2,2,2,2,2,2,2,2,4),(4,2,2,2,4),(0.,0.121540806635331,0.182311209952996,
0.243081613270661,0.317848659924304,0.392615706577948,0.467382753231591,
0.542149799885234,0.604024847671722,0.665899895458211,0.727774943244699,
0.789649991031187,0.842237493273391,0.894824995515594,1.),(0.,0.25,0.5,
0.75,1.),.UNSPECIFIED.);
#40=B_SPLINE_SURFACE_WITH_KNOTS('',3,1,((#3325,#3326),(#3327,#3328),(#3329,
#3330),(#3331,#3332)),.SURF_OF_LINEAR_EXTRUSION.,.F.,.F.,.F.,(4,4),(2,2),
(-3.52558789557032E-16,1.),(0.,1.),.PIECEWISE_BEZIER_KNOTS.);
#41=B_SPLINE_SURFACE_WITH_KNOTS('',3,1,((#3337,#3338),(#3339,#3340),(#3341,
#3342),(#3343,#3344)),.SURF_OF_LINEAR_EXTRUSION.,.F.,.F.,.F.,(4,4),(2,2),
(-8.75565868564157E-16,1.),(0.,1.),.PIECEWISE_BEZIER_KNOTS.);
#42=B_SPLINE_SURFACE_WITH_KNOTS('',3,1,((#3349,#3350),(#3351,#3352),(#3353,
#3354),(#3355,#3356)),.SURF_OF_LINEAR_EXTRUSION.,.F.,.F.,.F.,(4,4),(2,2),
(-1.7983738001181E-15,1.),(0.,1.),.PIECEWISE_BEZIER_KNOTS.);
#43=CIRCLE('',#1252,0.0015);
#44=CIRCLE('',#1253,0.0015);
#45=CIRCLE('',#1255,0.0015);
#46=CIRCLE('',#1256,0.0015);
#47=CIRCLE('',#1269,0.0015);
#48=CIRCLE('',#1270,0.0015);
#49=B_SPLINE_CURVE_WITH_KNOTS('',3,(#1491,#1492,#1493,#1494),
 .UNSPECIFIED.,.F.,.F.,(4,4),(0.,1.),.UNSPECIFIED.);
#50=B_SPLINE_CURVE_WITH_KNOTS('',3,(#1512,#1513,#1514,#1515),
 .UNSPECIFIED.,.F.,.F.,(4,4),(0.,0.994791666666633),.UNSPECIFIED.);
#51=B_SPLINE_CURVE_WITH_KNOTS('',3,(#1517,#1518,#1519,#1520),
 .UNSPECIFIED.,.F.,.F.,(4,4),(0.,0.99997818281461),.UNSPECIFIED.);
#52=B_SPLINE_CURVE_WITH_KNOTS('',3,(#1522,#1523,#1524,#1525),
 .UNSPECIFIED.,.F.,.F.,(4,4),(0.,1.),.UNSPECIFIED.);
#53=B_SPLINE_CURVE_WITH_KNOTS('',3,(#1529,#1530,#1531,#1532),
 .UNSPECIFIED.,.F.,.F.,(4,4),(0.216609947677813,0.92),.UNSPECIFIED.);
#54=B_SPLINE_CURVE_WITH_KNOTS('',3,(#1535,#1536,#1537,#1538),
 .UNSPECIFIED.,.F.,.F.,(4,4),(0.,1.),.UNSPECIFIED.);
#55=B_SPLINE_CURVE_WITH_KNOTS('',3,(#1540,#1541,#1542,#1543),
 .UNSPECIFIED.,.F.,.F.,(4,4),(0.0800000000000004,0.783392506665784),
 .UNSPECIFIED.);
#56=B_SPLINE_CURVE_WITH_KNOTS('',3,(#1550,#1551,#1552,#1553),
 .UNSPECIFIED.,.F.,.F.,(4,4),(0.,1.),.UNSPECIFIED.);
#57=B_SPLINE_CURVE_WITH_KNOTS('',3,(#1557,#1558,#1559,#1560),
 .UNSPECIFIED.,.F.,.F.,(4,4),(0.,0.027266809378158),.UNSPECIFIED.);
#58=B_SPLINE_CURVE_WITH_KNOTS('',3,(#1566,#1567,#1568,#1569),
 .UNSPECIFIED.,.F.,.F.,(4,4),(0.,1.),.UNSPECIFIED.);
#59=B_SPLINE_CURVE_WITH_KNOTS('',3,(#1575,#1576,#1577,#1578),
 .UNSPECIFIED.,.F.,.F.,(4,4),(0.,1.),.UNSPECIFIED.);
#60=B_SPLINE_CURVE_WITH_KNOTS('',3,(#1586,#1587,#1588,#1589),
 .UNSPECIFIED.,.F.,.F.,(4,4),(0.,1.),.UNSPECIFIED.);
#61=B_SPLINE_CURVE_WITH_KNOTS('',3,(#1593,#1594,#1595,#1596),
 .UNSPECIFIED.,.F.,.F.,(4,4),(0.,1.),.UNSPECIFIED.);
#62=B_SPLINE_CURVE_WITH_KNOTS('',3,(#1602,#1603,#1604,#1605),
 .UNSPECIFIED.,.F.,.F.,(4,4),(0.,1.),.UNSPECIFIED.);
#63=B_SPLINE_CURVE_WITH_KNOTS('',3,(#1614,#1615,#1616,#1617),
 .UNSPECIFIED.,.F.,.F.,(4,4),(0.,1.),.UNSPECIFIED.);
#64=B_SPLINE_CURVE_WITH_KNOTS('',3,(#1621,#1622,#1623,#1624),
 .UNSPECIFIED.,.F.,.F.,(4,4),(0.,1.),.UNSPECIFIED.);
#65=B_SPLINE_CURVE_WITH_KNOTS('',3,(#1630,#1631,#1632,#1633),
 .UNSPECIFIED.,.F.,.F.,(4,4),(0.,1.),.UNSPECIFIED.);
#66=B_SPLINE_CURVE_WITH_KNOTS('',3,(#1637,#1638,#1639,#1640),
 .UNSPECIFIED.,.F.,.F.,(4,4),(0.,1.),.UNSPECIFIED.);
#67=B_SPLINE_CURVE_WITH_KNOTS('',3,(#1648,#1649,#1650,#1651),
 .UNSPECIFIED.,.F.,.F.,(4,4),(0.,1.),.UNSPECIFIED.);
#68=B_SPLINE_CURVE_WITH_KNOTS('',3,(#1655,#1656,#1657,#1658,#1659,#1660,
#1661,#1662,#1663,#1664,#1665,#1666,#1667,#1668,#1669,#1670,#1671,#1672,
#1673),.UNSPECIFIED.,.T.,.F.,(1,1,1,1,1,1,1,1,1,1,1,1,1,1,1,1,1,1,1,1,1,
1,1),(-0.190789473684211,-0.128289473684211,-0.0657894736842105,0.,0.059375,
0.12171875,0.1842109375,0.246710546875,0.30921052734375,0.371710526367187,
0.434210526318359,0.496710526315918,0.559210526315796,0.62171052631579,
0.684210526315789,0.746710526315789,0.809210526315789,0.871710526315789,
0.934210526315789,1.,1.059375,1.12171875,1.1842109375),.UNSPECIFIED.);
#69=B_SPLINE_CURVE_WITH_KNOTS('',3,(#1678,#1679,#1680,#1681),
 .UNSPECIFIED.,.F.,.F.,(4,4),(0.,1.),.UNSPECIFIED.);
#70=B_SPLINE_CURVE_WITH_KNOTS('',3,(#1689,#1690,#1691,#1692,#1693,#1694,
#1695,#1696,#1697,#1698,#1699,#1700,#1701,#1702,#1703,#1704,#1705,#1706,
#1707),.UNSPECIFIED.,.T.,.F.,(1,1,1,1,1,1,1,1,1,1,1,1,1,1,1,1,1,1,1,1,1,
1,1),(-0.190789473684211,-0.128289473684211,-0.0657894736842105,0.,0.059375,
0.12171875,0.1842109375,0.246710546875,0.30921052734375,0.371710526367187,
0.434210526318359,0.496710526315918,0.559210526315796,0.62171052631579,
0.684210526315789,0.746710526315789,0.809210526315789,0.871710526315789,
0.934210526315789,1.,1.059375,1.12171875,1.1842109375),.UNSPECIFIED.);
#71=B_SPLINE_CURVE_WITH_KNOTS('',3,(#1712,#1713,#1714,#1715),
 .UNSPECIFIED.,.F.,.F.,(4,4),(0.,1.),.UNSPECIFIED.);
#72=B_SPLINE_CURVE_WITH_KNOTS('',3,(#1723,#1724,#1725,#1726),
 .UNSPECIFIED.,.F.,.F.,(4,4),(0.,1.),.UNSPECIFIED.);
#73=B_SPLINE_CURVE_WITH_KNOTS('',3,(#1728,#1729,#1730,#1731,#1732,#1733,
#1734,#1735,#1736,#1737,#1738,#1739,#1740,#1741,#1742,#1743,#1744,#1745,
#1746),.UNSPECIFIED.,.T.,.F.,(1,1,1,1,1,1,1,1,1,1,1,1,1,1,1,1,1,1,1,1,1,
1,1),(-0.190789473684211,-0.128289473684211,-0.0657894736842105,0.,0.059375,
0.12171875,0.1842109375,0.246710546875,0.30921052734375,0.371710526367187,
0.434210526318359,0.496710526315918,0.559210526315796,0.62171052631579,
0.684210526315789,0.746710526315789,0.809210526315789,0.871710526315789,
0.934210526315789,1.,1.059375,1.12171875,1.1842109375),.UNSPECIFIED.);
#74=B_SPLINE_CURVE_WITH_KNOTS('',3,(#1751,#1752,#1753,#1754),
 .UNSPECIFIED.,.F.,.F.,(4,4),(0.,1.),.UNSPECIFIED.);
#75=B_SPLINE_CURVE_WITH_KNOTS('',3,(#1758,#1759,#1760,#1761),
 .UNSPECIFIED.,.F.,.F.,(4,4),(0.,1.),.UNSPECIFIED.);
#76=B_SPLINE_CURVE_WITH_KNOTS('',3,(#1767,#1768,#1769,#1770,#1771,#1772,
#1773,#1774,#1775,#1776,#1777,#1778,#1779,#1780,#1781,#1782,#1783,#1784,
#1785),.UNSPECIFIED.,.T.,.F.,(1,1,1,1,1,1,1,1,1,1,1,1,1,1,1,1,1,1,1,1,1,
1,1),(-0.190789473684211,-0.128289473684211,-0.0657894736842105,0.,0.059375,
0.12171875,0.1842109375,0.246710546875,0.30921052734375,0.371710526367187,
0.434210526318359,0.496710526315918,0.559210526315796,0.62171052631579,
0.684210526315789,0.746710526315789,0.809210526315789,0.871710526315789,
0.934210526315789,1.,1.059375,1.12171875,1.1842109375),.UNSPECIFIED.);
#77=B_SPLINE_CURVE_WITH_KNOTS('',3,(#1790,#1791,#1792,#1793),
 .UNSPECIFIED.,.F.,.F.,(4,4),(0.,1.),.UNSPECIFIED.);
#78=B_SPLINE_CURVE_WITH_KNOTS('',3,(#1804,#1805,#1806,#1807),
 .UNSPECIFIED.,.F.,.F.,(4,4),(0.,1.),.UNSPECIFIED.);
#79=B_SPLINE_CURVE_WITH_KNOTS('',3,(#1810,#1811,#1812,#1813),
 .UNSPECIFIED.,.F.,.F.,(4,4),(0.,1.),.UNSPECIFIED.);
#80=B_SPLINE_CURVE_WITH_KNOTS('',3,(#1816,#1817,#1818,#1819,#1820,#1821,
#1822,#1823,#1824),.UNSPECIFIED.,.F.,.F.,(4,1,1,1,1,1,4),(0.,0.00352557918434903,
0.00528836877652354,0.00705115836869805,0.00881394796087256,0.0105767375530471,
0.0141023167373961),.UNSPECIFIED.);
#81=B_SPLINE_CURVE_WITH_KNOTS('',3,(#1828,#1829,#1830,#1831,#1832,#1833,
#1834,#1835,#1836),.UNSPECIFIED.,.F.,.F.,(4,1,1,1,1,1,4),(0.,0.00352557918434904,
0.00528836877652356,0.00705115836869808,0.0088139479608726,0.0105767375530471,
0.0141023167373962),.UNSPECIFIED.);
#82=B_SPLINE_CURVE_WITH_KNOTS('',3,(#1839,#1840,#1841,#1842),
 .UNSPECIFIED.,.F.,.F.,(4,4),(0.,1.),.UNSPECIFIED.);
#83=B_SPLINE_CURVE_WITH_KNOTS('',3,(#1845,#1846,#1847,#1848),
 .UNSPECIFIED.,.F.,.F.,(4,4),(0.,1.),.UNSPECIFIED.);
#84=B_SPLINE_CURVE_WITH_KNOTS('',3,(#1850,#1851,#1852,#1853),
 .UNSPECIFIED.,.F.,.F.,(4,4),(0.,1.),.UNSPECIFIED.);
#85=B_SPLINE_CURVE_WITH_KNOTS('',3,(#1857,#1858,#1859,#1860),
 .UNSPECIFIED.,.F.,.F.,(4,4),(0.972733190621842,1.),.UNSPECIFIED.);
#86=B_SPLINE_CURVE_WITH_KNOTS('',3,(#1862,#1863,#1864,#1865),
 .UNSPECIFIED.,.F.,.F.,(4,4),(0.,1.),.UNSPECIFIED.);
#87=B_SPLINE_CURVE_WITH_KNOTS('',3,(#1867,#1868,#1869,#1870),
 .UNSPECIFIED.,.F.,.F.,(4,4),(0.0799999999999997,1.),.UNSPECIFIED.);
#88=B_SPLINE_CURVE_WITH_KNOTS('',3,(#1872,#1873,#1874,#1875),
 .UNSPECIFIED.,.F.,.F.,(4,4),(0.887249884388663,0.92),.UNSPECIFIED.);
#89=B_SPLINE_CURVE_WITH_KNOTS('',3,(#1877,#1878,#1879,#1880),
 .UNSPECIFIED.,.F.,.F.,(4,4),(0.,1.),.UNSPECIFIED.);
#90=B_SPLINE_CURVE_WITH_KNOTS('',3,(#1881,#1882,#1883,#1884),
 .UNSPECIFIED.,.F.,.F.,(4,4),(0.,0.214058520176707),.UNSPECIFIED.);
#91=B_SPLINE_CURVE_WITH_KNOTS('',3,(#1887,#1888,#1889,#1890,#1891,#1892,
#1893),.UNSPECIFIED.,.F.,.F.,(4,1,1,1,4),(0.,0.00323067747835905,0.0064613549567181,
0.00969203243507715,0.0129227099134362),.UNSPECIFIED.);
#92=B_SPLINE_CURVE_WITH_KNOTS('',3,(#1899,#1900,#1901,#1902,#1903,#1904,
#1905,#1906,#1907,#1908,#1909,#1910,#1911,#1912,#1913,#1914,#1915,#1916,
#1917),.UNSPECIFIED.,.T.,.F.,(1,1,1,1,1,1,1,1,1,1,1,1,1,1,1,1,1,1,1,1,1,
1,1),(-0.190789473684211,-0.128289473684211,-0.0657894736842105,0.,0.059375,
0.12171875,0.1842109375,0.246710546875,0.30921052734375,0.371710526367187,
0.434210526318359,0.496710526315918,0.559210526315796,0.62171052631579,
0.684210526315789,0.746710526315789,0.809210526315789,0.871710526315789,
0.934210526315789,1.,1.059375,1.12171875,1.1842109375),.UNSPECIFIED.);
#93=B_SPLINE_CURVE_WITH_KNOTS('',3,(#1919,#1920,#1921,#1922,#1923,#1924,
#1925,#1926,#1927,#1928,#1929,#1930,#1931,#1932,#1933,#1934,#1935,#1936,
#1937),.UNSPECIFIED.,.T.,.F.,(1,1,1,1,1,1,1,1,1,1,1,1,1,1,1,1,1,1,1,1,1,
1,1),(-0.190789473684211,-0.128289473684211,-0.0657894736842105,0.,0.059375,
0.12171875,0.1842109375,0.246710546875,0.30921052734375,0.371710526367187,
0.434210526318359,0.496710526315918,0.559210526315796,0.62171052631579,
0.684210526315789,0.746710526315789,0.809210526315789,0.871710526315789,
0.934210526315789,1.,1.059375,1.12171875,1.1842109375),.UNSPECIFIED.);
#94=B_SPLINE_CURVE_WITH_KNOTS('',3,(#1939,#1940,#1941,#1942),
 .UNSPECIFIED.,.F.,.F.,(4,4),(0.0376623376623378,0.962337662337662),
 .UNSPECIFIED.);
#95=B_SPLINE_CURVE_WITH_KNOTS('',3,(#1945,#1946,#1947,#1948),
 .UNSPECIFIED.,.F.,.F.,(4,4),(0.0707317073170732,1.),.UNSPECIFIED.);
#96=B_SPLINE_CURVE_WITH_KNOTS('',3,(#1949,#1950,#1951,#1952),
 .UNSPECIFIED.,.F.,.F.,(4,4),(0.,0.929268292682927),.UNSPECIFIED.);
#97=B_SPLINE_CURVE_WITH_KNOTS('',3,(#1954,#1955,#1956,#1957),
 .UNSPECIFIED.,.F.,.F.,(4,4),(0.,1.),.UNSPECIFIED.);
#98=B_SPLINE_CURVE_WITH_KNOTS('',3,(#1967,#1968,#1969,#1970),
 .UNSPECIFIED.,.F.,.F.,(4,4),(0.,1.),.UNSPECIFIED.);
#99=B_SPLINE_CURVE_WITH_KNOTS('',3,(#1975,#1976,#1977,#1978,#1979,#1980,
#1981),.UNSPECIFIED.,.F.,.F.,(4,1,1,1,4),(0.,0.00323067747835908,0.00646135495671816,
0.00969203243507723,0.0129227099134363),.UNSPECIFIED.);
#100=B_SPLINE_CURVE_WITH_KNOTS('',3,(#1992,#1993,#1994,#1995),
 .UNSPECIFIED.,.F.,.F.,(4,4),(0.,1.),.UNSPECIFIED.);
#101=B_SPLINE_CURVE_WITH_KNOTS('',3,(#1998,#1999,#2000,#2001),
 .UNSPECIFIED.,.F.,.F.,(4,4),(0.,1.),.UNSPECIFIED.);
#102=B_SPLINE_CURVE_WITH_KNOTS('',3,(#2002,#2003,#2004,#2005),
 .UNSPECIFIED.,.F.,.F.,(4,4),(0.,1.),.UNSPECIFIED.);
#103=B_SPLINE_CURVE_WITH_KNOTS('',3,(#2014,#2015,#2016,#2017),
 .UNSPECIFIED.,.F.,.F.,(4,4),(0.,1.),.UNSPECIFIED.);
#104=B_SPLINE_CURVE_WITH_KNOTS('',3,(#2018,#2019,#2020,#2021),
 .UNSPECIFIED.,.F.,.F.,(4,4),(0.,1.),.UNSPECIFIED.);
#105=B_SPLINE_CURVE_WITH_KNOTS('',3,(#2030,#2031,#2032,#2033),
 .UNSPECIFIED.,.F.,.F.,(4,4),(0.,1.),.UNSPECIFIED.);
#106=B_SPLINE_CURVE_WITH_KNOTS('',3,(#2036,#2037,#2038,#2039),
 .UNSPECIFIED.,.F.,.F.,(4,4),(0.,1.),.UNSPECIFIED.);
#107=B_SPLINE_CURVE_WITH_KNOTS('',3,(#2042,#2043,#2044,#2045),
 .UNSPECIFIED.,.F.,.F.,(4,4),(0.,1.),.UNSPECIFIED.);
#108=B_SPLINE_CURVE_WITH_KNOTS('',3,(#2047,#2048,#2049,#2050),
 .UNSPECIFIED.,.F.,.F.,(4,4),(0.,1.),.UNSPECIFIED.);
#109=B_SPLINE_CURVE_WITH_KNOTS('',3,(#2052,#2053,#2054,#2055),
 .UNSPECIFIED.,.F.,.F.,(4,4),(0.,1.),.UNSPECIFIED.);
#110=B_SPLINE_CURVE_WITH_KNOTS('',3,(#2056,#2057,#2058,#2059),
 .UNSPECIFIED.,.F.,.F.,(4,4),(0.,1.),.UNSPECIFIED.);
#111=B_SPLINE_CURVE_WITH_KNOTS('',3,(#2061,#2062,#2063,#2064),
 .UNSPECIFIED.,.F.,.F.,(4,4),(0.,1.),.UNSPECIFIED.);
#112=B_SPLINE_CURVE_WITH_KNOTS('',3,(#2065,#2066,#2067,#2068),
 .UNSPECIFIED.,.F.,.F.,(4,4),(0.,1.),.UNSPECIFIED.);
#113=B_SPLINE_CURVE_WITH_KNOTS('',3,(#2070,#2071,#2072,#2073),
 .UNSPECIFIED.,.F.,.F.,(4,4),(0.,1.),.UNSPECIFIED.);
#114=B_SPLINE_CURVE_WITH_KNOTS('',3,(#2075,#2076,#2077,#2078),
 .UNSPECIFIED.,.F.,.F.,(4,4),(0.,1.),.UNSPECIFIED.);
#115=B_SPLINE_CURVE_WITH_KNOTS('',3,(#2080,#2081,#2082,#2083),
 .UNSPECIFIED.,.F.,.F.,(4,4),(0.,1.),.UNSPECIFIED.);
#116=B_SPLINE_CURVE_WITH_KNOTS('',3,(#2091,#2092,#2093,#2094),
 .UNSPECIFIED.,.F.,.F.,(4,4),(0.,1.),.UNSPECIFIED.);
#117=B_SPLINE_CURVE_WITH_KNOTS('',3,(#2097,#2098,#2099,#2100),
 .UNSPECIFIED.,.F.,.F.,(4,4),(0.,1.),.UNSPECIFIED.);
#118=B_SPLINE_CURVE_WITH_KNOTS('',3,(#2104,#2105,#2106,#2107),
 .UNSPECIFIED.,.F.,.F.,(4,4),(0.,1.),.UNSPECIFIED.);
#119=B_SPLINE_CURVE_WITH_KNOTS('',3,(#2112,#2113,#2114,#2115),
 .UNSPECIFIED.,.F.,.F.,(4,4),(0.,1.),.UNSPECIFIED.);
#120=B_SPLINE_CURVE_WITH_KNOTS('',3,(#2117,#2118,#2119,#2120),
 .UNSPECIFIED.,.F.,.F.,(4,4),(0.,1.),.UNSPECIFIED.);
#121=B_SPLINE_CURVE_WITH_KNOTS('',3,(#2123,#2124,#2125,#2126),
 .UNSPECIFIED.,.F.,.F.,(4,4),(0.,1.),.UNSPECIFIED.);
#122=B_SPLINE_CURVE_WITH_KNOTS('',3,(#2148,#2149,#2150,#2151,#2152,#2153,
#2154,#2155,#2156,#2157,#2158),.UNSPECIFIED.,.T.,.F.,(1,1,1,1,1,1,1,1,1,
1,1,1,1,1,1),(-0.375,-0.25,-0.125,0.,0.125,0.25,0.375,0.5,0.625,0.75,0.875,
1.,1.125,1.25,1.375),.UNSPECIFIED.);
#123=B_SPLINE_CURVE_WITH_KNOTS('',3,(#2161,#2162,#2163,#2164,#2165,#2166,
#2167,#2168,#2169,#2170,#2171),.UNSPECIFIED.,.T.,.F.,(1,1,1,1,1,1,1,1,1,
1,1,1,1,1,1),(-0.375,-0.25,-0.125,0.,0.125,0.25,0.375,0.5,0.625,0.75,0.875,
1.,1.125,1.25,1.375),.UNSPECIFIED.);
#124=B_SPLINE_CURVE_WITH_KNOTS('',3,(#2346,#2347,#2348,#2349,#2350,#2351,
#2352,#2353,#2354,#2355,#2356),.UNSPECIFIED.,.T.,.F.,(1,1,1,1,1,1,1,1,1,
1,1,1,1,1,1),(-0.375,-0.25,-0.125,0.,0.125,0.25,0.375,0.5,0.625,0.75,0.875,
1.,1.125,1.25,1.375),.UNSPECIFIED.);
#125=B_SPLINE_CURVE_WITH_KNOTS('',3,(#2359,#2360,#2361,#2362,#2363,#2364,
#2365,#2366,#2367,#2368,#2369),.UNSPECIFIED.,.T.,.F.,(1,1,1,1,1,1,1,1,1,
1,1,1,1,1,1),(-0.375,-0.25,-0.125,0.,0.125,0.25,0.375,0.5,0.625,0.75,0.875,
1.,1.125,1.25,1.375),.UNSPECIFIED.);
#126=B_SPLINE_CURVE_WITH_KNOTS('',3,(#2372,#2373,#2374,#2375,#2376,#2377,
#2378,#2379,#2380,#2381,#2382),.UNSPECIFIED.,.T.,.F.,(1,1,1,1,1,1,1,1,1,
1,1,1,1,1,1),(-0.375,-0.25,-0.125,0.,0.125,0.25,0.375,0.5,0.625,0.75,0.875,
1.,1.125,1.25,1.375),.UNSPECIFIED.);
#127=B_SPLINE_CURVE_WITH_KNOTS('',3,(#2385,#2386,#2387,#2388,#2389,#2390,
#2391,#2392,#2393,#2394,#2395),.UNSPECIFIED.,.T.,.F.,(1,1,1,1,1,1,1,1,1,
1,1,1,1,1,1),(-0.375,-0.25,-0.125,0.,0.125,0.25,0.375,0.5,0.625,0.75,0.875,
1.,1.125,1.25,1.375),.UNSPECIFIED.);
#128=B_SPLINE_CURVE_WITH_KNOTS('',3,(#2621,#2622,#2623,#2624,#2625,#2626,
#2627,#2628,#2629,#2630,#2631,#2632,#2633,#2634,#2635,#2636,#2637,#2638,
#2639,#2640,#2641,#2642),.UNSPECIFIED.,.F.,.F.,(4,1,1,1,1,1,1,1,1,1,1,1,
1,1,1,1,1,1,1,4),(0.,0.125,0.25,0.3125,0.34375,0.375,0.40625,0.4375,0.46875,
0.5,0.53125,0.5625,0.625,0.6875,0.71875,0.75,0.78125,0.8125,0.875,1.),
 .UNSPECIFIED.);
#129=B_SPLINE_CURVE_WITH_KNOTS('',3,(#2943,#2944,#2945,#2946,#2947,#2948,
#2949,#2950,#2951,#2952,#2953,#2954,#2955,#2956,#2957,#2958,#2959,#2960,
#2961,#2962,#2963,#2964),.UNSPECIFIED.,.F.,.F.,(4,1,1,1,1,1,1,1,1,1,1,1,
1,1,1,1,1,1,1,4),(0.,0.125,0.1875,0.21875,0.25,0.28125,0.3125,0.375,0.4375,
0.46875,0.5,0.53125,0.5625,0.59375,0.625,0.65625,0.6875,0.75,0.875,1.),
 .UNSPECIFIED.);
#130=B_SPLINE_CURVE_WITH_KNOTS('',3,(#2973,#2974,#2975,#2976,#2977,#2978,
#2979,#2980,#2981,#2982,#2983,#2984,#2985,#2986,#2987,#2988,#2989,#2990,
#2991,#2992,#2993,#2994),.UNSPECIFIED.,.F.,.F.,(4,1,1,1,1,1,1,1,1,1,1,1,
1,1,1,1,1,1,1,4),(0.,0.125,0.25,0.3125,0.34375,0.375,0.40625,0.4375,0.46875,
0.5,0.53125,0.5625,0.625,0.6875,0.71875,0.75,0.78125,0.8125,0.875,1.),
 .UNSPECIFIED.);
#131=B_SPLINE_CURVE_WITH_KNOTS('',3,(#3003,#3004,#3005,#3006,#3007,#3008,
#3009,#3010,#3011,#3012,#3013,#3014,#3015,#3016,#3017,#3018,#3019,#3020,
#3021,#3022,#3023,#3024),.UNSPECIFIED.,.F.,.F.,(4,1,1,1,1,1,1,1,1,1,1,1,
1,1,1,1,1,1,1,4),(0.,0.125,0.1875,0.21875,0.25,0.28125,0.3125,0.375,0.4375,
0.46875,0.5,0.53125,0.5625,0.59375,0.625,0.65625,0.6875,0.75,0.875,1.),
 .UNSPECIFIED.);
#132=B_SPLINE_CURVE_WITH_KNOTS('',3,(#3333,#3334,#3335,#3336),
 .UNSPECIFIED.,.F.,.F.,(4,4),(0.,1.),.UNSPECIFIED.);
#133=B_SPLINE_CURVE_WITH_KNOTS('',3,(#3345,#3346,#3347,#3348),
 .UNSPECIFIED.,.F.,.F.,(4,4),(0.,1.),.UNSPECIFIED.);
#134=ORIENTED_EDGE('',*,*,#482,.F.);
#135=ORIENTED_EDGE('',*,*,#483,.T.);
#136=ORIENTED_EDGE('',*,*,#484,.T.);
#137=ORIENTED_EDGE('',*,*,#485,.F.);
#138=ORIENTED_EDGE('',*,*,#486,.T.);
#139=ORIENTED_EDGE('',*,*,#487,.F.);
#140=ORIENTED_EDGE('',*,*,#488,.T.);
#141=ORIENTED_EDGE('',*,*,#489,.F.);
#142=ORIENTED_EDGE('',*,*,#490,.T.);
#143=ORIENTED_EDGE('',*,*,#491,.T.);
#144=ORIENTED_EDGE('',*,*,#492,.T.);
#145=ORIENTED_EDGE('',*,*,#493,.T.);
#146=ORIENTED_EDGE('',*,*,#494,.T.);
#147=ORIENTED_EDGE('',*,*,#495,.F.);
#148=ORIENTED_EDGE('',*,*,#496,.T.);
#149=ORIENTED_EDGE('',*,*,#497,.T.);
#150=ORIENTED_EDGE('',*,*,#498,.T.);
#151=ORIENTED_EDGE('',*,*,#499,.T.);
#152=ORIENTED_EDGE('',*,*,#500,.F.);
#153=ORIENTED_EDGE('',*,*,#501,.T.);
#154=ORIENTED_EDGE('',*,*,#502,.F.);
#155=ORIENTED_EDGE('',*,*,#503,.T.);
#156=ORIENTED_EDGE('',*,*,#504,.T.);
#157=ORIENTED_EDGE('',*,*,#505,.T.);
#158=ORIENTED_EDGE('',*,*,#502,.T.);
#159=ORIENTED_EDGE('',*,*,#506,.T.);
#160=ORIENTED_EDGE('',*,*,#507,.T.);
#161=ORIENTED_EDGE('',*,*,#508,.T.);
#162=ORIENTED_EDGE('',*,*,#509,.T.);
#163=ORIENTED_EDGE('',*,*,#510,.F.);
#164=ORIENTED_EDGE('',*,*,#511,.T.);
#165=ORIENTED_EDGE('',*,*,#512,.T.);
#166=ORIENTED_EDGE('',*,*,#513,.T.);
#167=ORIENTED_EDGE('',*,*,#514,.F.);
#168=ORIENTED_EDGE('',*,*,#515,.T.);
#169=ORIENTED_EDGE('',*,*,#516,.F.);
#170=ORIENTED_EDGE('',*,*,#517,.F.);
#171=ORIENTED_EDGE('',*,*,#518,.T.);
#172=ORIENTED_EDGE('',*,*,#519,.F.);
#173=ORIENTED_EDGE('',*,*,#520,.F.);
#174=ORIENTED_EDGE('',*,*,#521,.F.);
#175=ORIENTED_EDGE('',*,*,#522,.T.);
#176=ORIENTED_EDGE('',*,*,#523,.T.);
#177=ORIENTED_EDGE('',*,*,#524,.T.);
#178=ORIENTED_EDGE('',*,*,#525,.T.);
#179=ORIENTED_EDGE('',*,*,#526,.F.);
#180=ORIENTED_EDGE('',*,*,#527,.T.);
#181=ORIENTED_EDGE('',*,*,#528,.T.);
#182=ORIENTED_EDGE('',*,*,#529,.T.);
#183=ORIENTED_EDGE('',*,*,#530,.F.);
#184=ORIENTED_EDGE('',*,*,#531,.F.);
#185=ORIENTED_EDGE('',*,*,#532,.T.);
#186=ORIENTED_EDGE('',*,*,#533,.T.);
#187=ORIENTED_EDGE('',*,*,#534,.F.);
#188=ORIENTED_EDGE('',*,*,#535,.T.);
#189=ORIENTED_EDGE('',*,*,#536,.F.);
#190=ORIENTED_EDGE('',*,*,#537,.T.);
#191=ORIENTED_EDGE('',*,*,#538,.T.);
#192=ORIENTED_EDGE('',*,*,#539,.F.);
#193=ORIENTED_EDGE('',*,*,#540,.T.);
#194=ORIENTED_EDGE('',*,*,#541,.T.);
#195=ORIENTED_EDGE('',*,*,#542,.F.);
#196=ORIENTED_EDGE('',*,*,#543,.T.);
#197=ORIENTED_EDGE('',*,*,#544,.T.);
#198=ORIENTED_EDGE('',*,*,#545,.T.);
#199=ORIENTED_EDGE('',*,*,#546,.T.);
#200=ORIENTED_EDGE('',*,*,#547,.T.);
#201=ORIENTED_EDGE('',*,*,#548,.T.);
#202=ORIENTED_EDGE('',*,*,#549,.F.);
#203=ORIENTED_EDGE('',*,*,#550,.T.);
#204=ORIENTED_EDGE('',*,*,#551,.T.);
#205=ORIENTED_EDGE('',*,*,#552,.T.);
#206=ORIENTED_EDGE('',*,*,#553,.T.);
#207=ORIENTED_EDGE('',*,*,#554,.F.);
#208=ORIENTED_EDGE('',*,*,#555,.T.);
#209=ORIENTED_EDGE('',*,*,#556,.F.);
#210=ORIENTED_EDGE('',*,*,#557,.T.);
#211=ORIENTED_EDGE('',*,*,#558,.T.);
#212=ORIENTED_EDGE('',*,*,#559,.F.);
#213=ORIENTED_EDGE('',*,*,#560,.F.);
#214=ORIENTED_EDGE('',*,*,#561,.F.);
#215=ORIENTED_EDGE('',*,*,#562,.T.);
#216=ORIENTED_EDGE('',*,*,#563,.T.);
#217=ORIENTED_EDGE('',*,*,#516,.T.);
#218=ORIENTED_EDGE('',*,*,#564,.T.);
#219=ORIENTED_EDGE('',*,*,#546,.F.);
#220=ORIENTED_EDGE('',*,*,#565,.F.);
#221=ORIENTED_EDGE('',*,*,#566,.T.);
#222=ORIENTED_EDGE('',*,*,#567,.T.);
#223=ORIENTED_EDGE('',*,*,#568,.T.);
#224=ORIENTED_EDGE('',*,*,#569,.T.);
#225=ORIENTED_EDGE('',*,*,#553,.F.);
#226=ORIENTED_EDGE('',*,*,#570,.T.);
#227=ORIENTED_EDGE('',*,*,#526,.T.);
#228=ORIENTED_EDGE('',*,*,#571,.F.);
#229=ORIENTED_EDGE('',*,*,#572,.T.);
#230=ORIENTED_EDGE('',*,*,#523,.F.);
#231=ORIENTED_EDGE('',*,*,#573,.T.);
#232=ORIENTED_EDGE('',*,*,#574,.F.);
#233=ORIENTED_EDGE('',*,*,#575,.T.);
#234=ORIENTED_EDGE('',*,*,#563,.F.);
#235=ORIENTED_EDGE('',*,*,#576,.T.);
#236=ORIENTED_EDGE('',*,*,#577,.T.);
#237=ORIENTED_EDGE('',*,*,#517,.T.);
#238=ORIENTED_EDGE('',*,*,#578,.T.);
#239=ORIENTED_EDGE('',*,*,#579,.T.);
#240=ORIENTED_EDGE('',*,*,#571,.T.);
#241=ORIENTED_EDGE('',*,*,#525,.F.);
#242=ORIENTED_EDGE('',*,*,#580,.T.);
#243=ORIENTED_EDGE('',*,*,#581,.F.);
#244=ORIENTED_EDGE('',*,*,#582,.T.);
#245=ORIENTED_EDGE('',*,*,#583,.F.);
#246=ORIENTED_EDGE('',*,*,#584,.T.);
#247=ORIENTED_EDGE('',*,*,#585,.T.);
#248=ORIENTED_EDGE('',*,*,#586,.T.);
#249=ORIENTED_EDGE('',*,*,#587,.T.);
#250=ORIENTED_EDGE('',*,*,#588,.T.);
#251=ORIENTED_EDGE('',*,*,#561,.T.);
#252=ORIENTED_EDGE('',*,*,#589,.T.);
#253=ORIENTED_EDGE('',*,*,#484,.F.);
#254=ORIENTED_EDGE('',*,*,#590,.T.);
#255=ORIENTED_EDGE('',*,*,#565,.T.);
#256=ORIENTED_EDGE('',*,*,#545,.F.);
#257=ORIENTED_EDGE('',*,*,#591,.T.);
#258=ORIENTED_EDGE('',*,*,#511,.F.);
#259=ORIENTED_EDGE('',*,*,#592,.F.);
#260=ORIENTED_EDGE('',*,*,#540,.F.);
#261=ORIENTED_EDGE('',*,*,#593,.F.);
#262=ORIENTED_EDGE('',*,*,#488,.F.);
#263=ORIENTED_EDGE('',*,*,#594,.F.);
#264=ORIENTED_EDGE('',*,*,#595,.T.);
#265=ORIENTED_EDGE('',*,*,#596,.T.);
#266=ORIENTED_EDGE('',*,*,#569,.F.);
#267=ORIENTED_EDGE('',*,*,#597,.T.);
#268=ORIENTED_EDGE('',*,*,#482,.T.);
#269=ORIENTED_EDGE('',*,*,#598,.F.);
#270=ORIENTED_EDGE('',*,*,#599,.T.);
#271=ORIENTED_EDGE('',*,*,#600,.T.);
#272=ORIENTED_EDGE('',*,*,#601,.T.);
#273=ORIENTED_EDGE('',*,*,#602,.T.);
#274=ORIENTED_EDGE('',*,*,#559,.T.);
#275=ORIENTED_EDGE('',*,*,#603,.T.);
#276=ORIENTED_EDGE('',*,*,#531,.T.);
#277=ORIENTED_EDGE('',*,*,#604,.F.);
#278=ORIENTED_EDGE('',*,*,#554,.T.);
#279=ORIENTED_EDGE('',*,*,#605,.T.);
#280=ORIENTED_EDGE('',*,*,#606,.T.);
#281=ORIENTED_EDGE('',*,*,#607,.T.);
#282=ORIENTED_EDGE('',*,*,#608,.T.);
#283=ORIENTED_EDGE('',*,*,#567,.F.);
#284=ORIENTED_EDGE('',*,*,#609,.T.);
#285=ORIENTED_EDGE('',*,*,#498,.F.);
#286=ORIENTED_EDGE('',*,*,#610,.T.);
#287=ORIENTED_EDGE('',*,*,#578,.F.);
#288=ORIENTED_EDGE('',*,*,#494,.F.);
#289=ORIENTED_EDGE('',*,*,#493,.F.);
#290=ORIENTED_EDGE('',*,*,#492,.F.);
#291=ORIENTED_EDGE('',*,*,#580,.F.);
#292=ORIENTED_EDGE('',*,*,#524,.F.);
#293=ORIENTED_EDGE('',*,*,#575,.F.);
#294=ORIENTED_EDGE('',*,*,#611,.T.);
#295=ORIENTED_EDGE('',*,*,#577,.F.);
#296=ORIENTED_EDGE('',*,*,#612,.T.);
#297=ORIENTED_EDGE('',*,*,#496,.F.);
#298=ORIENTED_EDGE('',*,*,#613,.F.);
#299=ORIENTED_EDGE('',*,*,#503,.F.);
#300=ORIENTED_EDGE('',*,*,#518,.F.);
#301=ORIENTED_EDGE('',*,*,#538,.F.);
#302=ORIENTED_EDGE('',*,*,#614,.T.);
#303=ORIENTED_EDGE('',*,*,#508,.F.);
#304=ORIENTED_EDGE('',*,*,#615,.F.);
#305=ORIENTED_EDGE('',*,*,#510,.T.);
#306=ORIENTED_EDGE('',*,*,#616,.T.);
#307=ORIENTED_EDGE('',*,*,#536,.T.);
#308=ORIENTED_EDGE('',*,*,#592,.T.);
#309=ORIENTED_EDGE('',*,*,#544,.F.);
#310=ORIENTED_EDGE('',*,*,#617,.T.);
#311=ORIENTED_EDGE('',*,*,#512,.F.);
#312=ORIENTED_EDGE('',*,*,#591,.F.);
#313=ORIENTED_EDGE('',*,*,#514,.T.);
#314=ORIENTED_EDGE('',*,*,#618,.T.);
#315=ORIENTED_EDGE('',*,*,#542,.T.);
#316=ORIENTED_EDGE('',*,*,#619,.T.);
#317=ORIENTED_EDGE('',*,*,#551,.F.);
#318=ORIENTED_EDGE('',*,*,#620,.T.);
#319=ORIENTED_EDGE('',*,*,#528,.F.);
#320=ORIENTED_EDGE('',*,*,#621,.T.);
#321=ORIENTED_EDGE('',*,*,#530,.T.);
#322=ORIENTED_EDGE('',*,*,#622,.T.);
#323=ORIENTED_EDGE('',*,*,#549,.T.);
#324=ORIENTED_EDGE('',*,*,#604,.T.);
#325=ORIENTED_EDGE('',*,*,#558,.F.);
#326=ORIENTED_EDGE('',*,*,#623,.T.);
#327=ORIENTED_EDGE('',*,*,#532,.F.);
#328=ORIENTED_EDGE('',*,*,#603,.F.);
#329=ORIENTED_EDGE('',*,*,#534,.T.);
#330=ORIENTED_EDGE('',*,*,#624,.T.);
#331=ORIENTED_EDGE('',*,*,#556,.T.);
#332=ORIENTED_EDGE('',*,*,#625,.T.);
#333=ORIENTED_EDGE('',*,*,#626,.T.);
#334=ORIENTED_EDGE('',*,*,#489,.T.);
#335=ORIENTED_EDGE('',*,*,#627,.F.);
#336=ORIENTED_EDGE('',*,*,#499,.F.);
#337=ORIENTED_EDGE('',*,*,#628,.F.);
#338=ORIENTED_EDGE('',*,*,#629,.T.);
#339=ORIENTED_EDGE('',*,*,#500,.T.);
#340=ORIENTED_EDGE('',*,*,#630,.T.);
#341=ORIENTED_EDGE('',*,*,#539,.T.);
#342=ORIENTED_EDGE('',*,*,#507,.F.);
#343=ORIENTED_EDGE('',*,*,#631,.T.);
#344=ORIENTED_EDGE('',*,*,#628,.T.);
#345=ORIENTED_EDGE('',*,*,#615,.T.);
#346=ORIENTED_EDGE('',*,*,#632,.F.);
#347=ORIENTED_EDGE('',*,*,#633,.T.);
#348=ORIENTED_EDGE('',*,*,#521,.T.);
#349=ORIENTED_EDGE('',*,*,#625,.F.);
#350=ORIENTED_EDGE('',*,*,#626,.F.);
#351=ORIENTED_EDGE('',*,*,#611,.F.);
#352=ORIENTED_EDGE('',*,*,#634,.T.);
#353=ORIENTED_EDGE('',*,*,#602,.F.);
#354=ORIENTED_EDGE('',*,*,#490,.F.);
#355=ORIENTED_EDGE('',*,*,#593,.T.);
#356=ORIENTED_EDGE('',*,*,#630,.F.);
#357=ORIENTED_EDGE('',*,*,#613,.T.);
#358=ORIENTED_EDGE('',*,*,#627,.T.);
#359=ORIENTED_EDGE('',*,*,#574,.T.);
#360=ORIENTED_EDGE('',*,*,#635,.T.);
#361=ORIENTED_EDGE('',*,*,#632,.T.);
#362=ORIENTED_EDGE('',*,*,#560,.T.);
#363=ORIENTED_EDGE('',*,*,#634,.F.);
#364=ORIENTED_EDGE('',*,*,#583,.T.);
#365=ORIENTED_EDGE('',*,*,#636,.T.);
#366=ORIENTED_EDGE('',*,*,#599,.F.);
#367=ORIENTED_EDGE('',*,*,#637,.T.);
#368=ORIENTED_EDGE('',*,*,#601,.F.);
#369=ORIENTED_EDGE('',*,*,#638,.T.);
#370=ORIENTED_EDGE('',*,*,#581,.T.);
#371=ORIENTED_EDGE('',*,*,#491,.F.);
#372=ORIENTED_EDGE('',*,*,#598,.T.);
#373=ORIENTED_EDGE('',*,*,#495,.T.);
#374=ORIENTED_EDGE('',*,*,#584,.F.);
#375=ORIENTED_EDGE('',*,*,#637,.F.);
#376=ORIENTED_EDGE('',*,*,#600,.F.);
#377=ORIENTED_EDGE('',*,*,#636,.F.);
#378=ORIENTED_EDGE('',*,*,#582,.F.);
#379=ORIENTED_EDGE('',*,*,#638,.F.);
#380=ORIENTED_EDGE('',*,*,#596,.F.);
#381=ORIENTED_EDGE('',*,*,#639,.T.);
#382=ORIENTED_EDGE('',*,*,#640,.T.);
#383=ORIENTED_EDGE('',*,*,#485,.T.);
#384=ORIENTED_EDGE('',*,*,#641,.T.);
#385=ORIENTED_EDGE('',*,*,#642,.T.);
#386=ORIENTED_EDGE('',*,*,#594,.T.);
#387=ORIENTED_EDGE('',*,*,#487,.T.);
#388=ORIENTED_EDGE('',*,*,#640,.F.);
#389=ORIENTED_EDGE('',*,*,#643,.T.);
#390=ORIENTED_EDGE('',*,*,#641,.F.);
#391=ORIENTED_EDGE('',*,*,#486,.F.);
#392=ORIENTED_EDGE('',*,*,#595,.F.);
#393=ORIENTED_EDGE('',*,*,#642,.F.);
#394=ORIENTED_EDGE('',*,*,#643,.F.);
#395=ORIENTED_EDGE('',*,*,#639,.F.);
#396=ORIENTED_EDGE('',*,*,#644,.T.);
#397=ORIENTED_EDGE('',*,*,#606,.F.);
#398=ORIENTED_EDGE('',*,*,#645,.T.);
#399=ORIENTED_EDGE('',*,*,#605,.F.);
#400=ORIENTED_EDGE('',*,*,#585,.F.);
#401=ORIENTED_EDGE('',*,*,#644,.F.);
#402=ORIENTED_EDGE('',*,*,#586,.F.);
#403=ORIENTED_EDGE('',*,*,#645,.F.);
#404=ORIENTED_EDGE('',*,*,#635,.F.);
#405=ORIENTED_EDGE('',*,*,#573,.F.);
#406=ORIENTED_EDGE('',*,*,#522,.F.);
#407=ORIENTED_EDGE('',*,*,#633,.F.);
#408=ORIENTED_EDGE('',*,*,#629,.F.);
#409=ORIENTED_EDGE('',*,*,#631,.F.);
#410=ORIENTED_EDGE('',*,*,#506,.F.);
#411=ORIENTED_EDGE('',*,*,#501,.F.);
#412=ORIENTED_EDGE('',*,*,#550,.F.);
#413=ORIENTED_EDGE('',*,*,#622,.F.);
#414=ORIENTED_EDGE('',*,*,#529,.F.);
#415=ORIENTED_EDGE('',*,*,#620,.F.);
#416=ORIENTED_EDGE('',*,*,#543,.F.);
#417=ORIENTED_EDGE('',*,*,#618,.F.);
#418=ORIENTED_EDGE('',*,*,#513,.F.);
#419=ORIENTED_EDGE('',*,*,#617,.F.);
#420=ORIENTED_EDGE('',*,*,#537,.F.);
#421=ORIENTED_EDGE('',*,*,#616,.F.);
#422=ORIENTED_EDGE('',*,*,#509,.F.);
#423=ORIENTED_EDGE('',*,*,#614,.F.);
#424=ORIENTED_EDGE('',*,*,#557,.F.);
#425=ORIENTED_EDGE('',*,*,#624,.F.);
#426=ORIENTED_EDGE('',*,*,#533,.F.);
#427=ORIENTED_EDGE('',*,*,#623,.F.);
#428=ORIENTED_EDGE('',*,*,#552,.F.);
#429=ORIENTED_EDGE('',*,*,#621,.F.);
#430=ORIENTED_EDGE('',*,*,#527,.F.);
#431=ORIENTED_EDGE('',*,*,#570,.F.);
#432=ORIENTED_EDGE('',*,*,#547,.F.);
#433=ORIENTED_EDGE('',*,*,#564,.F.);
#434=ORIENTED_EDGE('',*,*,#515,.F.);
#435=ORIENTED_EDGE('',*,*,#619,.F.);
#436=ORIENTED_EDGE('',*,*,#646,.T.);
#437=ORIENTED_EDGE('',*,*,#520,.T.);
#438=ORIENTED_EDGE('',*,*,#647,.T.);
#439=ORIENTED_EDGE('',*,*,#519,.T.);
#440=ORIENTED_EDGE('',*,*,#648,.T.);
#441=ORIENTED_EDGE('',*,*,#505,.F.);
#442=ORIENTED_EDGE('',*,*,#649,.T.);
#443=ORIENTED_EDGE('',*,*,#504,.F.);
#444=ORIENTED_EDGE('',*,*,#548,.F.);
#445=ORIENTED_EDGE('',*,*,#647,.F.);
#446=ORIENTED_EDGE('',*,*,#648,.F.);
#447=ORIENTED_EDGE('',*,*,#541,.F.);
#448=ORIENTED_EDGE('',*,*,#649,.F.);
#449=ORIENTED_EDGE('',*,*,#535,.F.);
#450=ORIENTED_EDGE('',*,*,#555,.F.);
#451=ORIENTED_EDGE('',*,*,#646,.F.);
#452=ORIENTED_EDGE('',*,*,#572,.F.);
#453=ORIENTED_EDGE('',*,*,#579,.F.);
#454=ORIENTED_EDGE('',*,*,#650,.F.);
#455=ORIENTED_EDGE('',*,*,#589,.F.);
#456=ORIENTED_EDGE('',*,*,#650,.T.);
#457=ORIENTED_EDGE('',*,*,#610,.F.);
#458=ORIENTED_EDGE('',*,*,#651,.F.);
#459=ORIENTED_EDGE('',*,*,#651,.T.);
#460=ORIENTED_EDGE('',*,*,#497,.F.);
#461=ORIENTED_EDGE('',*,*,#652,.F.);
#462=ORIENTED_EDGE('',*,*,#587,.F.);
#463=ORIENTED_EDGE('',*,*,#562,.F.);
#464=ORIENTED_EDGE('',*,*,#588,.F.);
#465=ORIENTED_EDGE('',*,*,#653,.F.);
#466=ORIENTED_EDGE('',*,*,#576,.F.);
#467=ORIENTED_EDGE('',*,*,#652,.T.);
#468=ORIENTED_EDGE('',*,*,#612,.F.);
#469=ORIENTED_EDGE('',*,*,#653,.T.);
#470=ORIENTED_EDGE('',*,*,#566,.F.);
#471=ORIENTED_EDGE('',*,*,#590,.F.);
#472=ORIENTED_EDGE('',*,*,#654,.F.);
#473=ORIENTED_EDGE('',*,*,#609,.F.);
#474=ORIENTED_EDGE('',*,*,#654,.T.);
#475=ORIENTED_EDGE('',*,*,#483,.F.);
#476=ORIENTED_EDGE('',*,*,#655,.F.);
#477=ORIENTED_EDGE('',*,*,#607,.F.);
#478=ORIENTED_EDGE('',*,*,#655,.T.);
#479=ORIENTED_EDGE('',*,*,#597,.F.);
#480=ORIENTED_EDGE('',*,*,#568,.F.);
#481=ORIENTED_EDGE('',*,*,#608,.F.);
#482=EDGE_CURVE('',#656,#657,#772,.T.);
#483=EDGE_CURVE('',#656,#658,#49,.T.);
#484=EDGE_CURVE('',#658,#659,#773,.T.);
#485=EDGE_CURVE('',#660,#659,#774,.T.);
#486=EDGE_CURVE('',#660,#661,#775,.F.);
#487=EDGE_CURVE('',#662,#661,#776,.T.);
#488=EDGE_CURVE('',#662,#663,#777,.T.);
#489=EDGE_CURVE('',#664,#663,#778,.T.);
#490=EDGE_CURVE('',#664,#665,#779,.F.);
#491=EDGE_CURVE('',#665,#666,#780,.T.);
#492=EDGE_CURVE('',#666,#667,#50,.T.);
#493=EDGE_CURVE('',#667,#668,#51,.T.);
#494=EDGE_CURVE('',#668,#669,#52,.T.);
#495=EDGE_CURVE('',#657,#669,#781,.T.);
#496=EDGE_CURVE('',#670,#671,#53,.T.);
#497=EDGE_CURVE('',#671,#672,#54,.T.);
#498=EDGE_CURVE('',#672,#673,#55,.T.);
#499=EDGE_CURVE('',#673,#670,#782,.T.);
#500=EDGE_CURVE('',#674,#675,#783,.T.);
#501=EDGE_CURVE('',#674,#676,#56,.T.);
#502=EDGE_CURVE('',#677,#676,#784,.T.);
#503=EDGE_CURVE('',#677,#675,#57,.T.);
#504=EDGE_CURVE('',#678,#678,#43,.T.);
#505=EDGE_CURVE('',#679,#679,#44,.T.);
#506=EDGE_CURVE('',#676,#680,#58,.T.);
#507=EDGE_CURVE('',#680,#681,#785,.T.);
#508=EDGE_CURVE('',#681,#682,#786,.T.);
#509=EDGE_CURVE('',#682,#683,#59,.T.);
#510=EDGE_CURVE('',#684,#683,#787,.T.);
#511=EDGE_CURVE('',#684,#685,#788,.T.);
#512=EDGE_CURVE('',#685,#686,#789,.T.);
#513=EDGE_CURVE('',#686,#687,#60,.T.);
#514=EDGE_CURVE('',#688,#687,#790,.T.);
#515=EDGE_CURVE('',#688,#689,#61,.T.);
#516=EDGE_CURVE('',#690,#689,#791,.T.);
#517=EDGE_CURVE('',#691,#690,#792,.T.);
#518=EDGE_CURVE('',#691,#677,#62,.T.);
#519=EDGE_CURVE('',#692,#692,#45,.T.);
#520=EDGE_CURVE('',#693,#693,#46,.T.);
#521=EDGE_CURVE('',#694,#695,#793,.T.);
#522=EDGE_CURVE('',#694,#696,#63,.T.);
#523=EDGE_CURVE('',#696,#697,#794,.T.);
#524=EDGE_CURVE('',#697,#698,#64,.T.);
#525=EDGE_CURVE('',#698,#699,#795,.T.);
#526=EDGE_CURVE('',#700,#699,#796,.T.);
#527=EDGE_CURVE('',#700,#701,#65,.T.);
#528=EDGE_CURVE('',#701,#702,#797,.T.);
#529=EDGE_CURVE('',#702,#703,#66,.T.);
#530=EDGE_CURVE('',#704,#703,#798,.T.);
#531=EDGE_CURVE('',#705,#704,#799,.T.);
#532=EDGE_CURVE('',#705,#706,#800,.T.);
#533=EDGE_CURVE('',#706,#707,#67,.T.);
#534=EDGE_CURVE('',#695,#707,#801,.T.);
#535=EDGE_CURVE('',#708,#708,#68,.T.);
#536=EDGE_CURVE('',#709,#710,#802,.T.);
#537=EDGE_CURVE('',#709,#711,#69,.T.);
#538=EDGE_CURVE('',#711,#712,#803,.T.);
#539=EDGE_CURVE('',#713,#712,#804,.T.);
#540=EDGE_CURVE('',#713,#710,#805,.T.);
#541=EDGE_CURVE('',#714,#714,#70,.T.);
#542=EDGE_CURVE('',#715,#716,#806,.T.);
#543=EDGE_CURVE('',#715,#717,#71,.T.);
#544=EDGE_CURVE('',#717,#718,#807,.T.);
#545=EDGE_CURVE('',#718,#719,#808,.T.);
#546=EDGE_CURVE('',#719,#720,#809,.T.);
#547=EDGE_CURVE('',#720,#716,#72,.T.);
#548=EDGE_CURVE('',#721,#721,#73,.T.);
#549=EDGE_CURVE('',#722,#723,#810,.T.);
#550=EDGE_CURVE('',#722,#724,#74,.T.);
#551=EDGE_CURVE('',#724,#725,#811,.T.);
#552=EDGE_CURVE('',#725,#726,#75,.T.);
#553=EDGE_CURVE('',#726,#727,#812,.T.);
#554=EDGE_CURVE('',#723,#727,#813,.T.);
#555=EDGE_CURVE('',#728,#728,#76,.T.);
#556=EDGE_CURVE('',#729,#730,#814,.T.);
#557=EDGE_CURVE('',#729,#731,#77,.T.);
#558=EDGE_CURVE('',#731,#732,#815,.T.);
#559=EDGE_CURVE('',#733,#732,#816,.T.);
#560=EDGE_CURVE('',#730,#733,#817,.T.);
#561=EDGE_CURVE('',#734,#735,#818,.T.);
#562=EDGE_CURVE('',#734,#736,#78,.T.);
#563=EDGE_CURVE('',#736,#690,#819,.T.);
#564=EDGE_CURVE('',#689,#720,#79,.T.);
#565=EDGE_CURVE('',#737,#719,#820,.T.);
#566=EDGE_CURVE('',#737,#738,#80,.T.);
#567=EDGE_CURVE('',#738,#739,#821,.T.);
#568=EDGE_CURVE('',#739,#740,#81,.T.);
#569=EDGE_CURVE('',#740,#727,#822,.T.);
#570=EDGE_CURVE('',#726,#700,#82,.T.);
#571=EDGE_CURVE('',#741,#699,#823,.T.);
#572=EDGE_CURVE('',#741,#735,#83,.T.);
#573=EDGE_CURVE('',#696,#742,#84,.T.);
#574=EDGE_CURVE('',#743,#742,#824,.T.);
#575=EDGE_CURVE('',#743,#697,#85,.T.);
#576=EDGE_CURVE('',#736,#744,#86,.T.);
#577=EDGE_CURVE('',#744,#691,#87,.T.);
#578=EDGE_CURVE('',#669,#745,#88,.T.);
#579=EDGE_CURVE('',#745,#741,#89,.T.);
#580=EDGE_CURVE('',#698,#666,#90,.T.);
#581=EDGE_CURVE('',#746,#666,#825,.T.);
#582=EDGE_CURVE('',#746,#747,#91,.T.);
#583=EDGE_CURVE('',#748,#747,#826,.T.);
#584=EDGE_CURVE('',#748,#669,#827,.T.);
#585=EDGE_CURVE('',#749,#749,#92,.T.);
#586=EDGE_CURVE('',#750,#750,#93,.T.);
#587=EDGE_CURVE('',#751,#752,#94,.T.);
#588=EDGE_CURVE('',#752,#734,#95,.T.);
#589=EDGE_CURVE('',#735,#751,#96,.T.);
#590=EDGE_CURVE('',#658,#737,#97,.T.);
#591=EDGE_CURVE('',#718,#685,#828,.T.);
#592=EDGE_CURVE('',#710,#684,#829,.T.);
#593=EDGE_CURVE('',#663,#713,#830,.T.);
#594=EDGE_CURVE('',#753,#662,#831,.T.);
#595=EDGE_CURVE('',#753,#754,#832,.T.);
#596=EDGE_CURVE('',#754,#659,#833,.T.);
#597=EDGE_CURVE('',#740,#656,#98,.T.);
#598=EDGE_CURVE('',#755,#657,#834,.T.);
#599=EDGE_CURVE('',#755,#756,#835,.T.);
#600=EDGE_CURVE('',#756,#757,#99,.T.);
#601=EDGE_CURVE('',#757,#665,#836,.T.);
#602=EDGE_CURVE('',#665,#733,#837,.T.);
#603=EDGE_CURVE('',#732,#705,#838,.T.);
#604=EDGE_CURVE('',#723,#704,#839,.T.);
#605=EDGE_CURVE('',#758,#758,#47,.T.);
#606=EDGE_CURVE('',#759,#759,#48,.T.);
#607=EDGE_CURVE('',#760,#761,#100,.T.);
#608=EDGE_CURVE('',#761,#739,#101,.T.);
#609=EDGE_CURVE('',#738,#760,#102,.T.);
#610=EDGE_CURVE('',#672,#745,#103,.T.);
#611=EDGE_CURVE('',#743,#673,#104,.T.);
#612=EDGE_CURVE('',#744,#671,#105,.T.);
#613=EDGE_CURVE('',#675,#670,#840,.T.);
#614=EDGE_CURVE('',#711,#682,#106,.T.);
#615=EDGE_CURVE('',#712,#681,#841,.T.);
#616=EDGE_CURVE('',#683,#709,#107,.T.);
#617=EDGE_CURVE('',#717,#686,#108,.T.);
#618=EDGE_CURVE('',#687,#715,#109,.T.);
#619=EDGE_CURVE('',#716,#688,#110,.T.);
#620=EDGE_CURVE('',#724,#702,#111,.T.);
#621=EDGE_CURVE('',#701,#725,#112,.T.);
#622=EDGE_CURVE('',#703,#722,#113,.T.);
#623=EDGE_CURVE('',#731,#706,#114,.T.);
#624=EDGE_CURVE('',#707,#729,#115,.T.);
#625=EDGE_CURVE('',#730,#695,#842,.T.);
#626=EDGE_CURVE('',#673,#664,#843,.T.);
#627=EDGE_CURVE('',#670,#663,#844,.T.);
#628=EDGE_CURVE('',#762,#712,#845,.T.);
#629=EDGE_CURVE('',#762,#674,#116,.T.);
#630=EDGE_CURVE('',#675,#713,#846,.T.);
#631=EDGE_CURVE('',#680,#762,#117,.T.);
#632=EDGE_CURVE('',#763,#730,#847,.T.);
#633=EDGE_CURVE('',#763,#694,#118,.T.);
#634=EDGE_CURVE('',#743,#733,#848,.T.);
#635=EDGE_CURVE('',#742,#763,#119,.T.);
#636=EDGE_CURVE('',#747,#756,#120,.T.);
#637=EDGE_CURVE('',#755,#748,#849,.T.);
#638=EDGE_CURVE('',#757,#746,#121,.T.);
#639=EDGE_CURVE('',#754,#764,#850,.T.);
#640=EDGE_CURVE('',#764,#660,#851,.T.);
#641=EDGE_CURVE('',#661,#765,#852,.F.);
#642=EDGE_CURVE('',#765,#753,#853,.T.);
#643=EDGE_CURVE('',#764,#765,#854,.F.);
#644=EDGE_CURVE('',#766,#766,#122,.T.);
#645=EDGE_CURVE('',#767,#767,#123,.T.);
#646=EDGE_CURVE('',#768,#768,#124,.T.);
#647=EDGE_CURVE('',#769,#769,#125,.T.);
#648=EDGE_CURVE('',#770,#770,#126,.T.);
#649=EDGE_CURVE('',#771,#771,#127,.T.);
#650=EDGE_CURVE('',#751,#745,#128,.F.);
#651=EDGE_CURVE('',#751,#672,#129,.T.);
#652=EDGE_CURVE('',#752,#671,#130,.F.);
#653=EDGE_CURVE('',#744,#752,#131,.F.);
#654=EDGE_CURVE('',#760,#658,#132,.F.);
#655=EDGE_CURVE('',#761,#656,#133,.F.);
#656=VERTEX_POINT('',#1489);
#657=VERTEX_POINT('',#1490);
#658=VERTEX_POINT('',#1495);
#659=VERTEX_POINT('',#1497);
#660=VERTEX_POINT('',#1499);
#661=VERTEX_POINT('',#1501);
#662=VERTEX_POINT('',#1503);
#663=VERTEX_POINT('',#1505);
#664=VERTEX_POINT('',#1507);
#665=VERTEX_POINT('',#1509);
#666=VERTEX_POINT('',#1511);
#667=VERTEX_POINT('',#1516);
#668=VERTEX_POINT('',#1521);
#669=VERTEX_POINT('',#1526);
#670=VERTEX_POINT('',#1533);
#671=VERTEX_POINT('',#1534);
#672=VERTEX_POINT('',#1539);
#673=VERTEX_POINT('',#1544);
#674=VERTEX_POINT('',#1548);
#675=VERTEX_POINT('',#1549);
#676=VERTEX_POINT('',#1554);
#677=VERTEX_POINT('',#1556);
#678=VERTEX_POINT('',#1563);
#679=VERTEX_POINT('',#1565);
#680=VERTEX_POINT('',#1570);
#681=VERTEX_POINT('',#1572);
#682=VERTEX_POINT('',#1574);
#683=VERTEX_POINT('',#1579);
#684=VERTEX_POINT('',#1581);
#685=VERTEX_POINT('',#1583);
#686=VERTEX_POINT('',#1585);
#687=VERTEX_POINT('',#1590);
#688=VERTEX_POINT('',#1592);
#689=VERTEX_POINT('',#1597);
#690=VERTEX_POINT('',#1599);
#691=VERTEX_POINT('',#1601);
#692=VERTEX_POINT('',#1608);
#693=VERTEX_POINT('',#1610);
#694=VERTEX_POINT('',#1612);
#695=VERTEX_POINT('',#1613);
#696=VERTEX_POINT('',#1618);
#697=VERTEX_POINT('',#1620);
#698=VERTEX_POINT('',#1625);
#699=VERTEX_POINT('',#1627);
#700=VERTEX_POINT('',#1629);
#701=VERTEX_POINT('',#1634);
#702=VERTEX_POINT('',#1636);
#703=VERTEX_POINT('',#1641);
#704=VERTEX_POINT('',#1643);
#705=VERTEX_POINT('',#1645);
#706=VERTEX_POINT('',#1647);
#707=VERTEX_POINT('',#1652);
#708=VERTEX_POINT('',#1674);
#709=VERTEX_POINT('',#1676);
#710=VERTEX_POINT('',#1677);
#711=VERTEX_POINT('',#1682);
#712=VERTEX_POINT('',#1684);
#713=VERTEX_POINT('',#1686);
#714=VERTEX_POINT('',#1708);
#715=VERTEX_POINT('',#1710);
#716=VERTEX_POINT('',#1711);
#717=VERTEX_POINT('',#1716);
#718=VERTEX_POINT('',#1718);
#719=VERTEX_POINT('',#1720);
#720=VERTEX_POINT('',#1722);
#721=VERTEX_POINT('',#1747);
#722=VERTEX_POINT('',#1749);
#723=VERTEX_POINT('',#1750);
#724=VERTEX_POINT('',#1755);
#725=VERTEX_POINT('',#1757);
#726=VERTEX_POINT('',#1762);
#727=VERTEX_POINT('',#1764);
#728=VERTEX_POINT('',#1786);
#729=VERTEX_POINT('',#1788);
#730=VERTEX_POINT('',#1789);
#731=VERTEX_POINT('',#1794);
#732=VERTEX_POINT('',#1796);
#733=VERTEX_POINT('',#1798);
#734=VERTEX_POINT('',#1802);
#735=VERTEX_POINT('',#1803);
#736=VERTEX_POINT('',#1808);
#737=VERTEX_POINT('',#1815);
#738=VERTEX_POINT('',#1825);
#739=VERTEX_POINT('',#1827);
#740=VERTEX_POINT('',#1837);
#741=VERTEX_POINT('',#1844);
#742=VERTEX_POINT('',#1854);
#743=VERTEX_POINT('',#1856);
#744=VERTEX_POINT('',#1866);
#745=VERTEX_POINT('',#1876);
#746=VERTEX_POINT('',#1886);
#747=VERTEX_POINT('',#1894);
#748=VERTEX_POINT('',#1896);
#749=VERTEX_POINT('',#1918);
#750=VERTEX_POINT('',#1938);
#751=VERTEX_POINT('',#1943);
#752=VERTEX_POINT('',#1944);
#753=VERTEX_POINT('',#1962);
#754=VERTEX_POINT('',#1964);
#755=VERTEX_POINT('',#1972);
#756=VERTEX_POINT('',#1974);
#757=VERTEX_POINT('',#1982);
#758=VERTEX_POINT('',#1989);
#759=VERTEX_POINT('',#1991);
#760=VERTEX_POINT('',#1996);
#761=VERTEX_POINT('',#1997);
#762=VERTEX_POINT('',#2090);
#763=VERTEX_POINT('',#2103);
#764=VERTEX_POINT('',#2138);
#765=VERTEX_POINT('',#2142);
#766=VERTEX_POINT('',#2159);
#767=VERTEX_POINT('',#2172);
#768=VERTEX_POINT('',#2357);
#769=VERTEX_POINT('',#2370);
#770=VERTEX_POINT('',#2383);
#771=VERTEX_POINT('',#2396);
#772=LINE('',#1488,#855);
#773=LINE('',#1496,#856);
#774=LINE('',#1498,#857);
#775=LINE('',#1500,#858);
#776=LINE('',#1502,#859);
#777=LINE('',#1504,#860);
#778=LINE('',#1506,#861);
#779=LINE('',#1508,#862);
#780=LINE('',#1510,#863);
#781=LINE('',#1527,#864);
#782=LINE('',#1545,#865);
#783=LINE('',#1547,#866);
#784=LINE('',#1555,#867);
#785=LINE('',#1571,#868);
#786=LINE('',#1573,#869);
#787=LINE('',#1580,#870);
#788=LINE('',#1582,#871);
#789=LINE('',#1584,#872);
#790=LINE('',#1591,#873);
#791=LINE('',#1598,#874);
#792=LINE('',#1600,#875);
#793=LINE('',#1611,#876);
#794=LINE('',#1619,#877);
#795=LINE('',#1626,#878);
#796=LINE('',#1628,#879);
#797=LINE('',#1635,#880);
#798=LINE('',#1642,#881);
#799=LINE('',#1644,#882);
#800=LINE('',#1646,#883);
#801=LINE('',#1653,#884);
#802=LINE('',#1675,#885);
#803=LINE('',#1683,#886);
#804=LINE('',#1685,#887);
#805=LINE('',#1687,#888);
#806=LINE('',#1709,#889);
#807=LINE('',#1717,#890);
#808=LINE('',#1719,#891);
#809=LINE('',#1721,#892);
#810=LINE('',#1748,#893);
#811=LINE('',#1756,#894);
#812=LINE('',#1763,#895);
#813=LINE('',#1765,#896);
#814=LINE('',#1787,#897);
#815=LINE('',#1795,#898);
#816=LINE('',#1797,#899);
#817=LINE('',#1799,#900);
#818=LINE('',#1801,#901);
#819=LINE('',#1809,#902);
#820=LINE('',#1814,#903);
#821=LINE('',#1826,#904);
#822=LINE('',#1838,#905);
#823=LINE('',#1843,#906);
#824=LINE('',#1855,#907);
#825=LINE('',#1885,#908);
#826=LINE('',#1895,#909);
#827=LINE('',#1897,#910);
#828=LINE('',#1958,#911);
#829=LINE('',#1959,#912);
#830=LINE('',#1960,#913);
#831=LINE('',#1961,#914);
#832=LINE('',#1963,#915);
#833=LINE('',#1965,#916);
#834=LINE('',#1971,#917);
#835=LINE('',#1973,#918);
#836=LINE('',#1983,#919);
#837=LINE('',#1984,#920);
#838=LINE('',#1985,#921);
#839=LINE('',#1986,#922);
#840=LINE('',#2034,#923);
#841=LINE('',#2040,#924);
#842=LINE('',#2084,#925);
#843=LINE('',#2086,#926);
#844=LINE('',#2087,#927);
#845=LINE('',#2089,#928);
#846=LINE('',#2095,#929);
#847=LINE('',#2102,#930);
#848=LINE('',#2109,#931);
#849=LINE('',#2121,#932);
#850=LINE('',#2137,#933);
#851=LINE('',#2139,#934);
#852=LINE('',#2141,#935);
#853=LINE('',#2143,#936);
#854=LINE('',#2145,#937);
#855=VECTOR('',#1303,1.);
#856=VECTOR('',#1304,1.);
#857=VECTOR('',#1305,1.);
#858=VECTOR('',#1306,1.);
#859=VECTOR('',#1307,1.);
#860=VECTOR('',#1308,1.);
#861=VECTOR('',#1309,1.);
#862=VECTOR('',#1310,1.);
#863=VECTOR('',#1311,1.);
#864=VECTOR('',#1312,1.);
#865=VECTOR('',#1315,1.);
#866=VECTOR('',#1318,1.);
#867=VECTOR('',#1319,1.);
#868=VECTOR('',#1326,1.);
#869=VECTOR('',#1327,1.);
#870=VECTOR('',#1328,1.);
#871=VECTOR('',#1329,1.);
#872=VECTOR('',#1330,1.);
#873=VECTOR('',#1331,1.);
#874=VECTOR('',#1332,1.);
#875=VECTOR('',#1333,1.);
#876=VECTOR('',#1340,1.);
#877=VECTOR('',#1341,1.);
#878=VECTOR('',#1342,1.);
#879=VECTOR('',#1343,1.);
#880=VECTOR('',#1344,1.);
#881=VECTOR('',#1345,1.);
#882=VECTOR('',#1346,1.);
#883=VECTOR('',#1347,1.);
#884=VECTOR('',#1348,1.);
#885=VECTOR('',#1351,1.);
#886=VECTOR('',#1352,1.);
#887=VECTOR('',#1353,1.);
#888=VECTOR('',#1354,1.);
#889=VECTOR('',#1357,1.);
#890=VECTOR('',#1358,1.);
#891=VECTOR('',#1359,1.);
#892=VECTOR('',#1360,1.);
#893=VECTOR('',#1363,1.);
#894=VECTOR('',#1364,1.);
#895=VECTOR('',#1365,1.);
#896=VECTOR('',#1366,1.);
#897=VECTOR('',#1369,1.);
#898=VECTOR('',#1370,1.);
#899=VECTOR('',#1371,1.);
#900=VECTOR('',#1372,1.);
#901=VECTOR('',#1375,1.);
#902=VECTOR('',#1376,1.);
#903=VECTOR('',#1377,1.);
#904=VECTOR('',#1378,1.);
#905=VECTOR('',#1379,1.);
#906=VECTOR('',#1380,1.);
#907=VECTOR('',#1383,1.);
#908=VECTOR('',#1388,1.);
#909=VECTOR('',#1389,1.);
#910=VECTOR('',#1390,1.);
#911=VECTOR('',#1395,1.);
#912=VECTOR('',#1396,1.);
#913=VECTOR('',#1397,1.);
#914=VECTOR('',#1398,1.);
#915=VECTOR('',#1399,1.);
#916=VECTOR('',#1400,1.);
#917=VECTOR('',#1403,1.);
#918=VECTOR('',#1404,1.);
#919=VECTOR('',#1405,1.);
#920=VECTOR('',#1406,1.);
#921=VECTOR('',#1407,1.);
#922=VECTOR('',#1408,1.);
#923=VECTOR('',#1415,1.);
#924=VECTOR('',#1418,1.);
#925=VECTOR('',#1433,1.);
#926=VECTOR('',#1436,1.);
#927=VECTOR('',#1437,1.);
#928=VECTOR('',#1440,1.);
#929=VECTOR('',#1441,1.);
#930=VECTOR('',#1446,1.);
#931=VECTOR('',#1449,1.);
#932=VECTOR('',#1456,1.);
#933=VECTOR('',#1463,1.);
#934=VECTOR('',#1464,1.);
#935=VECTOR('',#1467,1.);
#936=VECTOR('',#1468,1.);
#937=VECTOR('',#1471,1.);
#938=EDGE_LOOP('',(#134,#135,#136,#137,#138,#139,#140,#141,#142,#143,#144,
#145,#146,#147));
#939=EDGE_LOOP('',(#148,#149,#150,#151));
#940=EDGE_LOOP('',(#152,#153,#154,#155));
#941=EDGE_LOOP('',(#156));
#942=EDGE_LOOP('',(#157));
#943=EDGE_LOOP('',(#158,#159,#160,#161,#162,#163,#164,#165,#166,#167,#168,
#169,#170,#171));
#944=EDGE_LOOP('',(#172));
#945=EDGE_LOOP('',(#173));
#946=EDGE_LOOP('',(#174,#175,#176,#177,#178,#179,#180,#181,#182,#183,#184,
#185,#186,#187));
#947=EDGE_LOOP('',(#188));
#948=EDGE_LOOP('',(#189,#190,#191,#192,#193));
#949=EDGE_LOOP('',(#194));
#950=EDGE_LOOP('',(#195,#196,#197,#198,#199,#200));
#951=EDGE_LOOP('',(#201));
#952=EDGE_LOOP('',(#202,#203,#204,#205,#206,#207));
#953=EDGE_LOOP('',(#208));
#954=EDGE_LOOP('',(#209,#210,#211,#212,#213));
#955=EDGE_LOOP('',(#214,#215,#216,#217,#218,#219,#220,#221,#222,#223,#224,
#225,#226,#227,#228,#229));
#956=EDGE_LOOP('',(#230,#231,#232,#233));
#957=EDGE_LOOP('',(#234,#235,#236,#237));
#958=EDGE_LOOP('',(#238,#239,#240,#241,#242,#243,#244,#245,#246));
#959=EDGE_LOOP('',(#247));
#960=EDGE_LOOP('',(#248));
#961=EDGE_LOOP('',(#249,#250,#251,#252));
#962=EDGE_LOOP('',(#253,#254,#255,#256,#257,#258,#259,#260,#261,#262,#263,
#264,#265));
#963=EDGE_LOOP('',(#266,#267,#268,#269,#270,#271,#272,#273,#274,#275,#276,
#277,#278));
#964=EDGE_LOOP('',(#279));
#965=EDGE_LOOP('',(#280));
#966=EDGE_LOOP('',(#281,#282,#283,#284));
#967=EDGE_LOOP('',(#285,#286,#287,#288,#289,#290,#291,#292,#293,#294));
#968=EDGE_LOOP('',(#295,#296,#297,#298,#299,#300));
#969=EDGE_LOOP('',(#301,#302,#303,#304));
#970=EDGE_LOOP('',(#305,#306,#307,#308));
#971=EDGE_LOOP('',(#309,#310,#311,#312));
#972=EDGE_LOOP('',(#313,#314,#315,#316));
#973=EDGE_LOOP('',(#317,#318,#319,#320));
#974=EDGE_LOOP('',(#321,#322,#323,#324));
#975=EDGE_LOOP('',(#325,#326,#327,#328));
#976=EDGE_LOOP('',(#329,#330,#331,#332));
#977=EDGE_LOOP('',(#333,#334,#335,#336));
#978=EDGE_LOOP('',(#337,#338,#339,#340,#341));
#979=EDGE_LOOP('',(#342,#343,#344,#345));
#980=EDGE_LOOP('',(#346,#347,#348,#349));
#981=EDGE_LOOP('',(#350,#351,#352,#353,#354));
#982=EDGE_LOOP('',(#355,#356,#357,#358));
#983=EDGE_LOOP('',(#359,#360,#361,#362,#363));
#984=EDGE_LOOP('',(#364,#365,#366,#367));
#985=EDGE_LOOP('',(#368,#369,#370,#371));
#986=EDGE_LOOP('',(#372,#373,#374,#375));
#987=EDGE_LOOP('',(#376,#377,#378,#379));
#988=EDGE_LOOP('',(#380,#381,#382,#383));
#989=EDGE_LOOP('',(#384,#385,#386,#387));
#990=EDGE_LOOP('',(#388,#389,#390,#391));
#991=EDGE_LOOP('',(#392,#393,#394,#395));
#992=EDGE_LOOP('',(#396));
#993=EDGE_LOOP('',(#397));
#994=EDGE_LOOP('',(#398));
#995=EDGE_LOOP('',(#399));
#996=EDGE_LOOP('',(#400));
#997=EDGE_LOOP('',(#401));
#998=EDGE_LOOP('',(#402));
#999=EDGE_LOOP('',(#403));
#1000=EDGE_LOOP('',(#404,#405,#406,#407));
#1001=EDGE_LOOP('',(#408,#409,#410,#411));
#1002=EDGE_LOOP('',(#412,#413,#414,#415));
#1003=EDGE_LOOP('',(#416,#417,#418,#419));
#1004=EDGE_LOOP('',(#420,#421,#422,#423));
#1005=EDGE_LOOP('',(#424,#425,#426,#427));
#1006=EDGE_LOOP('',(#428,#429,#430,#431));
#1007=EDGE_LOOP('',(#432,#433,#434,#435));
#1008=EDGE_LOOP('',(#436));
#1009=EDGE_LOOP('',(#437));
#1010=EDGE_LOOP('',(#438));
#1011=EDGE_LOOP('',(#439));
#1012=EDGE_LOOP('',(#440));
#1013=EDGE_LOOP('',(#441));
#1014=EDGE_LOOP('',(#442));
#1015=EDGE_LOOP('',(#443));
#1016=EDGE_LOOP('',(#444));
#1017=EDGE_LOOP('',(#445));
#1018=EDGE_LOOP('',(#446));
#1019=EDGE_LOOP('',(#447));
#1020=EDGE_LOOP('',(#448));
#1021=EDGE_LOOP('',(#449));
#1022=EDGE_LOOP('',(#450));
#1023=EDGE_LOOP('',(#451));
#1024=EDGE_LOOP('',(#452,#453,#454,#455));
#1025=EDGE_LOOP('',(#456,#457,#458));
#1026=EDGE_LOOP('',(#459,#460,#461,#462));
#1027=EDGE_LOOP('',(#463,#464,#465,#466));
#1028=EDGE_LOOP('',(#467,#468,#469));
#1029=EDGE_LOOP('',(#470,#471,#472,#473));
#1030=EDGE_LOOP('',(#474,#475,#476,#477));
#1031=EDGE_LOOP('',(#478,#479,#480,#481));
#1032=FACE_BOUND('',#938,.T.);
#1033=FACE_BOUND('',#939,.T.);
#1034=FACE_BOUND('',#940,.T.);
#1035=FACE_BOUND('',#941,.T.);
#1036=FACE_BOUND('',#942,.T.);
#1037=FACE_BOUND('',#943,.T.);
#1038=FACE_BOUND('',#944,.T.);
#1039=FACE_BOUND('',#945,.T.);
#1040=FACE_BOUND('',#946,.T.);
#1041=FACE_BOUND('',#947,.T.);
#1042=FACE_BOUND('',#948,.T.);
#1043=FACE_BOUND('',#949,.T.);
#1044=FACE_BOUND('',#950,.T.);
#1045=FACE_BOUND('',#951,.T.);
#1046=FACE_BOUND('',#952,.T.);
#1047=FACE_BOUND('',#953,.T.);
#1048=FACE_BOUND('',#954,.T.);
#1049=FACE_BOUND('',#955,.T.);
#1050=FACE_BOUND('',#956,.T.);
#1051=FACE_BOUND('',#957,.T.);
#1052=FACE_BOUND('',#958,.T.);
#1053=FACE_BOUND('',#959,.T.);
#1054=FACE_BOUND('',#960,.T.);
#1055=FACE_BOUND('',#961,.T.);
#1056=FACE_BOUND('',#962,.T.);
#1057=FACE_BOUND('',#963,.T.);
#1058=FACE_BOUND('',#964,.T.);
#1059=FACE_BOUND('',#965,.T.);
#1060=FACE_BOUND('',#966,.T.);
#1061=FACE_BOUND('',#967,.T.);
#1062=FACE_BOUND('',#968,.T.);
#1063=FACE_BOUND('',#969,.T.);
#1064=FACE_BOUND('',#970,.T.);
#1065=FACE_BOUND('',#971,.T.);
#1066=FACE_BOUND('',#972,.T.);
#1067=FACE_BOUND('',#973,.T.);
#1068=FACE_BOUND('',#974,.T.);
#1069=FACE_BOUND('',#975,.T.);
#1070=FACE_BOUND('',#976,.T.);
#1071=FACE_BOUND('',#977,.T.);
#1072=FACE_BOUND('',#978,.T.);
#1073=FACE_BOUND('',#979,.T.);
#1074=FACE_BOUND('',#980,.T.);
#1075=FACE_BOUND('',#981,.T.);
#1076=FACE_BOUND('',#982,.T.);
#1077=FACE_BOUND('',#983,.T.);
#1078=FACE_BOUND('',#984,.T.);
#1079=FACE_BOUND('',#985,.T.);
#1080=FACE_BOUND('',#986,.T.);
#1081=FACE_BOUND('',#987,.T.);
#1082=FACE_BOUND('',#988,.T.);
#1083=FACE_BOUND('',#989,.T.);
#1084=FACE_BOUND('',#990,.T.);
#1085=FACE_BOUND('',#991,.T.);
#1086=FACE_BOUND('',#992,.T.);
#1087=FACE_BOUND('',#993,.T.);
#1088=FACE_BOUND('',#994,.T.);
#1089=FACE_BOUND('',#995,.T.);
#1090=FACE_BOUND('',#996,.T.);
#1091=FACE_BOUND('',#997,.T.);
#1092=FACE_BOUND('',#998,.T.);
#1093=FACE_BOUND('',#999,.T.);
#1094=FACE_BOUND('',#1000,.T.);
#1095=FACE_BOUND('',#1001,.T.);
#1096=FACE_BOUND('',#1002,.T.);
#1097=FACE_BOUND('',#1003,.T.);
#1098=FACE_BOUND('',#1004,.T.);
#1099=FACE_BOUND('',#1005,.T.);
#1100=FACE_BOUND('',#1006,.T.);
#1101=FACE_BOUND('',#1007,.T.);
#1102=FACE_BOUND('',#1008,.T.);
#1103=FACE_BOUND('',#1009,.T.);
#1104=FACE_BOUND('',#1010,.T.);
#1105=FACE_BOUND('',#1011,.T.);
#1106=FACE_BOUND('',#1012,.T.);
#1107=FACE_BOUND('',#1013,.T.);
#1108=FACE_BOUND('',#1014,.T.);
#1109=FACE_BOUND('',#1015,.T.);
#1110=FACE_BOUND('',#1016,.T.);
#1111=FACE_BOUND('',#1017,.T.);
#1112=FACE_BOUND('',#1018,.T.);
#1113=FACE_BOUND('',#1019,.T.);
#1114=FACE_BOUND('',#1020,.T.);
#1115=FACE_BOUND('',#1021,.T.);
#1116=FACE_BOUND('',#1022,.T.);
#1117=FACE_BOUND('',#1023,.T.);
#1118=FACE_BOUND('',#1024,.T.);
#1119=FACE_BOUND('',#1025,.T.);
#1120=FACE_BOUND('',#1026,.T.);
#1121=FACE_BOUND('',#1027,.T.);
#1122=FACE_BOUND('',#1028,.T.);
#1123=FACE_BOUND('',#1029,.T.);
#1124=FACE_BOUND('',#1030,.T.);
#1125=FACE_BOUND('',#1031,.T.);
#1126=PLANE('',#1248);
#1127=PLANE('',#1249);
#1128=PLANE('',#1250);
#1129=PLANE('',#1251);
#1130=PLANE('',#1254);
#1131=PLANE('',#1257);
#1132=PLANE('',#1258);
#1133=PLANE('',#1259);
#1134=PLANE('',#1260);
#1135=PLANE('',#1261);
#1136=PLANE('',#1262);
#1137=PLANE('',#1263);
#1138=PLANE('',#1264);
#1139=PLANE('',#1265);
#1140=PLANE('',#1266);
#1141=PLANE('',#1267);
#1142=PLANE('',#1268);
#1143=PLANE('',#1271);
#1144=PLANE('',#1272);
#1145=PLANE('',#1273);
#1146=PLANE('',#1274);
#1147=PLANE('',#1275);
#1148=PLANE('',#1276);
#1149=PLANE('',#1277);
#1150=PLANE('',#1278);
#1151=PLANE('',#1279);
#1152=PLANE('',#1280);
#1153=PLANE('',#1281);
#1154=PLANE('',#1282);
#1155=PLANE('',#1283);
#1156=PLANE('',#1284);
#1157=PLANE('',#1285);
#1158=PLANE('',#1286);
#1159=PLANE('',#1287);
#1160=PLANE('',#1288);
#1161=PLANE('',#1289);
#1162=PLANE('',#1290);
#1163=PLANE('',#1291);
#1164=PLANE('',#1292);
#1165=ADVANCED_FACE('',(#1032),#1126,.F.);
#1166=ADVANCED_FACE('',(#1033),#1127,.T.);
#1167=ADVANCED_FACE('',(#1034),#1128,.T.);
#1168=ADVANCED_FACE('',(#1035,#1036,#1037),#1129,.F.);
#1169=ADVANCED_FACE('',(#1038,#1039,#1040),#1130,.F.);
#1170=ADVANCED_FACE('',(#1041,#1042),#1131,.T.);
#1171=ADVANCED_FACE('',(#1043,#1044),#1132,.T.);
#1172=ADVANCED_FACE('',(#1045,#1046),#1133,.T.);
#1173=ADVANCED_FACE('',(#1047,#1048),#1134,.T.);
#1174=ADVANCED_FACE('',(#1049),#1135,.F.);
#1175=ADVANCED_FACE('',(#1050),#1136,.T.);
#1176=ADVANCED_FACE('',(#1051),#1137,.F.);
#1177=ADVANCED_FACE('',(#1052),#1138,.T.);
#1178=ADVANCED_FACE('',(#1053,#1054,#1055),#1139,.T.);
#1179=ADVANCED_FACE('',(#1056),#1140,.T.);
#1180=ADVANCED_FACE('',(#1057),#1141,.F.);
#1181=ADVANCED_FACE('',(#1058,#1059,#1060),#1142,.F.);
#1182=ADVANCED_FACE('',(#1061),#18,.T.);
#1183=ADVANCED_FACE('',(#1062),#19,.T.);
#1184=ADVANCED_FACE('',(#1063),#1143,.T.);
#1185=ADVANCED_FACE('',(#1064),#1144,.F.);
#1186=ADVANCED_FACE('',(#1065),#1145,.T.);
#1187=ADVANCED_FACE('',(#1066),#1146,.F.);
#1188=ADVANCED_FACE('',(#1067),#1147,.T.);
#1189=ADVANCED_FACE('',(#1068),#1148,.F.);
#1190=ADVANCED_FACE('',(#1069),#1149,.T.);
#1191=ADVANCED_FACE('',(#1070),#1150,.F.);
#1192=ADVANCED_FACE('',(#1071),#1151,.T.);
#1193=ADVANCED_FACE('',(#1072),#1152,.F.);
#1194=ADVANCED_FACE('',(#1073),#1153,.T.);
#1195=ADVANCED_FACE('',(#1074),#1154,.F.);
#1196=ADVANCED_FACE('',(#1075),#1155,.T.);
#1197=ADVANCED_FACE('',(#1076),#1156,.F.);
#1198=ADVANCED_FACE('',(#1077),#1157,.F.);
#1199=ADVANCED_FACE('',(#1078),#1158,.F.);
#1200=ADVANCED_FACE('',(#1079),#1159,.F.);
#1201=ADVANCED_FACE('',(#1080),#1160,.T.);
#1202=ADVANCED_FACE('',(#1081),#20,.F.);
#1203=ADVANCED_FACE('',(#1082),#1161,.F.);
#1204=ADVANCED_FACE('',(#1083),#1162,.F.);
#1205=ADVANCED_FACE('',(#1084),#1163,.F.);
#1206=ADVANCED_FACE('',(#1085),#1164,.T.);
#1207=ADVANCED_FACE('',(#1086,#1087),#12,.F.);
#1208=ADVANCED_FACE('',(#1088,#1089),#13,.F.);
#1209=ADVANCED_FACE('',(#1090,#1091),#21,.T.);
#1210=ADVANCED_FACE('',(#1092,#1093),#22,.T.);
#1211=ADVANCED_FACE('',(#1094),#23,.T.);
#1212=ADVANCED_FACE('',(#1095),#24,.T.);
#1213=ADVANCED_FACE('',(#1096),#25,.T.);
#1214=ADVANCED_FACE('',(#1097),#26,.T.);
#1215=ADVANCED_FACE('',(#1098),#27,.T.);
#1216=ADVANCED_FACE('',(#1099),#28,.T.);
#1217=ADVANCED_FACE('',(#1100),#29,.T.);
#1218=ADVANCED_FACE('',(#1101),#30,.T.);
#1219=ADVANCED_FACE('',(#1102,#1103),#14,.F.);
#1220=ADVANCED_FACE('',(#1104,#1105),#15,.F.);
#1221=ADVANCED_FACE('',(#1106,#1107),#16,.F.);
#1222=ADVANCED_FACE('',(#1108,#1109),#17,.F.);
#1223=ADVANCED_FACE('',(#1110,#1111),#31,.T.);
#1224=ADVANCED_FACE('',(#1112,#1113),#32,.T.);
#1225=ADVANCED_FACE('',(#1114,#1115),#33,.T.);
#1226=ADVANCED_FACE('',(#1116,#1117),#34,.T.);
#1227=ADVANCED_FACE('',(#1118),#35,.T.);
#1228=ADVANCED_FACE('',(#1119),#36,.T.);
#1229=ADVANCED_FACE('',(#1120),#37,.T.);
#1230=ADVANCED_FACE('',(#1121),#38,.T.);
#1231=ADVANCED_FACE('',(#1122),#39,.T.);
#1232=ADVANCED_FACE('',(#1123),#40,.F.);
#1233=ADVANCED_FACE('',(#1124),#41,.F.);
#1234=ADVANCED_FACE('',(#1125),#42,.F.);
#1235=CLOSED_SHELL('',(#1165,#1166,#1167,#1168,#1169,#1170,#1171,#1172,
#1173,#1174,#1175,#1176,#1177,#1178,#1179,#1180,#1181,#1182,#1183,#1184,
#1185,#1186,#1187,#1188,#1189,#1190,#1191,#1192,#1193,#1194,#1195,#1196,
#1197,#1198,#1199,#1200,#1201,#1202,#1203,#1204,#1205,#1206,#1207,#1208,
#1209,#1210,#1211,#1212,#1213,#1214,#1215,#1216,#1217,#1218,#1219,#1220,
#1221,#1222,#1223,#1224,#1225,#1226,#1227,#1228,#1229,#1230,#1231,#1232,
#1233,#1234));
#1236=STYLED_ITEM('',(#1237),#1244);
#1237=PRESENTATION_STYLE_ASSIGNMENT((#1238));
#1238=SURFACE_STYLE_USAGE(.BOTH.,#1239);
#1239=SURFACE_SIDE_STYLE('',(#1240));
#1240=SURFACE_STYLE_FILL_AREA(#1241);
#1241=FILL_AREA_STYLE('',(#1242));
#1242=FILL_AREA_STYLE_COLOUR('',#1243);
#1243=COLOUR_RGB('',0.917647058823529,0.917647058823529,0.917647058823529);
#1244=MANIFOLD_SOLID_BREP('Part 1',#1235);
#1245=SHAPE_DEFINITION_REPRESENTATION(#3363,#1246);
#1246=SHAPE_REPRESENTATION('Part 1',(#1247),#3358);
#1247=AXIS2_PLACEMENT_3D('',#1486,#1299,#1300);
#1248=AXIS2_PLACEMENT_3D('',#1487,#1301,#1302);
#1249=AXIS2_PLACEMENT_3D('',#1528,#1313,#1314);
#1250=AXIS2_PLACEMENT_3D('',#1546,#1316,#1317);
#1251=AXIS2_PLACEMENT_3D('',#1561,#1320,#1321);
#1252=AXIS2_PLACEMENT_3D('',#1562,#1322,#1323);
#1253=AXIS2_PLACEMENT_3D('',#1564,#1324,#1325);
#1254=AXIS2_PLACEMENT_3D('',#1606,#1334,#1335);
#1255=AXIS2_PLACEMENT_3D('',#1607,#1336,#1337);
#1256=AXIS2_PLACEMENT_3D('',#1609,#1338,#1339);
#1257=AXIS2_PLACEMENT_3D('',#1654,#1349,#1350);
#1258=AXIS2_PLACEMENT_3D('',#1688,#1355,#1356);
#1259=AXIS2_PLACEMENT_3D('',#1727,#1361,#1362);
#1260=AXIS2_PLACEMENT_3D('',#1766,#1367,#1368);
#1261=AXIS2_PLACEMENT_3D('',#1800,#1373,#1374);
#1262=AXIS2_PLACEMENT_3D('',#1849,#1381,#1382);
#1263=AXIS2_PLACEMENT_3D('',#1861,#1384,#1385);
#1264=AXIS2_PLACEMENT_3D('',#1871,#1386,#1387);
#1265=AXIS2_PLACEMENT_3D('',#1898,#1391,#1392);
#1266=AXIS2_PLACEMENT_3D('',#1953,#1393,#1394);
#1267=AXIS2_PLACEMENT_3D('',#1966,#1401,#1402);
#1268=AXIS2_PLACEMENT_3D('',#1987,#1409,#1410);
#1269=AXIS2_PLACEMENT_3D('',#1988,#1411,#1412);
#1270=AXIS2_PLACEMENT_3D('',#1990,#1413,#1414);
#1271=AXIS2_PLACEMENT_3D('',#2035,#1416,#1417);
#1272=AXIS2_PLACEMENT_3D('',#2041,#1419,#1420);
#1273=AXIS2_PLACEMENT_3D('',#2046,#1421,#1422);
#1274=AXIS2_PLACEMENT_3D('',#2051,#1423,#1424);
#1275=AXIS2_PLACEMENT_3D('',#2060,#1425,#1426);
#1276=AXIS2_PLACEMENT_3D('',#2069,#1427,#1428);
#1277=AXIS2_PLACEMENT_3D('',#2074,#1429,#1430);
#1278=AXIS2_PLACEMENT_3D('',#2079,#1431,#1432);
#1279=AXIS2_PLACEMENT_3D('',#2085,#1434,#1435);
#1280=AXIS2_PLACEMENT_3D('',#2088,#1438,#1439);
#1281=AXIS2_PLACEMENT_3D('',#2096,#1442,#1443);
#1282=AXIS2_PLACEMENT_3D('',#2101,#1444,#1445);
#1283=AXIS2_PLACEMENT_3D('',#2108,#1447,#1448);
#1284=AXIS2_PLACEMENT_3D('',#2110,#1450,#1451);
#1285=AXIS2_PLACEMENT_3D('',#2111,#1452,#1453);
#1286=AXIS2_PLACEMENT_3D('',#2116,#1454,#1455);
#1287=AXIS2_PLACEMENT_3D('',#2122,#1457,#1458);
#1288=AXIS2_PLACEMENT_3D('',#2127,#1459,#1460);
#1289=AXIS2_PLACEMENT_3D('',#2136,#1461,#1462);
#1290=AXIS2_PLACEMENT_3D('',#2140,#1465,#1466);
#1291=AXIS2_PLACEMENT_3D('',#2144,#1469,#1470);
#1292=AXIS2_PLACEMENT_3D('',#2146,#1472,#1473);
#1293=AXIS2_PLACEMENT_3D('',#2147,#1474,#1475);
#1294=AXIS2_PLACEMENT_3D('',#2160,#1476,#1477);
#1295=AXIS2_PLACEMENT_3D('',#2345,#1478,#1479);
#1296=AXIS2_PLACEMENT_3D('',#2358,#1480,#1481);
#1297=AXIS2_PLACEMENT_3D('',#2371,#1482,#1483);
#1298=AXIS2_PLACEMENT_3D('',#2384,#1484,#1485);
#1299=DIRECTION('',(0.,0.,1.));
#1300=DIRECTION('',(1.,0.,0.));
#1301=DIRECTION('',(0.,1.,0.));
#1302=DIRECTION('',(0.,0.,1.));
#1303=DIRECTION('',(0.,0.,-1.));
#1304=DIRECTION('',(0.,0.,-1.));
#1305=DIRECTION('',(-1.,0.,0.));
#1306=DIRECTION('',(-0.707106781186548,0.,0.707106781186548));
#1307=DIRECTION('',(1.,0.,3.60462020982194E-16));
#1308=DIRECTION('',(0.,0.,-1.));
#1309=DIRECTION('',(-1.,0.,0.));
#1310=DIRECTION('',(0.,0.,1.));
#1311=DIRECTION('',(1.,0.,0.));
#1312=DIRECTION('',(1.,0.,0.));
#1313=DIRECTION('',(0.,1.,0.));
#1314=DIRECTION('',(0.,0.,1.));
#1315=DIRECTION('',(-1.,0.,0.));
#1316=DIRECTION('',(0.,1.,0.));
#1317=DIRECTION('',(0.,0.,1.));
#1318=DIRECTION('',(-1.,0.,0.));
#1319=DIRECTION('',(1.,0.,0.));
#1320=DIRECTION('',(0.,0.,1.));
#1321=DIRECTION('',(1.,0.,0.));
#1322=DIRECTION('',(0.,0.,1.));
#1323=DIRECTION('',(1.,0.,0.));
#1324=DIRECTION('',(0.,0.,1.));
#1325=DIRECTION('',(1.,0.,0.));
#1326=DIRECTION('',(0.,-1.,0.));
#1327=DIRECTION('',(0.,-1.,0.));
#1328=DIRECTION('',(1.,0.,0.));
#1329=DIRECTION('',(0.,-1.,0.));
#1330=DIRECTION('',(1.,0.,0.));
#1331=DIRECTION('',(0.,1.,0.));
#1332=DIRECTION('',(1.,0.,0.));
#1333=DIRECTION('',(0.,-1.,0.));
#1334=DIRECTION('',(0.,0.,1.));
#1335=DIRECTION('',(1.,0.,0.));
#1336=DIRECTION('',(0.,0.,-1.));
#1337=DIRECTION('',(1.,0.,0.));
#1338=DIRECTION('',(0.,0.,-1.));
#1339=DIRECTION('',(1.,0.,0.));
#1340=DIRECTION('',(0.,-1.,0.));
#1341=DIRECTION('',(1.,0.,0.));
#1342=DIRECTION('',(0.,-1.,0.));
#1343=DIRECTION('',(1.,0.,0.));
#1344=DIRECTION('',(0.,1.,0.));
#1345=DIRECTION('',(-1.,0.,0.));
#1346=DIRECTION('',(0.,-1.,0.));
#1347=DIRECTION('',(-1.,0.,0.));
#1348=DIRECTION('',(0.,-1.,0.));
#1349=DIRECTION('',(0.,0.,1.));
#1350=DIRECTION('',(1.,0.,0.));
#1351=DIRECTION('',(-1.,0.,0.));
#1352=DIRECTION('',(0.,1.,0.));
#1353=DIRECTION('',(1.,0.,0.));
#1354=DIRECTION('',(0.,-1.,0.));
#1355=DIRECTION('',(0.,0.,1.));
#1356=DIRECTION('',(1.,0.,0.));
#1357=DIRECTION('',(0.,-1.,0.));
#1358=DIRECTION('',(-1.,0.,0.));
#1359=DIRECTION('',(0.,-1.,0.));
#1360=DIRECTION('',(1.,0.,0.));
#1361=DIRECTION('',(0.,0.,1.));
#1362=DIRECTION('',(1.,0.,0.));
#1363=DIRECTION('',(1.,0.,0.));
#1364=DIRECTION('',(0.,-1.,0.));
#1365=DIRECTION('',(1.,0.,0.));
#1366=DIRECTION('',(0.,-1.,0.));
#1367=DIRECTION('',(0.,0.,1.));
#1368=DIRECTION('',(1.,0.,0.));
#1369=DIRECTION('',(0.,1.,0.));
#1370=DIRECTION('',(1.,0.,0.));
#1371=DIRECTION('',(0.,-1.,0.));
#1372=DIRECTION('',(1.,0.,0.));
#1373=DIRECTION('',(0.,1.,0.));
#1374=DIRECTION('',(0.,0.,1.));
#1375=DIRECTION('',(1.,0.,0.));
#1376=DIRECTION('',(0.,0.,-1.));
#1377=DIRECTION('',(0.,0.,-1.));
#1378=DIRECTION('',(1.,0.,0.));
#1379=DIRECTION('',(0.,0.,-1.));
#1380=DIRECTION('',(0.,0.,-1.));
#1381=DIRECTION('',(0.,1.,0.));
#1382=DIRECTION('',(0.,0.,1.));
#1383=DIRECTION('',(-1.,0.,0.));
#1384=DIRECTION('',(1.,0.,0.));
#1385=DIRECTION('',(0.,0.,-1.));
#1386=DIRECTION('',(1.,0.,0.));
#1387=DIRECTION('',(0.,0.,-1.));
#1388=DIRECTION('',(0.,1.,0.));
#1389=DIRECTION('',(0.,0.,-1.));
#1390=DIRECTION('',(0.,1.,0.));
#1391=DIRECTION('',(0.,0.,1.));
#1392=DIRECTION('',(1.,0.,0.));
#1393=DIRECTION('',(1.,0.,0.));
#1394=DIRECTION('',(0.,0.,-1.));
#1395=DIRECTION('',(0.,0.,-1.));
#1396=DIRECTION('',(0.,0.,-1.));
#1397=DIRECTION('',(0.,0.,-1.));
#1398=DIRECTION('',(0.,1.,0.));
#1399=DIRECTION('',(0.,-0.707106781186548,0.707106781186548));
#1400=DIRECTION('',(0.,1.,0.));
#1401=DIRECTION('',(1.,0.,0.));
#1402=DIRECTION('',(0.,0.,-1.));
#1403=DIRECTION('',(0.,1.,0.));
#1404=DIRECTION('',(0.,0.,-1.));
#1405=DIRECTION('',(0.,1.,0.));
#1406=DIRECTION('',(0.,0.,-1.));
#1407=DIRECTION('',(0.,0.,-1.));
#1408=DIRECTION('',(0.,0.,-1.));
#1409=DIRECTION('',(0.,0.,1.));
#1410=DIRECTION('',(1.,0.,0.));
#1411=DIRECTION('',(0.,0.,1.));
#1412=DIRECTION('',(1.,0.,0.));
#1413=DIRECTION('',(0.,0.,1.));
#1414=DIRECTION('',(1.,0.,0.));
#1415=DIRECTION('',(0.,0.,1.));
#1416=DIRECTION('',(1.,0.,0.));
#1417=DIRECTION('',(0.,0.,-1.));
#1418=DIRECTION('',(0.,0.,-1.));
#1419=DIRECTION('',(0.,1.,0.));
#1420=DIRECTION('',(0.,0.,1.));
#1421=DIRECTION('',(0.,1.,0.));
#1422=DIRECTION('',(0.,0.,1.));
#1423=DIRECTION('',(-1.,0.,0.));
#1424=DIRECTION('',(0.,0.,1.));
#1425=DIRECTION('',(-1.,0.,0.));
#1426=DIRECTION('',(0.,0.,1.));
#1427=DIRECTION('',(0.,-1.,0.));
#1428=DIRECTION('',(0.,0.,-1.));
#1429=DIRECTION('',(0.,-1.,0.));
#1430=DIRECTION('',(0.,0.,-1.));
#1431=DIRECTION('',(1.,0.,0.));
#1432=DIRECTION('',(0.,0.,-1.));
#1433=DIRECTION('',(0.,0.,-1.));
#1434=DIRECTION('',(0.,0.,-1.));
#1435=DIRECTION('',(-1.,0.,0.));
#1436=DIRECTION('',(0.,-1.,0.));
#1437=DIRECTION('',(0.,-1.,0.));
#1438=DIRECTION('',(0.,0.,-1.));
#1439=DIRECTION('',(-1.,0.,0.));
#1440=DIRECTION('',(0.,-1.,0.));
#1441=DIRECTION('',(0.,-1.,0.));
#1442=DIRECTION('',(1.,0.,0.));
#1443=DIRECTION('',(0.,0.,-1.));
#1444=DIRECTION('',(1.,0.,0.));
#1445=DIRECTION('',(0.,0.,-1.));
#1446=DIRECTION('',(0.,-1.,0.));
#1447=DIRECTION('',(-1.,0.,0.));
#1448=DIRECTION('',(0.,0.,1.));
#1449=DIRECTION('',(0.,-1.,0.));
#1450=DIRECTION('',(-1.,0.,0.));
#1451=DIRECTION('',(0.,0.,1.));
#1452=DIRECTION('',(0.,0.,-1.));
#1453=DIRECTION('',(-1.,0.,0.));
#1454=DIRECTION('',(0.,-1.,0.));
#1455=DIRECTION('',(0.,0.,-1.));
#1456=DIRECTION('',(1.,0.,0.));
#1457=DIRECTION('',(0.,0.,-1.));
#1458=DIRECTION('',(-1.,0.,0.));
#1459=DIRECTION('',(0.,0.,-1.));
#1460=DIRECTION('',(-1.,0.,0.));
#1461=DIRECTION('',(0.,0.,-1.));
#1462=DIRECTION('',(-1.,0.,0.));
#1463=DIRECTION('',(1.,3.60462020982194E-16,0.));
#1464=DIRECTION('',(0.,1.,0.));
#1465=DIRECTION('',(-3.60462020982194E-16,0.,1.));
#1466=DIRECTION('',(1.,0.,3.60462020982194E-16));
#1467=DIRECTION('',(0.,1.,0.));
#1468=DIRECTION('',(-1.,0.,-3.60462020982194E-16));
#1469=DIRECTION('',(-0.707106781186547,0.,-0.707106781186548));
#1470=DIRECTION('',(0.,1.,0.));
#1471=DIRECTION('',(-0.577350269189626,-0.577350269189626,0.577350269189626));
#1472=DIRECTION('',(2.54885139396717E-16,-0.707106781186548,-0.707106781186548));
#1473=DIRECTION('',(-1.,0.,-3.60462020982194E-16));
#1474=DIRECTION('',(0.,0.,1.));
#1475=DIRECTION('',(1.,0.,0.));
#1476=DIRECTION('',(0.,0.,1.));
#1477=DIRECTION('',(1.,0.,0.));
#1478=DIRECTION('',(0.,0.,-1.));
#1479=DIRECTION('',(-1.,0.,0.));
#1480=DIRECTION('',(0.,0.,-1.));
#1481=DIRECTION('',(-1.,0.,0.));
#1482=DIRECTION('',(0.,0.,-1.));
#1483=DIRECTION('',(-1.,0.,0.));
#1484=DIRECTION('',(0.,0.,-1.));
#1485=DIRECTION('',(-1.,0.,0.));
#1486=CARTESIAN_POINT('',(0.,0.,0.));
#1487=CARTESIAN_POINT('',(-0.0785,0.097,0.11));
#1488=CARTESIAN_POINT('',(0.077,0.097,0.11));
#1489=CARTESIAN_POINT('',(0.077,0.097,0.0982));
#1490=CARTESIAN_POINT('',(0.077,0.097,0.097597487282753));
#1491=CARTESIAN_POINT('',(0.077,0.097,0.0982));
#1492=CARTESIAN_POINT('',(0.0256666666666664,0.097,0.0982));
#1493=CARTESIAN_POINT('',(-0.0256666666666672,0.097,0.0982));
#1494=CARTESIAN_POINT('',(-0.0770000000000009,0.097,0.0982));
#1495=CARTESIAN_POINT('',(-0.077,0.097,0.0982));
#1496=CARTESIAN_POINT('',(-0.077,0.097,0.11));
#1497=CARTESIAN_POINT('',(-0.077,0.097,0.0945769473910332));
#1498=CARTESIAN_POINT('',(-0.0385,0.097,0.0945769473910332));
#1499=CARTESIAN_POINT('',(-0.025,0.097,0.0945769473910332));
#1500=CARTESIAN_POINT('',(-0.0594615263044834,0.097,0.129038473695517));
#1501=CARTESIAN_POINT('',(-0.0225,0.097,0.0920769473910332));
#1502=CARTESIAN_POINT('',(-0.0385,0.097,0.0920769473910332));
#1503=CARTESIAN_POINT('',(-0.077,0.097,0.0920769473910332));
#1504=CARTESIAN_POINT('',(-0.077,0.097,0.11));
#1505=CARTESIAN_POINT('',(-0.0770000258944929,0.097,0.0238268173672259));
#1506=CARTESIAN_POINT('',(-0.0785,0.097,0.0238268173672259));
#1507=CARTESIAN_POINT('',(0.0769999102801085,0.097,0.0238268173672259));
#1508=CARTESIAN_POINT('',(0.0769998803734779,0.097,0.055));
#1509=CARTESIAN_POINT('',(0.076999940186739,0.097,0.0235472483760683));
#1510=CARTESIAN_POINT('',(0.055,0.097,0.0235479997194378));
#1511=CARTESIAN_POINT('',(0.08,0.097,0.0235464372194378));
#1512=CARTESIAN_POINT('',(0.08,0.097,0.0235479997194378));
#1513=CARTESIAN_POINT('',(0.08,0.097,0.0236474788861045));
#1514=CARTESIAN_POINT('',(0.08,0.097,0.0237469580527711));
#1515=CARTESIAN_POINT('',(0.08,0.097,0.0238464372194378));
#1516=CARTESIAN_POINT('',(0.08,0.097,0.0238464372194378));
#1517=CARTESIAN_POINT('',(0.08,0.097,0.0238479997194378));
#1518=CARTESIAN_POINT('',(0.08,0.097,0.0477200969163953));
#1519=CARTESIAN_POINT('',(0.08,0.097,0.0715921941133529));
#1520=CARTESIAN_POINT('',(0.08,0.097,0.0954642913103104));
#1521=CARTESIAN_POINT('',(0.08,0.097,0.0954642913103104));
#1522=CARTESIAN_POINT('',(0.08,0.097,0.0954658538103104));
#1523=CARTESIAN_POINT('',(0.08,0.097,0.0961763983011246));
#1524=CARTESIAN_POINT('',(0.08,0.097,0.0968869427919388));
#1525=CARTESIAN_POINT('',(0.08,0.097,0.097597487282753));
#1526=CARTESIAN_POINT('',(0.08,0.097,0.097597487282753));
#1527=CARTESIAN_POINT('',(0.055,0.097,0.097597487282753));
#1528=CARTESIAN_POINT('',(-0.0785,0.1,0.11));
#1529=CARTESIAN_POINT('',(-0.077,0.1,0.0238270942445594));
#1530=CARTESIAN_POINT('',(-0.077,0.1,0.0496180628297063));
#1531=CARTESIAN_POINT('',(-0.077,0.1,0.0754090314148532));
#1532=CARTESIAN_POINT('',(-0.077,0.1,0.1012));
#1533=CARTESIAN_POINT('',(-0.0770000004342413,0.0999999999999976,0.0238270942445594));
#1534=CARTESIAN_POINT('',(-0.077,0.1,0.1012));
#1535=CARTESIAN_POINT('',(-0.077,0.1,0.1012));
#1536=CARTESIAN_POINT('',(-0.0256666666666667,0.1,0.1012));
#1537=CARTESIAN_POINT('',(0.0256666666666667,0.1,0.1012));
#1538=CARTESIAN_POINT('',(0.077,0.1,0.1012));
#1539=CARTESIAN_POINT('',(0.077,0.1,0.1012));
#1540=CARTESIAN_POINT('',(0.077,0.1,0.1012));
#1541=CARTESIAN_POINT('',(0.077,0.1,0.0754089414222546));
#1542=CARTESIAN_POINT('',(0.077,0.1,0.0496178828445092));
#1543=CARTESIAN_POINT('',(0.077,0.1,0.0238268242667637));
#1544=CARTESIAN_POINT('',(0.0769999464028954,0.1,0.0238268242667637));
#1545=CARTESIAN_POINT('',(-0.0785,0.1,0.0238268173672259));
#1546=CARTESIAN_POINT('',(-0.0785,0.1,0.11));
#1547=CARTESIAN_POINT('',(-0.0785,0.1,0.00299934903159738));
#1548=CARTESIAN_POINT('',(-0.0724964334964751,0.1,0.00299934903159738));
#1549=CARTESIAN_POINT('',(-0.0770000258944929,0.1,0.00299934903159738));
#1550=CARTESIAN_POINT('',(-0.0724964334964751,0.1,0.0029993490315974));
#1551=CARTESIAN_POINT('',(-0.072496433496475,0.1,0.00199956602106494));
#1552=CARTESIAN_POINT('',(-0.072496433496475,0.1,0.000999783010532468));
#1553=CARTESIAN_POINT('',(-0.072496433496475,0.1,0.));
#1554=CARTESIAN_POINT('',(-0.072496433496475,0.1,0.));
#1555=CARTESIAN_POINT('',(-0.0785,0.1,0.));
#1556=CARTESIAN_POINT('',(-0.077,0.1,0.));
#1557=CARTESIAN_POINT('',(-0.077,0.1,0.));
#1558=CARTESIAN_POINT('',(-0.077,0.1,0.000999783010532459));
#1559=CARTESIAN_POINT('',(-0.077,0.1,0.00199956602106492));
#1560=CARTESIAN_POINT('',(-0.077,0.1,0.00299934903159738));
#1561=CARTESIAN_POINT('',(1.38777878078145E-17,0.0575,0.));
#1562=CARTESIAN_POINT('',(-0.074,0.094,0.));
#1563=CARTESIAN_POINT('',(-0.0725,0.094,0.));
#1564=CARTESIAN_POINT('',(-0.074,0.018,0.));
#1565=CARTESIAN_POINT('',(-0.0725,0.018,0.));
#1566=CARTESIAN_POINT('',(-0.072496433496475,0.1,0.));
#1567=CARTESIAN_POINT('',(-0.0714964334964751,0.1,0.));
#1568=CARTESIAN_POINT('',(-0.0709964334964751,0.0995,0.));
#1569=CARTESIAN_POINT('',(-0.0709964334964751,0.0985,0.));
#1570=CARTESIAN_POINT('',(-0.070996433496475,0.0985,0.));
#1571=CARTESIAN_POINT('',(-0.070996433496475,0.122,0.));
#1572=CARTESIAN_POINT('',(-0.0709982167482375,0.097,0.));
#1573=CARTESIAN_POINT('',(-0.071,0.094,0.));
#1574=CARTESIAN_POINT('',(-0.071,0.0925,0.));
#1575=CARTESIAN_POINT('',(-0.071,0.0925,0.));
#1576=CARTESIAN_POINT('',(-0.071,0.0915,0.));
#1577=CARTESIAN_POINT('',(-0.0715,0.091,0.));
#1578=CARTESIAN_POINT('',(-0.0725,0.091,0.));
#1579=CARTESIAN_POINT('',(-0.0725,0.091,0.));
#1580=CARTESIAN_POINT('',(-0.074,0.091,0.));
#1581=CARTESIAN_POINT('',(-0.077,0.091,0.));
#1582=CARTESIAN_POINT('',(-0.077,0.056,0.));
#1583=CARTESIAN_POINT('',(-0.077,0.021,0.));
#1584=CARTESIAN_POINT('',(-0.074,0.021,0.));
#1585=CARTESIAN_POINT('',(-0.0725,0.021,0.));
#1586=CARTESIAN_POINT('',(-0.0725,0.021,0.));
#1587=CARTESIAN_POINT('',(-0.0715,0.021,0.));
#1588=CARTESIAN_POINT('',(-0.071,0.0205,0.));
#1589=CARTESIAN_POINT('',(-0.071,0.0195,0.));
#1590=CARTESIAN_POINT('',(-0.071,0.0195,0.));
#1591=CARTESIAN_POINT('',(-0.071,0.018,0.));
#1592=CARTESIAN_POINT('',(-0.071,0.0165,0.));
#1593=CARTESIAN_POINT('',(-0.071,0.0165,0.));
#1594=CARTESIAN_POINT('',(-0.071,0.0155,0.));
#1595=CARTESIAN_POINT('',(-0.0715,0.015,0.));
#1596=CARTESIAN_POINT('',(-0.0725,0.015,0.));
#1597=CARTESIAN_POINT('',(-0.0725,0.015,0.));
#1598=CARTESIAN_POINT('',(-0.0785,0.015,0.));
#1599=CARTESIAN_POINT('',(-0.08,0.015,0.));
#1600=CARTESIAN_POINT('',(-0.08,0.0985,0.));
#1601=CARTESIAN_POINT('',(-0.08,0.097,0.));
#1602=CARTESIAN_POINT('',(-0.08,0.097,0.));
#1603=CARTESIAN_POINT('',(-0.08,0.099,0.));
#1604=CARTESIAN_POINT('',(-0.079,0.1,0.));
#1605=CARTESIAN_POINT('',(-0.077,0.1,0.));
#1606=CARTESIAN_POINT('',(1.38777878078145E-17,0.0575,0.));
#1607=CARTESIAN_POINT('',(0.074,0.018,0.));
#1608=CARTESIAN_POINT('',(0.0755,0.018,0.));
#1609=CARTESIAN_POINT('',(0.074,0.094,0.));
#1610=CARTESIAN_POINT('',(0.0755,0.094,0.));
#1611=CARTESIAN_POINT('',(0.0709992274641991,0.122,0.));
#1612=CARTESIAN_POINT('',(0.0709992274641991,0.0985,0.));
#1613=CARTESIAN_POINT('',(0.0709996137320996,0.097,0.));
#1614=CARTESIAN_POINT('',(0.070999227464199,0.0985,0.));
#1615=CARTESIAN_POINT('',(0.070999227464199,0.0995,0.));
#1616=CARTESIAN_POINT('',(0.0714992274641991,0.1,0.));
#1617=CARTESIAN_POINT('',(0.0724992274641991,0.1,0.));
#1618=CARTESIAN_POINT('',(0.0724992274641991,0.1,0.));
#1619=CARTESIAN_POINT('',(-0.0785,0.1,0.));
#1620=CARTESIAN_POINT('',(0.077,0.1,0.));
#1621=CARTESIAN_POINT('',(0.077,0.1,0.));
#1622=CARTESIAN_POINT('',(0.079,0.1,0.));
#1623=CARTESIAN_POINT('',(0.08,0.099,0.));
#1624=CARTESIAN_POINT('',(0.08,0.097,0.));
#1625=CARTESIAN_POINT('',(0.08,0.097,0.));
#1626=CARTESIAN_POINT('',(0.08,0.0985,0.));
#1627=CARTESIAN_POINT('',(0.08,0.015,0.));
#1628=CARTESIAN_POINT('',(-0.0785,0.015,0.));
#1629=CARTESIAN_POINT('',(0.0725,0.015,0.));
#1630=CARTESIAN_POINT('',(0.0725,0.015,0.));
#1631=CARTESIAN_POINT('',(0.0715,0.015,0.));
#1632=CARTESIAN_POINT('',(0.071,0.0155,0.));
#1633=CARTESIAN_POINT('',(0.071,0.0165,0.));
#1634=CARTESIAN_POINT('',(0.071,0.0165,0.));
#1635=CARTESIAN_POINT('',(0.071,0.018,0.));
#1636=CARTESIAN_POINT('',(0.071,0.0195,0.));
#1637=CARTESIAN_POINT('',(0.071,0.0195,0.));
#1638=CARTESIAN_POINT('',(0.071,0.0205,0.));
#1639=CARTESIAN_POINT('',(0.0715,0.021,0.));
#1640=CARTESIAN_POINT('',(0.0725,0.021,0.));
#1641=CARTESIAN_POINT('',(0.0725,0.021,0.));
#1642=CARTESIAN_POINT('',(0.074,0.021,0.));
#1643=CARTESIAN_POINT('',(0.077,0.021,0.));
#1644=CARTESIAN_POINT('',(0.077,0.056,0.));
#1645=CARTESIAN_POINT('',(0.077,0.091,0.));
#1646=CARTESIAN_POINT('',(0.074,0.091,0.));
#1647=CARTESIAN_POINT('',(0.0725,0.091,0.));
#1648=CARTESIAN_POINT('',(0.0725,0.091,0.));
#1649=CARTESIAN_POINT('',(0.0715,0.091,0.));
#1650=CARTESIAN_POINT('',(0.071,0.0915,0.));
#1651=CARTESIAN_POINT('',(0.071,0.0925,0.));
#1652=CARTESIAN_POINT('',(0.071,0.0925,0.));
#1653=CARTESIAN_POINT('',(0.071,0.094,0.));
#1654=CARTESIAN_POINT('',(1.38777878078145E-17,0.0575,0.003));
#1655=CARTESIAN_POINT('',(-0.0716461086181215,0.0950163782208335,0.003));
#1656=CARTESIAN_POINT('',(-0.0714327678434463,0.0940324753790704,0.003));
#1657=CARTESIAN_POINT('',(-0.0716237022738449,0.093055654321145,0.003));
#1658=CARTESIAN_POINT('',(-0.0721490775563922,0.0922212940966477,0.003));
#1659=CARTESIAN_POINT('',(-0.0729692872489946,0.0916561567171674,0.003));
#1660=CARTESIAN_POINT('',(-0.0739480697701344,0.0914333306640011,0.003));
#1661=CARTESIAN_POINT('',(-0.0749284730509409,0.0916137980229157,0.003));
#1662=CARTESIAN_POINT('',(-0.0757781906982552,0.0921483702884486,0.003));
#1663=CARTESIAN_POINT('',(-0.0763438283701262,0.0929692294287582,0.003));
#1664=CARTESIAN_POINT('',(-0.0765666708515557,0.0939480708891706,0.003));
#1665=CARTESIAN_POINT('',(-0.0763862016908895,0.0949284720466675,0.003));
#1666=CARTESIAN_POINT('',(-0.0758516299842789,0.0957781909257022,0.003));
#1667=CARTESIAN_POINT('',(-0.0750307698464666,0.096343828352362,0.003));
#1668=CARTESIAN_POINT('',(-0.074051931743071,0.0965666706915796,0.003));
#1669=CARTESIAN_POINT('',(-0.07307151814948,0.0963862023485014,0.003));
#1670=CARTESIAN_POINT('',(-0.0722218456574681,0.0958516275138121,0.003));
#1671=CARTESIAN_POINT('',(-0.0716461086181215,0.0950163782208335,0.003));
#1672=CARTESIAN_POINT('',(-0.0714327678434463,0.0940324753790704,0.003));
#1673=CARTESIAN_POINT('',(-0.0716237022738449,0.093055654321145,0.003));
#1674=CARTESIAN_POINT('',(-0.0715,0.094,0.003));
#1675=CARTESIAN_POINT('',(1.38777878078145E-17,0.091,0.003));
#1676=CARTESIAN_POINT('',(-0.0725,0.091,0.003));
#1677=CARTESIAN_POINT('',(-0.077,0.091,0.003));
#1678=CARTESIAN_POINT('',(-0.0725,0.091,0.003));
#1679=CARTESIAN_POINT('',(-0.0715,0.091,0.003));
#1680=CARTESIAN_POINT('',(-0.071,0.0915,0.003));
#1681=CARTESIAN_POINT('',(-0.071,0.0925,0.003));
#1682=CARTESIAN_POINT('',(-0.071,0.0925,0.003));
#1683=CARTESIAN_POINT('',(-0.071,0.0575,0.003));
#1684=CARTESIAN_POINT('',(-0.0709982167482375,0.097,0.00299967451579869));
#1685=CARTESIAN_POINT('',(-0.0785,0.097,0.003));
#1686=CARTESIAN_POINT('',(-0.0770000258944929,0.097,0.00299967451579869));
#1687=CARTESIAN_POINT('',(-0.077,0.0985,0.003));
#1688=CARTESIAN_POINT('',(1.38777878078145E-17,0.0575,0.003));
#1689=CARTESIAN_POINT('',(-0.0716461086181214,0.0190163782208343,0.003));
#1690=CARTESIAN_POINT('',(-0.0714327678434462,0.0180324753790709,0.003));
#1691=CARTESIAN_POINT('',(-0.0716237022738452,0.0170556543211427,0.003));
#1692=CARTESIAN_POINT('',(-0.0721490775563908,0.0162212940966494,0.003));
#1693=CARTESIAN_POINT('',(-0.0729692872489949,0.0156561567171676,0.003));
#1694=CARTESIAN_POINT('',(-0.0739480697701342,0.015433330664001,0.003));
#1695=CARTESIAN_POINT('',(-0.0749284730509419,0.0156137980229158,0.003));
#1696=CARTESIAN_POINT('',(-0.075778190698254,0.0161483702884485,0.003));
#1697=CARTESIAN_POINT('',(-0.0763438283701271,0.0169692294287584,0.003));
#1698=CARTESIAN_POINT('',(-0.0765666708515544,0.0179480708891696,0.003));
#1699=CARTESIAN_POINT('',(-0.0763862016908913,0.0189284720466686,0.003));
#1700=CARTESIAN_POINT('',(-0.0758516299842759,0.0197781909257038,0.003));
#1701=CARTESIAN_POINT('',(-0.0750307698464671,0.0203438283523621,0.003));
#1702=CARTESIAN_POINT('',(-0.0740519317430714,0.0205666706915785,0.003));
#1703=CARTESIAN_POINT('',(-0.073071518149481,0.0203862023485024,0.003));
#1704=CARTESIAN_POINT('',(-0.072221845657464,0.0198516275138091,0.003));
#1705=CARTESIAN_POINT('',(-0.0716461086181214,0.0190163782208343,0.003));
#1706=CARTESIAN_POINT('',(-0.0714327678434462,0.0180324753790709,0.003));
#1707=CARTESIAN_POINT('',(-0.0716237022738452,0.0170556543211427,0.003));
#1708=CARTESIAN_POINT('',(-0.0715,0.018,0.003));
#1709=CARTESIAN_POINT('',(-0.071,0.0575,0.003));
#1710=CARTESIAN_POINT('',(-0.071,0.0195,0.003));
#1711=CARTESIAN_POINT('',(-0.071,0.0165,0.003));
#1712=CARTESIAN_POINT('',(-0.071,0.0195,0.003));
#1713=CARTESIAN_POINT('',(-0.071,0.0205,0.003));
#1714=CARTESIAN_POINT('',(-0.0715,0.021,0.003));
#1715=CARTESIAN_POINT('',(-0.0725,0.021,0.003));
#1716=CARTESIAN_POINT('',(-0.0725,0.021,0.003));
#1717=CARTESIAN_POINT('',(1.38777878078145E-17,0.021,0.003));
#1718=CARTESIAN_POINT('',(-0.077,0.021,0.003));
#1719=CARTESIAN_POINT('',(-0.077,0.0985,0.003));
#1720=CARTESIAN_POINT('',(-0.077,0.015,0.003));
#1721=CARTESIAN_POINT('',(-0.0785,0.015,0.003));
#1722=CARTESIAN_POINT('',(-0.0725,0.015,0.003));
#1723=CARTESIAN_POINT('',(-0.0725,0.015,0.003));
#1724=CARTESIAN_POINT('',(-0.0715,0.015,0.003));
#1725=CARTESIAN_POINT('',(-0.071,0.0155,0.003));
#1726=CARTESIAN_POINT('',(-0.071,0.0165,0.003));
#1727=CARTESIAN_POINT('',(1.38777878078145E-17,0.0575,0.003));
#1728=CARTESIAN_POINT('',(0.0763538913818769,0.0190163782208315,0.003));
#1729=CARTESIAN_POINT('',(0.0765672321565542,0.0180324753790715,0.003));
#1730=CARTESIAN_POINT('',(0.0763762977261548,0.0170556543211427,0.003));
#1731=CARTESIAN_POINT('',(0.0758509224436085,0.0162212940966488,0.003));
#1732=CARTESIAN_POINT('',(0.0750307127510055,0.0156561567171675,0.003));
#1733=CARTESIAN_POINT('',(0.0740519302298665,0.015433330664001,0.003));
#1734=CARTESIAN_POINT('',(0.0730715269490578,0.0156137980229158,0.003));
#1735=CARTESIAN_POINT('',(0.0722218093017473,0.0161483702884483,0.003));
#1736=CARTESIAN_POINT('',(0.0716561716298737,0.0169692294287567,0.003));
#1737=CARTESIAN_POINT('',(0.0714333291484445,0.0179480708891709,0.003));
#1738=CARTESIAN_POINT('',(0.0716137983091097,0.0189284720466706,0.003));
#1739=CARTESIAN_POINT('',(0.0721483700157238,0.0197781909257055,0.003));
#1740=CARTESIAN_POINT('',(0.0729692301535368,0.0203438283523619,0.003));
#1741=CARTESIAN_POINT('',(0.0739480682569306,0.0205666706915795,0.003));
#1742=CARTESIAN_POINT('',(0.0749284818505184,0.0203862023485016,0.003));
#1743=CARTESIAN_POINT('',(0.0757781543425365,0.0198516275138109,0.003));
#1744=CARTESIAN_POINT('',(0.0763538913818769,0.0190163782208315,0.003));
#1745=CARTESIAN_POINT('',(0.0765672321565542,0.0180324753790715,0.003));
#1746=CARTESIAN_POINT('',(0.0763762977261548,0.0170556543211427,0.003));
#1747=CARTESIAN_POINT('',(0.0765,0.018,0.003));
#1748=CARTESIAN_POINT('',(1.38777878078145E-17,0.021,0.003));
#1749=CARTESIAN_POINT('',(0.0725,0.021,0.003));
#1750=CARTESIAN_POINT('',(0.077,0.021,0.003));
#1751=CARTESIAN_POINT('',(0.0725,0.021,0.003));
#1752=CARTESIAN_POINT('',(0.0715,0.021,0.003));
#1753=CARTESIAN_POINT('',(0.071,0.0205,0.003));
#1754=CARTESIAN_POINT('',(0.071,0.0195,0.003));
#1755=CARTESIAN_POINT('',(0.071,0.0195,0.003));
#1756=CARTESIAN_POINT('',(0.071,0.0575,0.003));
#1757=CARTESIAN_POINT('',(0.071,0.0165,0.003));
#1758=CARTESIAN_POINT('',(0.071,0.0165,0.003));
#1759=CARTESIAN_POINT('',(0.071,0.0155,0.003));
#1760=CARTESIAN_POINT('',(0.0715,0.015,0.003));
#1761=CARTESIAN_POINT('',(0.0725,0.015,0.003));
#1762=CARTESIAN_POINT('',(0.0725,0.015,0.003));
#1763=CARTESIAN_POINT('',(-0.0785,0.015,0.003));
#1764=CARTESIAN_POINT('',(0.077,0.015,0.003));
#1765=CARTESIAN_POINT('',(0.077,0.0985,0.003));
#1766=CARTESIAN_POINT('',(1.38777878078145E-17,0.0575,0.003));
#1767=CARTESIAN_POINT('',(0.0763538913818773,0.0950163782208337,0.003));
#1768=CARTESIAN_POINT('',(0.0765672321565541,0.09403247537907,0.003));
#1769=CARTESIAN_POINT('',(0.0763762977261549,0.0930556543211466,0.003));
#1770=CARTESIAN_POINT('',(0.0758509224436085,0.0922212940966478,0.003));
#1771=CARTESIAN_POINT('',(0.0750307127510067,0.0916561567171697,0.003));
#1772=CARTESIAN_POINT('',(0.0740519302298694,0.0914333306640012,0.003));
#1773=CARTESIAN_POINT('',(0.0730715269490631,0.091613798022916,0.003));
#1774=CARTESIAN_POINT('',(0.0722218093017482,0.0921483702884446,0.003));
#1775=CARTESIAN_POINT('',(0.0716561716298725,0.092969229428761,0.003));
#1776=CARTESIAN_POINT('',(0.0714333291484458,0.0939480708891697,0.003));
#1777=CARTESIAN_POINT('',(0.0716137983091084,0.0949284720466663,0.003));
#1778=CARTESIAN_POINT('',(0.0721483700157249,0.0957781909257084,0.003));
#1779=CARTESIAN_POINT('',(0.0729692301535378,0.0963438283523617,0.003));
#1780=CARTESIAN_POINT('',(0.0739480682569284,0.0965666706915801,0.003));
#1781=CARTESIAN_POINT('',(0.0749284818505221,0.0963862023484997,0.003));
#1782=CARTESIAN_POINT('',(0.075778154342536,0.0958516275138089,0.003));
#1783=CARTESIAN_POINT('',(0.0763538913818773,0.0950163782208337,0.003));
#1784=CARTESIAN_POINT('',(0.0765672321565541,0.09403247537907,0.003));
#1785=CARTESIAN_POINT('',(0.0763762977261549,0.0930556543211466,0.003));
#1786=CARTESIAN_POINT('',(0.0765,0.094,0.003));
#1787=CARTESIAN_POINT('',(0.071,0.0575,0.003));
#1788=CARTESIAN_POINT('',(0.071,0.0925,0.003));
#1789=CARTESIAN_POINT('',(0.0709996137320996,0.097,0.00299967451579869));
#1790=CARTESIAN_POINT('',(0.071,0.0925,0.003));
#1791=CARTESIAN_POINT('',(0.071,0.0915,0.003));
#1792=CARTESIAN_POINT('',(0.0715,0.091,0.003));
#1793=CARTESIAN_POINT('',(0.0725,0.091,0.003));
#1794=CARTESIAN_POINT('',(0.0725,0.091,0.003));
#1795=CARTESIAN_POINT('',(1.38777878078145E-17,0.091,0.003));
#1796=CARTESIAN_POINT('',(0.077,0.091,0.003));
#1797=CARTESIAN_POINT('',(0.077,0.0985,0.003));
#1798=CARTESIAN_POINT('',(0.076999940186739,0.097,0.00299967451579869));
#1799=CARTESIAN_POINT('',(-0.0785,0.097,0.003));
#1800=CARTESIAN_POINT('',(-0.0785,0.015,0.11));
#1801=CARTESIAN_POINT('',(-0.0785,0.015,0.11));
#1802=CARTESIAN_POINT('',(-0.0712,0.015,0.11));
#1803=CARTESIAN_POINT('',(0.0712,0.015,0.11));
#1804=CARTESIAN_POINT('',(-0.0712,0.015,0.11));
#1805=CARTESIAN_POINT('',(-0.0770666666666667,0.015,0.11));
#1806=CARTESIAN_POINT('',(-0.08,0.015,0.107066666666667));
#1807=CARTESIAN_POINT('',(-0.08,0.015,0.1012));
#1808=CARTESIAN_POINT('',(-0.08,0.015,0.1012));
#1809=CARTESIAN_POINT('',(-0.08,0.015,0.11));
#1810=CARTESIAN_POINT('',(-0.0725,0.015,0.));
#1811=CARTESIAN_POINT('',(-0.0725,0.015,0.001));
#1812=CARTESIAN_POINT('',(-0.0725,0.015,0.002));
#1813=CARTESIAN_POINT('',(-0.0725,0.015,0.003));
#1814=CARTESIAN_POINT('',(-0.077,0.015,0.11));
#1815=CARTESIAN_POINT('',(-0.077,0.015,0.0982));
#1816=CARTESIAN_POINT('',(-0.077,0.015,0.0982));
#1817=CARTESIAN_POINT('',(-0.077,0.015,0.0993918099673936));
#1818=CARTESIAN_POINT('',(-0.0768344031275984,0.015,0.101147723766221));
#1819=CARTESIAN_POINT('',(-0.0759512958229201,0.015,0.103392592762994));
#1820=CARTESIAN_POINT('',(-0.0748745424654454,0.015,0.104849715157599));
#1821=CARTESIAN_POINT('',(-0.0734288912106134,0.015,0.105929956450149));
#1822=CARTESIAN_POINT('',(-0.0712032408135616,0.015,0.106824292898049));
#1823=CARTESIAN_POINT('',(-0.0693985858889273,0.015,0.107));
#1824=CARTESIAN_POINT('',(-0.0682,0.015,0.107));
#1825=CARTESIAN_POINT('',(-0.0682,0.015,0.107));
#1826=CARTESIAN_POINT('',(-0.0785,0.015,0.107));
#1827=CARTESIAN_POINT('',(0.0682,0.015,0.107));
#1828=CARTESIAN_POINT('',(0.0682,0.015,0.107));
#1829=CARTESIAN_POINT('',(0.0693918099673936,0.015,0.107));
#1830=CARTESIAN_POINT('',(0.0711477237662214,0.015,0.106834403127598));
#1831=CARTESIAN_POINT('',(0.0733925927629937,0.015,0.10595129582292));
#1832=CARTESIAN_POINT('',(0.074849715157599,0.015,0.104874542465445));
#1833=CARTESIAN_POINT('',(0.0759299564501487,0.015,0.103428891210613));
#1834=CARTESIAN_POINT('',(0.0768242928980486,0.015,0.101203240813562));
#1835=CARTESIAN_POINT('',(0.077,0.015,0.0993985858889273));
#1836=CARTESIAN_POINT('',(0.077,0.015,0.0982));
#1837=CARTESIAN_POINT('',(0.077,0.015,0.0982));
#1838=CARTESIAN_POINT('',(0.077,0.015,0.11));
#1839=CARTESIAN_POINT('',(0.0725,0.015,0.003));
#1840=CARTESIAN_POINT('',(0.0725,0.015,0.002));
#1841=CARTESIAN_POINT('',(0.0725,0.015,0.001));
#1842=CARTESIAN_POINT('',(0.0725,0.015,0.));
#1843=CARTESIAN_POINT('',(0.08,0.015,0.11));
#1844=CARTESIAN_POINT('',(0.08,0.015,0.1012));
#1845=CARTESIAN_POINT('',(0.08,0.015,0.1012));
#1846=CARTESIAN_POINT('',(0.08,0.015,0.107066666666667));
#1847=CARTESIAN_POINT('',(0.0770666666666667,0.015,0.11));
#1848=CARTESIAN_POINT('',(0.0712,0.015,0.11));
#1849=CARTESIAN_POINT('',(-0.0785,0.1,0.11));
#1850=CARTESIAN_POINT('',(0.072499227464199,0.1,0.));
#1851=CARTESIAN_POINT('',(0.072499227464199,0.1,0.000999783010532468));
#1852=CARTESIAN_POINT('',(0.072499227464199,0.1,0.00199956602106494));
#1853=CARTESIAN_POINT('',(0.072499227464199,0.1,0.0029993490315974));
#1854=CARTESIAN_POINT('',(0.0724992274641991,0.1,0.00299934903159738));
#1855=CARTESIAN_POINT('',(-0.0785,0.1,0.00299934903159738));
#1856=CARTESIAN_POINT('',(0.076999940186739,0.1,0.00299934903159738));
#1857=CARTESIAN_POINT('',(0.077,0.1,0.00299934903159738));
#1858=CARTESIAN_POINT('',(0.077,0.1,0.00199956602106492));
#1859=CARTESIAN_POINT('',(0.077,0.1,0.000999783010532459));
#1860=CARTESIAN_POINT('',(0.077,0.1,0.));
#1861=CARTESIAN_POINT('',(-0.08,0.0985,0.11));
#1862=CARTESIAN_POINT('',(-0.08,0.015,0.1012));
#1863=CARTESIAN_POINT('',(-0.08,0.0423333333333333,0.1012));
#1864=CARTESIAN_POINT('',(-0.08,0.0696666666666666,0.1012));
#1865=CARTESIAN_POINT('',(-0.08,0.097,0.1012));
#1866=CARTESIAN_POINT('',(-0.08,0.097,0.1012));
#1867=CARTESIAN_POINT('',(-0.08,0.097,0.1012));
#1868=CARTESIAN_POINT('',(-0.08,0.097,0.0674666666666667));
#1869=CARTESIAN_POINT('',(-0.08,0.097,0.0337333333333333));
#1870=CARTESIAN_POINT('',(-0.08,0.097,0.));
#1871=CARTESIAN_POINT('',(0.08,0.0985,0.11));
#1872=CARTESIAN_POINT('',(0.08,0.097,0.097597487282753));
#1873=CARTESIAN_POINT('',(0.08,0.097,0.0987983248551687));
#1874=CARTESIAN_POINT('',(0.08,0.097,0.0999991624275844));
#1875=CARTESIAN_POINT('',(0.08,0.097,0.1012));
#1876=CARTESIAN_POINT('',(0.08,0.097,0.1012));
#1877=CARTESIAN_POINT('',(0.08,0.097,0.1012));
#1878=CARTESIAN_POINT('',(0.08,0.0696666666666667,0.1012));
#1879=CARTESIAN_POINT('',(0.08,0.0423333333333333,0.1012));
#1880=CARTESIAN_POINT('',(0.08,0.015,0.1012));
#1881=CARTESIAN_POINT('',(0.08,0.097,0.));
#1882=CARTESIAN_POINT('',(0.08,0.097,0.00784881240647926));
#1883=CARTESIAN_POINT('',(0.08,0.097,0.0156976248129585));
#1884=CARTESIAN_POINT('',(0.08,0.097,0.0235464372194378));
#1885=CARTESIAN_POINT('',(0.08,0.084375,0.0235479997194378));
#1886=CARTESIAN_POINT('',(0.08,0.07975,0.0235479997194378));
#1887=CARTESIAN_POINT('',(0.08,0.07975,0.0235479997194378));
#1888=CARTESIAN_POINT('',(0.08,0.0786637391164536,0.0235479997194378));
#1889=CARTESIAN_POINT('',(0.08,0.0765034333485674,0.0237439770514913));
#1890=CARTESIAN_POINT('',(0.08,0.0735131811754561,0.0253093034917984));
#1891=CARTESIAN_POINT('',(0.08,0.0719440841964984,0.0283065650534966));
#1892=CARTESIAN_POINT('',(0.08,0.07175,0.0304618771380296));
#1893=CARTESIAN_POINT('',(0.08,0.07175,0.0315479997194378));
#1894=CARTESIAN_POINT('',(0.08,0.07175,0.0315479997194378));
#1895=CARTESIAN_POINT('',(0.08,0.07175,0.0236979997194378));
#1896=CARTESIAN_POINT('',(0.08,0.07175,0.097597487282753));
#1897=CARTESIAN_POINT('',(0.08,0.084375,0.097597487282753));
#1898=CARTESIAN_POINT('',(1.38777878078145E-17,0.0575,0.11));
#1899=CARTESIAN_POINT('',(-0.00455082441039025,0.0351318699906211,0.11));
#1900=CARTESIAN_POINT('',(-0.00429482797174685,0.0339512108465019,0.11));
#1901=CARTESIAN_POINT('',(-0.00452394329058736,0.0327790107127444,0.11));
#1902=CARTESIAN_POINT('',(-0.00515440631106565,0.0317777730324343,0.11));
#1903=CARTESIAN_POINT('',(-0.00613866015141473,0.0310996144734286,0.11));
#1904=CARTESIAN_POINT('',(-0.00731320180312082,0.0308322276316338,0.11));
#1905=CARTESIAN_POINT('',(-0.00848968558809112,0.0310487947093116,0.11));
#1906=CARTESIAN_POINT('',(-0.00950934475824284,0.0316902863507451,0.11));
#1907=CARTESIAN_POINT('',(-0.0101881056369958,0.0326753216451454,0.11));
#1908=CARTESIAN_POINT('',(-0.0104555116622086,0.0338499334559183,0.11));
#1909=CARTESIAN_POINT('',(-0.0102389425638041,0.0350264148427038,0.11));
#1910=CARTESIAN_POINT('',(-0.0095974515577292,0.0360460754594926,0.11));
#1911=CARTESIAN_POINT('',(-0.0086124150663164,0.0367248360198931,0.11));
#1912=CARTESIAN_POINT('',(-0.00743780731935583,0.0369922420022507,0.11));
#1913=CARTESIAN_POINT('',(-0.00626131086771047,0.0367756733978492,0.11));
#1914=CARTESIAN_POINT('',(-0.0052417064461676,0.0361341804586964,0.11));
#1915=CARTESIAN_POINT('',(-0.00455082441039025,0.0351318699906211,0.11));
#1916=CARTESIAN_POINT('',(-0.00429482797174685,0.0339512108465019,0.11));
#1917=CARTESIAN_POINT('',(-0.00452394329058736,0.0327790107127444,0.11));
#1918=CARTESIAN_POINT('',(-0.00437550357878209,0.0339122340083122,0.11));
#1919=CARTESIAN_POINT('',(-0.00455082441038992,0.0495876253197512,0.11));
#1920=CARTESIAN_POINT('',(-0.00429482797174685,0.0484069661756342,0.11));
#1921=CARTESIAN_POINT('',(-0.00452394329058761,0.0472347660418774,0.11));
#1922=CARTESIAN_POINT('',(-0.00515440631106457,0.0462335283615677,0.11));
#1923=CARTESIAN_POINT('',(-0.00613866015141373,0.0455553698025613,0.11));
#1924=CARTESIAN_POINT('',(-0.00731320180312139,0.0452879829607651,0.11));
#1925=CARTESIAN_POINT('',(-0.00848968558809192,0.0455045500384445,0.11));
#1926=CARTESIAN_POINT('',(-0.00950934475824116,0.0461460416798765,0.11));
#1927=CARTESIAN_POINT('',(-0.0101881056369958,0.0471310769742763,0.11));
#1928=CARTESIAN_POINT('',(-0.0104555116622085,0.0483056887850511,0.11));
#1929=CARTESIAN_POINT('',(-0.0102389425638044,0.0494821701718339,0.11));
#1930=CARTESIAN_POINT('',(-0.00959745155772929,0.0505018307886246,0.11));
#1931=CARTESIAN_POINT('',(-0.00861241506631741,0.0511805913490248,0.11));
#1932=CARTESIAN_POINT('',(-0.00743780731935732,0.0514479973313835,0.11));
#1933=CARTESIAN_POINT('',(-0.00626131086770969,0.0512314287269806,0.11));
#1934=CARTESIAN_POINT('',(-0.00524170644616611,0.0505899357878285,0.11));
#1935=CARTESIAN_POINT('',(-0.00455082441038992,0.0495876253197512,0.11));
#1936=CARTESIAN_POINT('',(-0.00429482797174685,0.0484069661756342,0.11));
#1937=CARTESIAN_POINT('',(-0.00452394329058761,0.0472347660418774,0.11));
#1938=CARTESIAN_POINT('',(-0.00437550357878209,0.0483679893374443,0.11));
#1939=CARTESIAN_POINT('',(0.0712,0.0912,0.11));
#1940=CARTESIAN_POINT('',(0.0237333333333333,0.0912,0.11));
#1941=CARTESIAN_POINT('',(-0.0237333333333333,0.0912,0.11));
#1942=CARTESIAN_POINT('',(-0.0712,0.0912,0.11));
#1943=CARTESIAN_POINT('',(0.0712,0.0912,0.11));
#1944=CARTESIAN_POINT('',(-0.0712,0.0912,0.11));
#1945=CARTESIAN_POINT('',(-0.0712,0.0912,0.11));
#1946=CARTESIAN_POINT('',(-0.0712,0.0658,0.11));
#1947=CARTESIAN_POINT('',(-0.0712,0.0404,0.11));
#1948=CARTESIAN_POINT('',(-0.0712,0.015,0.11));
#1949=CARTESIAN_POINT('',(0.0712,0.015,0.11));
#1950=CARTESIAN_POINT('',(0.0712,0.0404,0.11));
#1951=CARTESIAN_POINT('',(0.0712,0.0658,0.11));
#1952=CARTESIAN_POINT('',(0.0712,0.0912,0.11));
#1953=CARTESIAN_POINT('',(-0.077,0.0985,0.11));
#1954=CARTESIAN_POINT('',(-0.077,0.0970000000000472,0.0982));
#1955=CARTESIAN_POINT('',(-0.077,0.0696666666666954,0.0982));
#1956=CARTESIAN_POINT('',(-0.077,0.0423333333333435,0.0982));
#1957=CARTESIAN_POINT('',(-0.077,0.0149999999999916,0.0982));
#1958=CARTESIAN_POINT('',(-0.077,0.021,0.025));
#1959=CARTESIAN_POINT('',(-0.077,0.091,0.025));
#1960=CARTESIAN_POINT('',(-0.077,0.097,0.11));
#1961=CARTESIAN_POINT('',(-0.077,0.087,0.0920769473910332));
#1962=CARTESIAN_POINT('',(-0.077,0.092,0.0920769473910332));
#1963=CARTESIAN_POINT('',(-0.077,0.087,0.0970769473910332));
#1964=CARTESIAN_POINT('',(-0.077,0.0895,0.0945769473910332));
#1965=CARTESIAN_POINT('',(-0.077,0.087,0.0945769473910332));
#1966=CARTESIAN_POINT('',(0.077,0.0985,0.11));
#1967=CARTESIAN_POINT('',(0.077,0.015,0.0982));
#1968=CARTESIAN_POINT('',(0.077,0.0423333333333334,0.0982));
#1969=CARTESIAN_POINT('',(0.077,0.0696666666666667,0.0982));
#1970=CARTESIAN_POINT('',(0.077,0.0970000000000001,0.0982));
#1971=CARTESIAN_POINT('',(0.077,0.0985,0.097597487282753));
#1972=CARTESIAN_POINT('',(0.077,0.07175,0.097597487282753));
#1973=CARTESIAN_POINT('',(0.077,0.07175,0.11));
#1974=CARTESIAN_POINT('',(0.077,0.07175,0.0315479997194378));
#1975=CARTESIAN_POINT('',(0.077,0.07175,0.0315479997194378));
#1976=CARTESIAN_POINT('',(0.077,0.07175,0.0304617388358914));
#1977=CARTESIAN_POINT('',(0.077,0.0719459773320535,0.0283014330680052));
#1978=CARTESIAN_POINT('',(0.077,0.0735113037723606,0.0253111808948939));
#1979=CARTESIAN_POINT('',(0.077,0.0765085653340588,0.0237420839159362));
#1980=CARTESIAN_POINT('',(0.077,0.0786638774185918,0.0235479997194378));
#1981=CARTESIAN_POINT('',(0.077,0.07975,0.0235479997194378));
#1982=CARTESIAN_POINT('',(0.077,0.07975,0.0235479997194378));
#1983=CARTESIAN_POINT('',(0.077,0.0985,0.0235479997194378));
#1984=CARTESIAN_POINT('',(0.077,0.097,0.11));
#1985=CARTESIAN_POINT('',(0.077,0.091,0.025));
#1986=CARTESIAN_POINT('',(0.077,0.021,0.025));
#1987=CARTESIAN_POINT('',(1.38777878078145E-17,0.0575,0.107));
#1988=CARTESIAN_POINT('',(-0.00737550357878209,0.0483679893374443,0.107));
#1989=CARTESIAN_POINT('',(-0.00587550357878209,0.0483679893374443,0.107));
#1990=CARTESIAN_POINT('',(-0.00737550357878209,0.0339122340083122,0.107));
#1991=CARTESIAN_POINT('',(-0.00587550357878209,0.0339122340083122,0.107));
#1992=CARTESIAN_POINT('',(-0.0682000000000035,0.0882,0.107));
#1993=CARTESIAN_POINT('',(-0.0227333333333363,0.0882,0.107));
#1994=CARTESIAN_POINT('',(0.0227333333333308,0.0882,0.107));
#1995=CARTESIAN_POINT('',(0.0681999999999979,0.0882,0.107));
#1996=CARTESIAN_POINT('',(-0.0682,0.0882,0.107));
#1997=CARTESIAN_POINT('',(0.0681999999999979,0.0882,0.107));
#1998=CARTESIAN_POINT('',(0.0682,0.088200000000001,0.107));
#1999=CARTESIAN_POINT('',(0.0682,0.0638000000000006,0.107));
#2000=CARTESIAN_POINT('',(0.0682,0.0394000000000003,0.107));
#2001=CARTESIAN_POINT('',(0.0682,0.015,0.107));
#2002=CARTESIAN_POINT('',(-0.0682,0.0149999999999916,0.107));
#2003=CARTESIAN_POINT('',(-0.0682,0.0393999999999944,0.107));
#2004=CARTESIAN_POINT('',(-0.0682,0.0637999999999972,0.107));
#2005=CARTESIAN_POINT('',(-0.0682,0.0882,0.107));
#2006=CARTESIAN_POINT('',(0.0769998803734779,0.0999999999988075,0.1012));
#2007=CARTESIAN_POINT('',(0.0769998803734779,0.0999999999988075,0.));
#2008=CARTESIAN_POINT('',(0.0789999601208992,0.100000039871119,0.1012));
#2009=CARTESIAN_POINT('',(0.0789999601208992,0.100000039871119,0.));
#2010=CARTESIAN_POINT('',(0.08,0.09900003987511,0.1012));
#2011=CARTESIAN_POINT('',(0.08,0.09900003987511,1.38777878078145E-17));
#2012=CARTESIAN_POINT('',(0.08,0.097,0.1012));
#2013=CARTESIAN_POINT('',(0.08,0.097,0.));
#2014=CARTESIAN_POINT('',(0.077,0.1,0.1012));
#2015=CARTESIAN_POINT('',(0.0790000000000001,0.1,0.1012));
#2016=CARTESIAN_POINT('',(0.08,0.0990000000000002,0.1012));
#2017=CARTESIAN_POINT('',(0.08,0.097,0.1012));
#2018=CARTESIAN_POINT('',(0.0769998803734779,0.1,0.00299934903159738));
#2019=CARTESIAN_POINT('',(0.0769998803734779,0.1,0.00994183847680688));
#2020=CARTESIAN_POINT('',(0.0769998803734779,0.1,0.0168843279220164));
#2021=CARTESIAN_POINT('',(0.0769998803734779,0.1,0.0238268173672259));
#2022=CARTESIAN_POINT('',(-0.077,0.1,-1.83507937954606E-18));
#2023=CARTESIAN_POINT('',(-0.077,0.1,0.1012));
#2024=CARTESIAN_POINT('',(-0.0790000000000001,0.1,5.55111512312585E-17));
#2025=CARTESIAN_POINT('',(-0.0790000000000001,0.1,0.1012));
#2026=CARTESIAN_POINT('',(-0.08,0.0990000000000002,5.55111512312579E-17));
#2027=CARTESIAN_POINT('',(-0.08,0.0990000000000002,0.1012));
#2028=CARTESIAN_POINT('',(-0.08,0.0969999999999999,-1.83507937954777E-18));
#2029=CARTESIAN_POINT('',(-0.08,0.0969999999999999,0.1012));
#2030=CARTESIAN_POINT('',(-0.08,0.097,0.1012));
#2031=CARTESIAN_POINT('',(-0.08,0.0990000000000002,0.1012));
#2032=CARTESIAN_POINT('',(-0.0790000000000001,0.1,0.1012));
#2033=CARTESIAN_POINT('',(-0.077,0.1,0.1012));
#2034=CARTESIAN_POINT('',(-0.0770000591874123,0.0999999999997081,0.055));
#2035=CARTESIAN_POINT('',(-0.071,0.094,0.025));
#2036=CARTESIAN_POINT('',(-0.071,0.0925,0.003));
#2037=CARTESIAN_POINT('',(-0.071,0.0925,0.002));
#2038=CARTESIAN_POINT('',(-0.071,0.0925,0.001));
#2039=CARTESIAN_POINT('',(-0.071,0.0925,0.));
#2040=CARTESIAN_POINT('',(-0.071,0.097,0.025));
#2041=CARTESIAN_POINT('',(-0.074,0.091,0.025));
#2042=CARTESIAN_POINT('',(-0.0725,0.091,0.));
#2043=CARTESIAN_POINT('',(-0.0725,0.091,0.001));
#2044=CARTESIAN_POINT('',(-0.0725,0.091,0.002));
#2045=CARTESIAN_POINT('',(-0.0725,0.091,0.003));
#2046=CARTESIAN_POINT('',(-0.074,0.021,0.025));
#2047=CARTESIAN_POINT('',(-0.0725,0.021,0.003));
#2048=CARTESIAN_POINT('',(-0.0725,0.021,0.002));
#2049=CARTESIAN_POINT('',(-0.0725,0.021,0.001));
#2050=CARTESIAN_POINT('',(-0.0725,0.021,0.));
#2051=CARTESIAN_POINT('',(-0.071,0.018,0.025));
#2052=CARTESIAN_POINT('',(-0.071,0.0195,0.));
#2053=CARTESIAN_POINT('',(-0.071,0.0195,0.001));
#2054=CARTESIAN_POINT('',(-0.071,0.0195,0.002));
#2055=CARTESIAN_POINT('',(-0.071,0.0195,0.003));
#2056=CARTESIAN_POINT('',(-0.071,0.0165,0.003));
#2057=CARTESIAN_POINT('',(-0.071,0.0165,0.002));
#2058=CARTESIAN_POINT('',(-0.071,0.0165,0.001));
#2059=CARTESIAN_POINT('',(-0.071,0.0165,0.));
#2060=CARTESIAN_POINT('',(0.071,0.018,0.025));
#2061=CARTESIAN_POINT('',(0.071,0.0195,0.003));
#2062=CARTESIAN_POINT('',(0.071,0.0195,0.002));
#2063=CARTESIAN_POINT('',(0.071,0.0195,0.001));
#2064=CARTESIAN_POINT('',(0.071,0.0195,0.));
#2065=CARTESIAN_POINT('',(0.071,0.0165,0.));
#2066=CARTESIAN_POINT('',(0.071,0.0165,0.001));
#2067=CARTESIAN_POINT('',(0.071,0.0165,0.002));
#2068=CARTESIAN_POINT('',(0.071,0.0165,0.003));
#2069=CARTESIAN_POINT('',(0.074,0.021,0.025));
#2070=CARTESIAN_POINT('',(0.0725,0.021,0.));
#2071=CARTESIAN_POINT('',(0.0725,0.021,0.001));
#2072=CARTESIAN_POINT('',(0.0725,0.021,0.002));
#2073=CARTESIAN_POINT('',(0.0725,0.021,0.003));
#2074=CARTESIAN_POINT('',(0.074,0.091,0.025));
#2075=CARTESIAN_POINT('',(0.0725,0.091,0.003));
#2076=CARTESIAN_POINT('',(0.0725,0.091,0.002));
#2077=CARTESIAN_POINT('',(0.0725,0.091,0.001));
#2078=CARTESIAN_POINT('',(0.0725,0.091,0.));
#2079=CARTESIAN_POINT('',(0.071,0.094,0.025));
#2080=CARTESIAN_POINT('',(0.071,0.0925,0.));
#2081=CARTESIAN_POINT('',(0.071,0.0925,0.001));
#2082=CARTESIAN_POINT('',(0.071,0.0925,0.002));
#2083=CARTESIAN_POINT('',(0.071,0.0925,0.003));
#2084=CARTESIAN_POINT('',(0.071,0.097,0.025));
#2085=CARTESIAN_POINT('',(-3.02195549001239E-8,0.122,0.0238268173672259));
#2086=CARTESIAN_POINT('',(0.0769998803734779,0.122,0.0238268173672259));
#2087=CARTESIAN_POINT('',(-0.0770000443905592,0.122,0.0238268173672259));
#2088=CARTESIAN_POINT('',(-0.0739981871545314,0.122,0.00299934903159738));
#2089=CARTESIAN_POINT('',(-0.070996433496475,0.122,0.00299934903159738));
#2090=CARTESIAN_POINT('',(-0.070996433496475,0.0985,0.00299934903159738));
#2091=CARTESIAN_POINT('',(-0.0709964334964751,0.0985,0.00299934903159738));
#2092=CARTESIAN_POINT('',(-0.0709964334964751,0.0995,0.00299934903159737));
#2093=CARTESIAN_POINT('',(-0.0714964334964751,0.1,0.00299934903159737));
#2094=CARTESIAN_POINT('',(-0.0724964334964751,0.1,0.00299934903159738));
#2095=CARTESIAN_POINT('',(-0.0770000443905592,0.122,0.00299934903159738));
#2096=CARTESIAN_POINT('',(-0.070996433496475,0.122,0.00149967451579869));
#2097=CARTESIAN_POINT('',(-0.070996433496475,0.0985,-2.16840434497101E-18));
#2098=CARTESIAN_POINT('',(-0.070996433496475,0.0985,0.000999783010532458));
#2099=CARTESIAN_POINT('',(-0.070996433496475,0.0985,0.00199956602106492));
#2100=CARTESIAN_POINT('',(-0.070996433496475,0.0985,0.00299934903159738));
#2101=CARTESIAN_POINT('',(0.0709992274641991,0.122,0.00149967451579869));
#2102=CARTESIAN_POINT('',(0.0709992274641991,0.122,0.00299934903159738));
#2103=CARTESIAN_POINT('',(0.0709992274641991,0.0985,0.00299934903159738));
#2104=CARTESIAN_POINT('',(0.0709992274641991,0.0985,0.00299934903159738));
#2105=CARTESIAN_POINT('',(0.0709992274641991,0.0985,0.00199956602106492));
#2106=CARTESIAN_POINT('',(0.0709992274641991,0.0985,0.000999783010532459));
#2107=CARTESIAN_POINT('',(0.0709992274641991,0.0985,0.));
#2108=CARTESIAN_POINT('',(0.0769998803734779,0.122,0.0134130831994116));
#2109=CARTESIAN_POINT('',(0.0769998803734779,0.122,0.00299934903159738));
#2110=CARTESIAN_POINT('',(-0.0770000591874123,0.122,0.0134130831994116));
#2111=CARTESIAN_POINT('',(0.0739995539188385,0.122,0.00299934903159738));
#2112=CARTESIAN_POINT('',(0.0724992274641991,0.1,0.00299934903159738));
#2113=CARTESIAN_POINT('',(0.0714992274641991,0.1,0.00299934903159737));
#2114=CARTESIAN_POINT('',(0.0709992274641991,0.0995,0.00299934903159737));
#2115=CARTESIAN_POINT('',(0.0709992274641991,0.0985,0.00299934903159738));
#2116=CARTESIAN_POINT('',(0.055,0.07175,0.0236979997194378));
#2117=CARTESIAN_POINT('',(0.08,0.07175,0.0315479997194378));
#2118=CARTESIAN_POINT('',(0.079,0.07175,0.0315479997194378));
#2119=CARTESIAN_POINT('',(0.078,0.07175,0.0315479997194378));
#2120=CARTESIAN_POINT('',(0.077,0.07175,0.0315479997194378));
#2121=CARTESIAN_POINT('',(0.055,0.07175,0.097597487282753));
#2122=CARTESIAN_POINT('',(0.055,0.084375,0.0235479997194378));
#2123=CARTESIAN_POINT('',(0.077,0.07975,0.0235479997194378));
#2124=CARTESIAN_POINT('',(0.078,0.07975,0.0235479997194378));
#2125=CARTESIAN_POINT('',(0.079,0.07975,0.0235479997194378));
#2126=CARTESIAN_POINT('',(0.08,0.07975,0.0235479997194378));
#2127=CARTESIAN_POINT('',(0.055,0.084375,0.097597487282753));
#2128=CARTESIAN_POINT('',(0.077,0.07175,0.0315479997194378));
#2129=CARTESIAN_POINT('',(0.08,0.07175,0.0315479997194378));
#2130=CARTESIAN_POINT('',(0.077,0.07175,0.0262146663861044));
#2131=CARTESIAN_POINT('',(0.08,0.07175,0.0262146663861044));
#2132=CARTESIAN_POINT('',(0.0769999999999998,0.0744166666666669,0.0235479997194378));
#2133=CARTESIAN_POINT('',(0.0799999999999999,0.0744166666666669,0.0235479997194378));
#2134=CARTESIAN_POINT('',(0.077,0.07975,0.0235479997194378));
#2135=CARTESIAN_POINT('',(0.08,0.07975,0.0235479997194378));
#2136=CARTESIAN_POINT('',(-0.0385,0.087,0.0945769473910332));
#2137=CARTESIAN_POINT('',(0.00150382856652153,0.0895,0.0945769473910332));
#2138=CARTESIAN_POINT('',(-0.025,0.0895,0.0945769473910332));
#2139=CARTESIAN_POINT('',(-0.025,0.087,0.0945769473910332));
#2140=CARTESIAN_POINT('',(-0.0385,0.087,0.0920769473910332));
#2141=CARTESIAN_POINT('',(-0.0225,0.087,0.0920769473910332));
#2142=CARTESIAN_POINT('',(-0.0225,0.092,0.0920769473910332));
#2143=CARTESIAN_POINT('',(-0.077,0.092,0.0920769473910332));
#2144=CARTESIAN_POINT('',(-0.025,0.087,0.0945769473910332));
#2145=CARTESIAN_POINT('',(-0.0258333333333333,0.0886666666666667,0.0954102807243666));
#2146=CARTESIAN_POINT('',(0.00150382856652153,0.087,0.0970769473910332));
#2147=CARTESIAN_POINT('',(-0.00737550357878209,0.0339122340083122,0.085));
#2148=CARTESIAN_POINT('',(-0.00620008614144525,0.0327368165709754,0.1085));
#2149=CARTESIAN_POINT('',(-0.00571321229745051,0.0339122340083122,0.1085));
#2150=CARTESIAN_POINT('',(-0.00620008614144525,0.0350876514456491,0.1085));
#2151=CARTESIAN_POINT('',(-0.00737550357878209,0.0355745252896438,0.1085));
#2152=CARTESIAN_POINT('',(-0.00855092101611893,0.0350876514456491,0.1085));
#2153=CARTESIAN_POINT('',(-0.00903779486011367,0.0339122340083123,0.1085));
#2154=CARTESIAN_POINT('',(-0.00855092101611892,0.0327368165709754,0.1085));
#2155=CARTESIAN_POINT('',(-0.00737550357878209,0.0322499427269807,0.1085));
#2156=CARTESIAN_POINT('',(-0.00620008614144525,0.0327368165709754,0.1085));
#2157=CARTESIAN_POINT('',(-0.00571321229745051,0.0339122340083122,0.1085));
#2158=CARTESIAN_POINT('',(-0.00620008614144525,0.0350876514456491,0.1085));
#2159=CARTESIAN_POINT('',(-0.00587550357878209,0.0339122340083122,0.1085));
#2160=CARTESIAN_POINT('',(-0.00737550357878209,0.0483679893374443,0.085));
#2161=CARTESIAN_POINT('',(-0.00620008614144525,0.0471925719001075,0.1085));
#2162=CARTESIAN_POINT('',(-0.00571321229745051,0.0483679893374443,0.1085));
#2163=CARTESIAN_POINT('',(-0.00620008614144525,0.0495434067747811,0.1085));
#2164=CARTESIAN_POINT('',(-0.00737550357878209,0.0500302806187759,0.1085));
#2165=CARTESIAN_POINT('',(-0.00855092101611893,0.0495434067747811,0.1085));
#2166=CARTESIAN_POINT('',(-0.00903779486011367,0.0483679893374443,0.1085));
#2167=CARTESIAN_POINT('',(-0.00855092101611892,0.0471925719001074,0.1085));
#2168=CARTESIAN_POINT('',(-0.00737550357878209,0.0467056980561127,0.1085));
#2169=CARTESIAN_POINT('',(-0.00620008614144525,0.0471925719001075,0.1085));
#2170=CARTESIAN_POINT('',(-0.00571321229745051,0.0483679893374443,0.1085));
#2171=CARTESIAN_POINT('',(-0.00620008614144525,0.0495434067747811,0.1085));
#2172=CARTESIAN_POINT('',(-0.00587550357878209,0.0483679893374443,0.1085));
#2173=CARTESIAN_POINT('',(-0.00587550357878209,0.0339122340083122,0.1085));
#2174=CARTESIAN_POINT('',(-0.00587550357878209,0.0343049330827359,0.1085));
#2175=CARTESIAN_POINT('',(-0.00603716322850864,0.0346952140015984,0.1085));
#2176=CARTESIAN_POINT('',(-0.0065925235854959,0.0352505743585856,0.1085));
#2177=CARTESIAN_POINT('',(-0.00698280450435534,0.0354122340083122,0.1085));
#2178=CARTESIAN_POINT('',(-0.00776820265320884,0.0354122340083122,0.1085));
#2179=CARTESIAN_POINT('',(-0.00815848357206965,0.0352505743585843,0.1085));
#2180=CARTESIAN_POINT('',(-0.00871384392905418,0.0346952140015998,0.1085));
#2181=CARTESIAN_POINT('',(-0.00887550357878209,0.0343049330827359,0.1085));
#2182=CARTESIAN_POINT('',(-0.00887550357878209,0.0335195349338886,0.1085));
#2183=CARTESIAN_POINT('',(-0.00871384392905554,0.033129254015026,0.1085));
#2184=CARTESIAN_POINT('',(-0.00815848357206828,0.0325738936580388,0.1085));
#2185=CARTESIAN_POINT('',(-0.00776820265320866,0.0324122340083122,0.1085));
#2186=CARTESIAN_POINT('',(-0.00698280450435552,0.0324122340083122,0.1085));
#2187=CARTESIAN_POINT('',(-0.00659252358549434,0.0325738936580404,0.1085));
#2188=CARTESIAN_POINT('',(-0.00603716322851021,0.0331292540150244,0.1085));
#2189=CARTESIAN_POINT('',(-0.00587550357878209,0.0335195349338886,0.1085));
#2190=CARTESIAN_POINT('',(-0.00587550357878209,0.0339122340083122,0.1085));
#2191=CARTESIAN_POINT('',(-0.00587550357878209,0.0339122340083122,0.11));
#2192=CARTESIAN_POINT('',(-0.00587550357878175,0.0343049330827359,0.11));
#2193=CARTESIAN_POINT('',(-0.00603716322850966,0.0346952140015974,0.11));
#2194=CARTESIAN_POINT('',(-0.00659252358549487,0.0352505743585867,0.11));
#2195=CARTESIAN_POINT('',(-0.00698280450435534,0.0354122340083122,0.11));
#2196=CARTESIAN_POINT('',(-0.00776820265320884,0.0354122340083122,0.11));
#2197=CARTESIAN_POINT('',(-0.00815848357206931,0.035250574358584,0.11));
#2198=CARTESIAN_POINT('',(-0.00871384392905452,0.0346952140016002,0.11));
#2199=CARTESIAN_POINT('',(-0.00887550357878209,0.0343049330827359,0.11));
#2200=CARTESIAN_POINT('',(-0.00887550357878209,0.0335195349338886,0.11));
#2201=CARTESIAN_POINT('',(-0.00871384392905452,0.033129254015027,0.11));
#2202=CARTESIAN_POINT('',(-0.0081584835720693,0.0325738936580377,0.11));
#2203=CARTESIAN_POINT('',(-0.00776820265320865,0.0324122340083122,0.11));
#2204=CARTESIAN_POINT('',(-0.00698280450435552,0.0324122340083122,0.11));
#2205=CARTESIAN_POINT('',(-0.00659252358549485,0.0325738936580409,0.11));
#2206=CARTESIAN_POINT('',(-0.0060371632285097,0.0331292540150239,0.11));
#2207=CARTESIAN_POINT('',(-0.00587550357878243,0.0335195349338886,0.11));
#2208=CARTESIAN_POINT('',(-0.00587550357878209,0.0339122340083122,0.11));
#2209=CARTESIAN_POINT('',(-0.00437550357878209,0.0339122340083122,0.11));
#2210=CARTESIAN_POINT('',(-0.00437550357878209,0.034697632157165,0.11));
#2211=CARTESIAN_POINT('',(-0.0046988228782369,0.0354781939948853,0.11));
#2212=CARTESIAN_POINT('',(-0.005809543592208,0.0365889147088585,0.11));
#2213=CARTESIAN_POINT('',(-0.00659010542992893,0.0369122340083122,0.11));
#2214=CARTESIAN_POINT('',(-0.00816090172763525,0.0369122340083122,0.11));
#2215=CARTESIAN_POINT('',(-0.00894146356535652,0.0365889147088557,0.11));
#2216=CARTESIAN_POINT('',(-0.0100521842793269,0.035478193994888,0.11));
#2217=CARTESIAN_POINT('',(-0.0103755035787821,0.0346976321571651,0.11));
#2218=CARTESIAN_POINT('',(-0.0103755035787821,0.0331268358594594,0.11));
#2219=CARTESIAN_POINT('',(-0.0100521842793269,0.0323462740217392,0.11));
#2220=CARTESIAN_POINT('',(-0.00894146356535652,0.031235553307766,0.11));
#2221=CARTESIAN_POINT('',(-0.00816090172763488,0.0309122340083123,0.11));
#2222=CARTESIAN_POINT('',(-0.00659010542992929,0.0309122340083123,0.11));
#2223=CARTESIAN_POINT('',(-0.00580954359220795,0.0312355533077667,0.11));
#2224=CARTESIAN_POINT('',(-0.00469882287823696,0.0323462740217384,0.11));
#2225=CARTESIAN_POINT('',(-0.00437550357878209,0.0331268358594595,0.11));
#2226=CARTESIAN_POINT('',(-0.00437550357878209,0.0339122340083122,0.11));
#2227=CARTESIAN_POINT('',(-0.00587550357878209,0.0483679893374443,0.1085));
#2228=CARTESIAN_POINT('',(-0.00587550357878209,0.0487606884118707,0.1085));
#2229=CARTESIAN_POINT('',(-0.00603716322850881,0.0491509693307307,0.1085));
#2230=CARTESIAN_POINT('',(-0.00659252358549573,0.0497063296877176,0.1085));
#2231=CARTESIAN_POINT('',(-0.00698280450435534,0.0498679893374443,0.1085));
#2232=CARTESIAN_POINT('',(-0.00776820265320884,0.0498679893374443,0.1085));
#2233=CARTESIAN_POINT('',(-0.00815848357206828,0.0497063296877178,0.1085));
#2234=CARTESIAN_POINT('',(-0.00871384392905554,0.0491509693307305,0.1085));
#2235=CARTESIAN_POINT('',(-0.00887550357878209,0.0487606884118734,0.1085));
#2236=CARTESIAN_POINT('',(-0.00887550357878209,0.0479752902630152,0.1085));
#2237=CARTESIAN_POINT('',(-0.0087138439290552,0.0475850093441578,0.1085));
#2238=CARTESIAN_POINT('',(-0.00815848357206862,0.0470296489871712,0.1085));
#2239=CARTESIAN_POINT('',(-0.00776820265320865,0.0468679893374443,0.1085));
#2240=CARTESIAN_POINT('',(-0.00698280450435552,0.0468679893374443,0.1085));
#2241=CARTESIAN_POINT('',(-0.00659252358549434,0.0470296489871724,0.1085));
#2242=CARTESIAN_POINT('',(-0.00603716322851021,0.0475850093441565,0.1085));
#2243=CARTESIAN_POINT('',(-0.00587550357878209,0.0479752902630179,0.1085));
#2244=CARTESIAN_POINT('',(-0.00587550357878209,0.0483679893374443,0.1085));
#2245=CARTESIAN_POINT('',(-0.00587550357878209,0.0483679893374443,0.11));
#2246=CARTESIAN_POINT('',(-0.00587550357878175,0.0487606884118734,0.11));
#2247=CARTESIAN_POINT('',(-0.00603716322850865,0.0491509693307268,0.11));
#2248=CARTESIAN_POINT('',(-0.0065925235854959,0.0497063296877215,0.11));
#2249=CARTESIAN_POINT('',(-0.00698280450435568,0.0498679893374443,0.11));
#2250=CARTESIAN_POINT('',(-0.0077682026532085,0.0498679893374443,0.11));
#2251=CARTESIAN_POINT('',(-0.00815848357206794,0.0497063296877215,0.11));
#2252=CARTESIAN_POINT('',(-0.00871384392905588,0.0491509693307268,0.11));
#2253=CARTESIAN_POINT('',(-0.00887550357878209,0.0487606884118762,0.11));
#2254=CARTESIAN_POINT('',(-0.00887550357878209,0.0479752902630124,0.11));
#2255=CARTESIAN_POINT('',(-0.00871384392905383,0.0475850093441591,0.11));
#2256=CARTESIAN_POINT('',(-0.00815848357206999,0.0470296489871698,0.11));
#2257=CARTESIAN_POINT('',(-0.00776820265320865,0.0468679893374443,0.11));
#2258=CARTESIAN_POINT('',(-0.00698280450435552,0.0468679893374443,0.11));
#2259=CARTESIAN_POINT('',(-0.00659252358549655,0.0470296489871729,0.11));
#2260=CARTESIAN_POINT('',(-0.00603716322850799,0.047585009344156,0.11));
#2261=CARTESIAN_POINT('',(-0.00587550357878243,0.0479752902630152,0.11));
#2262=CARTESIAN_POINT('',(-0.00587550357878209,0.0483679893374443,0.11));
#2263=CARTESIAN_POINT('',(-0.00437550357878209,0.0483679893374443,0.11));
#2264=CARTESIAN_POINT('',(-0.00437550357878209,0.049153387486297,0.11));
#2265=CARTESIAN_POINT('',(-0.0046988228782369,0.0499339493240174,0.11));
#2266=CARTESIAN_POINT('',(-0.005809543592208,0.0510446700379905,0.11));
#2267=CARTESIAN_POINT('',(-0.00659010542992893,0.0513679893374443,0.11));
#2268=CARTESIAN_POINT('',(-0.00816090172763525,0.0513679893374443,0.11));
#2269=CARTESIAN_POINT('',(-0.00894146356535584,0.0510446700379905,0.11));
#2270=CARTESIAN_POINT('',(-0.0100521842793276,0.0499339493240174,0.11));
#2271=CARTESIAN_POINT('',(-0.0103755035787821,0.0491533874862971,0.11));
#2272=CARTESIAN_POINT('',(-0.0103755035787821,0.0475825911885915,0.11));
#2273=CARTESIAN_POINT('',(-0.0100521842793269,0.0468020293508712,0.11));
#2274=CARTESIAN_POINT('',(-0.00894146356535652,0.0456913086368981,0.11));
#2275=CARTESIAN_POINT('',(-0.00816090172763488,0.0453679893374443,0.11));
#2276=CARTESIAN_POINT('',(-0.00659010542992929,0.0453679893374443,0.11));
#2277=CARTESIAN_POINT('',(-0.00580954359220794,0.0456913086368988,0.11));
#2278=CARTESIAN_POINT('',(-0.00469882287823696,0.0468020293508705,0.11));
#2279=CARTESIAN_POINT('',(-0.00437550357878209,0.0475825911885916,0.11));
#2280=CARTESIAN_POINT('',(-0.00437550357878209,0.0483679893374443,0.11));
#2281=CARTESIAN_POINT('',(0.0724992274641991,0.1,-2.51188437206691E-19));
#2282=CARTESIAN_POINT('',(0.0724992274641991,0.1,0.0029993490315974));
#2283=CARTESIAN_POINT('',(0.071499227464199,0.1,-3.9754079657803E-19));
#2284=CARTESIAN_POINT('',(0.071499227464199,0.1,0.0029993490315974));
#2285=CARTESIAN_POINT('',(0.0709992274641991,0.0995000000000002,-3.61400724161756E-20));
#2286=CARTESIAN_POINT('',(0.0709992274641991,0.0995000000000002,0.0029993490315974));
#2287=CARTESIAN_POINT('',(0.0709992274641991,0.0985,-1.82492431787509E-19));
#2288=CARTESIAN_POINT('',(0.0709992274641991,0.0985,0.0029993490315974));
#2289=CARTESIAN_POINT('',(-0.0724964334964751,0.1,0.0029993490315974));
#2290=CARTESIAN_POINT('',(-0.0724964334964751,0.1,-2.60208521396521E-18));
#2291=CARTESIAN_POINT('',(-0.071496433496475,0.1,0.00299934903159741));
#2292=CARTESIAN_POINT('',(-0.071496433496475,0.1,-1.30104260698261E-18));
#2293=CARTESIAN_POINT('',(-0.0709964334964749,0.0995000000000001,0.00299934903159741));
#2294=CARTESIAN_POINT('',(-0.0709964334964749,0.0995000000000001,-1.30104260698261E-18));
#2295=CARTESIAN_POINT('',(-0.070996433496475,0.0985,0.0029993490315974));
#2296=CARTESIAN_POINT('',(-0.070996433496475,0.0985,-2.16840434497101E-18));
#2297=CARTESIAN_POINT('',(0.0725,0.021,-2.52831167771065E-19));
#2298=CARTESIAN_POINT('',(0.0725,0.021,0.003));
#2299=CARTESIAN_POINT('',(0.0715,0.021,-4.15610832786113E-19));
#2300=CARTESIAN_POINT('',(0.0715,0.021,0.003));
#2301=CARTESIAN_POINT('',(0.071,0.0205,-2.34910470705193E-19));
#2302=CARTESIAN_POINT('',(0.071,0.0205,0.003));
#2303=CARTESIAN_POINT('',(0.071,0.0195,-2.18483165061473E-19));
#2304=CARTESIAN_POINT('',(0.071,0.0195,0.003));
#2305=CARTESIAN_POINT('',(-0.071,0.0195,-3.59907332739678E-20));
#2306=CARTESIAN_POINT('',(-0.071,0.0195,0.003));
#2307=CARTESIAN_POINT('',(-0.071,0.0205,-1.98770398289011E-19));
#2308=CARTESIAN_POINT('',(-0.071,0.0205,0.003));
#2309=CARTESIAN_POINT('',(-0.0715,0.021,-1.8070036208087E-20));
#2310=CARTESIAN_POINT('',(-0.0715,0.021,0.003));
#2311=CARTESIAN_POINT('',(-0.0725,0.021,-1.64273056437133E-21));
#2312=CARTESIAN_POINT('',(-0.0725,0.021,0.003));
#2313=CARTESIAN_POINT('',(-0.0725,0.091,-3.59907332739624E-20));
#2314=CARTESIAN_POINT('',(-0.0725,0.091,0.003));
#2315=CARTESIAN_POINT('',(-0.0715,0.091,-1.98770398289014E-19));
#2316=CARTESIAN_POINT('',(-0.0715,0.091,0.003));
#2317=CARTESIAN_POINT('',(-0.071,0.0914999999999999,-1.80700362080896E-20));
#2318=CARTESIAN_POINT('',(-0.071,0.0914999999999999,0.003));
#2319=CARTESIAN_POINT('',(-0.071,0.0925,-1.64273056437166E-21));
#2320=CARTESIAN_POINT('',(-0.071,0.0925,0.003));
#2321=CARTESIAN_POINT('',(0.071,0.0925,-2.52831167771065E-19));
#2322=CARTESIAN_POINT('',(0.071,0.0925,0.003));
#2323=CARTESIAN_POINT('',(0.071,0.0914999999999999,-4.15610832786114E-19));
#2324=CARTESIAN_POINT('',(0.071,0.0914999999999999,0.003));
#2325=CARTESIAN_POINT('',(0.0715,0.091,-2.3491047070519E-19));
#2326=CARTESIAN_POINT('',(0.0715,0.091,0.003));
#2327=CARTESIAN_POINT('',(0.0725,0.091,-2.18483165061472E-19));
#2328=CARTESIAN_POINT('',(0.0725,0.091,0.003));
#2329=CARTESIAN_POINT('',(0.071,0.0165,-3.763346383834E-20));
#2330=CARTESIAN_POINT('',(0.071,0.0165,0.003));
#2331=CARTESIAN_POINT('',(0.071,0.0155,-2.16840434497103E-19));
#2332=CARTESIAN_POINT('',(0.071,0.0155,0.003));
#2333=CARTESIAN_POINT('',(0.0715,0.015,-2.16840434497101E-19));
#2334=CARTESIAN_POINT('',(0.0715,0.015,0.003));
#2335=CARTESIAN_POINT('',(0.0725,0.015,-3.76334638383335E-20));
#2336=CARTESIAN_POINT('',(0.0725,0.015,0.003));
#2337=CARTESIAN_POINT('',(-0.071,0.0165,0.003));
#2338=CARTESIAN_POINT('',(-0.071,0.0165,0.));
#2339=CARTESIAN_POINT('',(-0.071,0.0155,0.003));
#2340=CARTESIAN_POINT('',(-0.071,0.0155,-8.67361737988404E-19));
#2341=CARTESIAN_POINT('',(-0.0715,0.015,0.003));
#2342=CARTESIAN_POINT('',(-0.0715,0.015,4.33680868994202E-19));
#2343=CARTESIAN_POINT('',(-0.0725,0.015,0.003));
#2344=CARTESIAN_POINT('',(-0.0725,0.015,0.));
#2345=CARTESIAN_POINT('',(0.074,0.094,0.025));
#2346=CARTESIAN_POINT('',(0.0751754174373368,0.0928245825626632,0.002));
#2347=CARTESIAN_POINT('',(0.0756622912813316,0.094,0.002));
#2348=CARTESIAN_POINT('',(0.0751754174373368,0.0951754174373369,0.002));
#2349=CARTESIAN_POINT('',(0.074,0.0956622912813316,0.002));
#2350=CARTESIAN_POINT('',(0.0728245825626632,0.0951754174373368,0.002));
#2351=CARTESIAN_POINT('',(0.0723377087186684,0.094,0.002));
#2352=CARTESIAN_POINT('',(0.0728245825626632,0.0928245825626632,0.002));
#2353=CARTESIAN_POINT('',(0.074,0.0923377087186684,0.002));
#2354=CARTESIAN_POINT('',(0.0751754174373368,0.0928245825626632,0.002));
#2355=CARTESIAN_POINT('',(0.0756622912813316,0.094,0.002));
#2356=CARTESIAN_POINT('',(0.0751754174373368,0.0951754174373369,0.002));
#2357=CARTESIAN_POINT('',(0.0755,0.094,0.002));
#2358=CARTESIAN_POINT('',(0.074,0.018,0.025));
#2359=CARTESIAN_POINT('',(0.0751754174373368,0.0168245825626632,0.002));
#2360=CARTESIAN_POINT('',(0.0756622912813316,0.018,0.002));
#2361=CARTESIAN_POINT('',(0.0751754174373368,0.0191754174373368,0.002));
#2362=CARTESIAN_POINT('',(0.074,0.0196622912813316,0.002));
#2363=CARTESIAN_POINT('',(0.0728245825626632,0.0191754174373368,0.002));
#2364=CARTESIAN_POINT('',(0.0723377087186684,0.018,0.002));
#2365=CARTESIAN_POINT('',(0.0728245825626632,0.0168245825626632,0.002));
#2366=CARTESIAN_POINT('',(0.074,0.0163377087186684,0.002));
#2367=CARTESIAN_POINT('',(0.0751754174373368,0.0168245825626632,0.002));
#2368=CARTESIAN_POINT('',(0.0756622912813316,0.018,0.002));
#2369=CARTESIAN_POINT('',(0.0751754174373368,0.0191754174373368,0.002));
#2370=CARTESIAN_POINT('',(0.0755,0.018,0.002));
#2371=CARTESIAN_POINT('',(-0.074,0.018,0.025));
#2372=CARTESIAN_POINT('',(-0.0728245825626632,0.0168245825626632,0.002));
#2373=CARTESIAN_POINT('',(-0.0723377087186684,0.018,0.002));
#2374=CARTESIAN_POINT('',(-0.0728245825626632,0.0191754174373368,0.002));
#2375=CARTESIAN_POINT('',(-0.074,0.0196622912813316,0.002));
#2376=CARTESIAN_POINT('',(-0.0751754174373368,0.0191754174373368,0.002));
#2377=CARTESIAN_POINT('',(-0.0756622912813316,0.018,0.002));
#2378=CARTESIAN_POINT('',(-0.0751754174373368,0.0168245825626632,0.002));
#2379=CARTESIAN_POINT('',(-0.074,0.0163377087186684,0.002));
#2380=CARTESIAN_POINT('',(-0.0728245825626632,0.0168245825626632,0.002));
#2381=CARTESIAN_POINT('',(-0.0723377087186684,0.018,0.002));
#2382=CARTESIAN_POINT('',(-0.0728245825626632,0.0191754174373368,0.002));
#2383=CARTESIAN_POINT('',(-0.0725,0.018,0.002));
#2384=CARTESIAN_POINT('',(-0.074,0.094,0.025));
#2385=CARTESIAN_POINT('',(-0.0728245825626632,0.0928245825626632,0.002));
#2386=CARTESIAN_POINT('',(-0.0723377087186684,0.094,0.002));
#2387=CARTESIAN_POINT('',(-0.0728245825626632,0.0951754174373369,0.002));
#2388=CARTESIAN_POINT('',(-0.074,0.0956622912813316,0.002));
#2389=CARTESIAN_POINT('',(-0.0751754174373368,0.0951754174373368,0.002));
#2390=CARTESIAN_POINT('',(-0.0756622912813316,0.094,0.002));
#2391=CARTESIAN_POINT('',(-0.0751754174373368,0.0928245825626632,0.002));
#2392=CARTESIAN_POINT('',(-0.074,0.0923377087186684,0.002));
#2393=CARTESIAN_POINT('',(-0.0728245825626632,0.0928245825626632,0.002));
#2394=CARTESIAN_POINT('',(-0.0723377087186684,0.094,0.002));
#2395=CARTESIAN_POINT('',(-0.0728245825626632,0.0951754174373369,0.002));
#2396=CARTESIAN_POINT('',(-0.0725,0.094,0.002));
#2397=CARTESIAN_POINT('',(0.0755,0.018,0.002));
#2398=CARTESIAN_POINT('',(0.0755,0.0183926990712283,0.002));
#2399=CARTESIAN_POINT('',(0.0753383403480087,0.0187829799955509,0.002));
#2400=CARTESIAN_POINT('',(0.0747829799955509,0.0193383403480087,0.002));
#2401=CARTESIAN_POINT('',(0.0743926990712283,0.0195,0.002));
#2402=CARTESIAN_POINT('',(0.0736073009287717,0.0195,0.002));
#2403=CARTESIAN_POINT('',(0.0732170200044508,0.0193383403480104,0.002));
#2404=CARTESIAN_POINT('',(0.0726616596519896,0.0187829799955492,0.002));
#2405=CARTESIAN_POINT('',(0.0725,0.0183926990712272,0.002));
#2406=CARTESIAN_POINT('',(0.0725,0.0176073009287728,0.002));
#2407=CARTESIAN_POINT('',(0.0726616596519913,0.017217020004449,0.002));
#2408=CARTESIAN_POINT('',(0.0732170200044491,0.0166616596519913,0.002));
#2409=CARTESIAN_POINT('',(0.0736073009287717,0.0165,0.002));
#2410=CARTESIAN_POINT('',(0.0743926990712283,0.0165,0.002));
#2411=CARTESIAN_POINT('',(0.0747829799955515,0.0166616596519919,0.002));
#2412=CARTESIAN_POINT('',(0.0753383403480081,0.0172170200044485,0.002));
#2413=CARTESIAN_POINT('',(0.0755,0.0176073009287717,0.002));
#2414=CARTESIAN_POINT('',(0.0755,0.018,0.002));
#2415=CARTESIAN_POINT('',(0.0755,0.018,0.003));
#2416=CARTESIAN_POINT('',(0.0755,0.0183926990712283,0.003));
#2417=CARTESIAN_POINT('',(0.0753383403480064,0.0187829799955486,0.003));
#2418=CARTESIAN_POINT('',(0.0747829799955532,0.019338340348011,0.003));
#2419=CARTESIAN_POINT('',(0.0743926990712283,0.0195,0.003));
#2420=CARTESIAN_POINT('',(0.0736073009287717,0.0195,0.003));
#2421=CARTESIAN_POINT('',(0.0732170200044513,0.0193383403480098,0.003));
#2422=CARTESIAN_POINT('',(0.072661659651989,0.0187829799955498,0.003));
#2423=CARTESIAN_POINT('',(0.0725,0.0183926990712272,0.003));
#2424=CARTESIAN_POINT('',(0.0725,0.0176073009287728,0.003));
#2425=CARTESIAN_POINT('',(0.0726616596519936,0.0172170200044513,0.003));
#2426=CARTESIAN_POINT('',(0.0732170200044468,0.016661659651989,0.003));
#2427=CARTESIAN_POINT('',(0.0736073009287717,0.0165,0.003));
#2428=CARTESIAN_POINT('',(0.0743926990712283,0.0165,0.003));
#2429=CARTESIAN_POINT('',(0.0747829799955532,0.0166616596519902,0.003));
#2430=CARTESIAN_POINT('',(0.0753383403480064,0.0172170200044502,0.003));
#2431=CARTESIAN_POINT('',(0.0755,0.0176073009287717,0.003));
#2432=CARTESIAN_POINT('',(0.0755,0.018,0.003));
#2433=CARTESIAN_POINT('',(0.0765,0.018,0.003));
#2434=CARTESIAN_POINT('',(0.0765,0.0186544984520456,0.003));
#2435=CARTESIAN_POINT('',(0.0762305672466789,0.0193049666592493,0.003));
#2436=CARTESIAN_POINT('',(0.0753049666592538,0.0202305672466834,0.003));
#2437=CARTESIAN_POINT('',(0.0746544984520411,0.0205,0.003));
#2438=CARTESIAN_POINT('',(0.0733455015479589,0.0205,0.003));
#2439=CARTESIAN_POINT('',(0.0726950333407507,0.0202305672466823,0.003));
#2440=CARTESIAN_POINT('',(0.0717694327533165,0.0193049666592504,0.003));
#2441=CARTESIAN_POINT('',(0.0715,0.0186544984520445,0.003));
#2442=CARTESIAN_POINT('',(0.0715,0.0173455015479555,0.003));
#2443=CARTESIAN_POINT('',(0.0717694327533165,0.0166950333407507,0.003));
#2444=CARTESIAN_POINT('',(0.0726950333407507,0.0157694327533165,0.003));
#2445=CARTESIAN_POINT('',(0.0733455015479544,0.0155,0.003));
#2446=CARTESIAN_POINT('',(0.0746544984520456,0.0155,0.003));
#2447=CARTESIAN_POINT('',(0.0753049666592493,0.0157694327533165,0.003));
#2448=CARTESIAN_POINT('',(0.0762305672466834,0.0166950333407507,0.003));
#2449=CARTESIAN_POINT('',(0.0765,0.0173455015479544,0.003));
#2450=CARTESIAN_POINT('',(0.0765,0.018,0.003));
#2451=CARTESIAN_POINT('',(-0.0725,0.018,0.002));
#2452=CARTESIAN_POINT('',(-0.0725,0.0183926990712283,0.002));
#2453=CARTESIAN_POINT('',(-0.0726616596519896,0.0187829799955492,0.002));
#2454=CARTESIAN_POINT('',(-0.0732170200044508,0.0193383403480104,0.002));
#2455=CARTESIAN_POINT('',(-0.0736073009287717,0.0195,0.002));
#2456=CARTESIAN_POINT('',(-0.0743926990712283,0.0195,0.002));
#2457=CARTESIAN_POINT('',(-0.0747829799955515,0.0193383403480081,0.002));
#2458=CARTESIAN_POINT('',(-0.0753383403480081,0.0187829799955515,0.002));
#2459=CARTESIAN_POINT('',(-0.0755,0.018392699071226,0.002));
#2460=CARTESIAN_POINT('',(-0.0755,0.017607300928774,0.002));
#2461=CARTESIAN_POINT('',(-0.0753383403480087,0.017217020004449,0.002));
#2462=CARTESIAN_POINT('',(-0.0747829799955509,0.0166616596519913,0.002));
#2463=CARTESIAN_POINT('',(-0.0743926990712283,0.0165,0.002));
#2464=CARTESIAN_POINT('',(-0.0736073009287717,0.0165,0.002));
#2465=CARTESIAN_POINT('',(-0.0732170200044508,0.0166616596519896,0.002));
#2466=CARTESIAN_POINT('',(-0.0726616596519896,0.0172170200044507,0.002));
#2467=CARTESIAN_POINT('',(-0.0725,0.0176073009287717,0.002));
#2468=CARTESIAN_POINT('',(-0.0725,0.018,0.002));
#2469=CARTESIAN_POINT('',(-0.0725,0.018,0.003));
#2470=CARTESIAN_POINT('',(-0.0725,0.0183926990712283,0.003));
#2471=CARTESIAN_POINT('',(-0.072661659651989,0.0187829799955498,0.003));
#2472=CARTESIAN_POINT('',(-0.0732170200044513,0.0193383403480098,0.003));
#2473=CARTESIAN_POINT('',(-0.0736073009287717,0.0195,0.003));
#2474=CARTESIAN_POINT('',(-0.0743926990712283,0.0195,0.003));
#2475=CARTESIAN_POINT('',(-0.0747829799955532,0.0193383403480098,0.003));
#2476=CARTESIAN_POINT('',(-0.0753383403480064,0.0187829799955498,0.003));
#2477=CARTESIAN_POINT('',(-0.0755,0.018392699071226,0.003));
#2478=CARTESIAN_POINT('',(-0.0755,0.017607300928774,0.003));
#2479=CARTESIAN_POINT('',(-0.0753383403480064,0.0172170200044513,0.003));
#2480=CARTESIAN_POINT('',(-0.0747829799955532,0.016661659651989,0.003));
#2481=CARTESIAN_POINT('',(-0.0743926990712283,0.0165,0.003));
#2482=CARTESIAN_POINT('',(-0.0736073009287717,0.0165,0.003));
#2483=CARTESIAN_POINT('',(-0.0732170200044513,0.0166616596519902,0.003));
#2484=CARTESIAN_POINT('',(-0.072661659651989,0.0172170200044502,0.003));
#2485=CARTESIAN_POINT('',(-0.0725,0.0176073009287717,0.003));
#2486=CARTESIAN_POINT('',(-0.0725,0.018,0.003));
#2487=CARTESIAN_POINT('',(-0.0715,0.018,0.003));
#2488=CARTESIAN_POINT('',(-0.0715,0.0186544984520456,0.003));
#2489=CARTESIAN_POINT('',(-0.0717694327533165,0.0193049666592504,0.003));
#2490=CARTESIAN_POINT('',(-0.0726950333407507,0.0202305672466823,0.003));
#2491=CARTESIAN_POINT('',(-0.0733455015479544,0.0205,0.003));
#2492=CARTESIAN_POINT('',(-0.0746544984520456,0.0205,0.003));
#2493=CARTESIAN_POINT('',(-0.0753049666592493,0.0202305672466834,0.003));
#2494=CARTESIAN_POINT('',(-0.0762305672466834,0.0193049666592493,0.003));
#2495=CARTESIAN_POINT('',(-0.0765,0.0186544984520445,0.003));
#2496=CARTESIAN_POINT('',(-0.0765,0.0173455015479555,0.003));
#2497=CARTESIAN_POINT('',(-0.0762305672466834,0.0166950333407507,0.003));
#2498=CARTESIAN_POINT('',(-0.0753049666592493,0.0157694327533165,0.003));
#2499=CARTESIAN_POINT('',(-0.0746544984520456,0.0155,0.003));
#2500=CARTESIAN_POINT('',(-0.0733455015479544,0.0155,0.003));
#2501=CARTESIAN_POINT('',(-0.0726950333407507,0.0157694327533177,0.003));
#2502=CARTESIAN_POINT('',(-0.0717694327533165,0.0166950333407496,0.003));
#2503=CARTESIAN_POINT('',(-0.0715,0.0173455015479543,0.003));
#2504=CARTESIAN_POINT('',(-0.0715,0.018,0.003));
#2505=CARTESIAN_POINT('',(-0.0725,0.094,0.002));
#2506=CARTESIAN_POINT('',(-0.0725,0.0943926990712283,0.002));
#2507=CARTESIAN_POINT('',(-0.0726616596519913,0.094782979995551,0.002));
#2508=CARTESIAN_POINT('',(-0.0732170200044491,0.0953383403480087,0.002));
#2509=CARTESIAN_POINT('',(-0.0736073009287717,0.0955,0.002));
#2510=CARTESIAN_POINT('',(-0.0743926990712283,0.0955,0.002));
#2511=CARTESIAN_POINT('',(-0.0747829799955509,0.0953383403480088,0.002));
#2512=CARTESIAN_POINT('',(-0.0753383403480087,0.094782979995551,0.002));
#2513=CARTESIAN_POINT('',(-0.0755,0.0943926990712283,0.002));
#2514=CARTESIAN_POINT('',(-0.0755,0.0936073009287717,0.002));
#2515=CARTESIAN_POINT('',(-0.0753383403480087,0.0932170200044491,0.002));
#2516=CARTESIAN_POINT('',(-0.0747829799955509,0.0926616596519913,0.002));
#2517=CARTESIAN_POINT('',(-0.0743926990712283,0.0925,0.002));
#2518=CARTESIAN_POINT('',(-0.0736073009287717,0.0925,0.002));
#2519=CARTESIAN_POINT('',(-0.0732170200044491,0.0926616596519913,0.002));
#2520=CARTESIAN_POINT('',(-0.0726616596519913,0.0932170200044491,0.002));
#2521=CARTESIAN_POINT('',(-0.0725,0.0936073009287717,0.002));
#2522=CARTESIAN_POINT('',(-0.0725,0.094,0.002));
#2523=CARTESIAN_POINT('',(-0.0725,0.094,0.003));
#2524=CARTESIAN_POINT('',(-0.0725,0.0943926990712283,0.003));
#2525=CARTESIAN_POINT('',(-0.0726616596519935,0.0947829799955578,0.00300000000000313));
#2526=CARTESIAN_POINT('',(-0.0732170200044468,0.0953383403480019,0.00299999999999688));
#2527=CARTESIAN_POINT('',(-0.0736073009287717,0.0955,0.003));
#2528=CARTESIAN_POINT('',(-0.0743926990712283,0.0955,0.003));
#2529=CARTESIAN_POINT('',(-0.0747829799955532,0.095338340348011,0.003));
#2530=CARTESIAN_POINT('',(-0.0753383403480064,0.0947829799955487,0.003));
#2531=CARTESIAN_POINT('',(-0.0755,0.0943926990712283,0.003));
#2532=CARTESIAN_POINT('',(-0.0755,0.0936073009287717,0.003));
#2533=CARTESIAN_POINT('',(-0.0753383403480064,0.0932170200044514,0.003));
#2534=CARTESIAN_POINT('',(-0.0747829799955532,0.092661659651989,0.003));
#2535=CARTESIAN_POINT('',(-0.0743926990712283,0.0925,0.003));
#2536=CARTESIAN_POINT('',(-0.0736073009287717,0.0925,0.003));
#2537=CARTESIAN_POINT('',(-0.0732170200044468,0.0926616596519981,0.00299999999999688));
#2538=CARTESIAN_POINT('',(-0.0726616596519935,0.0932170200044423,0.00300000000000313));
#2539=CARTESIAN_POINT('',(-0.0725,0.0936073009287717,0.003));
#2540=CARTESIAN_POINT('',(-0.0725,0.094,0.003));
#2541=CARTESIAN_POINT('',(-0.0715,0.094,0.003));
#2542=CARTESIAN_POINT('',(-0.0715,0.0946544984520411,0.003));
#2543=CARTESIAN_POINT('',(-0.0717694327533165,0.0953049666592493,0.003));
#2544=CARTESIAN_POINT('',(-0.0726950333407507,0.0962305672466835,0.003));
#2545=CARTESIAN_POINT('',(-0.0733455015479544,0.0965,0.003));
#2546=CARTESIAN_POINT('',(-0.0746544984520456,0.0965,0.003));
#2547=CARTESIAN_POINT('',(-0.0753049666592493,0.0962305672466835,0.003));
#2548=CARTESIAN_POINT('',(-0.0762305672466834,0.0953049666592493,0.003));
#2549=CARTESIAN_POINT('',(-0.0765,0.0946544984520457,0.003));
#2550=CARTESIAN_POINT('',(-0.0765,0.0933455015479544,0.003));
#2551=CARTESIAN_POINT('',(-0.0762305672466834,0.0926950333407507,0.003));
#2552=CARTESIAN_POINT('',(-0.0753049666592493,0.0917694327533166,0.003));
#2553=CARTESIAN_POINT('',(-0.0746544984520456,0.0915,0.003));
#2554=CARTESIAN_POINT('',(-0.0733455015479544,0.0915,0.003));
#2555=CARTESIAN_POINT('',(-0.0726950333407507,0.0917694327533166,0.003));
#2556=CARTESIAN_POINT('',(-0.0717694327533165,0.0926950333407508,0.003));
#2557=CARTESIAN_POINT('',(-0.0715,0.0933455015479589,0.003));
#2558=CARTESIAN_POINT('',(-0.0715,0.094,0.003));
#2559=CARTESIAN_POINT('',(0.0755,0.094,0.002));
#2560=CARTESIAN_POINT('',(0.0755,0.0943926990712283,0.002));
#2561=CARTESIAN_POINT('',(0.0753383403480064,0.0947829799955532,0.002));
#2562=CARTESIAN_POINT('',(0.0747829799955532,0.0953383403480065,0.002));
#2563=CARTESIAN_POINT('',(0.0743926990712283,0.0955,0.002));
#2564=CARTESIAN_POINT('',(0.0736073009287717,0.0955,0.002));
#2565=CARTESIAN_POINT('',(0.0732170200044491,0.0953383403480087,0.002));
#2566=CARTESIAN_POINT('',(0.0726616596519913,0.094782979995551,0.002));
#2567=CARTESIAN_POINT('',(0.0725,0.0943926990712283,0.002));
#2568=CARTESIAN_POINT('',(0.0725,0.0936073009287717,0.002));
#2569=CARTESIAN_POINT('',(0.0726616596519913,0.0932170200044491,0.002));
#2570=CARTESIAN_POINT('',(0.0732170200044491,0.0926616596519913,0.002));
#2571=CARTESIAN_POINT('',(0.0736073009287717,0.0925,0.002));
#2572=CARTESIAN_POINT('',(0.0743926990712283,0.0925,0.002));
#2573=CARTESIAN_POINT('',(0.0747829799955509,0.0926616596519913,0.002));
#2574=CARTESIAN_POINT('',(0.0753383403480087,0.0932170200044491,0.002));
#2575=CARTESIAN_POINT('',(0.0755,0.0936073009287718,0.002));
#2576=CARTESIAN_POINT('',(0.0755,0.094,0.002));
#2577=CARTESIAN_POINT('',(0.0755,0.094,0.003));
#2578=CARTESIAN_POINT('',(0.0755,0.0943926990712283,0.003));
#2579=CARTESIAN_POINT('',(0.0753383403480019,0.0947829799955578,0.00300000000000313));
#2580=CARTESIAN_POINT('',(0.0747829799955577,0.0953383403480019,0.00299999999999688));
#2581=CARTESIAN_POINT('',(0.0743926990712283,0.0955,0.003));
#2582=CARTESIAN_POINT('',(0.0736073009287717,0.0955,0.003));
#2583=CARTESIAN_POINT('',(0.0732170200044468,0.0953383403480019,0.00299999999999688));
#2584=CARTESIAN_POINT('',(0.0726616596519935,0.0947829799955578,0.00300000000000313));
#2585=CARTESIAN_POINT('',(0.0725,0.0943926990712283,0.003));
#2586=CARTESIAN_POINT('',(0.0725,0.0936073009287717,0.003));
#2587=CARTESIAN_POINT('',(0.0726616596519936,0.0932170200044514,0.003));
#2588=CARTESIAN_POINT('',(0.0732170200044468,0.092661659651989,0.003));
#2589=CARTESIAN_POINT('',(0.0736073009287717,0.0925,0.003));
#2590=CARTESIAN_POINT('',(0.0743926990712283,0.0925,0.003));
#2591=CARTESIAN_POINT('',(0.0747829799955532,0.092661659651989,0.003));
#2592=CARTESIAN_POINT('',(0.0753383403480064,0.0932170200044514,0.003));
#2593=CARTESIAN_POINT('',(0.0755,0.0936073009287718,0.003));
#2594=CARTESIAN_POINT('',(0.0755,0.094,0.003));
#2595=CARTESIAN_POINT('',(0.0765,0.094,0.003));
#2596=CARTESIAN_POINT('',(0.0765,0.094654498452041,0.003));
#2597=CARTESIAN_POINT('',(0.0762305672466789,0.0953049666592539,0.003));
#2598=CARTESIAN_POINT('',(0.0753049666592538,0.096230567246679,0.003));
#2599=CARTESIAN_POINT('',(0.0746544984520411,0.0965,0.003));
#2600=CARTESIAN_POINT('',(0.0733455015479589,0.0965,0.003));
#2601=CARTESIAN_POINT('',(0.0726950333407507,0.0962305672466835,0.003));
#2602=CARTESIAN_POINT('',(0.0717694327533165,0.0953049666592493,0.003));
#2603=CARTESIAN_POINT('',(0.0715,0.0946544984520411,0.003));
#2604=CARTESIAN_POINT('',(0.0715,0.0933455015479589,0.003));
#2605=CARTESIAN_POINT('',(0.0717694327533165,0.0926950333407507,0.003));
#2606=CARTESIAN_POINT('',(0.0726950333407507,0.0917694327533166,0.003));
#2607=CARTESIAN_POINT('',(0.0733455015479544,0.0915,0.003));
#2608=CARTESIAN_POINT('',(0.0746544984520456,0.0915,0.003));
#2609=CARTESIAN_POINT('',(0.0753049666592493,0.0917694327533166,0.003));
#2610=CARTESIAN_POINT('',(0.0762305672466834,0.0926950333407507,0.003));
#2611=CARTESIAN_POINT('',(0.0765,0.093345501547959,0.003));
#2612=CARTESIAN_POINT('',(0.0765,0.094,0.003));
#2613=CARTESIAN_POINT('',(0.08,0.097492,0.1012));
#2614=CARTESIAN_POINT('',(0.08,0.015,0.1012));
#2615=CARTESIAN_POINT('',(0.08,0.097492,0.107066666666667));
#2616=CARTESIAN_POINT('',(0.08,0.015,0.107066666666667));
#2617=CARTESIAN_POINT('',(0.0770666666666666,0.097492,0.11));
#2618=CARTESIAN_POINT('',(0.0770666666666666,0.015,0.11));
#2619=CARTESIAN_POINT('',(0.0712,0.097492,0.11));
#2620=CARTESIAN_POINT('',(0.0712,0.015,0.11));
#2621=CARTESIAN_POINT('',(0.08,0.097,0.1012));
#2622=CARTESIAN_POINT('',(0.08,0.097,0.101861124909445));
#2623=CARTESIAN_POINT('',(0.0799278811703047,0.0969351883514366,0.103178941702994));
#2624=CARTESIAN_POINT('',(0.0795745915182457,0.0966800716368995,0.10478524028903));
#2625=CARTESIAN_POINT('',(0.0791757026618575,0.0964291013320295,0.105791298909465));
#2626=CARTESIAN_POINT('',(0.0788882351119813,0.0962609308495289,0.106353797655233));
#2627=CARTESIAN_POINT('',(0.0786589544422815,0.096131578708761,0.106741448170124));
#2628=CARTESIAN_POINT('',(0.0783447283786525,0.0959620475390691,0.107189671108733));
#2629=CARTESIAN_POINT('',(0.0780416591700635,0.0958037176051181,0.107552791498603));
#2630=CARTESIAN_POINT('',(0.0777236929835207,0.0956391843862942,0.107881545255029));
#2631=CARTESIAN_POINT('',(0.077428917453534,0.0954866857003875,0.108148638240789));
#2632=CARTESIAN_POINT('',(0.0770591048715413,0.0952906747968515,0.108440580085961));
#2633=CARTESIAN_POINT('',(0.076569526862493,0.0950218328648066,0.108771105361991));
#2634=CARTESIAN_POINT('',(0.0759234573050814,0.0946496020659713,0.10912156480477));
#2635=CARTESIAN_POINT('',(0.0752484347035645,0.0942302879952522,0.109389611605837));
#2636=CARTESIAN_POINT('',(0.074709481995256,0.0938758477919577,0.109559773569843));
#2637=CARTESIAN_POINT('',(0.0742714408477939,0.0935745358130772,0.10967427375774));
#2638=CARTESIAN_POINT('',(0.0739483019146863,0.0933441798600628,0.10974526327591));
#2639=CARTESIAN_POINT('',(0.073459701205484,0.0929882426801768,0.10983766863846));
#2640=CARTESIAN_POINT('',(0.0725883767324293,0.0923292808842591,0.109957651683518));
#2641=CARTESIAN_POINT('',(0.0717713230592544,0.091673938445677,0.11));
#2642=CARTESIAN_POINT('',(0.0712000000000013,0.0912000000000014,0.11));
#2643=CARTESIAN_POINT('',(0.077,0.1,0.1012));
#2644=CARTESIAN_POINT('',(0.0774047231444919,0.1,0.1012));
#2645=CARTESIAN_POINT('',(0.0778141299126553,0.0999603725546621,0.1012));
#2646=CARTESIAN_POINT('',(0.0785931450754669,0.0997326657453839,0.1012));
#2647=CARTESIAN_POINT('',(0.0789630441797195,0.0995369534330165,0.1012));
#2648=CARTESIAN_POINT('',(0.079536943341156,0.0989630590460562,0.1012));
#2649=CARTESIAN_POINT('',(0.079732677120965,0.0985931190974989,0.1012));
#2650=CARTESIAN_POINT('',(0.0799603769610229,0.097814101897612,0.1012));
#2651=CARTESIAN_POINT('',(0.08,0.0974047527375478,0.1012));
#2652=CARTESIAN_POINT('',(0.08,0.097,0.1012));
#2653=CARTESIAN_POINT('',(0.0770000000023081,0.1,0.10178794049037));
#2654=CARTESIAN_POINT('',(0.0774025349117662,0.100000000000003,0.101805102842118));
#2655=CARTESIAN_POINT('',(0.077814129914158,0.0999603725543688,0.101787940490371));
#2656=CARTESIAN_POINT('',(0.078593145076139,0.0997326657450414,0.101787940490372));
#2657=CARTESIAN_POINT('',(0.0789630441800125,0.0995369534328352,0.101787940490373));
#2658=CARTESIAN_POINT('',(0.0795369433409203,0.09896305904642,0.101787940490374));
#2659=CARTESIAN_POINT('',(0.0797326771205796,0.0985931190982466,0.101787940490374));
#2660=CARTESIAN_POINT('',(0.0799603769607251,0.0978141018992015,0.101787940490375));
#2661=CARTESIAN_POINT('',(0.0800000000000028,0.0974025638210483,0.101805103931658));
#2662=CARTESIAN_POINT('',(0.08,0.0970000000023927,0.101787940490377));
#2663=CARTESIAN_POINT('',(0.0769750203101919,0.0999706128781902,0.102417288937464));
#2664=CARTESIAN_POINT('',(0.0773711476576071,0.0999688851682316,0.102453569153448));
#2665=CARTESIAN_POINT('',(0.0777767076513338,0.099922342850773,0.102453864970337));
#2666=CARTESIAN_POINT('',(0.0785445622461596,0.0996824068217399,0.102479855296147));
#2667=CARTESIAN_POINT('',(0.0789094121184367,0.0994821488410269,0.102488069211151));
#2668=CARTESIAN_POINT('',(0.0794821393492733,0.0989094263437002,0.102488069397039));
#2669=CARTESIAN_POINT('',(0.0796824177102068,0.0985445391347735,0.102479854518896));
#2670=CARTESIAN_POINT('',(0.0799223476698894,0.0977766826814215,0.102453863723953));
#2671=CARTESIAN_POINT('',(0.0799688850348404,0.0973711747759838,0.102453571632796));
#2672=CARTESIAN_POINT('',(0.0799706128781915,0.0969750203101954,0.102417288937454));
#2673=CARTESIAN_POINT('',(0.0768825050661579,0.0998494136565131,0.103380225863325));
#2674=CARTESIAN_POINT('',(0.0772679862295492,0.0998398512968823,0.103444863387392));
#2675=CARTESIAN_POINT('',(0.0776600550205371,0.0997812305782672,0.103482369588376));
#2676=CARTESIAN_POINT('',(0.0784030572345766,0.0995239629610718,0.103553461681551));
#2677=CARTESIAN_POINT('',(0.0787558398311417,0.0993196048124471,0.103575525498482));
#2678=CARTESIAN_POINT('',(0.0793195970026582,0.0987558516928458,0.103575525871219));
#2679=CARTESIAN_POINT('',(0.0795239734996072,0.0984030368020342,0.103553459554459));
#2680=CARTESIAN_POINT('',(0.0797812358782291,0.0976600332062055,0.103482366242466));
#2681=CARTESIAN_POINT('',(0.0798398507071953,0.0972680099340349,0.103444867358934));
#2682=CARTESIAN_POINT('',(0.0798494136565124,0.0968825050661546,0.103380225863331));
#2683=CARTESIAN_POINT('',(0.0768419304196024,0.099795151886662,0.103704993512746));
#2684=CARTESIAN_POINT('',(0.077223923370259,0.0997820556213751,0.103778943932329));
#2685=CARTESIAN_POINT('',(0.0776108317426855,0.0997191863815808,0.103830626070784));
#2686=CARTESIAN_POINT('',(0.0783441711510576,0.0994565215921062,0.103917685191062));
#2687=CARTESIAN_POINT('',(0.078692079229961,0.0992513991320846,0.103944598917491));
#2688=CARTESIAN_POINT('',(0.0792513918584818,0.0986920902884115,0.103944599351051));
#2689=CARTESIAN_POINT('',(0.0794565319699714,0.0983441515757507,0.103917682611102));
#2690=CARTESIAN_POINT('',(0.0797191917893407,0.0976108109330257,0.103830622021381));
#2691=CARTESIAN_POINT('',(0.0797820548382068,0.0972239459411701,0.103778948330251));
#2692=CARTESIAN_POINT('',(0.0797951518866601,0.0968419304196067,0.103704993512755));
#2693=CARTESIAN_POINT('',(0.0767443110017102,0.0996585614466872,0.104344273392026));
#2694=CARTESIAN_POINT('',(0.0771187229009763,0.0996363506947551,0.104435645656293));
#2695=CARTESIAN_POINT('',(0.0774945077311146,0.0995657500974908,0.104512119684726));
#2696=CARTESIAN_POINT('',(0.0782066053154613,0.0992955062955014,0.104627118274554));
#2697=CARTESIAN_POINT('',(0.0785437685344604,0.0990911126899925,0.104662304133853));
#2698=CARTESIAN_POINT('',(0.0790911059140498,0.0985437785931663,0.104662304741842));
#2699=CARTESIAN_POINT('',(0.0792955160963241,0.0982065871590785,0.104627115181683));
#2700=CARTESIAN_POINT('',(0.0795657553908319,0.0974944884508691,0.10451211478807));
#2701=CARTESIAN_POINT('',(0.0796363494345898,0.0971187437767037,0.104435650826126));
#2702=CARTESIAN_POINT('',(0.0796585614466844,0.0967443110017231,0.104344273392036));
#2703=CARTESIAN_POINT('',(0.0766872662303734,0.0995762327765635,0.104658785621886));
#2704=CARTESIAN_POINT('',(0.0770588358892003,0.099548269416463,0.10475858841288));
#2705=CARTESIAN_POINT('',(0.0774292398767719,0.0994744127053713,0.104845919601346));
#2706=CARTESIAN_POINT('',(0.0781301198722218,0.0992027043930866,0.104973212272084));
#2707=CARTESIAN_POINT('',(0.078461191897279,0.0990002945609642,0.105011900785686));
#2708=CARTESIAN_POINT('',(0.0790002872359282,0.0984612024207527,0.105011901556004));
#2709=CARTESIAN_POINT('',(0.0792027133911413,0.0981301029653059,0.104973209216614));
#2710=CARTESIAN_POINT('',(0.0794744176230772,0.0974292216514158,0.104845914682736));
#2711=CARTESIAN_POINT('',(0.0795482678281689,0.0970588565493144,0.104758594025688));
#2712=CARTESIAN_POINT('',(0.0795762327765611,0.0966872662303875,0.104658785621893));
#2713=CARTESIAN_POINT('',(0.0765450193957004,0.0993609320827443,0.105328925735332));
#2714=CARTESIAN_POINT('',(0.0769015577189914,0.0993192059759066,0.105443096858914));
#2715=CARTESIAN_POINT('',(0.0772564393169253,0.0992392756756927,0.105541204449725));
#2716=CARTESIAN_POINT('',(0.0779293828237764,0.0989667087270946,0.105682865835311));
#2717=CARTESIAN_POINT('',(0.0782480407498725,0.0987695138477811,0.105725146661415));
#2718=CARTESIAN_POINT('',(0.0787695065801573,0.0982480503818199,0.105725147737539));
#2719=CARTESIAN_POINT('',(0.0789667173259669,0.0979293646478146,0.105682863391452));
#2720=CARTESIAN_POINT('',(0.0792392798275342,0.097256419772141,0.105541200295625));
#2721=CARTESIAN_POINT('',(0.0793192037116609,0.0969015773868148,0.105443103083325));
#2722=CARTESIAN_POINT('',(0.0793609320827475,0.0965450193956807,0.105328925735322));
#2723=CARTESIAN_POINT('',(0.0764574594887065,0.0992214202240917,0.105680803111973));
#2724=CARTESIAN_POINT('',(0.0768020536665835,0.0991708759562944,0.105800462766994));
#2725=CARTESIAN_POINT('',(0.077144817738135,0.0990851650677823,0.105902054327326));
#2726=CARTESIAN_POINT('',(0.0777957434503082,0.0988087083238031,0.106047781215944));
#2727=CARTESIAN_POINT('',(0.0781044638570352,0.0986136891268396,0.106090723136102));
#2728=CARTESIAN_POINT('',(0.0786136811826031,0.0981044739800442,0.106090724405242));
#2729=CARTESIAN_POINT('',(0.0788087152150454,0.0977957275539112,0.10604777951659));
#2730=CARTESIAN_POINT('',(0.0790851680380039,0.0971448003404343,0.105902051225973));
#2731=CARTESIAN_POINT('',(0.0791708731988661,0.0968020727621608,0.105800469265357));
#2732=CARTESIAN_POINT('',(0.0792214202240935,0.0964574594886899,0.105680803111965));
#2733=CARTESIAN_POINT('',(0.0762647571435176,0.0988963720989411,0.1063496141622));
#2734=CARTESIAN_POINT('',(0.0765759990746946,0.0988289207077638,0.106472724736592));
#2735=CARTESIAN_POINT('',(0.0768875070764066,0.0987297921277523,0.106575006941161));
#2736=CARTESIAN_POINT('',(0.0774836852018093,0.0984423875517104,0.106719915018632));
#2737=CARTESIAN_POINT('',(0.0777688023383842,0.0982506928824832,0.106761586165032));
#2738=CARTESIAN_POINT('',(0.0782506856434799,0.0977688110413499,0.106761587496982));
#2739=CARTESIAN_POINT('',(0.0784423917415424,0.0974836734063123,0.106719914520309));
#2740=CARTESIAN_POINT('',(0.0787297929970049,0.0968874942806732,0.106575005707444));
#2741=CARTESIAN_POINT('',(0.0788289172506815,0.0965760153573283,0.106472731024332));
#2742=CARTESIAN_POINT('',(0.07889637209894,0.0962647571435132,0.106349614162199));
#2743=CARTESIAN_POINT('',(0.0761596147053225,0.0987108358324431,0.106666547835785));
#2744=CARTESIAN_POINT('',(0.0764515853623108,0.0986352933337233,0.106788370797752));
#2745=CARTESIAN_POINT('',(0.076745022687816,0.0985290608936139,0.106888422209926));
#2746=CARTESIAN_POINT('',(0.0773092709655424,0.0982359332656317,0.107029196055761));
#2747=CARTESIAN_POINT('',(0.0775804544285004,0.098046189183428,0.107069122884001));
#2748=CARTESIAN_POINT('',(0.0780461827116959,0.0975804620326814,0.107069124152064));
#2749=CARTESIAN_POINT('',(0.0782359360054357,0.0973092618431199,0.107029196146607));
#2750=CARTESIAN_POINT('',(0.0785290606745221,0.0967450130103265,0.106888421956903));
#2751=CARTESIAN_POINT('',(0.0786352896300993,0.0964515998398084,0.106788376733557));
#2752=CARTESIAN_POINT('',(0.0787108358324407,0.0961596147053272,0.106666547835789));
#2753=CARTESIAN_POINT('',(0.0759323482396523,0.0982892038956314,0.107266116978124));
#2754=CARTESIAN_POINT('',(0.0761869510101554,0.0981982818499764,0.107381021992067));
#2755=CARTESIAN_POINT('',(0.0764429364081582,0.0980806353657071,0.107473354736531));
#2756=CARTESIAN_POINT('',(0.0769379714169498,0.0977833927960059,0.107601517294557));
#2757=CARTESIAN_POINT('',(0.0771772445341807,0.0976020873739754,0.107636869744868));
#2758=CARTESIAN_POINT('',(0.0776020824037439,0.0971772501806626,0.107636870804066));
#2759=CARTESIAN_POINT('',(0.0777833927174992,0.0969379679725875,0.107601518401557));
#2760=CARTESIAN_POINT('',(0.078080633148868,0.0964429333052801,0.10747335624216));
#2761=CARTESIAN_POINT('',(0.0781982778146197,0.096186962129676,0.107381027061812));
#2762=CARTESIAN_POINT('',(0.0782892038956355,0.0959323482396449,0.107266116978119));
#2763=CARTESIAN_POINT('',(0.0758075025411565,0.0980468962039883,0.107552702602817));
#2764=CARTESIAN_POINT('',(0.0760438437259896,0.0979491387780687,0.107662285235169));
#2765=CARTESIAN_POINT('',(0.0762802605129031,0.0978275855262556,0.107749361070153));
#2766=CARTESIAN_POINT('',(0.0767375789792064,0.0975326722547818,0.107869354526848));
#2767=CARTESIAN_POINT('',(0.0769586296628911,0.0973581726773886,0.10790195390639));
#2768=CARTESIAN_POINT('',(0.0773581685874057,0.0969586342892574,0.107901954821277));
#2769=CARTESIAN_POINT('',(0.077532670933619,0.0967375783838396,0.107869356062168));
#2770=CARTESIAN_POINT('',(0.0778275824706398,0.0962802607578149,0.107749363355413));
#2771=CARTESIAN_POINT('',(0.0779491346935394,0.0960438532262937,0.107662289792127));
#2772=CARTESIAN_POINT('',(0.0780468962039967,0.0958075025411436,0.107552702602809));
#2773=CARTESIAN_POINT('',(0.0755302948200672,0.0975120174811911,0.108082936111543));
#2774=CARTESIAN_POINT('',(0.0757319308649671,0.0974026217315997,0.108178835243387));
#2775=CARTESIAN_POINT('',(0.0759298996526291,0.0972777799291667,0.10825375073871));
#2776=CARTESIAN_POINT('',(0.0763117580770322,0.0969965478912638,0.108355790541908));
#2777=CARTESIAN_POINT('',(0.0764956849648468,0.0968398727663608,0.108382835289242));
#2778=CARTESIAN_POINT('',(0.0768398696971979,0.0964956884188052,0.10838283592896));
#2779=CARTESIAN_POINT('',(0.0769965444630584,0.0963117621146423,0.108355792602305));
#2780=CARTESIAN_POINT('',(0.0772777754964321,0.0959299051837117,0.108253754046662));
#2781=CARTESIAN_POINT('',(0.0774026175219684,0.0957319381042155,0.108178838913764));
#2782=CARTESIAN_POINT('',(0.0775120174812025,0.0955302948200519,0.108082936111534));
#2783=CARTESIAN_POINT('',(0.0753779327974738,0.097219446450037,0.108326583995575));
#2784=CARTESIAN_POINT('',(0.0755631084526513,0.0971060421095187,0.108414284418851));
#2785=CARTESIAN_POINT('',(0.0757423879946506,0.0969822115664005,0.108482418307184));
#2786=CARTESIAN_POINT('',(0.0760869930069164,0.0967126190113983,0.108574836007144));
#2787=CARTESIAN_POINT('',(0.0762523184771828,0.0965668569995141,0.108599119818771));
#2788=CARTESIAN_POINT('',(0.0765668535006059,0.0962523224434139,0.108599120358494));
#2789=CARTESIAN_POINT('',(0.0767126142470669,0.0960869994887438,0.108574838226023));
#2790=CARTESIAN_POINT('',(0.0769822063529603,0.0957423959420982,0.108482421935354));
#2791=CARTESIAN_POINT('',(0.0771060377123927,0.0955631153501226,0.108414287777157));
#2792=CARTESIAN_POINT('',(0.077219446450047,0.0953779327974615,0.108326583995568));
#2793=CARTESIAN_POINT('',(0.075069683906069,0.096650445622304,0.108717518068335));
#2794=CARTESIAN_POINT('',(0.0752243018891474,0.0965351550968666,0.108788630591841));
#2795=CARTESIAN_POINT('',(0.0753715340122594,0.0964190389049833,0.108844323429147));
#2796=CARTESIAN_POINT('',(0.0756546099423826,0.0961785311378832,0.10892015291384));
#2797=CARTESIAN_POINT('',(0.0757904537493939,0.0960541395626664,0.108940289561225));
#2798=CARTESIAN_POINT('',(0.076054136451148,0.0957904569784579,0.108940289848552));
#2799=CARTESIAN_POINT('',(0.0761785265391951,0.0956546155590124,0.108920154627925));
#2800=CARTESIAN_POINT('',(0.0764190335823106,0.0953715411944975,0.108844326426328));
#2801=CARTESIAN_POINT('',(0.0765351505373791,0.0952243082494282,0.108788633445359));
#2802=CARTESIAN_POINT('',(0.0766504456222989,0.0950696839060768,0.108717518068339));
#2803=CARTESIAN_POINT('',(0.0749226023139876,0.0963890354884289,0.108870463625738));
#2804=CARTESIAN_POINT('',(0.0750637462815146,0.0962758525510308,0.108933503910065));
#2805=CARTESIAN_POINT('',(0.0751976259086374,0.0961644627259158,0.10898299514192));
#2806=CARTESIAN_POINT('',(0.0754554821233452,0.0959376056089778,0.109050457519172));
#2807=CARTESIAN_POINT('',(0.0755794587109303,0.095822138317155,0.109068428664568));
#2808=CARTESIAN_POINT('',(0.075822134487833,0.0955794625755276,0.109068428887387));
#2809=CARTESIAN_POINT('',(0.0759376004208735,0.0954554881159226,0.109050459033026));
#2810=CARTESIAN_POINT('',(0.0761644571319494,0.0951976330586379,0.108982997835402));
#2811=CARTESIAN_POINT('',(0.0762758479099847,0.0950637524609581,0.108933506492138));
#2812=CARTESIAN_POINT('',(0.0763890354884258,0.0949226023139951,0.108870463625741));
#2813=CARTESIAN_POINT('',(0.0746154039289838,0.0958648349255572,0.109136502220245));
#2814=CARTESIAN_POINT('',(0.0747305087878193,0.09576034416924,0.10918390401438));
#2815=CARTESIAN_POINT('',(0.0748399888916543,0.0956600397564145,0.10922122413204));
#2816=CARTESIAN_POINT('',(0.0750526827838324,0.0954603901473476,0.109272163493442));
#2817=CARTESIAN_POINT('',(0.0751558965721754,0.0953610449511061,0.109285782737183));
#2818=CARTESIAN_POINT('',(0.0753610410278784,0.0951559003048076,0.109285782829778));
#2819=CARTESIAN_POINT('',(0.0754603850902166,0.0950526880469101,0.109272164533206));
#2820=CARTESIAN_POINT('',(0.0756600345700124,0.0948399947758446,0.109221226072676));
#2821=CARTESIAN_POINT('',(0.0757603399874699,0.0947305137626766,0.109183905908719));
#2822=CARTESIAN_POINT('',(0.0758648349255599,0.0946154039289862,0.109136502220245));
#2823=CARTESIAN_POINT('',(0.0744552871360613,0.0956020444965608,0.109249595257349));
#2824=CARTESIAN_POINT('',(0.0745581556510479,0.095504138974862,0.10928964242105));
#2825=CARTESIAN_POINT('',(0.0746567532323215,0.0954102761794581,0.109321151758771));
#2826=CARTESIAN_POINT('',(0.0748496281235984,0.0952243892964706,0.109364146865767));
#2827=CARTESIAN_POINT('',(0.0749439054336018,0.095132365208887,0.109375632635042));
#2828=CARTESIAN_POINT('',(0.0751323613784942,0.0949439089967712,0.109375632688663));
#2829=CARTESIAN_POINT('',(0.0752243845091983,0.0948496328657053,0.109364147685154));
#2830=CARTESIAN_POINT('',(0.0754102714263092,0.0946567582959757,0.109321153317113));
#2831=CARTESIAN_POINT('',(0.0755041352127159,0.0945581598573121,0.109289643952581));
#2832=CARTESIAN_POINT('',(0.0756020444965671,0.0944552871360591,0.109249595257347));
#2833=CARTESIAN_POINT('',(0.074123980311948,0.095081206955465,0.109444235141978));
#2834=CARTESIAN_POINT('',(0.0742059268281381,0.0949978341629886,0.109472022674758));
#2835=CARTESIAN_POINT('',(0.0742858638377146,0.0949174348992352,0.109493747705154));
#2836=CARTESIAN_POINT('',(0.074444249325314,0.0947588379655897,0.109523304008518));
#2837=CARTESIAN_POINT('',(0.0745226978033367,0.0946806402956975,0.109531135281488));
#2838=CARTESIAN_POINT('',(0.0746806367095015,0.0945227010861896,0.109531135317346));
#2839=CARTESIAN_POINT('',(0.0747588338351326,0.0944442531426537,0.109523304507522));
#2840=CARTESIAN_POINT('',(0.0749174311589838,0.0942858674067455,0.109493748649374));
#2841=CARTESIAN_POINT('',(0.0749978313572039,0.0942059296143733,0.109472023601049));
#2842=CARTESIAN_POINT('',(0.0750812069554643,0.0941239803119469,0.109444235141978));
#2843=CARTESIAN_POINT('',(0.0739527043399095,0.0948225360872637,0.109526443716221));
#2844=CARTESIAN_POINT('',(0.074026148077943,0.0947471400936151,0.109549053486227));
#2845=CARTESIAN_POINT('',(0.074098372195643,0.0946738567193803,0.109566600413066));
#2846=CARTESIAN_POINT('',(0.0742420733496938,0.0945290131127523,0.109590389393781));
#2847=CARTESIAN_POINT('',(0.0743135503860447,0.094457452880359,0.109596631447657));
#2848=CARTESIAN_POINT('',(0.0744574495367147,0.0943135534604283,0.109596631495819));
#2849=CARTESIAN_POINT('',(0.07452900944936,0.0942420766702773,0.109590389774962));
#2850=CARTESIAN_POINT('',(0.0746738536058011,0.0940983750274931,0.109566601103187));
#2851=CARTESIAN_POINT('',(0.0747471378495969,0.0940261501748599,0.109549054152269));
#2852=CARTESIAN_POINT('',(0.074822536087233,0.0939527043399304,0.109526443716227));
#2853=CARTESIAN_POINT('',(0.0736015788838298,0.0943096303970633,0.109666316266181));
#2854=CARTESIAN_POINT('',(0.0736611975745399,0.0942490326605793,0.109680778968833));
#2855=CARTESIAN_POINT('',(0.073720107199803,0.0941894899463897,0.109691773432189));
#2856=CARTESIAN_POINT('',(0.0738373969904949,0.0940714234647068,0.10970653102885));
#2857=CARTESIAN_POINT('',(0.0738957771559239,0.0940128996972136,0.109710294162157));
#2858=CARTESIAN_POINT('',(0.0740128966980077,0.093895780011032,0.109710294247264));
#2859=CARTESIAN_POINT('',(0.0740714205242441,0.0938373996916901,0.109706531270279));
#2860=CARTESIAN_POINT('',(0.0741894878324691,0.093720109051331,0.109691773787388));
#2861=CARTESIAN_POINT('',(0.0742490313144576,0.0936611987303138,0.109680779281482));
#2862=CARTESIAN_POINT('',(0.0743096303970037,0.0936015788838724,0.109666316266192));
#2863=CARTESIAN_POINT('',(0.0734217293997885,0.0940553955750641,0.109723980241897));
#2864=CARTESIAN_POINT('',(0.0734762066186986,0.094001593040824,0.10973542028947));
#2865=CARTESIAN_POINT('',(0.0735295984600075,0.0939487071993008,0.109744000381277));
#2866=CARTESIAN_POINT('',(0.0736352125647088,0.0938437677449767,0.109755440569171));
#2867=CARTESIAN_POINT('',(0.0736874348281012,0.0937917141321759,0.109758300665257));
#2868=CARTESIAN_POINT('',(0.0737917109542559,0.0936874379785854,0.109758300777515));
#2869=CARTESIAN_POINT('',(0.0738437648170181,0.0936352154377957,0.109755440793687));
#2870=CARTESIAN_POINT('',(0.0739487053191985,0.0935296002715163,0.109744000661925));
#2871=CARTESIAN_POINT('',(0.0740015919586167,0.0934762076460265,0.109735420513991));
#2872=CARTESIAN_POINT('',(0.0740553955750059,0.0934217293998311,0.109723980241909));
#2873=CARTESIAN_POINT('',(0.0730835671711265,0.093590059785249,0.109813202218929));
#2874=CARTESIAN_POINT('',(0.0731285214932296,0.0935477678760832,0.109820355741503));
#2875=CARTESIAN_POINT('',(0.0731720812519275,0.0935062049550461,0.109825720920742));
#2876=CARTESIAN_POINT('',(0.0732574735110251,0.0934234751787809,0.109832874536586));
#2877=CARTESIAN_POINT('',(0.0732993060114247,0.0933823083235529,0.109834662973192));
#2878=CARTESIAN_POINT('',(0.0733823056224377,0.0932993087684573,0.109834663047807));
#2879=CARTESIAN_POINT('',(0.073423472733051,0.0932574760685898,0.109832874685817));
#2880=CARTESIAN_POINT('',(0.0735062034330034,0.0931720829137671,0.109825721107278));
#2881=CARTESIAN_POINT('',(0.0735477670223425,0.0931285224588119,0.109820355890729));
#2882=CARTESIAN_POINT('',(0.0735900597853003,0.0930835671710887,0.109813202218919));
#2883=CARTESIAN_POINT('',(0.0729216344967262,0.093371935822144,0.109848764554766));
#2884=CARTESIAN_POINT('',(0.0729623720994693,0.0933344954972325,0.109854374896228));
#2885=CARTESIAN_POINT('',(0.0730015244465004,0.0932978161610201,0.109858582683122));
#2886=CARTESIAN_POINT('',(0.0730778318280988,0.0932248061883664,0.109864193101577));
#2887=CARTESIAN_POINT('',(0.0731149868626661,0.093188475551925,0.109865595733138));
#2888=CARTESIAN_POINT('',(0.0731884728182973,0.0931149897011864,0.10986559579473));
#2889=CARTESIAN_POINT('',(0.0732248037393612,0.093077834486889,0.109864193224761));
#2890=CARTESIAN_POINT('',(0.073297814666946,0.0930015262028113,0.109858582837099));
#2891=CARTESIAN_POINT('',(0.0733344946734669,0.0929623731330309,0.109854375019405));
#2892=CARTESIAN_POINT('',(0.0733719358221964,0.0929216344966954,0.109848764554751));
#2893=CARTESIAN_POINT('',(0.0725890278448353,0.0929326215967603,0.109908464119225));
#2894=CARTESIAN_POINT('',(0.0726207702337439,0.0929044841117245,0.109911631664682));
#2895=CARTESIAN_POINT('',(0.0726510815140813,0.0928768765718975,0.109914007340852));
#2896=CARTESIAN_POINT('',(0.0727098224293776,0.0928217407169896,0.109917174929003));
#2897=CARTESIAN_POINT('',(0.0727382520643364,0.0927942124019086,0.109917966840983));
#2898=CARTESIAN_POINT('',(0.0727942102606398,0.0927382543308207,0.109917966875136));
#2899=CARTESIAN_POINT('',(0.0728217388219842,0.0927098245748137,0.109917174997309));
#2900=CARTESIAN_POINT('',(0.0728768754428229,0.0926510829562019,0.10991400742623));
#2901=CARTESIAN_POINT('',(0.072904483502317,0.092620771093597,0.109911631732979));
#2902=CARTESIAN_POINT('',(0.0729326215967681,0.0925890278448573,0.109908464119206));
#2903=CARTESIAN_POINT('',(0.0724183538673447,0.0927114313344815,0.109932601347848));
#2904=CARTESIAN_POINT('',(0.0724455607280762,0.0926876451987872,0.109934880799549));
#2905=CARTESIAN_POINT('',(0.0724715348445379,0.0926642366855502,0.109936590399859));
#2906=CARTESIAN_POINT('',(0.0725218228033991,0.0926173696003442,0.109938869880396));
#2907=CARTESIAN_POINT('',(0.0725461366457986,0.0925939110283752,0.109939439760622));
#2908=CARTESIAN_POINT('',(0.0725939092710122,0.0925461385220589,0.10993943978369));
#2909=CARTESIAN_POINT('',(0.0726173680538264,0.0925218245877116,0.109938869926531));
#2910=CARTESIAN_POINT('',(0.0726642357743468,0.0924715360529923,0.109936590457523));
#2911=CARTESIAN_POINT('',(0.0726876447120529,0.0924455614526202,0.109934880845674));
#2912=CARTESIAN_POINT('',(0.0727114313344436,0.0924183538674125,0.10993260134783));
#2913=CARTESIAN_POINT('',(0.0718998206710035,0.0920516662044244,0.109987024399876));
#2914=CARTESIAN_POINT('',(0.0719140702704194,0.0920397947404015,0.109987374080192));
#2915=CARTESIAN_POINT('',(0.0719277175091195,0.0920279311443711,0.109987636340827));
#2916=CARTESIAN_POINT('',(0.0719541123792949,0.0920039145124018,0.109987986022139));
#2917=CARTESIAN_POINT('',(0.0719668600107703,0.0919917614764628,0.109988073442815));
#2918=CARTESIAN_POINT('',(0.0719917607807033,0.0919668607887825,0.10998807344361));
#2919=CARTESIAN_POINT('',(0.0720039139191609,0.0919541131370411,0.10998798602373));
#2920=CARTESIAN_POINT('',(0.0720279308172653,0.0919277180418625,0.109987636342813));
#2921=CARTESIAN_POINT('',(0.0720397945769121,0.0919140705984251,0.109987374081777));
#2922=CARTESIAN_POINT('',(0.0720516662042569,0.0918998206711929,0.109987024399865));
#2923=CARTESIAN_POINT('',(0.071545275611873,0.0916162226569696,0.11));
#2924=CARTESIAN_POINT('',(0.0715516571030846,0.0916108254316453,0.11));
#2925=CARTESIAN_POINT('',(0.0715579327396191,0.0916052880085838,0.11));
#2926=CARTESIAN_POINT('',(0.0715702551212974,0.091593949927937,0.11));
#2927=CARTESIAN_POINT('',(0.0715763018664413,0.0915881492703516,0.11));
#2928=CARTESIAN_POINT('',(0.0715881492833018,0.091576301881607,0.11));
#2929=CARTESIAN_POINT('',(0.0715939499550185,0.0915702551504479,0.11));
#2930=CARTESIAN_POINT('',(0.0716052880429884,0.091557932775506,0.11));
#2931=CARTESIAN_POINT('',(0.0716108254592416,0.0915516571317234,0.11));
#2932=CARTESIAN_POINT('',(0.0716162226567448,0.0915452756121041,0.11));
#2933=CARTESIAN_POINT('',(0.0712000000000013,0.0912000000000014,0.11));
#2934=CARTESIAN_POINT('',(0.0712000000000013,0.0912000000000014,0.11));
#2935=CARTESIAN_POINT('',(0.0712000000000013,0.0912000000000014,0.11));
#2936=CARTESIAN_POINT('',(0.0712000000000013,0.0912000000000014,0.11));
#2937=CARTESIAN_POINT('',(0.0712000000000013,0.0912000000000014,0.11));
#2938=CARTESIAN_POINT('',(0.0712000000000013,0.0912000000000014,0.11));
#2939=CARTESIAN_POINT('',(0.0712000000000013,0.0912000000000014,0.11));
#2940=CARTESIAN_POINT('',(0.0712000000000013,0.0912000000000014,0.11));
#2941=CARTESIAN_POINT('',(0.0712000000000013,0.0912000000000014,0.11));
#2942=CARTESIAN_POINT('',(0.0712000000000013,0.0912000000000014,0.11));
#2943=CARTESIAN_POINT('',(0.0712000000000013,0.0912000000000014,0.11));
#2944=CARTESIAN_POINT('',(0.0716738640990154,0.091771233436572,0.11));
#2945=CARTESIAN_POINT('',(0.0723291471069069,0.09258822780997,0.109957666153857));
#2946=CARTESIAN_POINT('',(0.0729881499944181,0.0934596073621788,0.109837683687409));
#2947=CARTESIAN_POINT('',(0.0733441201817615,0.0939482391350265,0.109745277402392));
#2948=CARTESIAN_POINT('',(0.0735745662200238,0.0942714852275809,0.109674262506248));
#2949=CARTESIAN_POINT('',(0.0738757858422462,0.09470936725608,0.109559804449255));
#2950=CARTESIAN_POINT('',(0.074230191475588,0.0952482594695899,0.109389673084453));
#2951=CARTESIAN_POINT('',(0.0746494721959016,0.0959232423925602,0.109121666167422));
#2952=CARTESIAN_POINT('',(0.0750217375300714,0.0965693857765301,0.108771189752062));
#2953=CARTESIAN_POINT('',(0.0752906107143437,0.0970590123657757,0.108440653424709));
#2954=CARTESIAN_POINT('',(0.0754867242832497,0.0974289882049077,0.108148575828484));
#2955=CARTESIAN_POINT('',(0.0756390941374307,0.0977235024837344,0.107881721565551));
#2956=CARTESIAN_POINT('',(0.0758036241547897,0.0980414755345718,0.107552995408665));
#2957=CARTESIAN_POINT('',(0.0759619571053129,0.0983445698310195,0.107189891066001));
#2958=CARTESIAN_POINT('',(0.0761316180311531,0.0986590259992019,0.10674133978494));
#2959=CARTESIAN_POINT('',(0.0762608639937129,0.0988881074319367,0.106354011238697));
#2960=CARTESIAN_POINT('',(0.076429024500683,0.0991755836367123,0.105791585793732));
#2961=CARTESIAN_POINT('',(0.0766801270562419,0.0995746807349191,0.104785013184857));
#2962=CARTESIAN_POINT('',(0.076935168198951,0.0999278220901117,0.103179184084658));
#2963=CARTESIAN_POINT('',(0.077,0.1,0.101861206941326));
#2964=CARTESIAN_POINT('',(0.077,0.1,0.1012));
#2965=CARTESIAN_POINT('',(-0.077924,0.1,0.1012));
#2966=CARTESIAN_POINT('',(0.077924,0.1,0.1012));
#2967=CARTESIAN_POINT('',(-0.077924,0.1,0.107066666666667));
#2968=CARTESIAN_POINT('',(0.077924,0.1,0.107066666666667));
#2969=CARTESIAN_POINT('',(-0.077924,0.0970666666666666,0.11));
#2970=CARTESIAN_POINT('',(0.077924,0.0970666666666666,0.11));
#2971=CARTESIAN_POINT('',(-0.077924,0.0912,0.11));
#2972=CARTESIAN_POINT('',(0.077924,0.0912,0.11));
#2973=CARTESIAN_POINT('',(-0.077,0.1,0.1012));
#2974=CARTESIAN_POINT('',(-0.077,0.1,0.10186112490912));
#2975=CARTESIAN_POINT('',(-0.0769351883515025,0.0999278811705127,0.103178941702099));
#2976=CARTESIAN_POINT('',(-0.0766800716367223,0.0995745915179642,0.104785240289747));
#2977=CARTESIAN_POINT('',(-0.0764291013322833,0.0991757026622313,0.105791298908575));
#2978=CARTESIAN_POINT('',(-0.0762609308497308,0.0988882351123492,0.106353797654612));
#2979=CARTESIAN_POINT('',(-0.0761315787086829,0.0986589544421456,0.106741448170341));
#2980=CARTESIAN_POINT('',(-0.0759620475391819,0.0983447283788413,0.107189671108467));
#2981=CARTESIAN_POINT('',(-0.0758037176052253,0.0980416591702552,0.107552791498393));
#2982=CARTESIAN_POINT('',(-0.0756391843864072,0.097723692983727,0.107881545254838));
#2983=CARTESIAN_POINT('',(-0.0754866857003544,0.0974289174534348,0.108148638240875));
#2984=CARTESIAN_POINT('',(-0.0752906747969646,0.0970591048716792,0.108440580085851));
#2985=CARTESIAN_POINT('',(-0.0750218328649759,0.0965695268627302,0.10877110536185));
#2986=CARTESIAN_POINT('',(-0.0746496020661632,0.0959234573054035,0.10912156480461));
#2987=CARTESIAN_POINT('',(-0.0742302879954736,0.0952484347039599,0.109389611605711));
#2988=CARTESIAN_POINT('',(-0.0738758477919387,0.0947094819952982,0.109559773569823));
#2989=CARTESIAN_POINT('',(-0.0735745358134512,0.0942714408483787,0.109674273757614));
#2990=CARTESIAN_POINT('',(-0.0733441798585258,0.0939483019124594,0.109745263276397));
#2991=CARTESIAN_POINT('',(-0.0729882426775431,0.0934597012014557,0.109837668639127));
#2992=CARTESIAN_POINT('',(-0.0723292808806131,0.0925883767264606,0.109957651684073));
#2993=CARTESIAN_POINT('',(-0.071673938443623,0.0917713230555748,0.11));
#2994=CARTESIAN_POINT('',(-0.0712000000000014,0.0912000000000015,0.11));
#2995=CARTESIAN_POINT('',(-0.08,0.015,0.1012));
#2996=CARTESIAN_POINT('',(-0.08,0.097492,0.1012));
#2997=CARTESIAN_POINT('',(-0.08,0.015,0.107066666666666));
#2998=CARTESIAN_POINT('',(-0.08,0.097492,0.107066666666666));
#2999=CARTESIAN_POINT('',(-0.0770666666666665,0.015,0.11));
#3000=CARTESIAN_POINT('',(-0.0770666666666665,0.097492,0.11));
#3001=CARTESIAN_POINT('',(-0.0712,0.015,0.11));
#3002=CARTESIAN_POINT('',(-0.0712,0.097492,0.11));
#3003=CARTESIAN_POINT('',(-0.0712000000000014,0.0912000000000015,0.11));
#3004=CARTESIAN_POINT('',(-0.071771233441367,0.0916738641017332,0.11));
#3005=CARTESIAN_POINT('',(-0.0725882278177638,0.0923291471117399,0.10995766615313));
#3006=CARTESIAN_POINT('',(-0.0734596073674228,0.0929881499978959,0.109837683686543));
#3007=CARTESIAN_POINT('',(-0.0739482391379743,0.0933441201838189,0.109745277401747));
#3008=CARTESIAN_POINT('',(-0.0742714852267293,0.0935745662194657,0.109674262506437));
#3009=CARTESIAN_POINT('',(-0.0747093672564663,0.0938757858425431,0.109559804449161));
#3010=CARTESIAN_POINT('',(-0.0752482594697664,0.0942301914757526,0.109389673084376));
#3011=CARTESIAN_POINT('',(-0.0759232423929685,0.0946494721962428,0.109121666167238));
#3012=CARTESIAN_POINT('',(-0.076569385776758,0.0950217375302902,0.108771189751927));
#3013=CARTESIAN_POINT('',(-0.0770590123659571,0.0952906107144908,0.108440653424564));
#3014=CARTESIAN_POINT('',(-0.0774289882047285,0.0954867242831308,0.108148575828645));
#3015=CARTESIAN_POINT('',(-0.077723502484315,0.0956390941376724,0.107881721565014));
#3016=CARTESIAN_POINT('',(-0.0780414755351484,0.0958036241550497,0.107552995408022));
#3017=CARTESIAN_POINT('',(-0.0783445698314859,0.0959619571055536,0.107189891065361));
#3018=CARTESIAN_POINT('',(-0.0786590259990732,0.096131618031086,0.106741339785118));
#3019=CARTESIAN_POINT('',(-0.0788881074320063,0.0962608639937489,0.106354011238589));
#3020=CARTESIAN_POINT('',(-0.0791755836367332,0.0964290245006976,0.105791585793664));
#3021=CARTESIAN_POINT('',(-0.0795746807349047,0.0966801270562256,0.10478501318491));
#3022=CARTESIAN_POINT('',(-0.0799278220901341,0.0969351681989555,0.103179184084535));
#3023=CARTESIAN_POINT('',(-0.08,0.097,0.101861206941274));
#3024=CARTESIAN_POINT('',(-0.08,0.097,0.1012));
#3025=CARTESIAN_POINT('',(-0.08,0.097,0.1012));
#3026=CARTESIAN_POINT('',(-0.08,0.0974047231444918,0.1012));
#3027=CARTESIAN_POINT('',(-0.079960372554662,0.0978141299126553,0.1012));
#3028=CARTESIAN_POINT('',(-0.0797326657453838,0.0985931450754668,0.1012));
#3029=CARTESIAN_POINT('',(-0.0795369534330165,0.0989630441797195,0.1012));
#3030=CARTESIAN_POINT('',(-0.0789630590460562,0.099536943341156,0.1012));
#3031=CARTESIAN_POINT('',(-0.0785931190974989,0.099732677120965,0.1012));
#3032=CARTESIAN_POINT('',(-0.077814101897612,0.0999603769610229,0.1012));
#3033=CARTESIAN_POINT('',(-0.0774047527375477,0.1,0.1012));
#3034=CARTESIAN_POINT('',(-0.077,0.1,0.1012));
#3035=CARTESIAN_POINT('',(-0.08,0.0970000000023588,0.101787940490375));
#3036=CARTESIAN_POINT('',(-0.0800000000000027,0.0974025349117943,0.101805102842971));
#3037=CARTESIAN_POINT('',(-0.0799603725543545,0.0978141299141902,0.101787940490375));
#3038=CARTESIAN_POINT('',(-0.0797326657450405,0.0985931450761587,0.101787940490376));
#3039=CARTESIAN_POINT('',(-0.0795369534328323,0.0989630441800083,0.101787940490376));
#3040=CARTESIAN_POINT('',(-0.0789630590464185,0.0995369433408874,0.101787940490376));
#3041=CARTESIAN_POINT('',(-0.0785931190982485,0.099732677120542,0.101787940490377));
#3042=CARTESIAN_POINT('',(-0.0778141018992385,0.0999603769607514,0.101787940490377));
#3043=CARTESIAN_POINT('',(-0.0774025638210512,0.100000000000003,0.101805103932283));
#3044=CARTESIAN_POINT('',(-0.0770000000024367,0.1,0.101787940490378));
#3045=CARTESIAN_POINT('',(-0.0799706128781912,0.09697502031019,0.102417288937457));
#3046=CARTESIAN_POINT('',(-0.079968885168331,0.0973711476577522,0.102453569152433));
#3047=CARTESIAN_POINT('',(-0.0799223428509397,0.097776707651589,0.102453864967212));
#3048=CARTESIAN_POINT('',(-0.0796824068220368,0.098544562246521,0.102479855291489));
#3049=CARTESIAN_POINT('',(-0.0794821488413568,0.0989094121187867,0.102488069206225));
#3050=CARTESIAN_POINT('',(-0.0789094263440409,0.0994821393495593,0.102488069392373));
#3051=CARTESIAN_POINT('',(-0.0785445391350921,0.0996824177104401,0.102479854514759));
#3052=CARTESIAN_POINT('',(-0.0777766826816501,0.0999223476700635,0.10245386372148));
#3053=CARTESIAN_POINT('',(-0.0773711747760788,0.0999688850349131,0.102453571632079));
#3054=CARTESIAN_POINT('',(-0.0769750203101878,0.0999706128781919,0.102417288937453));
#3055=CARTESIAN_POINT('',(-0.0798494136565126,0.0968825050661563,0.103380225863329));
#3056=CARTESIAN_POINT('',(-0.0798398512968308,0.0972679862294722,0.103444863387915));
#3057=CARTESIAN_POINT('',(-0.0797812305781724,0.0976600550204241,0.10348236958836));
#3058=CARTESIAN_POINT('',(-0.0795239629609438,0.0984030572344145,0.103553461681526));
#3059=CARTESIAN_POINT('',(-0.0793196048123104,0.0987558398309617,0.103575525498455));
#3060=CARTESIAN_POINT('',(-0.0787558516927154,0.0993195970024797,0.103575525871194));
#3061=CARTESIAN_POINT('',(-0.0784030368019185,0.0995239734994479,0.103553459554437));
#3062=CARTESIAN_POINT('',(-0.0776600332061505,0.099781235878169,0.103482366242453));
#3063=CARTESIAN_POINT('',(-0.0772680099339847,0.0998398507071559,0.103444867359317));
#3064=CARTESIAN_POINT('',(-0.0768825050661593,0.0998494136565122,0.103380225863332));
#3065=CARTESIAN_POINT('',(-0.0797951518866602,0.0968419304196013,0.103704993512753));
#3066=CARTESIAN_POINT('',(-0.079782055621357,0.0972239233702496,0.103778943932369));
#3067=CARTESIAN_POINT('',(-0.0797191863815396,0.0976108317426735,0.103830626070269));
#3068=CARTESIAN_POINT('',(-0.0794565215920426,0.0983441711510287,0.10391768519038));
#3069=CARTESIAN_POINT('',(-0.0792513991320087,0.0986920792299145,0.103944598916827));
#3070=CARTESIAN_POINT('',(-0.0786920902883247,0.0992513918584147,0.103944599350524));
#3071=CARTESIAN_POINT('',(-0.0783441515756654,0.0994565319699012,0.103917682610694));
#3072=CARTESIAN_POINT('',(-0.0776108109329738,0.0997191917893114,0.103830622021207));
#3073=CARTESIAN_POINT('',(-0.0772239459411213,0.0997820548381801,0.103778948330464));
#3074=CARTESIAN_POINT('',(-0.0768419304196059,0.0997951518866592,0.103704993512758));
#3075=CARTESIAN_POINT('',(-0.0796585614466846,0.0967443110017091,0.104344273392035));
#3076=CARTESIAN_POINT('',(-0.0796363506947682,0.0971187229009829,0.104435645656272));
#3077=CARTESIAN_POINT('',(-0.0795657500975204,0.0974945077311316,0.104512119684467));
#3078=CARTESIAN_POINT('',(-0.0792955062955642,0.0982066053154927,0.104627118274088));
#3079=CARTESIAN_POINT('',(-0.0790911126900683,0.0985437685344946,0.104662304133311));
#3080=CARTESIAN_POINT('',(-0.0785437785932538,0.0990911059140854,0.104662304741243));
#3081=CARTESIAN_POINT('',(-0.0782065871591646,0.0992955160963581,0.104627115181104));
#3082=CARTESIAN_POINT('',(-0.0774944884509308,0.0995657553908619,0.104512114787668));
#3083=CARTESIAN_POINT('',(-0.0771187437767345,0.0996363494346056,0.104435650825961));
#3084=CARTESIAN_POINT('',(-0.0767443110017145,0.099658561446683,0.104344273392041));
#3085=CARTESIAN_POINT('',(-0.0795762327765612,0.096687266230372,0.104658785621893));
#3086=CARTESIAN_POINT('',(-0.079548269416893,0.0970588358897435,0.104758588413948));
#3087=CARTESIAN_POINT('',(-0.0794744127060869,0.0974292398776067,0.104845919603093));
#3088=CARTESIAN_POINT('',(-0.0792027043941375,0.0981301198733091,0.104973212274601));
#3089=CARTESIAN_POINT('',(-0.079000294562065,0.0984611918983273,0.105011900788293));
#3090=CARTESIAN_POINT('',(-0.0784612024217751,0.0990002872367429,0.105011901558377));
#3091=CARTESIAN_POINT('',(-0.0781301029662,0.0992027133917614,0.104973209218664));
#3092=CARTESIAN_POINT('',(-0.0774292216519331,0.0994744176233278,0.104845914683898));
#3093=CARTESIAN_POINT('',(-0.0770588565495834,0.0995482678282448,0.104758594026287));
#3094=CARTESIAN_POINT('',(-0.0766872662303766,0.0995762327765597,0.104658785621897));
#3095=CARTESIAN_POINT('',(-0.079360932082748,0.0965450193956956,0.10532892573532));
#3096=CARTESIAN_POINT('',(-0.0793192059753786,0.0969015577183174,0.105443096857597));
#3097=CARTESIAN_POINT('',(-0.0792392756748133,0.0972564393158933,0.105541204447573));
#3098=CARTESIAN_POINT('',(-0.0789667087258025,0.0979293828224353,0.105682865832212));
#3099=CARTESIAN_POINT('',(-0.0787695138464277,0.0982480407485804,0.105725146658206));
#3100=CARTESIAN_POINT('',(-0.0782480503805625,0.0987695065791539,0.105725147734617));
#3101=CARTESIAN_POINT('',(-0.0779293646467146,0.0989667173252034,0.10568286338893));
#3102=CARTESIAN_POINT('',(-0.0772564197715041,0.0992392798272258,0.105541200294194));
#3103=CARTESIAN_POINT('',(-0.0769015773864836,0.0993192037115677,0.105443103082587));
#3104=CARTESIAN_POINT('',(-0.0765450193956935,0.0993609320827494,0.105328925735316));
#3105=CARTESIAN_POINT('',(-0.079221420224097,0.0964574594887056,0.105680803111959));
#3106=CARTESIAN_POINT('',(-0.0791708759567761,0.0968020536669712,0.10580046276616));
#3107=CARTESIAN_POINT('',(-0.079085165068511,0.0971448177387254,0.105902054326062));
#3108=CARTESIAN_POINT('',(-0.0788087083247322,0.0977957434510655,0.106047781214324));
#3109=CARTESIAN_POINT('',(-0.0786136891277223,0.0981044638577566,0.106090723134554));
#3110=CARTESIAN_POINT('',(-0.0781044739807068,0.0986136811831476,0.106090724404066));
#3111=CARTESIAN_POINT('',(-0.0777957275543999,0.0988087152154487,0.106047779515713));
#3112=CARTESIAN_POINT('',(-0.0771448003406141,0.099085168038153,0.105902051225639));
#3113=CARTESIAN_POINT('',(-0.0768020727622057,0.0991708731989021,0.105800469265269));
#3114=CARTESIAN_POINT('',(-0.076457459488702,0.0992214202240969,0.105680803111957));
#3115=CARTESIAN_POINT('',(-0.0788963720989466,0.0962647571435215,0.106349614162189));
#3116=CARTESIAN_POINT('',(-0.0788289207072872,0.0965759990743051,0.106472724737414));
#3117=CARTESIAN_POINT('',(-0.0787297921270267,0.096887507075813,0.106575006942418));
#3118=CARTESIAN_POINT('',(-0.0784423875507843,0.0974836852010493,0.106719915020249));
#3119=CARTESIAN_POINT('',(-0.0782506928816055,0.0977688023376621,0.106761586166574));
#3120=CARTESIAN_POINT('',(-0.0777688110406975,0.0982506856429394,0.106761587498145));
#3121=CARTESIAN_POINT('',(-0.0774836734058366,0.0984423917411457,0.106719914521171));
#3122=CARTESIAN_POINT('',(-0.0768874942805105,0.0987297929968652,0.106575005707758));
#3123=CARTESIAN_POINT('',(-0.0765760153573019,0.0988289172506553,0.1064727310244));
#3124=CARTESIAN_POINT('',(-0.0762647571435181,0.0988963720989441,0.106349614162191));
#3125=CARTESIAN_POINT('',(-0.0787108358324473,0.0961596147053273,0.106666547835779));
#3126=CARTESIAN_POINT('',(-0.0786352933338432,0.0964515853624601,0.106788370797493));
#3127=CARTESIAN_POINT('',(-0.0785290608937923,0.0967450226880566,0.106888422209553));
#3128=CARTESIAN_POINT('',(-0.0782359332658551,0.0973092709658846,0.10702919605532));
#3129=CARTESIAN_POINT('',(-0.0780461891836379,0.0975804544288529,0.107069122883609));
#3130=CARTESIAN_POINT('',(-0.0775804620328343,0.0980461827120139,0.10706912415182));
#3131=CARTESIAN_POINT('',(-0.0773092618432291,0.0982359360057088,0.107029196146463));
#3132=CARTESIAN_POINT('',(-0.0767450130103608,0.0985290606746759,0.106888421956901));
#3133=CARTESIAN_POINT('',(-0.0764515998398114,0.0986352896301787,0.106788376733596));
#3134=CARTESIAN_POINT('',(-0.0761596147053258,0.0987108358324437,0.106666547835785));
#3135=CARTESIAN_POINT('',(-0.0782892038956309,0.0959323482396417,0.107266116978125));
#3136=CARTESIAN_POINT('',(-0.0781982818498552,0.0961869510099965,0.107381021992328));
#3137=CARTESIAN_POINT('',(-0.0780806353655262,0.0964429364079082,0.107473354736908));
#3138=CARTESIAN_POINT('',(-0.0777833927957814,0.0969379714166021,0.107601517294999));
#3139=CARTESIAN_POINT('',(-0.077602087373767,0.0971772445338264,0.107636869745259));
#3140=CARTESIAN_POINT('',(-0.0771772501805161,0.0976020824034307,0.107636870804301));
#3141=CARTESIAN_POINT('',(-0.0769379679724867,0.0977833927172339,0.107601518401689));
#3142=CARTESIAN_POINT('',(-0.0764429333052543,0.0980806331487229,0.107473356242149));
#3143=CARTESIAN_POINT('',(-0.0761869621296796,0.098198277814547,0.107381027061763));
#3144=CARTESIAN_POINT('',(-0.0759323482396464,0.0982892038956325,0.107266116978123));
#3145=CARTESIAN_POINT('',(-0.0780468962039914,0.0958075025411405,0.107552702602816));
#3146=CARTESIAN_POINT('',(-0.0779491387782241,0.096043843726147,0.107662285234953));
#3147=CARTESIAN_POINT('',(-0.0778275855264662,0.0962802605131319,0.10774936106986));
#3148=CARTESIAN_POINT('',(-0.0775326722549974,0.0967375789794621,0.10786935452655));
#3149=CARTESIAN_POINT('',(-0.0773581726775541,0.0969586296631023,0.107901953906165));
#3150=CARTESIAN_POINT('',(-0.0769586342893059,0.0973581685875005,0.10790195482122));
#3151=CARTESIAN_POINT('',(-0.076737578383821,0.097532670933642,0.107869356062207));
#3152=CARTESIAN_POINT('',(-0.0762802607577345,0.0978275824705798,0.107749363355544));
#3153=CARTESIAN_POINT('',(-0.0760438532262184,0.0979491346934682,0.107662289792253));
#3154=CARTESIAN_POINT('',(-0.0758075025411535,0.098046896203989,0.107552702602816));
#3155=CARTESIAN_POINT('',(-0.0775120174811995,0.0955302948200499,0.108082936111537));
#3156=CARTESIAN_POINT('',(-0.0774026217314472,0.0957319308647696,0.108178835243605));
#3157=CARTESIAN_POINT('',(-0.0772777799289586,0.0959298996523614,0.108253750739007));
#3158=CARTESIAN_POINT('',(-0.076996547891058,0.0963117580767468,0.108355790542209));
#3159=CARTESIAN_POINT('',(-0.0768398727662127,0.0964956849646139,0.108382835289467));
#3160=CARTESIAN_POINT('',(-0.0764956884187886,0.0968398696970956,0.108382835929011));
#3161=CARTESIAN_POINT('',(-0.0763117621146993,0.0969965444630342,0.108355792602257));
#3162=CARTESIAN_POINT('',(-0.0759299051838345,0.0972777754964924,0.108253754046526));
#3163=CARTESIAN_POINT('',(-0.0757319381043306,0.0974026175220351,0.10817883891364));
#3164=CARTESIAN_POINT('',(-0.0755302948200697,0.0975120174811913,0.108082936111542));
#3165=CARTESIAN_POINT('',(-0.0772194464500469,0.0953779327974604,0.108326583995568));
#3166=CARTESIAN_POINT('',(-0.077106042107649,0.0955631084517824,0.108414284420771));
#3167=CARTESIAN_POINT('',(-0.0769822115636134,0.0957423879934972,0.108482418310003));
#3168=CARTESIAN_POINT('',(-0.0767126190079626,0.0960869930058,0.108574836010524));
#3169=CARTESIAN_POINT('',(-0.0765668569963474,0.0962523184763881,0.108599119821814));
#3170=CARTESIAN_POINT('',(-0.0762523224412328,0.0965668535005257,0.108599120360446));
#3171=CARTESIAN_POINT('',(-0.0760869994872796,0.0967126142473794,0.108574838227221));
#3172=CARTESIAN_POINT('',(-0.0757423959417771,0.0969822063535938,0.108482421935449));
#3173=CARTESIAN_POINT('',(-0.0755631153502278,0.0971060377129545,0.108414287776902));
#3174=CARTESIAN_POINT('',(-0.0753779327974787,0.0972194464500372,0.108326583995575));
#3175=CARTESIAN_POINT('',(-0.0766504456223019,0.0950696839060757,0.108717518068337));
#3176=CARTESIAN_POINT('',(-0.0765351550984197,0.0952243018898625,0.108788630590248));
#3177=CARTESIAN_POINT('',(-0.0764190389072951,0.0953715340132105,0.108844323426811));
#3178=CARTESIAN_POINT('',(-0.0761785311407308,0.0956546099433039,0.10892015291104));
#3179=CARTESIAN_POINT('',(-0.0760541395652911,0.0957904537500493,0.108940289558706));
#3180=CARTESIAN_POINT('',(-0.0757904569802661,0.0960541364512127,0.108940289846936));
#3181=CARTESIAN_POINT('',(-0.0756546155602269,0.096178526538935,0.108920154626933));
#3182=CARTESIAN_POINT('',(-0.0753715411947653,0.0964190335817852,0.10884432642625));
#3183=CARTESIAN_POINT('',(-0.0752243082493427,0.096535150536913,0.10878863344557));
#3184=CARTESIAN_POINT('',(-0.0750696839060637,0.0966504456223058,0.108717518068334));
#3185=CARTESIAN_POINT('',(-0.0763890354884226,0.0949226023139941,0.108870463625741));
#3186=CARTESIAN_POINT('',(-0.0762758525509332,0.095063746281409,0.108933503910152));
#3187=CARTESIAN_POINT('',(-0.076164462725796,0.0951976259084956,0.108982995142032));
#3188=CARTESIAN_POINT('',(-0.0759376056088819,0.095455482123211,0.109050457519271));
#3189=CARTESIAN_POINT('',(-0.0758221383171051,0.0955794587108398,0.109068428664631));
#3190=CARTESIAN_POINT('',(-0.0755794625755687,0.0958221344878385,0.109068428887372));
#3191=CARTESIAN_POINT('',(-0.0754554881160084,0.0959376004209312,0.10905045903297));
#3192=CARTESIAN_POINT('',(-0.0751976330587417,0.0961644571320482,0.108982997835317));
#3193=CARTESIAN_POINT('',(-0.0750637524610354,0.0962758479100724,0.108933506492065));
#3194=CARTESIAN_POINT('',(-0.0749226023139751,0.0963890354884351,0.108870463625735));
#3195=CARTESIAN_POINT('',(-0.0758648349255489,0.0946154039289854,0.109136502220249));
#3196=CARTESIAN_POINT('',(-0.0757603441693141,0.0947305087879255,0.109183904014305));
#3197=CARTESIAN_POINT('',(-0.075660039756508,0.0948399888917958,0.109221224131941));
#3198=CARTESIAN_POINT('',(-0.0754603901474168,0.0950526827839706,0.10927216349335));
#3199=CARTESIAN_POINT('',(-0.0753610449511317,0.0951558965722751,0.109285782737124));
#3200=CARTESIAN_POINT('',(-0.0751559003047465,0.0953610410278924,0.109285782829788));
#3201=CARTESIAN_POINT('',(-0.075052688046806,0.0954603850901835,0.109272164533253));
#3202=CARTESIAN_POINT('',(-0.0748399947757184,0.0956600345699413,0.109221226072747));
#3203=CARTESIAN_POINT('',(-0.0747305137625712,0.0957603399874079,0.109183905908777));
#3204=CARTESIAN_POINT('',(-0.0746154039289654,0.095864834925568,0.109136502220241));
#3205=CARTESIAN_POINT('',(-0.0756020444965545,0.0944552871360584,0.109249595257351));
#3206=CARTESIAN_POINT('',(-0.0755041389748693,0.0945581556510708,0.109289642421022));
#3207=CARTESIAN_POINT('',(-0.0754102761794602,0.0946567532323539,0.109321151758748));
#3208=CARTESIAN_POINT('',(-0.0752243892964476,0.094849628123632,0.109364146865784));
#3209=CARTESIAN_POINT('',(-0.0751323652088443,0.0949439054336271,0.109375632635094));
#3210=CARTESIAN_POINT('',(-0.0749439089966967,0.0951323613785004,0.109375632688772));
#3211=CARTESIAN_POINT('',(-0.0748496328656189,0.0952243845091939,0.109364147685284));
#3212=CARTESIAN_POINT('',(-0.0746567582958964,0.0954102714262959,0.10932115331723));
#3213=CARTESIAN_POINT('',(-0.0745581598572517,0.0955041352127045,0.109289643952663));
#3214=CARTESIAN_POINT('',(-0.0744552871360444,0.0956020444965716,0.109249595257345));
#3215=CARTESIAN_POINT('',(-0.0750812069554733,0.0941239803119462,0.109444235141974));
#3216=CARTESIAN_POINT('',(-0.0749978341629798,0.0942059268281076,0.109472022674787));
#3217=CARTESIAN_POINT('',(-0.0749174348992322,0.0942858638376759,0.109493747705177));
#3218=CARTESIAN_POINT('',(-0.074758837965616,0.0944442493252797,0.1095233040085));
#3219=CARTESIAN_POINT('',(-0.0746806402957475,0.0945226978033152,0.109531135281433));
#3220=CARTESIAN_POINT('',(-0.074522701086277,0.0946806367095062,0.109531135317233));
#3221=CARTESIAN_POINT('',(-0.0744442531427548,0.0947588338351509,0.109523304507387));
#3222=CARTESIAN_POINT('',(-0.0742858674068364,0.0949174311590102,0.109493748649252));
#3223=CARTESIAN_POINT('',(-0.0742059296144402,0.0949978313572248,0.109472023600963));
#3224=CARTESIAN_POINT('',(-0.0741239803119571,0.09508120695546,0.109444235141979));
#3225=CARTESIAN_POINT('',(-0.0748225360872622,0.0939527043399199,0.109526443716219));
#3226=CARTESIAN_POINT('',(-0.0747471400936389,0.0940261480779757,0.109549053486238));
#3227=CARTESIAN_POINT('',(-0.0746738567193978,0.0940983721956692,0.109566600413085));
#3228=CARTESIAN_POINT('',(-0.0745290131127322,0.0942420733496839,0.109590389393811));
#3229=CARTESIAN_POINT('',(-0.0744574528803077,0.0943135503860052,0.109596631447689));
#3230=CARTESIAN_POINT('',(-0.0743135534603269,0.0944574495366285,0.10959663149585));
#3231=CARTESIAN_POINT('',(-0.0742420766701572,0.0945290094492566,0.109590389774991));
#3232=CARTESIAN_POINT('',(-0.0740983750273866,0.0946738536057107,0.109566601103205));
#3233=CARTESIAN_POINT('',(-0.0740261501747856,0.0947471378495366,0.109549054152278));
#3234=CARTESIAN_POINT('',(-0.0739527043399324,0.094822536087244,0.109526443716225));
#3235=CARTESIAN_POINT('',(-0.0743096303970484,0.0936015788838522,0.109666316266183));
#3236=CARTESIAN_POINT('',(-0.0742490326605477,0.0936611975745496,0.109680778968821));
#3237=CARTESIAN_POINT('',(-0.0741894899463663,0.0937201071998221,0.109691773432167));
#3238=CARTESIAN_POINT('',(-0.0740714234647189,0.0938373969905491,0.109706531028818));
#3239=CARTESIAN_POINT('',(-0.074012899697253,0.0938957771560034,0.109710294162122));
#3240=CARTESIAN_POINT('',(-0.0738957800111134,0.094012896698126,0.109710294247231));
#3241=CARTESIAN_POINT('',(-0.0738373996917864,0.0940714205243757,0.109706531270249));
#3242=CARTESIAN_POINT('',(-0.0737201090514137,0.0941894878325866,0.109691773787369));
#3243=CARTESIAN_POINT('',(-0.0736611987303681,0.0942490313145477,0.109680779281469));
#3244=CARTESIAN_POINT('',(-0.0736015788838608,0.0943096303970321,0.109666316266187));
#3245=CARTESIAN_POINT('',(-0.0740553955750458,0.0934217293998109,0.109723980241901));
#3246=CARTESIAN_POINT('',(-0.0740015930407119,0.0934762066186086,0.109735420289466));
#3247=CARTESIAN_POINT('',(-0.0739487071991732,0.0935295984598826,0.109744000381261));
#3248=CARTESIAN_POINT('',(-0.0738437677448928,0.0936352125645951,0.10975544056913));
#3249=CARTESIAN_POINT('',(-0.0737917141321511,0.0936874348280338,0.109758300665203));
#3250=CARTESIAN_POINT('',(-0.0736874379786708,0.0937917109542881,0.109758300777446));
#3251=CARTESIAN_POINT('',(-0.0736352154379323,0.0938437648171038,0.109755440793616));
#3252=CARTESIAN_POINT('',(-0.0735296002716646,0.0939487053193248,0.109744000661869));
#3253=CARTESIAN_POINT('',(-0.0734762076461353,0.0940015919587301,0.109735420513953));
#3254=CARTESIAN_POINT('',(-0.073421729399814,0.0940553955750363,0.109723980241903));
#3255=CARTESIAN_POINT('',(-0.0735900597852681,0.0930835671711053,0.109813202218925));
#3256=CARTESIAN_POINT('',(-0.073547767876182,0.093128521493304,0.109820355741505));
#3257=CARTESIAN_POINT('',(-0.0735062049551577,0.0931720812520317,0.109825720920755));
#3258=CARTESIAN_POINT('',(-0.073423475178855,0.09325747351112,0.10983287453662));
#3259=CARTESIAN_POINT('',(-0.0733823083235765,0.0932993060114806,0.109834662973237));
#3260=CARTESIAN_POINT('',(-0.0732993087683869,0.0933823056224091,0.109834663047865));
#3261=CARTESIAN_POINT('',(-0.073257476068476,0.093423472732977,0.109832874685877));
#3262=CARTESIAN_POINT('',(-0.0731720829136432,0.093506203432895,0.109825721107325));
#3263=CARTESIAN_POINT('',(-0.0731285224587213,0.093547767022245,0.109820355890762));
#3264=CARTESIAN_POINT('',(-0.0730835671711051,0.0935900597852733,0.109813202218924));
#3265=CARTESIAN_POINT('',(-0.0733719358222255,0.0929216344966302,0.10984876455476));
#3266=CARTESIAN_POINT('',(-0.0733344954973024,0.0929623720993637,0.109854374896227));
#3267=CARTESIAN_POINT('',(-0.0732978161610852,0.0930015244463917,0.109858582683123));
#3268=CARTESIAN_POINT('',(-0.0732248061884294,0.0930778318279913,0.109864193101578));
#3269=CARTESIAN_POINT('',(-0.0731884755519908,0.0931149868625629,0.109865595733137));
#3270=CARTESIAN_POINT('',(-0.0731149897012594,0.0931884728182042,0.109865595794727));
#3271=CARTESIAN_POINT('',(-0.0730778344869665,0.0932248037392739,0.109864193224758));
#3272=CARTESIAN_POINT('',(-0.0730015262028932,0.0932978146668661,0.109858582837098));
#3273=CARTESIAN_POINT('',(-0.0729623731331128,0.0933344946733885,0.109854375019407));
#3274=CARTESIAN_POINT('',(-0.0729216344967721,0.0933719358221146,0.109848764554759));
#3275=CARTESIAN_POINT('',(-0.0729326215969855,0.0925890278445664,0.109908464119219));
#3276=CARTESIAN_POINT('',(-0.0729044841119391,0.0926207702334726,0.109911631664674));
#3277=CARTESIAN_POINT('',(-0.0728768765721089,0.0926510815138146,0.109914007340846));
#3278=CARTESIAN_POINT('',(-0.0728217407172018,0.0927098224291267,0.109917174929003));
#3279=CARTESIAN_POINT('',(-0.0727942124021247,0.0927382520640969,0.109917966840987));
#3280=CARTESIAN_POINT('',(-0.0727382543310449,0.0927942102604221,0.109917966875147));
#3281=CARTESIAN_POINT('',(-0.0727098245750422,0.092821738821777,0.109917174997323));
#3282=CARTESIAN_POINT('',(-0.0726510829564316,0.0928768754426284,0.109914007426246));
#3283=CARTESIAN_POINT('',(-0.0726207710938238,0.0929044835021249,0.109911631732993));
#3284=CARTESIAN_POINT('',(-0.072589027845074,0.0929326215965703,0.109908464119216));
#3285=CARTESIAN_POINT('',(-0.072711431334788,0.0924183538669778,0.109932601347842));
#3286=CARTESIAN_POINT('',(-0.0726876451990866,0.0924455607277127,0.109934880799543));
#3287=CARTESIAN_POINT('',(-0.0726642366858467,0.0924715348441821,0.109936590399857));
#3288=CARTESIAN_POINT('',(-0.0726173696006394,0.0925218228030626,0.109938869880401));
#3289=CARTESIAN_POINT('',(-0.0725939110286721,0.0925461366454737,0.109939439760632));
#3290=CARTESIAN_POINT('',(-0.0725461385223594,0.0925939092707108,0.109939439783706));
#3291=CARTESIAN_POINT('',(-0.0725218245880141,0.0926173680535367,0.109938869926549));
#3292=CARTESIAN_POINT('',(-0.0724715360532953,0.0926642357740766,0.109936590457541));
#3293=CARTESIAN_POINT('',(-0.0724455614529218,0.0926876447117905,0.10993488084569));
#3294=CARTESIAN_POINT('',(-0.0724183538677089,0.0927114313341849,0.10993260134784));
#3295=CARTESIAN_POINT('',(-0.0720516662048955,0.0918998206704374,0.109987024399872));
#3296=CARTESIAN_POINT('',(-0.0720397947408624,0.0919140702698604,0.109987374080189));
#3297=CARTESIAN_POINT('',(-0.0720279311448289,0.0919277175085746,0.109987636340823));
#3298=CARTESIAN_POINT('',(-0.0720039145128602,0.0919541123787851,0.109987986022128));
#3299=CARTESIAN_POINT('',(-0.071991761476925,0.0919668600102814,0.109988073442801));
#3300=CARTESIAN_POINT('',(-0.0719668607892521,0.0919917607802559,0.109988073443592));
#3301=CARTESIAN_POINT('',(-0.0719541131375144,0.0920039139187341,0.10998798602371));
#3302=CARTESIAN_POINT('',(-0.0719277180423358,0.0920279308168721,0.1099876363428));
#3303=CARTESIAN_POINT('',(-0.0719140705988949,0.092039794576532,0.10998737408177));
#3304=CARTESIAN_POINT('',(-0.0718998206716519,0.0920516662038826,0.109987024399871));
#3305=CARTESIAN_POINT('',(-0.071616222657421,0.0915452756113295,0.11));
#3306=CARTESIAN_POINT('',(-0.0716108254320989,0.0915516571025588,0.11));
#3307=CARTESIAN_POINT('',(-0.0716052880090384,0.0915579327391106,0.11));
#3308=CARTESIAN_POINT('',(-0.0715939499283917,0.0915702551208231,0.11));
#3309=CARTESIAN_POINT('',(-0.0715881492708054,0.0915763018659836,0.11));
#3310=CARTESIAN_POINT('',(-0.0715763018820583,0.0915881492828772,0.11));
#3311=CARTESIAN_POINT('',(-0.0715702551508973,0.0915939499546102,0.11));
#3312=CARTESIAN_POINT('',(-0.0715579327759516,0.0916052880426123,0.11));
#3313=CARTESIAN_POINT('',(-0.0715516571321669,0.0916108254588814,0.11));
#3314=CARTESIAN_POINT('',(-0.0715452756125457,0.0916162226564004,0.11));
#3315=CARTESIAN_POINT('',(-0.0712000000000014,0.0912000000000015,0.11));
#3316=CARTESIAN_POINT('',(-0.0712000000000014,0.0912000000000015,0.11));
#3317=CARTESIAN_POINT('',(-0.0712000000000014,0.0912000000000015,0.11));
#3318=CARTESIAN_POINT('',(-0.0712000000000014,0.0912000000000015,0.11));
#3319=CARTESIAN_POINT('',(-0.0712000000000014,0.0912000000000015,0.11));
#3320=CARTESIAN_POINT('',(-0.0712000000000014,0.0912000000000015,0.11));
#3321=CARTESIAN_POINT('',(-0.0712000000000014,0.0912000000000014,0.11));
#3322=CARTESIAN_POINT('',(-0.0712000000000014,0.0912000000000014,0.11));
#3323=CARTESIAN_POINT('',(-0.0712000000000014,0.0912000000000015,0.11));
#3324=CARTESIAN_POINT('',(-0.0712000000000014,0.0912000000000015,0.11));
#3325=CARTESIAN_POINT('',(-0.077,0.0149999999999916,0.0982));
#3326=CARTESIAN_POINT('',(-0.077,0.0974920000000476,0.0982));
#3327=CARTESIAN_POINT('',(-0.077,0.0149999999999915,0.104066666666667));
#3328=CARTESIAN_POINT('',(-0.077,0.0974920000000475,0.104066666666667));
#3329=CARTESIAN_POINT('',(-0.0740666666666666,0.0149999999999915,0.107));
#3330=CARTESIAN_POINT('',(-0.0740666666666666,0.0974920000000475,0.107));
#3331=CARTESIAN_POINT('',(-0.0682,0.0149999999999916,0.107));
#3332=CARTESIAN_POINT('',(-0.0682,0.0974920000000475,0.107));
#3333=CARTESIAN_POINT('',(-0.077,0.097,0.0982));
#3334=CARTESIAN_POINT('',(-0.077,0.0969999999999999,0.104066666667706));
#3335=CARTESIAN_POINT('',(-0.0740666666656275,0.0940666666666666,0.106999999999999));
#3336=CARTESIAN_POINT('',(-0.0682000000000024,0.0882,0.107));
#3337=CARTESIAN_POINT('',(-0.0779240000000009,0.097,0.0982));
#3338=CARTESIAN_POINT('',(0.077924,0.097,0.0982));
#3339=CARTESIAN_POINT('',(-0.0779240000000009,0.0970000000000001,0.104066666666667));
#3340=CARTESIAN_POINT('',(0.077924,0.0970000000000001,0.104066666666667));
#3341=CARTESIAN_POINT('',(-0.0779240000000009,0.0940666666666666,0.107));
#3342=CARTESIAN_POINT('',(0.077924,0.0940666666666666,0.107));
#3343=CARTESIAN_POINT('',(-0.0779240000000009,0.0882,0.107));
#3344=CARTESIAN_POINT('',(0.077924,0.0882,0.107));
#3345=CARTESIAN_POINT('',(0.077,0.097,0.0982));
#3346=CARTESIAN_POINT('',(0.077,0.0970000000000002,0.104066666682613));
#3347=CARTESIAN_POINT('',(0.0740666666666667,0.0940666666507197,0.107));
#3348=CARTESIAN_POINT('',(0.0682,0.0882000000000006,0.107));
#3349=CARTESIAN_POINT('',(0.077,0.0974920000000001,0.0982));
#3350=CARTESIAN_POINT('',(0.077,0.015,0.0982));
#3351=CARTESIAN_POINT('',(0.077,0.0974920000000002,0.104066666666667));
#3352=CARTESIAN_POINT('',(0.077,0.0150000000000001,0.104066666666667));
#3353=CARTESIAN_POINT('',(0.0740666666666666,0.0974920000000001,0.107));
#3354=CARTESIAN_POINT('',(0.0740666666666666,0.015,0.107));
#3355=CARTESIAN_POINT('',(0.0682,0.0974920000000001,0.107));
#3356=CARTESIAN_POINT('',(0.0682,0.015,0.107));
#3357=MECHANICAL_DESIGN_GEOMETRIC_PRESENTATION_REPRESENTATION('',(#1236),
#3358);
#3358=(
GEOMETRIC_REPRESENTATION_CONTEXT(3)
GLOBAL_UNCERTAINTY_ASSIGNED_CONTEXT((#3359))
GLOBAL_UNIT_ASSIGNED_CONTEXT((#3362,#3361,#3360))
REPRESENTATION_CONTEXT('Part 1','TOP_LEVEL_ASSEMBLY_PART')
);
#3359=UNCERTAINTY_MEASURE_WITH_UNIT(LENGTH_MEASURE(2.48669397831802E-5),
#3362,'DISTANCE_ACCURACY_VALUE','Maximum Tolerance applied to model');
#3360=(
NAMED_UNIT(*)
SI_UNIT($,.STERADIAN.)
SOLID_ANGLE_UNIT()
);
#3361=(
NAMED_UNIT(*)
PLANE_ANGLE_UNIT()
SI_UNIT($,.RADIAN.)
);
#3362=(
LENGTH_UNIT()
NAMED_UNIT(*)
SI_UNIT($,.METRE.)
);
#3363=PRODUCT_DEFINITION_SHAPE('','',#3364);
#3364=PRODUCT_DEFINITION('','',#3366,#3365);
#3365=PRODUCT_DEFINITION_CONTEXT('',#3372,'design');
#3366=PRODUCT_DEFINITION_FORMATION_WITH_SPECIFIED_SOURCE('','',#3368,
 .NOT_KNOWN.);
#3367=PRODUCT_RELATED_PRODUCT_CATEGORY('','',(#3368));
#3368=PRODUCT('Part 1','Part 1','Part 1',(#3370));
#3369=PRODUCT_CATEGORY('','');
#3370=PRODUCT_CONTEXT('',#3372,'mechanical');
#3371=APPLICATION_PROTOCOL_DEFINITION('international standard',
'ap242_managed_model_based_3d_engineering',2020,#3372);
#3372=APPLICATION_CONTEXT('managed model based 3d engineering');
ENDSEC;
END-ISO-10303-21;
