ISO-10303-21;
HEADER;
/* Generated by software containing ST-Developer
 * from STEP Tools, Inc. (www.steptools.com) 
 */
/* OPTION: using custom renumber hook */

FILE_DESCRIPTION(
/* description */ ('STEP AP242 Edition 2',
'CAx-IF Rec.Pracs.---Representation and Presentation of Product Manufa
cturing Information (PMI)---4.0---2014-10-13',
'CAx-IF Rec.Pracs.---3D Tessellated Geometry---0.4---2014-09-14','2;1',
'CAx-IF Rec.Pracs.---User Defined Attributes---1.5---2016-08-15'),
/* implementation_level */ '2;1');

FILE_NAME(
/* name */ 'Motor_Bracket_Mini_Version',
/* time_stamp */ '2026-06-13T20:25:33Z',
/* author */ (''),
/* organization */ (''),
/* preprocessor_version */ 'ST-DEVELOPER v20',
/* originating_system */ 'ONSHAPE BY PTC INC, 1.216',
/* authorisation */ '  ');

FILE_SCHEMA (('AP242_MANAGED_MODEL_BASED_3D_ENGINEERING_MIM_LF { 1 0 10303 442 3 1 4 }'));
ENDSEC;

DATA;
#10=SHAPE_REPRESENTATION_RELATIONSHIP('','',#31,#11);
#11=TESSELLATED_SHAPE_REPRESENTATION('',(#29),#37);
#12=STYLED_ITEM('',(#14),#27);
#13=STYLED_ITEM('',(#15),#29);
#14=PRESENTATION_STYLE_ASSIGNMENT((#16));
#15=PRESENTATION_STYLE_ASSIGNMENT((#17));
#16=SURFACE_STYLE_USAGE(.BOTH.,#18);
#17=SURFACE_STYLE_USAGE(.BOTH.,#19);
#18=SURFACE_SIDE_STYLE('',(#20));
#19=SURFACE_SIDE_STYLE('',(#21));
#20=SURFACE_STYLE_FILL_AREA(#22);
#21=SURFACE_STYLE_FILL_AREA(#23);
#22=FILL_AREA_STYLE('',(#24));
#23=FILL_AREA_STYLE('',(#25));
#24=FILL_AREA_STYLE_COLOUR('',#26);
#25=FILL_AREA_STYLE_COLOUR('',#26);
#26=COLOUR_RGB('',0.349019607843138,0.376470588235294,0.4);
#27=COMPLEX_TRIANGULATED_FACE('ConvergentBody',#28,1860,((-0.999048165748868,
-0.0436206661322675,0.),(0.,0.,-1.),(-0.999048165748868,-0.0436206661322675,
0.),(0.,0.,1.),(-1.,0.,0.),(0.,-1.,0.),(0.,0.,-1.),(0.,0.,-1.),(-0.984807314134449,
-0.173650666647991,0.),(0.,0.,-1.),(0.984809431828774,-0.173638656355916,
0.),(0.,0.,-1.),(0.64279065286045,0.766041889582571,0.),(0.,0.,-1.),(1.,
0.,0.),(0.,0.,-1.),(0.984809380604378,0.173638946880073,0.),(0.,0.,-1.),
(0.939691778369218,0.342022457837636,0.),(0.,0.,-1.),(0.866021431891967,
0.50000687945646,0.),(0.,0.,-1.),(0.766045888478406,0.642785887170315,0.),
(-1.,0.,0.),(0.,0.,1.),(0.,-1.,0.),(0.,0.,1.),(1.,0.,0.),(-0.984807314134449,
-0.173650666647991,0.),(0.,0.,1.),(0.,0.,1.),(0.499996457640385,0.866027448957056,
0.),(0.,0.,1.),(0.984809380604378,0.173638946880073,0.),(0.,0.,1.),(0.939691778369218,
0.342022457837636,0.),(0.,0.,1.),(0.866021431891967,0.50000687945646,0.),
(0.,0.,1.),(0.766045888478406,0.642785887170315,0.),(0.,0.,1.),(0.64279065286045,
0.766041889582571,0.),(-1.,0.,0.),(0.,0.,1.),(0.,0.707106781186562,0.707106781186533),
(-1.,0.,0.),(0.,-1.,0.),(0.,0.,1.),(0.,-1.,0.),(0.,0.,1.),(1.,0.,0.),(-1.,
0.,0.),(0.,0.707106781186562,0.707106781186533),(0.,0.,1.),(0.,0.,1.),(0.984809431828774,
-0.173638656355916,0.),(0.,0.,1.),(0.939691714512549,-0.342022633280994,
0.),(0.,0.,1.),(0.866021517926087,-0.500006730443698,0.),(0.,0.,1.),(0.76604630871525,
-0.642785386348928,0.),(0.,0.,1.),(0.642791368089917,-0.766041289428378,
0.),(0.,0.,1.),(0.499996371596379,-0.866027498634111,0.),(0.,0.,1.),(0.342019608915885,
-0.93969281529499,0.),(0.,0.,1.),(0.173647244884255,-0.984807917486505,
0.),(0.,0.,1.),(-1.58943464913539E-6,-0.999999999998737,0.),(0.,0.,1.),
(1.,0.,0.),(0.,-1.,0.),(0.,0.,1.),(1.,0.,0.),(0.,-1.,0.),(-1.,0.,0.),(0.,
0.,-1.),(0.,0.707106781186548,-0.707106781186547),(-1.,0.,0.),(0.,0.,-1.),
(0.,-1.,0.),(0.,-1.,0.),(-1.,0.,0.),(0.,0.,1.),(0.,-1.,0.),(1.,0.,0.),(0.,
0.,1.),(-1.,0.,0.),(0.,0.707106781186548,-0.707106781186547),(0.,0.,-1.),
(0.,0.707106781186548,-0.707106781186547),(0.,0.,-1.),(1.,0.,0.),(0.,-1.,
0.),(0.,0.,-1.),(1.,0.,0.),(-1.,0.,0.),(0.,-1.,0.),(0.,0.,-1.),(-1.,0.,
0.),(0.,0.,1.),(0.,1.,0.),(0.,0.,1.),(0.,1.,0.),(-1.,0.,0.),(0.,0.707106781186562,
0.707106781186533),(0.,0.,1.),(1.,0.,0.),(0.,0.707106781186548,-0.707106781186547),
(0.,0.,-1.),(1.,0.,0.),(-1.,0.,0.),(0.,0.,1.),(0.,-1.,0.),(0.,0.,1.),(0.,
0.707106781186562,0.707106781186533),(1.,0.,0.),(0.,0.,-1.),(0.,-1.,0.),
(1.,0.,0.),(-0.99904816267791,0.,-0.0436207364666538),(0.,-1.,0.),(0.,-1.,
0.),(0.,0.,-1.),(1.,0.,0.),(-0.99904816267791,0.,-0.0436207364666538),(0.,
1.,0.),(0.,1.,0.),(-0.984808777306321,0.,-0.173642368506162),(-0.984808777306321,
0.,-0.173642368506162),(0.,-1.,0.),(0.,-1.,0.),(-0.0436191019285788,0.,
-0.999048234044255),(0.,0.,-1.),(0.939691714512549,-0.342022633280994,0.),
(0.,0.,-1.),(0.866021517926087,-0.500006730443698,0.),(0.,0.,-1.),(0.76604630871525,
-0.642785386348928,0.),(0.,0.,-1.),(0.642791368089917,-0.766041289428378,
0.),(0.,0.,-1.),(0.499996371596379,-0.866027498634111,0.),(0.,0.,-1.),(0.342019608915885,
-0.93969281529499,0.),(0.,0.,-1.),(0.173647244884255,-0.984807917486505,
0.),(0.,0.,-1.),(-1.58943464913539E-6,-0.999999999998737,0.),(0.,0.,-1.),
(-0.173648810171862,-0.984807641484314,0.),(0.,0.,-1.),(0.,-1.,0.),(1.,
0.,0.),(0.,0.,-1.),(-1.,0.,0.),(0.,-1.,0.),(0.,-1.,0.),(0.,0.,-1.),(1.,
0.,0.),(0.,0.,-1.),(1.,0.,0.),(0.,-1.,0.),(0.,-1.,0.),(0.,0.,-1.),(1.,0.,
0.),(0.,-1.,0.),(0.,0.,1.),(1.,0.,0.),(0.,1.,0.),(0.984806586131579,0.,
0.173654795245812),(0.,1.,0.),(-1.,0.,0.),(0.,0.,-1.),(0.,1.,0.),(0.984806586131578,
0.,-0.173654795245815),(0.,1.,0.),(1.,0.,0.),(-0.939690845424608,-0.342025021051363,
0.),(0.,0.,-1.),(0.,0.,-1.),(0.499996457640385,0.866027448957056,0.),(-0.939690845424608,
-0.342025021051363,0.),(0.,0.,1.),(0.,0.,1.),(0.342018510516553,0.939693215078218,
0.),(-0.939693751424344,0.,-0.342017036906122),(0.,1.,0.),(-0.939693751424344,
0.,-0.342017036906122),(0.,-1.,0.),(0.,-1.,0.),(-0.173649136830105,0.,-0.98480758388538),
(0.,1.,0.),(-0.866023165249798,0.,-0.500003877235688),(0.,1.,0.),(0.939691210624098,
0.,0.342024017688549),(-0.866030512631842,-0.499991151112325,0.),(0.,0.,
-1.),(0.,0.,-1.),(0.342018510516553,0.939693215078218,0.),(-0.866030512631842,
-0.499991151112325,0.),(0.,0.,1.),(0.,0.,1.),(-0.766049752045848,-0.642781282700807,
0.),(-0.866023165249798,0.,-0.500003877235688),(0.,-1.,0.),(0.,-1.,0.),
(-0.342019251780351,0.,-0.939692945281388),(-0.766049752045848,-0.642781282700807,
0.),(0.,0.,-1.),(0.,0.,-1.),(-0.642787633997928,-0.7660444227193,0.),(-0.642787633997928,
-0.7660444227193,0.),(0.,0.,1.),(0.,0.,1.),(-0.500002314779769,-0.866024067341591,
0.),(-0.766044253053192,0.,-0.642787836198055),(0.,1.,0.),(-0.766044253053192,
0.,-0.642787836198055),(0.,-1.,0.),(0.,-1.,0.),(-0.499998826864434,0.,-0.866026081093514),
(-0.500002314779769,-0.866024067341591,0.),(0.,0.,-1.),(-0.642788446048991,
0.,-0.766043741326775),(0.,1.,0.),(-0.642788446048991,0.,-0.766043741326775),
(0.,-1.,0.),(0.,1.,0.),(-0.499998826864434,0.,-0.866026081093514),(-0.342015095358484,
-0.939694458080352,0.),(0.,0.,-1.),(0.,0.,-1.),(-0.173647147673088,-0.984807934627357,
0.),(-0.342015095358484,-0.939694458080352,0.),(0.,0.,1.),(0.,0.,1.),(-0.173647147673088,
-0.984807934627357,0.),(-0.0436204516409245,-0.999048175114014,0.),(0.,
0.,-1.),(-0.0436204516409245,-0.999048175114014,0.),(0.,0.,1.),(0.,0.,1.),
(0.173647312826186,0.984807905506574,0.),(0.043618951198645,-0.999048240625211,
0.),(0.,0.,-1.),(0.,0.,-1.),(0.173647312826186,0.984807905506574,0.),(0.,
0.,1.),(-1.58951653270567E-6,0.999999999998737,0.),(0.,0.,1.),(0.043618951198645,
-0.999048240625211,0.),(-0.342019251780351,0.,-0.939692945281388),(0.,1.,
0.),(0.,1.,0.),(-0.173649136830105,0.,-0.98480758388538),(-0.0436191019285788,
0.,-0.999048234044255),(0.,1.,0.),(0.,1.,0.),(0.866026132837896,0.,0.499998737240245),
(0.,1.,0.),(0.76604672165317,0.,0.642784894225456),(0.,1.,0.),(0.642787009238418,
0.,0.766044946954374),(0.,1.,0.),(0.499997357351757,0.,0.866026929512737),
(0.,1.,0.),(0.342021808584314,0.,0.939692014679658),(0.,1.,0.),(-1.,0.,
0.),(0.,0.,-1.),(0.,0.,-1.),(-1.58951653270567E-6,0.999999999998737,0.),
(-0.173648878194414,0.984807629490055,0.),(0.,0.,1.),(-0.173648878194414,
0.984807629490055,0.),(0.,0.,-1.),(0.,0.,-1.),(0.173650060770924,-0.98480742096831,
0.),(-0.173648810171862,-0.984807641484314,0.),(0.,0.,1.),(0.,0.,1.),(-0.342025753247769,
0.939690578922283,0.),(-0.342025753247769,0.939690578922283,0.),(0.,0.,
-1.),(0.,0.,-1.),(0.939690494147895,-0.342025986159071,0.),(0.,0.,-1.),
(0.342019286307085,-0.93969293271472,0.),(0.,0.,-1.),(0.64278763399798,
-0.766044422719257,0.),(0.,0.,-1.),(0.866031263472474,-0.499989850585259,
0.),(-0.342026851618909,-0.93969017913973,0.),(0.,0.,-1.),(-0.342026851618909,
-0.93969017913973,0.),(0.,0.,1.),(0.,0.,1.),(-0.500003132583649,0.866023595178871,
0.),(-0.500003132583649,0.866023595178871,0.),(0.,0.,-1.),(0.,0.,-1.),(0.984807404741121,
-0.173650152798835,0.),(-0.500003046516883,-0.866023644869952,0.),(0.,0.,
-1.),(-0.500003046516883,-0.866023644869952,0.),(0.,0.,1.),(0.,0.,1.),(-0.642780774258969,
0.766050178671763,0.),(-0.642780774258969,0.766050178671763,0.),(0.,0.,
-1.),(0.,0.,-1.),(0.999048914404737,-0.0436035162196363,0.),(-0.642781489496176,
-0.766049578526793,0.),(0.,0.,-1.),(-0.642781489496176,-0.766049578526793,
0.),(0.,0.,1.),(0.,0.,1.),(-0.766037599323269,0.642795765716486,0.),(0.173650060770924,
-0.98480742096831,0.),(0.,0.,1.),(0.,0.,1.),(0.999048914404737,-0.0436035162196363,
0.),(0.,0.,1.),(-0.866021431891932,0.500006879456521,0.),(0.,0.,1.),(-0.939697803210522,
0.342005904395406,0.),(0.,0.,1.),(-0.984809284787491,0.173639490313552,
0.),(-0.766037599323269,0.642795765716486,0.),(0.,0.,-1.),(0.,0.,-1.),(-0.766038019566571,
-0.642795264900517,0.),(-0.766038019566571,-0.642795264900517,0.),(0.,0.,
1.),(0.,0.,1.),(0.342019286307085,-0.93969293271472,0.),(0.,0.,1.),(0.984807404741121,
-0.173650152798835,0.),(-0.866021431891932,0.500006879456521,0.),(0.,0.,
-1.),(0.,0.,-1.),(-0.866021517926052,-0.500006730443759,0.),(-0.866021517926052,
-0.500006730443759,0.),(0.,0.,1.),(-0.939697803210522,0.342005904395406,
0.),(0.,0.,-1.),(0.,0.,-1.),(-0.93969773934463,-0.342006079873723,0.),(-0.93969773934463,
-0.342006079873723,0.),(0.,0.,1.),(0.50000231477983,-0.866024067341556,
0.),(0.,0.,-1.),(0.50000231477983,-0.866024067341556,0.),(0.,0.,1.),(0.,
0.,1.),(0.939690494147895,-0.342025986159071,0.),(-0.984809284787491,0.173639490313552,
0.),(0.,0.,-1.),(0.,0.,-1.),(-0.984809336005795,-0.173639199824882,0.),
(-0.984809336005795,-0.173639199824882,0.),(0.,0.,1.),(0.,0.,1.),(-1.,0.,
0.),(-1.,0.,0.),(0.,0.,-1.),(0.64278763399798,-0.766044422719257,0.),(0.,
0.,1.),(0.,0.,1.),(0.866031263472474,-0.499989850585259,0.),(0.766040678654564,
-0.642792095973849,0.),(0.,0.,-1.),(0.766040678654564,-0.642792095973849,
0.),(0.,0.,1.),(0.,-1.,0.),(-1.,0.,0.),(0.,0.,1.),(0.,0.,1.),(-0.999048540113042,
0.0436120911904009,0.),(-0.999048540113042,0.0436120911904009,0.),(0.,0.,
-1.),(0.,0.,-1.),(0.999999999999957,0.,0.),(0.,0.,-1.),(0.984810082634937,
0.173634965201621,0.),(0.,0.,-1.),(0.939691131949798,0.342024233841561,
0.),(0.,0.,-1.),(0.866024237601514,0.500002019882637,0.),(0.,0.,-1.),(0.766044303059518,
0.642787776602867,0.),(0.,0.,-1.),(0.642782594390747,0.766048651423851,
0.),(0.,0.,-1.),(0.500000355454207,0.866025198562759,0.),(0.,0.,-1.),(0.342019836223401,
0.939692732561936,0.),(0.,0.,-1.),(0.173647599547523,0.984807854950083,
0.),(0.,0.,-1.),(0.0436213213192414,0.999048137141731,0.),(0.,0.,-1.),(-0.043622494027555,
0.999048085937216,0.),(0.,0.,-1.),(-1.,0.,0.),(0.,1.,0.),(0.,1.,0.),(0.939691088958973,
0.,-0.342024351956261),(0.,1.,0.),(0.866026679147272,0.,-0.499997791000269),
(0.,1.,0.),(0.766046887484658,0.,-0.64278469659371),(0.,1.,0.),(0.642787153721611,
0.,-0.76604482571875),(0.,1.,0.),(0.499997890927496,0.,-0.866026621454593),
(0.,1.,0.),(0.342020327743844,0.,-0.939692553663161),(0.,1.,0.),(0.17364926570596,
0.,-0.984807561160951),(0.,1.,0.),(0.,0.,-1.),(0.,1.,0.),(-0.173649265705935,
0.,-0.984807561160956),(0.,1.,0.),(-0.342020327743739,0.,-0.9396925536632),
(0.,1.,0.),(0.866026679147272,0.,-0.499997791000269),(0.,1.,0.),(0.766043826917074,
0.,-0.642788344046658),(0.,1.,0.),(0.642789423644882,0.,-0.766042921023542),
(0.,1.,0.),(0.500004580606666,0.,-0.866022759153795),(0.,1.,0.),(0.342017052385083,
0.,-0.93969374579052),(0.,1.,0.),(0.173646989046138,0.,-0.984807962597384),
(0.,1.,0.),(1.17378099835102E-6,0.,-0.999999999999311),(0.,1.,0.),(-0.173647549379477,
0.,-0.984807863796031),(0.,0.,1.),(0.984810082634937,0.173634965201621,
0.),(0.,0.,1.),(0.939691131949798,0.342024233841561,0.),(0.,0.,1.),(0.866024237601514,
0.500002019882637,0.),(0.,0.,1.),(0.766044303059518,0.642787776602867,0.),
(0.,0.,1.),(0.642782594390747,0.766048651423851,0.),(0.,0.,1.),(0.500000355454207,
0.866025198562759,0.),(0.,0.,1.),(0.342019836223401,0.939692732561936,0.),
(0.,0.,1.),(0.173647599547523,0.984807854950083,0.),(0.,0.,1.),(0.0436213213192414,
0.999048137141731,0.),(0.,0.,1.),(-0.043622494027555,0.999048085937216,
0.),(0.,0.,1.),(-0.173648755540045,0.984807651117412,0.),(-0.984808865063589,
0.173641870792057,0.),(0.,0.,1.),(-0.984808865063589,0.173641870792057,
0.),(0.,0.,-1.),(0.,0.,-1.),(0.866023272043037,-0.500003692266239,0.),(0.,
0.,-1.),(0.984810133573345,-0.173634676292643,0.),(0.,0.,-1.),(0.939691131949793,
-0.342024233841574,0.),(0.939691131949793,-0.342024233841574,0.),(0.,0.,
1.),(0.,0.,1.),(0.999999999999957,0.,0.),(0.,0.,1.),(0.984810133573345,
-0.173634676292643,0.),(-0.939693518569399,0.342017676675729,0.),(0.,0.,
1.),(-0.939693518569399,0.342017676675729,0.),(0.,0.,-1.),(0.,0.,-1.),(-0.866026339078602,
0.49999838001949,0.),(0.,0.,1.),(0.866023272043037,-0.500003692266239,0.),
(-0.866026339078602,0.49999838001949,0.),(0.,0.,1.),(0.,0.,1.),(-0.766041422365116,
0.642791209663628,0.),(-0.766041422365116,0.642791209663628,0.),(0.,0.,
-1.),(-0.642786542736708,0.766045338394922,0.),(0.,0.,1.),(-0.642786542736708,
0.766045338394922,0.),(0.,0.,-1.),(0.,0.,-1.),(0.766046122338726,-0.642785608465064,
0.),(0.766046122338726,-0.642785608465064,0.),(0.,0.,1.),(0.,0.,1.),(-0.500001761281746,
0.86602438690556,0.),(-0.500001761281746,0.86602438690556,0.),(0.,0.,-1.),
(0.,0.,1.),(-0.34201743535474,0.939693606402303,0.),(-0.34201743535474,
0.939693606402303,0.),(0.,0.,-1.),(-0.173645855806462,0.984808162416032,
0.),(0.,0.,1.),(-0.173645855806462,0.984808162416032,0.),(0.,0.,-1.),(0.,
0.,-1.),(0.642784129147526,-0.766047363624507,0.),(-0.0436202910199981,
0.999048182127034,0.),(0.,0.,1.),(-0.0436202910199981,0.999048182127034,
0.),(0.,0.,-1.),(0.,0.,-1.),(0.499992681771509,-0.8660296289244,0.),(0.,
0.,1.),(0.642784129147526,-0.766047363624507,0.),(0.,1.,0.),(-1.,0.,0.),
(0.,0.,-1.),(0.,0.,-1.),(0.342020213350317,-0.939692595299018,0.),(0.,0.,
-1.),(0.173654004913842,-0.984806725493578,0.),(0.,0.,-1.),(0.0436213213192475,
-0.999048137141731,0.),(0.,0.,-1.),(-0.0436224940275611,-0.999048085937216,
0.),(0.,0.,-1.),(-0.173655160905037,-0.984806521653388,0.),(0.,0.,-1.),
(-0.342014865186799,-0.939694541854562,0.),(0.,0.,-1.),(0.766046122338726,
-0.642785608465064,0.),(0.,0.,-1.),(0.642790046500547,-0.766042398382639,
0.),(0.,0.,-1.),(0.499994442547663,-0.866028612357266,0.),(0.,0.,-1.),(0.342014865186889,
-0.93969454185453,0.),(0.,0.,-1.),(0.1736551609051,-0.984806521653377,0.),
(0.,0.,-1.),(0.0436224940275291,-0.999048085937218,0.),(0.,0.,1.),(0.499992681771509,
-0.8660296289244,0.),(0.,0.,1.),(0.342020213350317,-0.939692595299018,0.),
(0.,0.,1.),(0.173654004913842,-0.984806725493578,0.),(0.,0.,1.),(0.0436213213192475,
-0.999048137141731,0.),(0.,0.,1.),(-0.0436224940275611,-0.999048085937216,
0.),(0.,0.,1.),(-0.173655160905037,-0.984806521653388,0.),(0.,0.,1.),(0.939691131949793,
-0.342024233841574,0.),(0.,0.,1.),(0.866023272043037,-0.500003692266239,
0.),(0.,0.,1.),(0.766046122338726,-0.642785608465064,0.),(0.,0.,1.),(0.642790046500547,
-0.766042398382639,0.),(0.,0.,1.),(0.499994442547663,-0.866028612357266,
0.),(0.,0.,1.),(0.342014865186889,-0.93969454185453,0.),(0.,0.,1.),(0.1736551609051,
-0.984806521653377,0.),(0.,0.,1.),(1.,0.,0.),(0.,1.,0.),(-0.999048165748868,
-0.0436206661322675,0.),(0.,0.,1.),(-0.999048165748868,-0.0436206661322675,
0.),(0.,0.,-1.),(0.,0.,-1.),(-0.984807314134449,-0.173650666647991,0.),
(0.,0.,-1.),(-0.0436189511986668,-0.99904824062521,0.),(0.,0.,-1.),(-0.173650060770945,
-0.984807420968306,0.),(0.,0.,1.),(1.,0.,0.),(-0.984807314134449,-0.173650666647991,
0.),(0.,0.,1.),(0.,0.,1.),(0.500003132583509,0.866023595178953,0.),(0.,
0.,1.),(0.984809284787448,0.173639490313798,0.),(0.,0.,1.),(0.939697803210523,
0.342005904395403,0.),(0.,0.,1.),(0.866021431891967,0.50000687945646,0.),
(0.,0.,1.),(0.76603759932325,0.642795765716508,0.),(0.,0.,1.),(0.642780774259093,
0.766050178671659,0.),(0.,0.,-1.),(1.,0.,0.),(0.,0.,-1.),(0.984809284787448,
0.173639490313798,0.),(0.,0.,-1.),(0.984809336005751,-0.173639199825128,
0.),(0.,0.,-1.),(0.939697739344631,-0.342006079873721,0.),(0.,0.,-1.),(0.866021517926087,
-0.500006730443698,0.),(0.,0.,-1.),(0.766038019566552,-0.642795264900539,
0.),(0.,0.,-1.),(0.6427814894963,-0.76604957852669,0.),(0.,0.,-1.),(0.500003046516742,
-0.866023644870033,0.),(0.,0.,-1.),(0.342026851618991,-0.939690179139699,
0.),(0.,0.,-1.),(0.173648810171899,-0.984807641484307,0.),(0.,0.,-1.),(1.58943462311485E-6,
-0.999999999998737,0.),(0.,0.,1.),(0.984809336005751,-0.173639199825128,
0.),(0.,0.,1.),(0.939697739344631,-0.342006079873721,0.),(0.,0.,1.),(0.866021517926087,
-0.500006730443698,0.),(0.,0.,1.),(0.766038019566552,-0.642795264900539,
0.),(0.,0.,1.),(0.6427814894963,-0.76604957852669,0.),(0.,0.,1.),(0.500003046516742,
-0.866023644870033,0.),(0.,0.,1.),(0.342026851618991,-0.939690179139699,
0.),(0.,0.,1.),(0.173648810171899,-0.984807641484307,0.),(-0.939690845424608,
-0.342025021051363,0.),(0.,0.,-1.),(0.,0.,-1.),(-0.342019286307165,-0.939692932714691,
0.),(-0.939690845424608,-0.342025021051363,0.),(0.,0.,1.),(0.,0.,1.),(0.342025753247852,
0.939690578922253,0.),(-0.866023454814769,-0.500003375699297,0.),(0.,0.,
-1.),(0.,0.,-1.),(-0.500002314779769,-0.866024067341591,0.),(-0.866023454814769,
-0.500003375699297,0.),(0.,0.,1.),(0.,0.,1.),(0.173648878194451,0.984807629490049,
0.),(-0.7660406786545,-0.642792095973926,0.),(0.,0.,-1.),(0.,0.,-1.),(-0.642787633997928,
-0.7660444227193,0.),(-0.7660406786545,-0.642792095973926,0.),(0.,0.,1.),
(0.,0.,1.),(-0.642787633997928,-0.7660444227193,0.),(0.,0.,1.),(-0.500002314779769,
-0.866024067341591,0.),(-0.342019286307165,-0.939692932714691,0.),(0.,0.,
1.),(0.939697803210523,0.342005904395403,0.),(0.,0.,-1.),(0.,0.,-1.),(-0.173648755540045,
0.984807651117412,0.),(0.866021431891967,0.50000687945646,0.),(0.,0.,-1.),
(-0.173650060770945,-0.984807420968306,0.),(0.,0.,1.),(0.76603759932325,
0.642795765716508,0.),(0.,0.,-1.),(0.,0.,-1.),(0.642780774259093,0.766050178671659,
0.),(-0.0436189511986668,-0.99904824062521,0.),(0.,0.,1.),(0.,0.,1.),(1.58951650667625E-6,
0.999999999998737,0.),(-0.342014487949549,0.939694679155207,0.),(0.,0.,
1.),(-0.342014487949549,0.939694679155207,0.),(0.,0.,-1.),(-0.342014865186799,
-0.939694541854562,0.),(0.,0.,1.),(0.,0.,1.),(0.866024237601514,0.500002019882637,
0.),(0.,0.,1.),(0.984807753035258,0.173648177536205,0.),(0.,0.,1.),(0.999999999999957,
0.,0.),(0.,0.,1.),(0.98480780399305,-0.17364788853996,0.),(0.,0.,1.),(0.939691131949798,
0.342024233841561,0.),(0.,0.,-1.),(0.500003132583509,0.866023595178953,
0.),(0.0436174508592549,-0.999048306129659,0.),(0.,0.,-1.),(0.,0.,-1.),
(0.342025753247852,0.939690578922253,0.),(0.,0.,-1.),(0.173648878194451,
0.984807629490049,0.),(0.,0.,-1.),(1.58951650667625E-6,0.999999999998737,
0.),(0.,0.,1.),(-0.173651961234378,0.98480708585969,0.),(0.,0.,1.),(0.0436174508592549,
-0.999048306129659,0.),(-0.499995426457195,0.866028044304506,0.),(0.,0.,
1.),(-0.499995426457195,0.866028044304506,0.),(0.,0.,-1.),(0.,0.,-1.),(-0.499987752850246,
-0.866032474564182,0.),(-0.499987752850246,-0.866032474564182,0.),(0.,0.,
1.),(0.,0.,1.),(0.342014487949645,0.939694679155172,0.),(0.,0.,1.),(0.766044303059518,
0.642787776602867,0.),(0.,0.,1.),(0.642788511777475,0.766043686173901,0.),
(0.,0.,1.),(0.500002116147248,0.866024182022808,0.),(-0.642789889368352,
0.76604253023303,0.),(0.,0.,1.),(-0.642789889368352,0.76604253023303,0.),
(0.,0.,-1.),(0.,0.,-1.),(-0.642791424112865,-0.766041242419072,0.),(-0.642791424112865,
-0.766041242419072,0.),(0.,0.,1.),(0.,0.,1.),(1.58943462311485E-6,-0.999999999998737,
0.),(-0.766050424230215,0.642780481608385,0.),(0.,0.,1.),(-0.766050424230215,
0.642780481608385,0.),(0.,0.,-1.),(0.,0.,-1.),(-0.766052243488775,-0.642778313453258,
0.),(-0.766052243488775,-0.642778313453258,0.),(0.,0.,1.),(-0.173651961234378,
0.98480708585969,0.),(0.,0.,-1.),(0.,0.,-1.),(-0.173651893363417,-0.984807097827438,
0.),(-0.173651893363417,-0.984807097827438,0.),(0.,0.,1.),(0.,0.,1.),(-0.866024237601193,
0.500002019883193,0.),(-0.866024237601193,0.500002019883193,0.),(0.,0.,
-1.),(0.,0.,-1.),(0.642788511777475,0.766043686173901,0.),(0.,0.,-1.),(0.500002116147248,
0.866024182022808,0.),(0.,0.,-1.),(0.342014487949645,0.939694679155172,
0.),(-0.866023272042716,-0.500003692266794,0.),(0.,0.,-1.),(0.,0.,-1.),
(0.98480780399305,-0.17364788853996,0.),(0.,0.,-1.),(0.939691131949793,
-0.342024233841574,0.),(0.,0.,-1.),(0.866023272043037,-0.500003692266239,
0.),(-0.866023272042716,-0.500003692266794,0.),(0.,0.,1.),(0.,0.,1.),(-0.342015703715899,
0.93969423665984,0.),(-0.342015703715899,0.93969423665984,0.),(0.,0.,-1.),
(0.,0.,-1.),(0.500010874861741,-0.866019125089046,0.),(0.,0.,-1.),(0.342019286307085,
-0.93969293271472,0.),(0.342019286307085,-0.93969293271472,0.),(0.,0.,1.),
(0.,0.,1.),(0.173648581817915,-0.9848076817494,0.),(-0.342016802209202,
-0.939693836846125,0.),(0.,0.,-1.),(-0.342016802209202,-0.939693836846125,
0.),(0.,0.,1.),(0.,0.,1.),(-0.939695581092834,0.342012009839714,0.),(-0.939695581092834,
0.342012009839714,0.),(0.,0.,-1.),(0.,0.,-1.),(-0.939695581092829,-0.342012009839727,
0.),(-0.939695581092829,-0.342012009839727,0.),(0.,0.,1.),(0.,0.,1.),(-0.98480768226032,
0.173648578920346,0.),(-0.98480768226032,0.173648578920346,0.),(0.,0.,-1.),
(0.,0.,1.),(0.173648755540107,0.984807651117401,0.),(-0.984807733233738,
-0.173648289836172,0.),(0.,0.,-1.),(-0.984807733233738,-0.173648289836172,
0.),(0.,0.,1.),(0.,0.,1.),(-0.499998842063212,0.866026072318523,0.),(-0.499998842063212,
0.866026072318523,0.),(0.,0.,-1.),(0.,0.,-1.),(0.984807314134455,-0.173650666647962,
0.),(0.,0.,-1.),(0.766040678654564,-0.642792095973849,0.),(0.,0.,-1.),(0.866023454814721,
-0.500003375699379,0.),(0.,0.,-1.),(0.939690845424613,-0.342025021051349,
0.),(0.939690845424613,-0.342025021051349,0.),(0.,0.,1.),(0.,0.,1.),(0.500010874861741,
-0.866019125089046,0.),(0.,0.,1.),(0.642795205836648,-0.766038069128044,
0.),(0.,0.,1.),(0.766040678654564,-0.642792095973849,0.),(-0.499998756054798,
-0.866026121975344,0.),(0.,0.,-1.),(-0.499998756054798,-0.866026121975344,
0.),(0.,0.,1.),(0.,0.,1.),(-0.999999999999957,0.,0.),(-0.999999999999957,
0.,0.),(0.,0.,-1.),(0.,0.,-1.),(0.999999999999957,0.,0.),(0.,0.,-1.),(0.984807753035258,
0.173648177536205,0.),(0.,0.,-1.),(0.939691131949798,0.342024233841561,
0.),(0.,0.,-1.),(0.866024237601514,0.500002019882637,0.),(0.,0.,-1.),(0.766044303059518,
0.642787776602867,0.),(-0.642788787369112,0.766043454924423,0.),(0.,0.,
1.),(-0.642788787369112,0.766043454924423,0.),(0.,0.,-1.),(0.,0.,-1.),(0.999048165748858,
-0.0436206661324886,0.),(0.,0.,1.),(0.984807314134455,-0.173650666647962,
0.),(-0.642789502610933,-0.766042854762832,0.),(0.,0.,-1.),(-0.642789502610933,
-0.766042854762832,0.),(0.,0.,1.),(0.,0.,1.),(-0.766047201936743,0.642784321841227,
0.),(-0.766047201936743,0.642784321841227,0.),(0.,0.,-1.),(0.,0.,1.),(0.999048165748858,
-0.0436206661324886,0.),(-0.766047622163424,-0.642783821029874,0.),(0.,
0.,-1.),(-0.766047622163424,-0.642783821029874,0.),(0.,0.,1.),(0.,0.,1.),
(-0.866028901377287,0.499993941942549,0.),(-0.866028901377287,0.499993941942549,
0.),(0.,0.,-1.),(0.,0.,-1.),(-0.866028987402071,-0.499993792940816,0.),
(-0.866028987402071,-0.499993792940816,0.),(0.,0.,1.),(0.,0.,1.),(-0.939691778369284,
0.342022457837453,0.),(-0.939691778369284,0.342022457837453,0.),(0.,0.,
-1.),(0.,0.,-1.),(-0.939691714512616,-0.342022633280811,0.),(-0.939691714512616,
-0.342022633280811,0.),(0.,0.,1.),(0.,0.,1.),(-0.98480622584222,0.173656838455625,
0.),(-0.98480622584222,0.173656838455625,0.),(0.,0.,-1.),(0.,0.,-1.),(-0.984806277071893,
-0.1736565479324,0.),(-0.984806277071893,-0.1736565479324,0.),(0.,0.,1.),
(0.,0.,1.),(-1.,0.,0.),(-1.,0.,0.),(0.,0.,-1.),(0.,0.,-1.),(0.173648581817915,
-0.9848076817494,0.),(0.642795205836648,-0.766038069128044,0.),(0.,0.,-1.),
(0.866023454814721,-0.500003375699379,0.),(0.,0.,1.),(0.,-1.,0.),(0.984809665907541,
0.,0.173637328748967),(0.,-1.,0.),(0.939689960214693,0.,0.342027453096543),
(0.,-1.,0.),(0.866029101576788,0.,0.499993595181079),(0.,-1.,0.),(0.76604800928859,
0.,0.64278335966715),(0.,-1.,0.),(0.642779186391457,0.,0.766051511023858),
(0.,-1.,0.),(0.49999797199605,0.,0.866026574649899),(0.,-1.,0.),(0.342022639046943,
0.,0.939691712413898),(0.,-1.,0.),(0.173646940564365,0.,0.984807971145967),
(0.,-1.,0.),(-1.12196589876827E-6,0.,0.999999999999371),(0.,-1.,0.),(-0.173644764367743,
0.,0.984808354862849),(0.,-1.,0.),(-0.342019508243197,0.,0.939692851936782),
(0.,-1.,0.),(0.866023268162865,0.,0.500003698986828),(0.,-1.,0.),(0.76604800928859,
0.,0.64278335966715),(0.,-1.,0.),(0.642784842647135,0.,0.766046764932205),
(0.,-1.,0.),(0.500004366438712,0.,0.866022882805196),(0.,-1.,0.),(0.342022639046943,
0.,0.939691712413898),(0.,-1.,0.),(0.173648045485194,0.,0.984807776319406),
(0.,-1.,0.),(2.24387416263799E-6,0.,0.999999999997483),(0.,-1.,0.),(0.99999999999999,
0.,0.),(0.,-1.,0.),(0.984809617933133,0.,-0.173637600842665),(0.,-1.,0.),
(0.939690050363917,0.,-0.34202720541948),(0.,-1.,0.),(0.866028980133402,
0.,-0.499993805530728),(0.,-1.,0.),(0.766047416030003,0.,-0.642784066692506),
(0.,-1.,0.),(0.642779186391501,0.,-0.766051511023821),(0.,-1.,0.),(0.499996708988248,
0.,-0.866027303842622),(0.,-1.,0.),(0.342022729184493,0.,-0.939691679606237),
(0.,-1.,0.),(0.173650049922582,0.,-0.984807422881187),(0.,-1.,0.),(-1.12200669934656E-6,
0.,-0.999999999999371),(0.,-1.,0.),(0.642784842647179,0.,-0.766046764932169),
(0.,-1.,0.),(0.500003103436295,0.,-0.866023612007244),(0.,-1.,0.),(0.342022729184493,
0.,-0.939691679606237),(0.984806586131579,0.,0.173654795245812),(0.,1.,
0.),(0.,1.,0.),(1.,0.,0.),(0.,1.,0.),(0.99999999999999,0.,0.),(0.984806586131578,
0.,-0.173654795245815),(0.,1.,0.),(0.,1.,0.),(0.984809617933133,0.,-0.173637600842665),
(0.939691210624098,0.,0.342024017688549),(0.,1.,0.),(0.,1.,0.),(0.984809665907541,
0.,0.173637328748967),(0.939691088958973,0.,-0.342024351956261),(0.,1.,
0.),(0.,1.,0.),(0.939690050363917,0.,-0.34202720541948),(0.866026132837896,
0.,0.499998737240245),(0.,1.,0.),(0.,1.,0.),(0.939689960214693,0.,0.342027453096543),
(0.866026679147272,0.,-0.499997791000269),(0.,1.,0.),(0.,1.,0.),(0.866028980133402,
0.,-0.499993805530728),(0.76604672165317,0.,0.642784894225456),(0.,1.,0.),
(0.,1.,0.),(0.866029101576788,0.,0.499993595181079),(0.766046887484658,
0.,-0.64278469659371),(0.,1.,0.),(0.,1.,0.),(0.766047416030003,0.,-0.642784066692506),
(0.642787009238418,0.,0.766044946954374),(0.,1.,0.),(0.,1.,0.),(0.76604800928859,
0.,0.64278335966715),(0.642787153721611,0.,-0.76604482571875),(0.,1.,0.),
(0.,1.,0.),(0.642779186391501,0.,-0.766051511023821),(0.499997357351757,
0.,0.866026929512737),(0.,1.,0.),(0.,1.,0.),(0.642779186391457,0.,0.766051511023858),
(0.499997890927496,0.,-0.866026621454593),(0.,1.,0.),(0.,1.,0.),(0.499996708988248,
0.,-0.866027303842622),(0.342021808584314,0.,0.939692014679658),(0.,1.,
0.),(0.,1.,0.),(0.49999797199605,0.,0.866026574649899),(0.342020327743844,
0.,-0.939692553663161),(0.,1.,0.),(0.,1.,0.),(0.342022729184493,0.,-0.939691679606237),
(0.173648414872468,0.,0.984807711186442),(0.,1.,0.),(0.,1.,0.),(0.342022639046943,
0.,0.939691712413898),(0.,1.,0.),(0.173650049922582,0.,-0.984807422881187),
(0.17364926570596,0.,-0.984807561160951),(0.,1.,0.),(0.,1.,0.),(0.173648414872468,
0.,0.984807711186442),(0.,1.,0.),(0.173646940564365,0.,0.984807971145967),
(0.,0.,1.),(0.,1.,0.),(0.,1.,0.),(-1.12200669934656E-6,0.,-0.999999999999371),
(0.,1.,0.),(0.,0.,-1.),(0.,0.,1.),(0.,1.,0.),(0.,1.,0.),(-1.12196589876827E-6,
0.,0.999999999999371),(-0.173647873732019,0.,-0.984807806604085),(0.,1.,
0.),(-0.173647873732019,0.,-0.984807806604085),(0.,-1.,0.),(0.,-1.,0.),
(0.766047416030003,0.,-0.642784066692506),(0.,1.,0.),(-0.17364841487248,
0.,0.98480771118644),(-0.173644764367743,0.,0.984808354862849),(0.,1.,0.),
(0.,1.,0.),(-0.173649265705935,0.,-0.984807561160956),(-0.17364841487248,
0.,0.98480771118644),(0.,1.,0.),(0.,1.,0.),(-0.342019598347147,0.,-0.93969281914169),
(-0.342019598347147,0.,-0.93969281914169),(0.,-1.,0.),(0.,-1.,0.),(0.99999999999999,
0.,0.),(0.,-1.,0.),(0.984807323438291,0.,-0.173650613884054),(0.,-1.,0.),
(0.939690312946413,0.,-0.34202648399601),(0.,-1.,0.),(0.866023146730316,
0.,-0.500003909312039),(0.,1.,0.),(-0.342021808584247,0.,0.939692014679682),
(-0.342019508243197,0.,0.939692851936782),(0.,1.,0.),(0.,1.,0.),(-0.342020327743739,
0.,-0.9396925536632),(-0.342021808584247,0.,0.939692014679682),(0.,1.,0.),
(0.,1.,0.),(0.766043661084645,0.,0.642788541677614),(0.,1.,0.),(0.642789279150168,
0.,0.766043042269563),(0.,1.,0.),(0.500004047019877,0.,0.866023067223815),
(-0.500004366438727,0.,0.866022882805187),(0.,-1.,0.),(-0.50000310343631,
0.,-0.866023612007236),(0.,1.,0.),(-0.50000310343631,0.,-0.866023612007236),
(0.,-1.,0.),(-0.500004366438727,0.,0.866022882805187),(0.,1.,0.),(0.,1.,
0.),(-0.5000007021527,0.,0.866024998396009),(-0.642784842647143,0.,0.766046764932199),
(0.,-1.,0.),(-0.642784842647187,0.,-0.766046764932162),(0.,1.,0.),(-0.642784842647187,
0.,-0.766046764932162),(0.,-1.,0.),(-0.642784842647143,0.,0.766046764932199),
(0.,1.,0.),(0.,1.,0.),(-0.64278996788384,0.,0.766042464350308),(0.,1.,0.),
(-0.500001235733964,0.,-0.866024690331926),(-0.766041230954663,0.,0.642791437775476),
(0.,-1.,0.),(-0.766040637679507,0.,-0.642792144805438),(0.,1.,0.),(-0.766040637679507,
0.,-0.642792144805438),(0.,-1.,0.),(-0.766041230954663,0.,0.642791437775476),
(0.,1.,0.),(0.,1.,0.),(-0.766043176122895,0.,0.642789119630651),(0.,1.,
0.),(-0.642790112372505,0.,-0.766042343109141),(-0.500001235733964,0.,-0.866024690331926),
(0.,1.,0.),(0.,1.,0.),(-0.5000007021527,0.,0.866024998396009),(0.,1.,0.),
(0.939693435197601,0.,0.342017905739643),(0.,1.,0.),(0.866026132837896,
0.,0.499998737240245),(-0.866023828986812,0.,0.500002727619582),(0.,-1.,
0.),(-0.866023707534122,0.,-0.500002937980222),(0.,1.,0.),(-0.866023707534122,
0.,-0.500002937980222),(0.,-1.,0.),(-0.866023828986812,0.,0.500002727619582),
(0.,1.,0.),(0.,1.,0.),(-0.866023374896283,0.,0.500003514120903),(0.,1.,
0.),(-0.766043341962949,0.,-0.64278892199091),(-0.939694213089754,0.,0.342015768475122),
(0.,-1.,0.),(-0.939694303248169,0.,-0.342015520763223),(0.,1.,0.),(-0.939694303248169,
0.,-0.342015520763223),(0.,-1.,0.),(-0.939694213089754,0.,0.342015768475122),
(0.,1.,0.),(0.,1.,0.),(-0.939691210624158,0.,0.342024017688384),(0.,1.,
0.),(-0.866023921216703,0.,-0.500002567873852),(-0.984809598238148,0.,0.173637712545453),
(0.,-1.,0.),(-0.984809550276948,0.,-0.173637984563617),(0.,1.,0.),(-0.984809550276948,
0.,-0.173637984563617),(0.,-1.,0.),(-0.984809598238148,0.,0.173637712545453),
(0.,1.,0.),(0.,1.,0.),(-0.984808915808412,0.,0.173641582992841),(0.,1.,
0.),(-0.939691088959022,0.,-0.342024351956124),(-0.642790112372505,0.,-0.766042343109141),
(0.,1.,0.),(0.,1.,0.),(-0.64278996788384,0.,0.766042464350308),(0.,1.,0.),
(1.,0.,0.),(0.,1.,0.),(0.984807715596648,0.,0.173648389860984),(0.,1.,0.),
(0.93969331353464,0.,-0.342018240008175),(-0.99999999999999,0.,0.),(0.,
-1.,0.),(0.,-1.,0.),(0.984807371395894,0.,0.173650341906685),(0.,-1.,0.),
(0.939690222775997,0.,0.342026731731889),(-0.99999999999999,0.,0.),(0.,
1.,0.),(0.,1.,0.),(-1.,0.,0.),(0.,1.,0.),(-0.984808915808412,0.,-0.173641582992844),
(-0.766043341962949,0.,-0.64278892199091),(0.,1.,0.),(0.,1.,0.),(-0.766043176122895,
0.,0.642789119630651),(-0.866023921216703,0.,-0.500002567873852),(0.,1.,
0.),(0.,1.,0.),(-0.866023374896283,0.,0.500003514120903),(-0.939691088959022,
0.,-0.342024351956124),(0.,1.,0.),(0.,1.,0.),(-0.939691210624158,0.,0.342024017688384),
(-0.984808915808412,0.,-0.173641582992844),(0.,1.,0.),(0.,1.,0.),(-0.984808915808412,
0.,0.173641582992841),(-1.,0.,0.),(0.,1.,0.),(0.,1.,0.),(0.984807715596647,
0.,-0.173648389860986),(0.173648755540107,0.984807651117401,0.),(0.,0.,
-1.),(0.043622494027523,0.999048085937218,0.),(0.,0.,1.),(0.043622494027523,
0.999048085937218,0.),(0.,0.,-1.),(0.0436224940275291,-0.999048085937218,
0.),(0.,0.,1.),(-0.0436213213192392,0.999048137141731,0.),(0.,0.,-1.),(-0.0436213213192392,
0.999048137141731,0.),(0.,0.,1.),(0.,0.,1.),(-0.0436213213192453,-0.999048137141731,
0.),(-0.0436213213192453,-0.999048137141731,0.),(0.,0.,-1.),(0.984807715596648,
0.,0.173648389860984),(0.,1.,0.),(0.,1.,0.),(1.,0.,0.),(0.,1.,0.),(0.99999999999999,
0.,0.),(0.984807715596647,0.,-0.173648389860986),(0.,1.,0.),(0.,1.,0.),
(0.984807323438291,0.,-0.173650613884054),(0.939693435197601,0.,0.342017905739643),
(0.,1.,0.),(0.,1.,0.),(0.984807371395894,0.,0.173650341906685),(0.93969331353464,
0.,-0.342018240008175),(0.,1.,0.),(0.,1.,0.),(0.939690312946413,0.,-0.34202648399601),
(0.866026132837896,0.,0.499998737240245),(0.,1.,0.),(0.,1.,0.),(0.939690222775997,
0.,0.342026731731889),(0.866026679147272,0.,-0.499997791000269),(0.,1.,
0.),(0.,1.,0.),(0.866023146730316,0.,-0.500003909312039),(0.766043661084645,
0.,0.642788541677614),(0.,1.,0.),(0.,1.,0.),(0.866023268162865,0.,0.500003698986828),
(0.766043826917074,0.,-0.642788344046658),(0.,1.,0.),(0.,1.,0.),(0.766047416030003,
0.,-0.642784066692506),(0.642789279150168,0.,0.766043042269563),(0.,1.,
0.),(0.,1.,0.),(0.76604800928859,0.,0.64278335966715),(0.642789423644882,
0.,-0.766042921023542),(0.,1.,0.),(0.,1.,0.),(0.642784842647179,0.,-0.766046764932169),
(0.500004047019877,0.,0.866023067223815),(0.,1.,0.),(0.,1.,0.),(0.642784842647135,
0.,0.766046764932205),(0.500004580606666,0.,-0.866022759153795),(0.,1.,
0.),(0.,1.,0.),(0.500003103436295,0.,-0.866023612007244),(0.342018533208981,
0.,0.939693206818894),(0.,1.,0.),(0.,1.,0.),(0.500004366438712,0.,0.866022882805196),
(0.342017052385083,0.,-0.93969374579052),(0.,1.,0.),(0.,1.,0.),(0.342022729184493,
0.,-0.939691679606237),(0.342018533208981,0.,0.939693206818894),(0.,1.,
0.),(0.,1.,0.),(0.173646138148989,0.,0.984808112632071),(0.,1.,0.),(0.342022639046943,
0.,0.939691712413898),(0.,1.,0.),(0.173651154882977,0.,-0.984807228044052),
(0.173646989046138,0.,-0.984807962597384),(0.,1.,0.),(0.,1.,0.),(0.173646138148989,
0.,0.984808112632071),(-0.173647599547427,0.984807854950099,0.),(0.,0.,
1.),(-0.173647599547427,0.984807854950099,0.),(0.,0.,-1.),(0.,0.,-1.),(-0.173654004913746,
-0.984806725493595,0.),(-0.173654004913746,-0.984806725493595,0.),(0.,0.,
1.),(0.173651154882977,0.,-0.984807228044052),(0.,-1.,0.),(0.,1.,0.),(0.173648045485194,
0.,0.984807776319406),(1.17373634470555E-6,0.,0.999999999999311),(0.,1.,
0.),(0.,1.,0.),(2.24395576167906E-6,0.,-0.999999999997482),(0.,1.,0.),(1.17378099835102E-6,
0.,-0.999999999999311),(1.17373634470555E-6,0.,0.999999999999311),(0.,1.,
0.),(-0.342019836223321,0.939692732561965,0.),(0.,0.,1.),(-0.342019836223321,
0.939692732561965,0.),(0.,0.,-1.),(0.,0.,-1.),(-0.342020213350238,-0.939692595299047,
0.),(-0.342020213350238,-0.939692595299047,0.),(0.,0.,1.),(2.24395576167906E-6,
0.,-0.999999999997482),(0.,-1.,0.),(2.24387416263799E-6,0.,0.999999999997483),
(0.,1.,0.),(-0.500000355454204,0.866025198562761,0.),(0.,0.,1.),(-0.500000355454204,
0.866025198562761,0.),(0.,0.,-1.),(0.,0.,-1.),(-0.499992681771505,-0.866029628924402,
0.),(-0.499992681771505,-0.866029628924402,0.),(0.,0.,1.),(0.,0.,1.),(-0.642782594390935,
0.766048651423693,0.),(-0.642782594390935,0.766048651423693,0.),(0.,0.,
-1.),(0.,0.,-1.),(-0.642784129147714,-0.766047363624349,0.),(-0.642784129147714,
-0.766047363624349,0.),(0.,0.,1.),(-0.173645835700032,0.,0.984808165961289),
(0.,-1.,0.),(-0.173648945018686,0.,-0.984807617707082),(0.,1.,0.),(-0.173648945018686,
0.,-0.984807617707082),(0.,-1.,0.),(0.,1.,0.),(-0.173646698536056,0.,0.984808013821744),
(-0.173645835700032,0.,0.984808165961289),(0.,1.,0.),(0.,1.,0.),(-0.173647549379477,
0.,-0.984807863796031),(-0.173646698536056,0.,0.984808013821744),(0.,1.,
0.),(-0.766044303059672,0.642787776602684,0.),(0.,0.,1.),(-0.766044303059672,
0.642787776602684,0.),(0.,0.,-1.),(0.,0.,-1.),(-0.76604612233888,-0.64278560846488,
0.),(-0.76604612233888,-0.64278560846488,0.),(0.,0.,1.),(-0.342022639046933,
0.,0.939691712413902),(0.,-1.,0.),(-0.34202272918449,0.,-0.939691679606238),
(0.,1.,0.),(-0.34202272918449,0.,-0.939691679606238),(0.,-1.,0.),(0.,1.,
0.),(-0.342022845047742,0.,0.939691637435094),(-0.342022639046933,0.,0.939691712413902),
(0.,1.,0.),(-0.866030340349952,0.499991449520235,0.),(0.,0.,1.),(-0.866030340349952,
0.499991449520235,0.),(0.,0.,-1.),(0.,0.,-1.),(-0.866029374811889,-0.499993121915621,
0.),(-0.866029374811889,-0.499993121915621,0.),(0.,0.,1.),(-0.342021364210245,
0.,-0.939692176419365),(0.,1.,0.),(-0.342021364210245,0.,-0.939692176419365),
(0.,1.,0.),(0.,1.,0.),(-0.342022845047742,0.,0.939691637435094),(-0.939690857392106,
0.342024988171463,0.),(0.,0.,1.),(-0.939690857392106,0.342024988171463,
0.),(0.,0.,-1.),(0.,0.,-1.),(-0.939690857392101,-0.342024988171476,0.),
(-0.939690857392101,-0.342024988171476,0.),(0.,0.,1.),(-0.499997971996053,
0.,0.866026574649897),(0.,-1.,0.),(-0.499996708988251,0.,-0.86602730384262),
(0.,1.,0.),(-0.499996708988251,0.,-0.86602730384262),(0.,-1.,0.),(-0.499997971996053,
0.,0.866026574649897),(0.,1.,0.),(0.,1.,0.),(-0.499996477156589,0.,0.866027437689477),
(-0.984807823852578,0.173647775910748,0.),(0.,0.,1.),(-0.984807823852578,
0.173647775910748,0.),(0.,0.,-1.),(0.,0.,-1.),(-0.984807874794744,-0.173647487002433,
0.),(-0.984807874794744,-0.173647487002433,0.),(0.,0.,1.),(0.,0.,1.),(-0.999999999999957,
0.,0.),(-0.999999999999957,0.,0.),(0.,0.,-1.),(-0.642793132751559,0.,0.766039808683228),
(0.,-1.,0.),(-0.642793132751603,0.,-0.766039808683191),(0.,1.,0.),(-0.642793132751603,
0.,-0.766039808683191),(0.,-1.,0.),(-0.642793132751559,0.,0.766039808683228),
(0.,1.,0.),(0.,1.,0.),(-0.64278040317881,0.,0.766050490039192),(0.,1.,0.),
(-0.499997010719615,0.,-0.866027129639395),(-0.766046155192579,0.,0.642785569311156),
(0.,-1.,0.),(-0.766045561913731,0.,-0.642786276356516),(0.,1.,0.),(-0.766045561913731,
0.,-0.642786276356516),(0.,-1.,0.),(-0.766046155192579,0.,0.642785569311156),
(0.,1.,0.),(0.,1.,0.),(-0.766047206666236,0.,0.642784316204788),(0.,1.,
0.),(-0.642780547657109,0.,-0.766050368809797),(-0.499997010719615,0.,-0.866027129639395),
(0.,1.,0.),(0.,1.,0.),(-0.499996477156589,0.,0.866027437689477),(-0.866024390092033,
0.,0.50000175576264),(0.,-1.,0.),(-0.86602426861918,0.,-0.500001966158749),
(0.,1.,0.),(-0.86602426861918,0.,-0.500001966158749),(0.,-1.,0.),(-0.866024390092033,
0.,0.50000175576264),(0.,1.,0.),(0.,1.,0.),(-0.866028890795854,0.,0.499993960270424),
(0.,1.,0.),(-0.766047372490098,0.,-0.642784118581827),(-0.939693950623809,
0.,0.342016489603964),(0.,-1.,0.),(-0.939694040761035,0.,-0.342016241950873),
(0.,1.,0.),(-0.939694040761035,0.,-0.342016241950873),(0.,-1.,0.),(-0.939693950623809,
0.,0.342016489603964),(0.,1.,0.),(0.,1.,0.),(-0.939695659746898,0.,0.342011793733554),
(0.,1.,0.),(-0.866029437094205,0.,-0.499993014037492),(-0.984807439060218,
0.,0.173649958167734),(0.,-1.,0.),(-0.984807391089405,0.,-0.173650230220637),
(0.,1.,0.),(-0.984807391089405,0.,-0.173650230220637),(0.,-1.,0.),(-0.984807439060218,
0.,0.173649958167734),(0.,1.,0.),(0.,1.,0.),(-0.984807680212986,0.,0.173648590531328),
(0.,1.,0.),(-0.939695538086053,0.,-0.342012128003033),(-0.642780547657109,
0.,-0.766050368809797),(0.,1.,0.),(0.,1.,0.),(-0.64278040317881,0.,0.766050490039192),
(-0.99999999999999,0.,0.),(0.,-1.,0.),(-0.99999999999999,0.,0.),(0.,1.,
0.),(0.,1.,0.),(-1.,0.,0.),(0.,1.,0.),(-0.984807680212992,0.,-0.173648590531291),
(-0.766047372490098,0.,-0.642784118581827),(0.,1.,0.),(0.,1.,0.),(-0.766047206666236,
0.,0.642784316204788),(-0.866029437094205,0.,-0.499993014037492),(0.,1.,
0.),(0.,1.,0.),(-0.866028890795854,0.,0.499993960270424),(-0.939695538086053,
0.,-0.342012128003033),(0.,1.,0.),(0.,1.,0.),(-0.939695659746898,0.,0.342011793733554),
(-0.984807680212992,0.,-0.173648590531291),(0.,1.,0.),(0.,1.,0.),(-0.984807680212986,
0.,0.173648590531328),(-1.,0.,0.),(0.,1.,0.),(-1.,0.,0.),(0.,0.984807702857151,
-0.173648462110154),(-1.,0.,0.),(0.,0.999048117940522,-0.0436217610774848),
(-1.,0.,0.),(0.,0.999048116340395,0.043621797724404),(-1.,0.,0.),(0.,0.984807734316067,
0.173648283697982),(-1.,0.,0.),(0.,0.939693509704918,0.342017701030887),
(-1.,0.,0.),(0.,0.866024874561483,0.500000916639928),(-1.,0.,0.),(0.,0.766044721476198,
0.642787277953176),(-1.,0.,0.),(0.,0.642787081481092,0.766044886335663),
(-1.,0.,0.),(0.,0.499998856398465,0.866026064042086),(-1.,0.,0.),(0.,0.342020767536884,
0.939692393591371),(-1.,0.,0.),(0.,0.173647701913663,0.984807836900227),
(-1.,0.,0.),(0.,0.0436194770307849,-0.999048217666976),(0.,0.0436194770307849,
-0.999048217666976),(1.,0.,0.),(-1.,0.,0.),(0.,0.999048117940522,0.0436217610774866),
(-1.,0.,0.),(0.,0.99904812434099,-0.0436216144904164),(-1.,0.,0.),(0.,0.984807702857166,
0.173648462110067),(-1.,0.,0.),(0.,0.984807652678299,-0.173648746687842),
(-1.,0.,0.),(0.,0.939693556860095,-0.342017571472027),(-1.,0.,0.),(0.,0.34202155510317,
-0.93969210693972),(-1.,0.,0.),(0.,0.939693407844798,-0.342017980891398),
(-1.,0.,0.),(0.,0.866025173117818,-0.500000399526095),(-1.,0.,0.),(0.,0.866024690331914,
-0.500001235733986),(-1.,0.,0.),(0.,0.766044494067126,-0.642787548968896),
(-1.,0.,0.),(0.,0.766044638555555,-0.642787376774225),(-1.,0.,0.),(0.,0.642787153721626,
-0.766044825718737),(-1.,0.,0.),(0.,0.642788065585916,-0.766044060573748),
(-1.,0.,0.),(0.,0.499999123183822,-0.866025910013903),(0.,0.499999123183822,
-0.866025910013903),(-1.,0.,0.),(-1.,0.,0.),(0.,0.34202155510317,-0.93969210693972),
(-1.,0.,0.),(0.,0.173648077152339,-0.984807770735637),(-1.,0.,0.),(0.,0.,
-0.999999999999957),(-1.,0.,0.),(0.,-0.173647788178076,-0.984807821689522),
(0.,0.999048117940522,-0.0436217610774848),(1.,0.,0.),(1.,0.,0.),(0.,0.984807734316067,
0.173648283697982),(0.,0.999048116340395,0.043621797724404),(1.,0.,0.),
(1.,0.,0.),(0.,0.99904812434099,-0.0436216144904164),(0.,0.984807702857166,
0.173648462110067),(1.,0.,0.),(1.,0.,0.),(0.,0.999048117940522,0.0436217610774866),
(0.,0.939693509704918,0.342017701030887),(1.,0.,0.),(1.,0.,0.),(0.,0.984807702857151,
-0.173648462110154),(-1.,0.,0.),(0.,0.939693556860101,0.34201757147201),
(-1.,0.,0.),(0.,0.,-0.999999999999957),(0.,0.939693556860101,0.34201757147201),
(1.,0.,0.),(-1.,0.,0.),(0.,0.173649728689615,-0.984807479523802),(0.,0.984807652678299,
-0.173648746687842),(1.,0.,0.),(1.,0.,0.),(0.,0.866024874561483,0.500000916639928),
(0.,0.939693556860095,-0.342017571472027),(1.,0.,0.),(-1.,0.,0.),(0.,0.866024690331902,
0.500001235734006),(0.,0.866024690331902,0.500001235734006),(1.,0.,0.),
(1.,0.,0.),(0.,0.939693407844798,-0.342017980891398),(0.,0.766044721476198,
0.642787277953176),(1.,0.,0.),(1.,0.,0.),(0.,0.866025173117818,-0.500000399526095),
(-1.,0.,0.),(0.,0.766044638555558,0.64278737677422),(0.,0.766044638555558,
0.64278737677422),(1.,0.,0.),(1.,0.,0.),(0.,0.866024690331914,-0.500001235733986),
(0.,0.642787081481092,0.766044886335663),(1.,0.,0.),(1.,0.,0.),(0.,0.766044494067126,
-0.642787548968896),(-1.,0.,0.),(0.,0.642787009238446,0.766044946954351),
(0.,0.642787009238446,0.766044946954351),(1.,0.,0.),(1.,0.,0.),(0.,0.766044638555555,
-0.642787376774225),(0.,0.499998856398465,0.866026064042086),(1.,0.,0.),
(1.,0.,0.),(0.,0.642787153721626,-0.766044825718737),(-1.,0.,0.),(0.,0.49999925025698,
0.86602583664834),(0.,0.49999925025698,0.86602583664834),(1.,0.,0.),(1.,
0.,0.),(0.,0.642788065585916,-0.766044060573748),(0.,0.342020767536884,
0.939692393591371),(1.,0.,0.),(1.,0.,0.),(0.,0.499999123183822,-0.866025910013903),
(-1.,0.,0.),(0.,0.342021460803127,0.939692141262284),(0.,0.342021460803127,
0.939692141262284),(1.,0.,0.),(1.,0.,0.),(0.,0.499999123183822,-0.866025910013903),
(0.,0.173647701913663,0.984807836900227),(1.,0.,0.),(1.,0.,0.),(0.,0.34202155510317,
-0.93969210693972),(-1.,0.,0.),(0.,0.173646475808379,0.984808053094272),
(0.,0.173646475808379,0.984808053094272),(1.,0.,0.),(1.,0.,0.),(0.,0.34202155510317,
-0.93969210693972),(-1.,0.,0.),(0.,0.,0.999999999999957),(0.,0.,0.999999999999957),
(1.,0.,0.),(1.,0.,0.),(0.,0.173649728689615,-0.984807479523802),(-1.,0.,
0.),(0.,0.,0.999999999999957),(0.,0.,0.999999999999957),(1.,0.,0.),(1.,
0.,0.),(0.,0.173648077152339,-0.984807770735637),(-1.,0.,0.),(0.,-0.173647412933884,
0.984807887854971),(0.,-0.173647412933884,0.984807887854971),(1.,0.,0.),
(-1.,0.,0.),(0.,-0.173649439704444,-0.98480753048011),(0.,0.,-0.999999999999957),
(1.,0.,0.),(-1.,0.,0.),(0.,-0.173646186834034,0.984808104047687),(0.,-0.173646186834034,
0.984808104047687),(1.,0.,0.),(1.,0.,0.),(0.,0.,-0.999999999999957),(-1.,
0.,0.),(0.,-0.342020767536897,0.939692393591367),(0.,-0.342020767536897,
0.939692393591367),(1.,0.,0.),(-1.,0.,0.),(0.,-0.342021555103183,-0.939692106939715),
(0.,-0.173649439704444,-0.98480753048011),(1.,0.,0.),(-1.,0.,0.),(0.,-0.500000795577368,
-0.866024944457144),(-1.,0.,0.),(0.,-0.34202146080314,0.939692141262279),
(0.,-0.34202146080314,0.939692141262279),(1.,0.,0.),(-1.,0.,0.),(0.,-0.342021555103183,
-0.939692106939715),(0.,-0.173647788178076,-0.984807821689522),(1.,0.,0.),
(-1.,0.,0.),(0.,0.173647310489091,-0.984807905918665),(-1.,0.,0.),(0.,-0.50000052879063,
0.866025098486811),(0.,-0.50000052879063,0.866025098486811),(1.,0.,0.),
(1.,0.,0.),(0.,-0.342021555103183,-0.939692106939715),(-1.,0.,0.),(0.,-0.500000922647027,
0.866024871093274),(0.,-0.500000922647027,0.866024871093274),(1.,0.,0.),
(-1.,0.,0.),(0.,-0.500000795577368,-0.866024944457144),(0.,-0.342021555103183,
-0.939692106939715),(1.,0.,0.),(-1.,0.,0.),(0.,0.342020577900591,-0.939692462613458),
(-1.,0.,0.),(0.,-0.642784913346092,0.766046705609166),(0.,-0.642784913346092,
0.766046705609166),(1.,0.,0.),(-1.,0.,0.),(0.,-0.64278484110179,0.766046766228895),
(-1.,0.,0.),(0.,-0.766043350756601,0.64278891151108),(-1.,0.,0.),(0.,-0.642784985588283,
-0.766046644991198),(0.,-0.500000795577368,-0.866024944457144),(1.,0.,0.),
(1.,0.,0.),(0.,-0.64278484110179,0.766046766228895),(-1.,0.,0.),(0.,-0.642785897454739,
-0.76604587984879),(0.,-0.500000795577368,-0.866024944457144),(1.,0.,0.),
(-1.,0.,0.),(0.,0.64278611255298,-0.766045699360702),(-1.,0.,0.),(0.,-0.76604343367557,
0.642788812692429),(0.,-0.76604343367557,0.642788812692429),(1.,0.,0.),
(-1.,0.,0.),(0.,0.500001980237369,-0.866024260490842),(-1.,0.,0.),(0.,-0.766043206265332,
-0.642789083708435),(0.,-0.642784985588283,-0.766046644991198),(1.,0.,0.),
(1.,0.,0.),(0.,-0.766043350756601,0.64278891151108),(-1.,0.,0.),(0.,-0.766043350756598,
-0.642788911511083),(0.,-0.642785897454739,-0.76604587984879),(1.,0.,0.),
(-1.,0.,0.),(0.,0.76604229501404,-0.642790169689629),(-1.,0.,0.),(0.,-0.866029304908894,
0.49999324299336),(0.,-0.866029304908894,0.49999324299336),(1.,0.,0.),(-1.,
0.,0.),(0.,-0.86602960345648,-0.499992725884099),(0.,-0.766043206265332,
-0.642789083708435),(1.,0.,0.),(-1.,0.,0.),(0.,-0.939693419571436,-0.342017948672493),
(-1.,0.,0.),(0.,0.999048162677912,-0.0436207364665915),(-1.,0.,0.),(0.,
-0.866029120679952,0.499993562092863),(0.,-0.866029120679952,0.499993562092863),
(1.,0.,0.),(-1.,0.,0.),(0.,-0.98480657339164,-0.173654867494739),(-1.,0.,
0.),(0.,-0.866029120679963,-0.499993562092843),(0.,-0.766043350756598,-0.642788911511083),
(1.,0.,0.),(-1.,0.,0.),(0.,0.939693663572219,-0.342017278280236),(-1.,0.,
0.),(0.,-0.939693372422054,0.34201807821527),(0.,-0.939693372422054,0.34201807821527),
(1.,0.,0.),(-1.,0.,0.),(0.,0.866025117414692,-0.500000496006623),(0.,-0.86602960345648,
-0.499992725884099),(1.,0.,0.),(-1.,0.,0.),(0.,-0.93969341957144,0.342017948672483),
(0.,-0.93969341957144,0.342017948672483),(1.,0.,0.),(-1.,0.,0.),(0.,-0.939693270549258,
-0.342018358110262),(0.,-0.866029120679963,-0.499993562092843),(1.,0.,0.),
(-1.,0.,0.),(0.,-0.984806604853408,0.173654689073184),(0.,-0.984806604853408,
0.173654689073184),(1.,0.,0.),(-1.,0.,0.),(0.,0.984808054741116,-0.173646466468564),
(0.,-0.939693419571436,-0.342017948672493),(1.,0.,0.),(-1.,0.,0.),(0.,-0.984806573391642,
0.173654867494732),(0.,-0.984806573391642,0.173654867494732),(1.,0.,0.),
(-1.,0.,0.),(0.,-0.984806523207514,-0.173655152091516),(0.,-0.939693270549258,
-0.342018358110262),(1.,0.,0.),(-1.,0.,0.),(0.,-0.999048116340395,0.0436217977244101),
(0.,-0.999048116340395,0.0436217977244101),(1.,0.,0.),(-1.,0.,0.),(0.,-0.999048117940522,
-0.0436217610774909),(0.,-0.98480657339164,-0.173654867494739),(1.,0.,0.),
(-1.,0.,0.),(0.,-0.999048117940522,0.0436217610774927),(0.,-0.999048117940522,
0.0436217610774927),(1.,0.,0.),(-1.,0.,0.),(0.,-0.999048124340989,-0.0436216144904225),
(0.,-0.984806523207514,-0.173655152091516),(1.,0.,0.),(1.,0.,0.),(0.,-0.999048117940522,
-0.0436217610774909),(0.,-0.999048124340989,-0.0436216144904225),(1.,0.,
0.),(1.,0.,0.),(0.,0.173647310489091,-0.984807905918665),(0.,0.342020577900591,
-0.939692462613458),(1.,0.,0.),(1.,0.,0.),(0.,0.500001980237369,-0.866024260490842),
(0.,0.64278611255298,-0.766045699360702),(1.,0.,0.),(1.,0.,0.),(0.,0.76604229501404,
-0.642790169689629),(0.,0.866025117414692,-0.500000496006623),(1.,0.,0.),
(1.,0.,0.),(0.,0.939693663572219,-0.342017278280236),(0.,0.984808054741116,
-0.173646466468564),(1.,0.,0.),(1.,0.,0.),(0.,0.999048162677912,-0.0436207364665915)),
$,(1,1,2,2,16,16,16,17,17,51,51,67,67,47,47,49,49,55,55,59,59,63,63,15,
15,15,48,48,18,18,74,74,50,50,56,56,60,60,64,64,68,68,6,6,6,3,3,3,817,817,
817,8,8,8,52,52,58,58,62,62,66,66,70,70,76,76,80,80,86,86,90,90,146,146,
146,360,360,360,9,9,9,4,4,4,5,5,5,814,814,814,7,7,7,820,820,820,818,818,
818,12,12,12,14,14,14,148,148,148,819,819,819,822,822,822,11,11,11,821,
821,821,826,826,826,10,10,823,823,823,13,13,20,20,19,19,82,82,57,57,61,
61,65,65,69,69,75,75,79,79,85,85,89,89,93,93,145,145,145,209,209,209,359,
359,359,816,816,816,824,824,824,825,825,825,365,365,147,147,147,366,366,
362,362,21,21,73,73,22,22,78,78,24,24,23,23,71,71,30,30,370,370,25,25,77,
77,26,26,28,28,29,29,53,53,27,27,31,31,32,32,36,36,34,34,33,33,45,45,35,
35,40,40,39,39,46,46,37,37,41,41,38,38,42,42,43,43,44,44,84,84,103,103,
83,83,88,88,104,104,54,54,72,72,81,81,373,373,377,377,381,381,391,391,407,
407,725,725,725,87,87,92,92,91,91,109,109,94,94,96,96,95,95,139,139,119,
119,133,133,137,137,97,97,98,98,100,100,99,99,141,141,101,101,102,102,106,
106,105,105,143,143,107,107,108,108,112,112,110,110,144,144,116,116,122,
122,126,126,111,111,113,113,114,114,120,120,142,142,115,115,117,117,118,
118,121,121,123,123,124,124,131,131,132,132,140,140,125,125,127,127,128,
128,130,130,129,129,134,134,138,138,135,135,136,136,210,210,210,150,150,
149,149,169,169,171,171,175,175,179,179,183,183,187,187,191,191,195,195,
199,199,203,203,229,229,726,726,726,369,369,374,374,378,378,382,382,392,
392,408,408,424,424,436,436,441,441,460,460,556,556,560,560,564,564,574,
574,590,590,610,610,634,634,650,650,172,172,176,176,180,180,184,184,188,
188,192,192,196,196,200,200,204,204,230,230,250,250,152,152,151,151,181,
181,173,173,177,177,178,178,170,170,174,174,154,154,153,153,155,155,182,
182,156,156,158,158,157,157,160,160,159,159,185,185,186,186,162,162,161,
161,164,164,163,163,166,166,165,165,189,189,168,168,167,167,193,193,190,
190,813,813,813,197,197,201,201,205,205,231,231,251,251,265,265,515,515,
525,525,529,529,533,533,537,537,541,541,194,194,198,198,202,202,206,206,
232,232,252,252,504,504,508,508,516,516,526,526,530,530,534,534,538,538,
815,815,815,208,208,207,207,211,211,257,257,247,247,224,224,212,212,260,
260,226,226,234,234,240,240,244,244,254,254,223,223,225,225,227,227,235,
235,241,241,245,245,255,255,261,261,269,269,277,277,285,285,228,228,236,
236,242,242,246,246,256,256,262,262,270,270,278,278,213,213,237,237,214,
214,268,268,215,215,221,221,216,216,276,276,217,217,219,219,218,218,220,
220,222,222,238,238,233,233,249,249,239,239,248,248,243,243,253,253,258,
258,284,284,264,264,263,263,266,266,506,506,494,494,492,492,496,496,502,
502,259,259,339,339,267,267,275,275,283,283,292,292,340,340,272,272,271,
271,273,273,274,274,532,532,514,514,524,524,528,528,280,280,279,279,281,
281,282,282,286,286,288,288,287,287,289,289,290,290,291,291,293,293,294,
294,296,296,295,295,523,523,527,527,531,531,297,297,495,495,503,503,507,
507,298,298,304,304,303,303,345,345,343,343,344,344,342,342,305,305,306,
306,300,300,299,299,301,301,302,302,308,308,307,307,536,536,309,309,310,
310,314,314,313,313,355,355,349,349,351,351,353,353,354,354,346,346,348,
348,350,350,315,315,316,316,312,312,311,311,491,491,493,493,501,501,505,
505,513,513,318,318,317,317,357,357,356,356,319,319,320,320,322,322,321,
321,358,358,323,323,324,324,326,326,325,325,327,327,328,328,330,330,329,
329,331,331,332,332,334,334,333,333,335,335,336,336,338,338,337,337,341,
341,347,347,352,352,385,385,393,393,397,397,401,401,409,409,413,413,417,
417,425,425,429,429,437,437,445,445,581,581,583,583,591,591,595,595,603,
603,615,615,627,627,383,383,386,386,394,394,398,398,402,402,410,410,414,
414,418,418,426,426,430,430,592,592,596,596,604,604,363,363,361,361,384,
384,364,364,388,388,367,367,387,387,368,368,396,396,371,371,395,395,372,
372,400,400,375,375,399,399,376,376,404,404,379,379,403,403,380,380,412,
412,389,389,411,411,390,390,416,416,405,405,415,415,406,406,420,420,421,
421,419,419,428,428,422,422,423,423,427,427,431,431,433,433,434,434,435,
435,432,432,440,440,438,438,584,584,442,442,439,439,443,443,444,444,448,
448,446,446,565,565,568,568,576,576,582,582,457,457,447,447,458,458,459,
459,559,559,563,563,573,573,449,449,452,452,450,450,451,451,473,473,453,
453,456,456,454,454,455,455,483,483,474,474,461,461,464,464,462,462,463,
463,487,487,484,484,476,476,475,475,551,551,555,555,465,465,468,468,466,
466,467,467,497,497,488,488,469,469,472,472,470,470,471,471,509,509,498,
498,477,477,480,480,478,478,479,479,517,517,510,510,486,486,485,485,544,
544,547,547,552,552,481,481,567,567,575,575,482,482,521,521,518,518,490,
490,489,489,500,500,499,499,512,512,511,511,520,520,519,519,522,522,548,
548,535,535,540,540,539,539,542,542,599,599,600,600,602,602,601,601,545,
545,543,543,566,566,546,546,570,570,549,549,569,569,550,550,578,578,553,
553,577,577,554,554,580,580,557,557,579,579,558,558,586,586,561,561,585,
585,562,562,594,594,571,571,593,593,572,572,598,598,587,587,597,597,588,
588,606,606,589,589,607,607,605,605,618,618,608,608,609,609,612,612,611,
611,613,613,614,614,616,616,617,617,629,629,631,631,632,632,633,633,620,
620,619,619,621,621,622,622,628,628,630,630,624,624,623,623,625,625,626,
626,636,636,635,635,637,637,638,638,639,639,642,642,640,640,647,647,641,
641,648,648,649,649,644,644,643,643,645,645,646,646,655,655,658,658,656,
656,677,677,657,657,652,652,651,651,653,653,654,654,680,680,678,678,679,
679,660,660,659,659,661,661,662,662,669,669,672,672,670,670,671,671,693,
693,664,664,663,663,665,665,666,666,668,668,667,667,673,673,676,676,674,
674,675,675,703,703,694,694,681,681,684,684,682,682,683,683,707,707,704,
704,696,696,695,695,685,685,688,688,686,686,687,687,711,711,708,708,689,
689,692,692,690,690,691,691,715,715,712,712,697,697,700,700,698,698,699,
699,719,719,716,716,706,706,705,705,701,701,702,702,723,723,720,720,710,
710,709,709,714,714,713,713,718,718,717,717,722,722,721,721,724,724,732,
732,728,728,727,727,731,731,735,735,739,739,743,743,747,747,751,751,755,
755,759,759,803,803,903,903,729,729,730,730,733,733,734,734,736,736,756,
756,738,738,740,740,742,742,744,744,746,746,748,748,750,750,752,752,754,
754,758,758,762,762,766,766,770,770,828,828,831,831,827,827,830,830,833,
833,829,829,835,835,832,832,737,737,764,764,836,836,760,760,834,834,839,
839,838,838,741,741,841,841,837,837,843,843,840,840,745,745,845,845,842,
842,847,847,844,844,749,749,849,849,846,846,851,851,848,848,753,753,853,
853,850,850,855,855,852,852,757,757,857,857,854,854,859,859,856,856,761,
761,861,861,858,858,763,763,863,863,860,860,765,765,865,865,862,862,767,
767,867,867,768,768,864,864,769,769,869,869,866,866,771,771,871,871,772,
772,868,868,776,776,773,773,873,873,774,774,870,870,804,804,775,775,875,
875,872,872,777,777,877,877,778,778,874,874,805,805,779,779,879,879,781,
781,785,785,780,780,876,876,881,881,782,782,878,878,807,807,783,783,883,
883,806,806,784,784,880,880,885,885,786,786,882,882,808,808,787,787,887,
887,788,788,884,884,792,792,812,812,789,789,889,889,796,796,790,790,886,
886,810,810,791,791,891,891,809,809,888,888,793,793,893,893,794,794,890,
890,795,795,895,895,811,811,892,892,797,797,897,897,798,798,894,894,799,
799,899,899,800,800,896,896,801,801,901,901,802,802,898,898,900,900,902,
902,904,904,905,905,906,906,907,907,908,908,909,909,910,910,911,911,912,
912),((1,3,5),(9,3,1),(10,2,7),(2,12,8),(14,16,2),(14,2,10),(2,16,18),(2,
18,20),(20,22,2),(2,22,12),(5,3,24),(4,27,25),(9,29,3),(30,31,4),(4,33,
27),(35,33,4),(37,35,4),(37,4,39),(4,41,39),(4,31,41),(43,24,46),(47,26,
49),(52,24,43),(52,5,24),(25,27,55),(25,55,57),(25,57,59),(59,61,25),(25,
61,63),(25,63,65),(65,67,25),(25,67,69),(25,69,71),(73,25,71),(76,25,73),
(49,26,78),(48,50,44),(79,82,86),(84,88,85),(91,82,79),(93,95,83),(97,88,
84),(83,95,98),(79,86,100),(100,86,103),(104,87,106),(106,87,90),(45,109,
53),(44,50,110),(81,112,92),(92,112,94),(115,5,52),(54,118,116),(53,109,
119),(102,121,80),(80,121,113),(103,124,5),(126,6,125),(129,124,103),(124,
129,132),(124,132,133),(135,125,134),(126,125,135),(115,103,5),(7,137,10),
(7,139,137),(141,139,7),(7,143,141),(7,145,143),(7,147,145),(149,147,7),
(151,149,7),(151,7,153),(7,155,153),(7,158,155),(162,158,7),(7,164,162),
(168,164,7),(167,6,126),(100,103,115),(117,170,101),(116,118,171),(101,
170,122),(107,130,105),(173,131,130),(175,130,107),(175,178,130),(173,130,
180),(180,130,178),(182,29,9),(8,184,183),(8,12,184),(182,186,29),(187,
188,30),(30,188,31),(133,132,190),(133,190,192),(194,134,193),(135,134,
194),(196,191,131),(198,196,131),(198,131,173),(200,186,182),(183,202,201),
(183,184,202),(200,204,186),(205,206,187),(187,206,188),(192,190,197),(192,
197,208),(210,193,209),(194,193,210),(212,204,200),(201,202,213),(212,207,
204),(215,207,212),(202,214,213),(215,216,207),(218,206,217),(218,188,206),
(208,197,220),(208,220,222),(224,209,223),(210,209,224),(221,196,198),(226,
216,215),(227,214,202),(226,219,216),(222,220,228),(222,228,230),(224,223,
231),(229,221,232),(232,221,198),(234,219,226),(235,227,236),(236,227,202),
(234,238,219),(239,188,218),(237,238,234),(237,241,238),(240,188,239),(230,
228,233),(230,233,225),(242,241,237),(236,202,243),(242,244,241),(245,246,
240),(240,246,188),(248,244,242),(243,202,250),(243,250,249),(245,252,246),
(254,252,245),(255,244,248),(225,233,256),(225,256,211),(257,232,258),(258,
232,198),(34,15,28),(28,15,11),(34,17,15),(28,11,56),(36,17,34),(36,19,
17),(56,11,138),(56,138,58),(211,256,259),(211,259,195),(38,19,36),(38,
21,19),(58,138,140),(58,140,60),(40,21,38),(40,23,21),(60,140,142),(60,
142,62),(42,23,40),(42,13,23),(62,142,144),(62,144,64),(32,13,42),(32,185,
13),(64,144,146),(64,146,66),(195,259,260),(195,260,136),(258,198,261),
(189,185,32),(189,203,185),(66,146,148),(66,148,68),(247,203,189),(247,
251,203),(68,148,150),(68,150,70),(260,127,136),(261,198,262),(261,262,
264),(264,266,261),(266,268,261),(261,268,270),(261,270,272),(274,127,260),
(253,251,247),(253,276,251),(249,250,275),(70,150,152),(70,152,72),(277,
276,253),(277,279,276),(281,275,280),(249,275,281),(254,278,252),(72,152,
154),(72,154,283),(73,71,284),(286,279,277),(286,287,279),(289,280,288),
(281,280,291),(291,280,293),(295,293,280),(295,280,289),(285,278,254),(283,
154,297),(153,155,298),(283,297,299),(284,300,73),(302,287,286),(302,303,
287),(305,288,304),(289,288,305),(254,301,285),(299,297,307),(155,308,298),
(299,307,309),(73,300,310),(312,303,302),(312,313,303),(315,304,314),(305,
304,315),(254,311,301),(309,307,317),(155,318,308),(309,317,319),(73,310,
320),(282,255,248),(321,311,254),(282,323,255),(325,254,324),(254,327,321),
(254,329,327),(331,329,254),(73,331,254),(73,254,325),(322,313,312),(322,
333,313),(315,314,334),(319,317,336),(155,335,318),(319,336,337),(320,338,
73),(292,323,282),(292,340,323),(341,324,339),(325,324,341),(328,333,322),
(328,343,333),(334,344,315),(337,336,346),(345,335,155),(337,346,347),(73,
338,348),(330,343,328),(330,349,343),(315,344,350),(347,346,352),(155,351,
345),(347,352,353),(73,348,354),(355,340,292),(291,293,356),(355,357,340),
(359,339,358),(341,339,359),(332,349,330),(332,361,349),(350,362,315),(353,
352,364),(155,363,351),(353,364,365),(366,73,354),(368,361,332),(368,369,
361),(315,362,370),(367,331,73),(365,364,369),(155,370,363),(365,369,368),
(367,73,366),(315,370,155),(294,357,355),(294,371,357),(373,358,372),(359,
358,373),(375,371,294),(376,293,295),(375,377,371),(373,372,378),(296,377,
375),(296,374,377),(290,374,296),(290,360,374),(306,360,290),(306,342,360),
(316,342,306),(316,326,342),(316,157,326),(326,157,74),(156,160,75),(75,
160,379),(73,381,76),(383,176,108),(384,176,383),(385,386,177),(177,386,
388),(177,388,390),(390,392,177),(177,392,394),(177,394,396),(396,398,177),
(177,398,400),(177,400,402),(402,404,177),(177,404,406),(177,406,408),(411,
178,175),(413,411,175),(175,415,413),(175,417,415),(419,417,175),(175,421,
419),(175,423,421),(425,423,175),(175,427,425),(175,429,427),(431,429,175),
(175,433,431),(175,435,433),(437,435,175),(437,175,439),(439,175,441),(175,
443,441),(175,445,443),(410,445,175),(106,447,382),(106,449,447),(451,449,
106),(106,453,451),(106,455,453),(457,455,106),(106,459,457),(106,461,459),
(463,461,106),(106,465,463),(106,467,465),(90,467,106),(384,383,469),(384,
469,471),(472,473,385),(475,386,385),(385,477,475),(385,473,477),(382,480,
470),(382,447,481),(481,483,382),(382,483,480),(471,469,485),(471,485,487),
(489,472,488),(489,473,472),(470,491,486),(470,480,491),(487,485,493),(487,
493,490),(486,491,494),(490,493,496),(490,496,497),(498,473,489),(494,491,
495),(497,496,499),(497,499,501),(502,503,498),(498,503,473),(495,506,500),
(495,491,506),(501,499,508),(501,508,509),(510,503,502),(507,500,511),(511,
500,506),(509,508,512),(509,512,513),(514,503,510),(513,512,515),(513,515,
517),(518,519,514),(514,519,503),(511,506,516),(517,515,521),(517,521,523),
(524,525,518),(518,525,519),(516,527,522),(516,506,527),(523,521,529),(524,
532,525),(534,532,524),(524,536,534),(524,538,536),(540,538,524),(524,542,
540),(544,542,524),(524,546,544),(524,548,546),(550,548,524),(524,552,550),
(524,554,552),(531,554,524),(522,527,556),(522,556,558),(522,558,560),(560,
562,522),(522,562,564),(522,564,566),(566,568,522),(522,568,570),(522,570,
572),(572,574,522),(522,574,576),(576,578,522),(522,578,580),(522,580,582),
(529,521,584),(448,387,482),(482,387,476),(448,389,387),(482,476,484),(450,
389,448),(450,391,389),(484,476,478),(484,478,479),(452,391,450),(452,393,
391),(479,478,474),(479,474,492),(454,393,452),(454,395,393),(492,474,504),
(492,504,505),(456,395,454),(456,397,395),(505,504,520),(505,520,528),(458,
397,456),(458,399,397),(528,520,526),(528,526,557),(460,399,458),(460,401,
399),(557,526,533),(557,533,559),(462,401,460),(462,403,401),(559,533,535),
(559,535,561),(464,403,462),(464,405,403),(561,535,537),(561,537,563),(405,
464,407),(407,464,466),(537,565,563),(539,565,537),(585,380,587),(590,585,
587),(587,380,159),(158,591,588),(588,593,589),(588,591,593),(381,586,595),
(590,597,585),(598,599,586),(586,601,595),(586,603,601),(605,603,586),(607,
605,586),(586,609,607),(586,599,609),(611,613,158),(158,615,611),(158,613,
591),(158,617,615),(619,617,158),(158,621,619),(623,621,158),(158,625,623),
(158,627,625),(629,627,158),(631,629,158),(162,631,158),(595,633,381),(381,
633,635),(381,635,637),(637,639,381),(381,639,641),(381,641,643),(643,645,
381),(381,645,647),(381,647,76),(649,597,590),(589,651,650),(589,593,651),
(649,653,597),(654,655,598),(598,655,599),(657,653,649),(650,659,658),(650,
651,659),(657,661,653),(662,663,654),(654,663,655),(665,661,657),(658,667,
666),(658,659,667),(665,669,661),(670,671,662),(662,671,673),(662,673,663),
(668,669,665),(668,672,669),(660,672,668),(660,674,672),(652,674,660),(652,
675,674),(663,673,676),(602,612,596),(596,612,616),(602,614,612),(596,616,
634),(604,614,602),(604,677,614),(613,678,591),(634,616,618),(634,618,636),
(468,407,466),(468,680,407),(408,406,679),(565,539,541),(565,541,567),(606,
677,604),(606,681,677),(591,678,682),(636,618,620),(636,620,638),(594,675,
652),(594,683,675),(663,676,684),(608,681,606),(608,685,681),(591,682,686),
(638,620,622),(638,622,640),(610,685,608),(610,688,685),(686,687,591),(640,
622,624),(640,624,642),(592,683,594),(592,689,683),(690,691,684),(684,691,
663),(693,680,468),(693,695,680),(408,679,696),(90,694,467),(567,541,543),
(567,543,697),(698,699,566),(701,703,566),(703,705,566),(566,707,701),(566,
705,568),(566,699,707),(600,688,610),(591,687,709),(600,710,688),(642,624,
626),(642,626,644),(711,689,592),(591,709,713),(715,591,713),(717,591,715),
(717,712,591),(690,719,691),(721,719,690),(722,689,711),(656,710,600),(656,
714,710),(644,626,628),(644,628,646),(723,695,693),(723,725,695),(696,726,
408),(724,694,90),(697,543,728),(544,727,542),(697,728,729),(698,730,731),
(698,733,699),(735,733,698),(735,698,737),(737,698,731),(664,714,656),(664,
716,714),(646,628,630),(646,630,648),(739,725,723),(739,741,725),(408,726,
742),(724,90,740),(729,728,744),(743,727,544),(729,744,745),(731,730,746),
(692,716,664),(692,718,716),(648,630,632),(648,632,748),(76,647,747),(749,
741,739),(749,751,741),(408,742,752),(740,90,750),(745,744,754),(544,753,
743),(745,754,755),(731,746,756),(720,718,692),(720,757,718),(758,712,717),
(748,632,760),(759,631,162),(748,760,761),(76,747,762),(764,751,749),(764,
765,751),(767,752,766),(767,769,752),(752,769,771),(752,771,408),(90,763,
750),(755,754,773),(753,775,774),(753,777,775),(779,777,753),(779,753,544),
(755,773,781),(756,782,731),(784,757,720),(784,785,757),(786,787,758),(758,
789,712),(758,787,789),(719,792,783),(721,793,719),(719,793,792),(761,760,
795),(162,796,759),(761,795,797),(76,762,798),(800,765,764),(800,801,765),
(766,802,767),(90,799,763),(781,773,804),(774,775,803),(781,804,805),(731,
782,806),(808,801,800),(808,809,801),(767,802,810),(811,807,799),(811,799,
90),(805,804,813),(775,814,803),(805,813,815),(731,806,816),(818,785,784),
(818,819,785),(820,821,786),(786,823,787),(825,823,786),(786,827,825),(786,
821,827),(783,830,817),(783,792,831),(783,831,833),(833,835,783),(783,835,
830),(797,795,837),(162,838,796),(797,837,839),(798,840,76),(842,809,808),
(842,843,809),(844,845,810),(845,847,810),(810,847,849),(810,849,851),(853,
810,851),(767,810,853),(841,807,811),(815,813,843),(814,775,844),(815,843,
842),(841,811,816),(816,811,731),(844,775,845),(855,819,818),(855,857,819),
(858,859,820),(820,859,821),(817,861,856),(817,830,861),(839,837,863),(864,
838,162),(839,863,865),(76,840,866),(868,857,855),(868,869,857),(858,870,
859),(856,871,867),(856,861,871),(865,863,873),(162,874,864),(865,873,875),
(76,866,876),(878,869,868),(878,879,869),(859,870,880),(867,871,877),(875,
873,882),(162,881,874),(875,882,883),(76,876,884),(886,879,878),(886,887,
879),(859,880,888),(871,885,877),(883,882,890),(889,881,162),(883,890,891),
(884,892,76),(894,887,886),(894,895,887),(888,896,859),(893,885,871),(891,
890,898),(162,897,889),(891,898,899),(76,892,900),(902,895,894),(902,903,
895),(859,896,904),(871,901,893),(899,898,903),(162,904,897),(899,903,902),
(871,900,901),(76,900,871),(859,904,162),(906,722,711),(712,789,905),(906,
794,722),(790,794,906),(790,791,794),(788,791,790),(788,832,791),(907,832,
788),(823,908,787),(907,834,832),(824,834,907),(824,836,834),(826,836,824),
(826,909,836),(835,910,830),(828,909,826),(828,829,909),(822,829,828),(822,
862,829),(860,862,822),(860,872,862),(860,163,872),(872,163,77),(161,911,
78),(161,913,911),(915,913,161),(161,917,915),(161,919,917),(161,921,919),
(923,921,161),(161,925,923),(161,927,925),(929,927,161),(929,161,931),(931,
161,933),(161,935,933),(161,937,935),(939,937,161),(941,939,161),(161,943,
941),(161,945,943),(166,945,161),(78,911,947),(78,947,949),(78,949,951),
(951,953,78),(78,953,955),(78,955,957),(78,957,959),(959,961,78),(78,961,
963),(78,963,965),(965,967,78),(78,967,969),(78,969,971),(78,971,49),(973,
181,976),(976,181,179),(977,974,975),(976,179,979),(981,975,980),(977,975,
981),(973,174,181),(983,174,973),(985,984,974),(985,974,977),(979,179,412),
(979,412,987),(989,980,988),(981,980,989),(983,199,174),(991,199,983),(993,
992,984),(993,984,985),(987,412,414),(987,414,995),(997,988,996),(989,988,
997),(991,263,199),(999,263,991),(1001,1000,992),(1001,992,993),(995,414,
416),(995,416,1003),(1005,996,1004),(997,996,1005),(999,265,263),(1007,
265,999),(1009,1008,1000),(1009,1000,1001),(1003,416,418),(1003,418,1011),
(1013,1004,1012),(1005,1004,1013),(1007,267,265),(1015,267,1007),(1017,
1016,1008),(1017,1008,1009),(1011,418,420),(1011,420,1019),(1021,1012,1020),
(1013,1012,1021),(1015,269,267),(912,978,948),(948,978,982),(948,982,950),
(912,986,978),(914,986,912),(950,982,990),(950,990,952),(914,994,986),(1023,
269,1015),(1025,1024,1016),(1025,1016,1017),(1019,420,422),(1019,422,1027),
(1029,1020,1028),(1021,1020,1029),(1023,271,269),(916,994,914),(952,990,
998),(952,998,954),(916,1002,994),(918,1002,916),(954,998,1006),(954,1006,
956),(918,1010,1002),(920,1010,918),(956,1006,1014),(956,1014,958),(920,
1018,1010),(1031,271,1023),(1033,1024,1025),(1033,1032,1024),(1027,422,
424),(1029,1028,1035),(1027,424,1037),(1035,1028,1038),(1031,1040,271),
(270,1039,272),(922,1018,920),(958,1014,1022),(958,1022,960),(922,1026,
1018),(924,1026,922),(960,1022,1030),(960,1030,962),(924,1034,1026),(926,
1034,924),(962,1030,1036),(962,1036,964),(1041,1032,1033),(926,1042,1034),
(1043,1040,1031),(1041,1044,1032),(1037,424,426),(1035,1038,1045),(1045,
1038,1047),(1037,426,1048),(1043,1049,1040),(272,1039,1050),(928,1042,926),
(964,1036,1046),(964,1046,966),(928,1052,1042),(1051,1044,1041),(930,1052,
928),(966,1046,1053),(966,1053,1055),(1056,1057,965),(965,1057,967),(1051,
1059,1044),(1060,1049,1043),(930,1061,1052),(1062,1059,1051),(1045,1047,
1054),(1048,426,428),(1054,1047,1063),(1048,428,1064),(1060,1065,1049),
(272,1050,1066),(932,1061,930),(1055,1053,1068),(1055,1068,1069),(1070,
1071,1056),(1056,1071,1073),(1056,1073,1075),(1075,1077,1056),(1056,1077,
1057),(1062,1079,1059),(932,1081,1061),(1082,1079,1062),(1054,1063,1067),
(1080,1065,1060),(1064,428,430),(1067,1063,1083),(1064,430,1084),(1080,
1085,1065),(1087,1066,1086),(1087,1089,1066),(1066,1089,1091),(1066,1091,
272),(1093,1081,932),(931,933,1094),(1069,1068,1095),(1069,1095,1097),(1070,
1098,1071),(1093,1099,1081),(1100,1101,1082),(1082,1101,1079),(1067,1083,
1096),(1103,1099,1093),(1094,933,1104),(1097,1095,1105),(1097,1105,1107),
(1071,1098,1108),(1103,1109,1099),(1110,1111,1100),(1100,1111,1101),(1096,
1113,1106),(1096,1083,1113),(1115,1109,1103),(933,1116,1104),(1107,1105,
1117),(1107,1117,1119),(1108,1120,1071),(1115,1121,1109),(1122,1123,1110),
(1110,1123,1111),(1106,1125,1118),(1106,1113,1125),(1102,1085,1080),(1084,
430,1127),(1084,1127,1114),(1102,1130,1085),(1129,1131,1086),(1086,1131,
1133),(1086,1133,1087),(431,1128,429),(1135,1121,1115),(933,1136,1116),
(1119,1117,1137),(1119,1137,1139),(1071,1120,1140),(1135,1141,1121),(1142,
1143,1122),(1122,1143,1123),(1118,1145,1138),(1118,1125,1145),(1147,1141,
1135),(933,1148,1136),(1139,1137,1149),(1139,1149,1151),(1071,1140,1152),
(1147,1153,1141),(1154,1155,1142),(1142,1155,1143),(1138,1157,1150),(1138,
1145,1157),(1159,1153,1147),(1160,1148,933),(1151,1149,1161),(1151,1161,
1163),(1152,1164,1071),(1159,1165,1153),(1166,1167,1154),(1154,1167,1155),
(1150,1169,1162),(1150,1157,1169),(1112,1130,1102),(1114,1127,1171),(1114,
1171,1126),(1112,1174,1130),(1175,1129,1173),(1175,1177,1129),(1129,1177,
1131),(1179,1172,1128),(1179,1128,431),(1181,1165,1159),(1183,1182,1160),
(1183,1160,1185),(1185,1160,933),(1163,1161,1187),(1163,1187,1181),(1071,
1164,1182),(1181,1187,1165),(1188,1189,1166),(1166,1189,1167),(1162,1191,
1188),(1162,1169,1191),(1071,1182,1183),(1188,1191,1189),(1124,1174,1112),
(1126,1171,1193),(1126,1193,1146),(1124,1196,1174),(1173,1195,1175),(1194,
1172,1179),(1144,1196,1124),(1146,1193,1197),(1146,1197,1158),(1144,1200,
1196),(1175,1195,1199),(1198,1194,1179),(702,846,704),(704,846,776),(702,
848,846),(704,776,706),(708,848,702),(708,850,848),(706,776,778),(706,778,
569),(1156,1200,1144),(1158,1197,1201),(1158,1201,1170),(1156,1204,1200),
(1175,1199,1203),(1179,1202,1198),(700,850,708),(700,852,850),(569,778,
780),(569,780,571),(734,852,700),(734,854,852),(571,780,545),(571,545,573),
(1168,1204,1156),(1170,1201,1205),(1170,1205,1192),(1168,1208,1204),(1203,
1207,1175),(1179,1206,1202),(736,854,734),(736,768,854),(573,545,547),(573,
547,575),(1190,1208,1168),(1192,1205,1209),(1192,1209,1190),(1190,1209,
1208),(1175,1207,1210),(1211,1210,1206),(1211,1206,1179),(1175,1210,1211),
(738,768,736),(738,770,768),(575,547,549),(575,549,577),(732,770,738),(732,
772,770),(577,549,551),(577,551,579),(812,772,732),(812,1213,772),(408,
771,1214),(579,551,553),(579,553,581),(1215,1213,812),(1215,1217,1213),
(408,1214,1218),(90,1216,811),(581,553,555),(581,555,1219),(582,580,1220),
(1217,1215,1221),(1218,1222,408),(1221,1215,1223),(90,1224,1216),(555,1226,
1219),(1227,1226,555),(531,1228,554),(582,1220,1225),(1229,1176,1232),(1232,
1176,1212),(1233,1230,1231),(1232,1212,1235),(1237,1231,1236),(1233,1231,
1237),(1229,1178,1176),(1239,1178,1229),(1241,1240,1230),(1241,1230,1233),
(1235,1212,1180),(1235,1180,1243),(1245,1236,1244),(1237,1236,1245),(1239,
1132,1178),(1247,1132,1239),(1249,1248,1240),(1249,1240,1241),(1243,1180,
432),(1243,432,1251),(1253,1244,1252),(1245,1244,1253),(1247,1134,1132),
(1255,1134,1247),(1257,1256,1248),(1257,1248,1249),(1251,432,434),(1251,
434,1259),(1261,1252,1260),(1253,1252,1261),(1255,1088,1134),(1263,1088,
1255),(1265,1264,1256),(1265,1256,1257),(1259,434,436),(1259,436,1267),
(1269,1260,1268),(1261,1260,1269),(1263,1090,1088),(1271,1090,1263),(1273,
1272,1264),(1273,1264,1265),(1267,436,438),(1267,438,1275),(1277,1268,1276),
(1269,1268,1277),(1271,1092,1090),(1184,1234,1072),(1072,1234,1238),(1072,
1238,1074),(1184,1242,1234),(1186,1242,1184),(1074,1238,1246),(1074,1246,
1076),(1186,1250,1242),(1279,1092,1271),(1281,1280,1272),(1281,1272,1273),
(1275,438,440),(1275,440,1283),(1285,1276,1284),(1277,1276,1285),(1279,
1287,1092),(272,1091,1288),(934,1250,1186),(1076,1246,1254),(1076,1254,
1078),(934,1258,1250),(936,1258,934),(1078,1254,1262),(1078,1262,1058),
(936,1266,1258),(938,1266,936),(1058,1262,1270),(1058,1270,968),(938,1274,
1266),(1290,1287,1279),(1291,1280,1281),(1291,1289,1280),(1283,440,442),
(1285,1284,1293),(1283,442,1295),(1293,1284,1296),(1290,1298,1287),(272,
1288,1297),(940,1274,938),(968,1270,1278),(968,1278,970),(940,1282,1274),
(942,1282,940),(970,1278,1286),(970,1286,972),(942,1292,1282),(1299,1221,
1223),(1299,1301,1221),(408,1222,1302),(1300,1224,90),(1226,1227,1304),
(1303,1228,531),(1226,1304,1305),(1225,1306,582),(944,1292,942),(972,1286,
1294),(972,1294,1307),(49,971,1308),(1309,1289,1291),(944,1310,1292),(1311,
1298,1290),(1309,1312,1289),(1295,442,444),(1293,1296,1313),(1313,1296,
1315),(1295,444,1316),(1311,1317,1298),(1297,1318,272),(1319,1301,1299),
(1319,1321,1301),(408,1302,1322),(1320,1300,90),(1305,1304,1324),(1323,
1303,531),(1305,1324,1325),(582,1306,1326),(946,1310,944),(1307,1294,1314),
(1307,1314,1327),(49,1308,1328),(946,1329,1310),(1330,1312,1309),(1331,
1321,1319),(1331,1333,1321),(1322,1334,408),(90,1332,1320),(1325,1324,1336),
(1323,531,1335),(1325,1336,1337),(582,1326,1338),(1340,1333,1331),(1340,
1341,1333),(408,1334,1342),(90,1339,1332),(1337,1336,1344),(531,1343,1335),
(1337,1344,1345),(1338,1346,582),(1347,1329,946),(166,1348,945),(1327,1314,
1349),(1327,1349,1351),(49,1328,1352),(1330,1353,1312),(1354,1317,1311),
(1347,1355,1329),(1356,1353,1330),(1313,1315,1350),(1316,444,446),(1350,
1315,1357),(1316,446,1358),(1354,1359,1317),(272,1318,1360),(1361,1341,
1340),(1361,1363,1341),(408,1342,1364),(1362,1339,90),(1345,1344,1366),
(531,1365,1343),(1345,1366,1367),(582,1346,1368),(1369,1355,1347),(1370,
1348,166),(1351,1349,1371),(1351,1371,1373),(1352,1374,49),(1356,1375,1353),
(1369,1377,1355),(1378,1375,1356),(1350,1357,1372),(1379,1363,1361),(1379,
1381,1363),(1364,1382,408),(90,1380,1362),(1367,1366,1384),(1383,1365,531),
(1367,1384,1385),(582,1368,1386),(1376,1359,1354),(1358,446,1387),(1372,
1357,1390),(1358,1387,1389),(1376,1392,1359),(272,1360,1391),(410,1388,
445),(1393,1381,1379),(1393,1395,1381),(408,1382,1396),(90,1394,1380),(1385,
1384,1398),(531,1397,1383),(1385,1398,1399),(1386,1400,582),(1401,1377,
1369),(166,1402,1370),(1373,1371,1403),(1373,1403,1405),(49,1374,1406),
(1401,1407,1377),(1408,1409,1378),(1378,1409,1375),(1372,1390,1404),(1411,
1395,1393),(1411,1413,1395),(408,1396,1414),(1412,1394,90),(1399,1398,1416),
(531,1415,1397),(1399,1416,1417),(582,1400,1418),(1420,1413,1411),(1420,
1421,1413),(408,1414,1422),(582,1419,1412),(582,1412,90),(1417,1416,1421),
(1422,1415,531),(1417,1421,1420),(582,1418,1419),(408,1422,531),(1423,1407,
1401),(166,1424,1402),(1405,1403,1425),(1405,1425,1427),(49,1406,1428),
(1423,1429,1407),(1430,1431,1408),(1408,1431,1409),(1404,1433,1426),(1404,
1390,1433),(1435,1429,1423),(1436,1424,166),(1427,1425,1437),(1427,1437,
1439),(1428,1440,49),(1435,1441,1429),(1442,1443,1430),(1430,1443,1431),
(1426,1445,1438),(1426,1433,1445),(1410,1392,1376),(1389,1387,1447),(1389,
1447,1434),(1410,1450,1392),(1391,1449,272),(1448,1388,410),(1451,1441,
1435),(166,1452,1436),(1439,1437,1453),(1439,1453,1455),(49,1440,1456),
(1451,1457,1441),(1458,1459,1442),(1442,1459,1443),(1438,1461,1454),(1438,
1445,1461),(1463,1457,1451),(166,1464,1452),(1455,1453,1465),(1455,1465,
1467),(1456,1468,49),(1463,1469,1457),(1470,1471,1458),(1458,1471,1459),
(1454,1473,1466),(1454,1461,1473),(1475,1469,1463),(1476,1464,166),(1467,
1465,1477),(1467,1477,1479),(49,1468,1480),(1475,1481,1469),(1482,1483,
1470),(1470,1483,1471),(1466,1485,1478),(1466,1473,1485),(1432,1450,1410),
(1434,1447,1487),(1434,1487,1446),(1432,1490,1450),(1449,1489,272),(410,
1488,1448),(1491,1481,1475),(166,1492,1476),(1479,1477,1493),(1479,1493,
1491),(166,1480,1492),(49,1480,166),(1491,1493,1481),(1494,1495,1482),(1482,
1495,1483),(1478,1497,1494),(1478,1485,1497),(1494,1497,1495),(1444,1490,
1432),(1446,1487,1499),(1446,1499,1462),(1444,1502,1490),(272,1489,1501),
(410,1500,1488),(1460,1502,1444),(1462,1499,1503),(1462,1503,1474),(1460,
1506,1502),(272,1501,1505),(1504,1500,410),(1472,1506,1460),(1474,1503,
1507),(1474,1507,1486),(1472,1510,1506),(1505,1509,272),(410,1508,1504),
(1484,1510,1472),(1486,1507,1511),(1486,1511,1498),(1484,1514,1510),(1509,
1513,272),(410,1512,1508),(1496,1514,1484),(1498,1511,1515),(1498,1515,
1496),(1496,1515,1514),(272,1513,1516),(410,1516,1512),(272,1516,410),(409,
1517,273),(273,1519,1521),(1521,1523,273),(273,1517,1519),(273,1523,1525),
(273,1525,1527),(1527,1529,273),(273,1529,1531),(273,1531,1533),(1535,273,
1533),(1537,273,1535),(1537,1539,273),(1540,1541,274),(274,1541,127),(1543,
409,1545),(1547,409,1543),(409,1549,1545),(409,1551,1517),(1547,1553,409),
(409,1555,1549),(1557,1551,409),(1559,1555,409),(1561,1557,409),(409,1563,
1559),(409,1565,1561),(409,1567,1563),(409,1569,1565),(409,1572,1567),(1553,
1569,409),(1573,1572,409),(1575,1573,409),(409,1577,1575),(409,1579,1577),
(530,1579,409),(1520,1581,1522),(1584,1524,1522),(1522,1581,1585),(1584,
1522,1585),(1581,1520,1518),(1546,1588,1544),(1589,1548,1544),(1544,1588,
1592),(1589,1544,1592),(1588,1546,1550),(1593,1526,1524),(1593,1524,1584),
(1596,1518,1552),(1581,1518,1596),(1547,1597,1599),(1601,1598,1548),(1603,
1553,1547),(1547,1599,1603),(1601,1548,1589),(1605,1550,1556),(1588,1550,
1605),(1608,1528,1526),(1608,1526,1593),(1609,1552,1558),(1596,1552,1609),
(1599,1597,1611),(1613,1612,1598),(1613,1598,1601),(1616,1556,1560),(1605,
1556,1616),(1617,1530,1528),(1617,1528,1608),(1620,1558,1562),(1609,1558,
1620),(1599,1611,1621),(1623,1622,1612),(1623,1612,1613),(1626,1560,1564),
(1616,1560,1626),(1627,1532,1530),(1627,1530,1617),(1630,1562,1566),(1620,
1562,1630),(1621,1631,1599),(1633,1632,1622),(1633,1622,1623),(1636,1564,
1568),(1626,1564,1636),(1637,1534,1532),(1637,1532,1627),(1640,1566,1570),
(1630,1566,1640),(1599,1631,1641),(1643,1642,1632),(1643,1632,1633),(1646,
1568,1571),(1636,1568,1646),(1647,1536,1534),(1647,1534,1637),(1650,1570,
1554),(1640,1570,1650),(1599,1641,1651),(1653,1652,1642),(1653,1642,1643),
(1656,1571,1574),(1646,1571,1656),(1657,1538,1536),(1657,1536,1647),(1660,
1554,1604),(1650,1554,1660),(1661,1599,1651),(1663,1662,1652),(1663,1652,
1653),(1666,1574,1576),(1656,1574,1666),(1667,1539,1537),(1669,1668,1538),
(1669,1538,1657),(1672,1604,1600),(1660,1604,1672),(1673,1599,1661),(1675,
1674,1662),(1675,1662,1663),(1678,1576,1578),(1666,1576,1678),(1667,1679,
1539),(1681,1680,1668),(1681,1668,1669),(1673,1683,1599),(1685,1600,1684),
(1672,1600,1685),(1687,1683,1673),(1689,1688,1674),(1689,1674,1675),(1692,
1578,1580),(1678,1578,1692),(1539,1679,1693),(1695,1694,1680),(1695,1680,
1681),(1687,1697,1683),(1699,1684,1698),(1685,1684,1699),(1701,1697,1687),
(1687,1703,1701),(1705,1704,1688),(1705,1688,1689),(530,1707,1579),(1709,
1580,1708),(1692,1580,1709),(1711,1693,1713),(1715,1714,1694),(1539,1693,
1711),(1715,1694,1695),(1718,1698,1702),(1699,1698,1718),(1701,1703,1719),
(1721,1720,1704),(1721,1704,1705),(1723,1707,530),(1725,1708,1724),(1709,
1708,1725),(1727,1713,1729),(1731,1730,1714),(1711,1713,1727),(1731,1714,
1715),(1701,1719,1733),(1735,1737,1701),(1739,1702,1738),(1735,1701,1733),
(1718,1702,1739),(1742,1734,1720),(1742,1720,1721),(530,1743,1723),(1745,
1724,1744),(1725,1724,1745),(1747,1729,1749),(1751,1750,1730),(1727,1729,
1753),(1753,1729,1747),(1751,1730,1731),(1755,1737,1735),(1757,1738,1756),
(1739,1738,1757),(1760,1736,1734),(1760,1734,1742),(530,1761,1743),(1763,
1744,1762),(1745,1744,1763),(1765,1749,1767),(1769,1768,1750),(1747,1749,
1765),(1769,1750,1751),(1771,1755,1735),(1773,1756,1772),(1757,1756,1773),
(1735,1775,1771),(1777,1735,1779),(1781,1780,1736),(1735,1783,1775),(1777,
1783,1735),(1781,1736,1760),(1785,1761,530),(1787,1762,1786),(1763,1762,
1787),(1789,1767,1791),(1793,1792,1768),(1765,1767,1795),(1795,1767,1789),
(1793,1768,1769),(1797,1772,1776),(1773,1772,1797),(1779,1799,1777),(1801,
1800,1780),(1801,1780,1781),(530,1803,1785),(1805,1786,1804),(1787,1786,
1805),(1777,1791,1807),(1809,1808,1792),(1789,1791,1811),(1811,1791,1777),
(1809,1792,1793),(1813,1776,1784),(1797,1776,1813),(1777,1799,1815),(1817,
1816,1800),(1817,1800,1801),(530,1819,1803),(1821,1804,1820),(1805,1804,
1821),(1777,1807,1823),(1825,1824,1808),(1825,1808,1809),(1777,1827,1783),
(1829,1784,1828),(1813,1784,1829),(530,1815,1831),(1833,1832,1816),(1777,
1815,530),(1833,1816,1817),(1835,1819,530),(1837,1820,1836),(1821,1820,
1837),(1823,1827,1777),(1824,1825,1828),(1829,1828,1840),(1828,1825,1840),
(530,1831,1835),(1832,1833,1836),(1837,1836,1841),(1836,1833,1841),(1541,
1540,1712),(1844,1712,1728),(1541,1712,1844),(1845,1728,1754),(1844,1728,
1845),(1848,1754,1748),(1845,1754,1848),(1849,1748,1766),(1848,1748,1849),
(1852,1766,1796),(1849,1766,1852),(1853,1796,1790),(1852,1796,1853),(1856,
1790,1812),(1853,1790,1856),(1857,1812,1778),(1856,1812,1857),(529,584,
1778),(1857,1778,1860),(1778,584,1860),(51,165,120),(120,165,169),(120,
111,51),(96,89,99),(114,89,96),(114,583,89),(120,169,172),(123,583,114),
(128,1644,169),(128,1586,1582),(128,1583,1586),(1582,1595,128),(1594,1583,
128),(128,1595,1644),(128,1607,1594),(128,1618,1607),(128,1628,1618),(1638,
1628,128),(128,1648,1638),(128,1658,1648),(1542,1658,128),(169,1634,172),
(169,1644,1634),(123,172,1615),(1591,1587,172),(172,1590,1591),(172,1587,
1606),(172,1602,1590),(172,1606,1615),(1614,1602,172),(172,1624,1614),(172,
1634,1624),(1615,1625,123),(123,1625,1635),(123,1635,1645),(1645,1655,123),
(123,1655,1665),(123,1665,583),(1610,1676,1595),(1595,1654,1644),(1595,
1664,1654),(1595,1676,1664),(1802,1610,1619),(1610,1690,1676),(1706,1690,
1610),(1610,1722,1706),(1610,1741,1722),(1759,1741,1610),(1782,1759,1610),
(1782,1610,1802),(1802,1619,1629),(1629,1639,1802),(1802,1639,1649),(1802,
1649,1659),(1671,1802,1659),(583,1665,1677),(1542,1670,1658),(1686,1802,
1671),(583,1677,1691),(1682,1670,1542),(1700,1818,1686),(1686,1818,1802),
(1691,1710,583),(1696,1682,1542),(1700,1717,1818),(583,1710,1726),(1696,
1542,1716),(1717,1740,583),(1818,1717,583),(583,1726,1746),(1716,1846,1732),
(1542,1843,1716),(1716,1843,1846),(583,1740,1758),(1746,1764,583),(1732,
1847,1752),(1732,1846,1847),(583,1758,1774),(583,1764,1788),(1851,1770,
1752),(1752,1847,1850),(1752,1850,1851),(1774,1798,583),(583,1788,1806),
(1855,1794,1770),(1854,1770,1851),(1855,1770,1854),(583,1798,1814),(1806,
1822,583),(1858,1810,1794),(1858,1794,1855),(1859,1814,1830),(583,1814,
1859),(583,1822,1838),(1859,1826,1810),(1859,1810,1858),(1859,1830,1839),
(1818,583,1834),(583,1838,1842),(1839,1826,1859),(1834,583,1842)),());
#28=COORDINATES_LIST('',912,((0.0784000015258789,0.00235500001907348,0.0101600503921509),
(0.0784000015258789,0.00235500001907348,0.0161600513458252),(0.0784000015258789,
0.0170760002136231,0.0213981399536133),(0.0784000015258789,0.0170760002136231,
0.0255891399383545),(0.0784000015258789,0.0170760002136231,0.0301300506591797),
(0.0784000015258789,0.0179650001525879,0.0213981399536133),(0.0784000015258789,
0.0179650001525879,0.0255891399383545),(0.0784000015258789,0.0192350006103515,
0.0201281394958496),(0.0784000015258789,0.0192350006103515,0.0268591403961182),
(0.0784000015258789,0.0198700008392334,0.00254005002975464),(0.0784000015258789,
0.0219020004272461,0.0201281394958496),(0.0784000015258789,0.0219020004272461,
0.0268591403961182),(0.0784000015258789,0.0262199993133545,0.00254005002975464),
(0.0784000015258789,0.0262199993133545,0.0301300506591797),(0.078400001525879,
0.0170760002136231,0.0161600513458252),(0.078400001525879,0.0198700008392334,
0.0101600503921509),(0.0784192962646484,0.0021344666481018,0.0101600503921509),
(0.0784192962646484,0.0021344666481018,0.0161600513458252),(0.078438591003418,
0.0198700008392334,0.00209898400306701),(0.078438591003418,0.0262199993133545,
0.00209898400306701),(0.0784765930175781,0.00192063438892365,0.0101600503921509),
(0.0784765930175781,0.00192063438892365,0.0161600513458252),(0.0785531768798828,
0.0198700008392334,0.00167131888866424),(0.0785531768798828,0.0262199993133545,
0.00167131888866424),(0.0785701522827148,0.00172000002861023,0.0101600503921509),
(0.0785701522827148,0.00172000002861023,0.0161600513458252),(0.0786971206665039,
0.00153865945339203,0.0101600503921509),(0.0786971206665039,0.00153865945339203,
0.0161600513458252),(0.0787402954101563,0.0198700008392334,0.00127005016803741),
(0.0787402954101563,0.0262199993133545,0.00127005016803741),(0.0788536605834961,
0.00138212323188782,0.0101600503921509),(0.0788536605834961,0.00138212323188782,
0.0161600513458252),(0.0789942474365235,0.0198700008392334,0.000907369911670685),
(0.0789942474365235,0.0262199993133545,0.000907369911670685),(0.0790349960327148,
0.00125514757633209,0.0101600503921509),(0.0790349960327148,0.00125514757633209,
0.0161600513458252),(0.0792356338500977,0.00116159021854401,0.0101600503921509),
(0.0792356338500977,0.00116159021854401,0.0161600513458252),(0.0793073196411133,
0.0198700008392334,0.000594297409057617),(0.0793073196411133,0.0262199993133545,
0.000594297409057617),(0.0794494705200195,0.00110429382324219,0.0101600503921509),
(0.0794494705200195,0.00110429382324219,0.0161600513458252),(0.0796699981689453,
0.0010849996805191,0.0101600503921509),(0.0796699981689453,0.0010849996805191,
0.0161600513458252),(0.0796699981689453,0.0198700008392334,0.000340346246957779),
(0.0796699981689453,0.0262199993133545,0.000340346246957779),(0.08,0.00698499965667725,
0.0101600503921509),(0.08,0.00698499965667725,0.0161600513458252),(0.0800182266235352,
0.00677662181854248,0.0101600503921509),(0.0800182266235352,0.00677662181854248,
0.0161600513458252),(0.0800182266235352,0.00719337749481201,0.0101600503921509),
(0.0800182266235352,0.00719337749481201,0.0161600513458252),(0.0800712738037109,
0.0198700008392334,0.000153230503201484),(0.0800712738037109,0.0262199993133545,
0.000153230503201484),(0.0800723648071289,0.00657457590103149,0.0101600503921509),
(0.0800723648071289,0.00657457590103149,0.0161600513458252),(0.0800723648071289,
0.00739542388916016,0.0101600503921509),(0.0800723648071289,0.00739542388916016,
0.0161600513458252),(0.0801607666015625,0.00638499975204468,0.0101600503921509),
(0.0801607666015625,0.00638499975204468,0.0161600513458252),(0.0801607666015625,
0.00758499956130982,0.0101600503921509),(0.0801607666015625,0.00758499956130982,
0.0161600513458252),(0.0802807464599609,0.0062136549949646,0.0101600503921509),
(0.0802807464599609,0.0062136549949646,0.0161600513458252),(0.0802807464599609,
0.00775634479522705,0.0101600503921509),(0.0802807464599609,0.00775634479522705,
0.0161600513458252),(0.0804286499023438,0.00606574678421021,0.0101600503921509),
(0.0804286499023438,0.00606574678421021,0.0161600513458252),(0.0804286499023438,
0.00790425300598145,0.0101600503921509),(0.0804286499023438,0.00790425300598145,
0.0161600513458252),(0.0804989318847656,0.0198700008392334,3.8638710975647E-5),
(0.0804989318847656,0.0262199993133545,3.8638710975647E-5),(0.0805999984741211,
0.00594576930999756,0.0101600503921509),(0.0805999984741211,0.00594576930999756,
0.0161600513458252),(0.0805999984741211,0.00802423095703125,0.0101600503921509),
(0.0805999984741211,0.00802423095703125,0.0161600513458252),(0.0807895736694336,
0.00585736894607544,0.0101600503921509),(0.0807895736694336,0.00585736894607544,
0.0161600513458252),(0.0807895736694336,0.00811263084411621,0.0101600503921509),
(0.0807895736694336,0.00811263084411621,0.0161600513458252),(0.0809400024414062,
0.0262199993133545,5.02914190292358E-8),(0.0809400024414063,0.0198700008392334,
5.02914190292358E-8),(0.0809916229248047,0.00580323076248169,0.0101600503921509),
(0.0809916229248047,0.00580323076248169,0.0161600513458252),(0.0809916229248047,
0.00816676998138428,0.0101600503921509),(0.0809916229248047,0.00816676998138428,
0.0161600513458252),(0.0812000045776367,0.00578499937057495,0.0101600503921509),
(0.0812000045776367,0.00578499937057495,0.0161600513458252),(0.0812000045776367,
0.0081850004196167,0.0101600503921509),(0.0812000045776367,0.0081850004196167,
0.0161600513458252),(0.0814083786010742,0.00580323076248169,0.0101600503921509),
(0.0814083786010742,0.00580323076248169,0.0161600513458252),(0.0814083786010742,
0.00816676998138428,0.0101600503921509),(0.0814083786010742,0.00816676998138428,
0.0161600513458252),(0.0816104278564453,0.00585736894607544,0.0101600503921509),
(0.0816104278564453,0.00585736894607544,0.0161600513458252),(0.0816104278564453,
0.00811263084411621,0.0101600503921509),(0.0816104278564453,0.00811263084411621,
0.0161600513458252),(0.0817999954223633,0.00594576930999756,0.0101600503921509),
(0.0817999954223633,0.00594576930999756,0.0161600513458252),(0.0817999954223633,
0.00802423095703125,0.0101600503921509),(0.0817999954223633,0.00802423095703125,
0.0161600513458252),(0.0818759994506836,0.0010849996805191,0.0101600503921509),
(0.0818759994506836,0.0010849996805191,0.0161600513458252),(0.0819713439941406,
0.00606574678421021,0.0101600503921509),(0.0819713439941406,0.00606574678421021,
0.0161600513458252),(0.0819713439941406,0.00790425300598145,0.0101600503921509),
(0.0819713439941406,0.00790425300598145,0.0161600513458252),(0.0820965347290039,
0.00110429382324219,0.0101600503921509),(0.0820965347290039,0.00110429382324219,
0.0161600513458252),(0.082119255065918,0.0062136549949646,0.0101600503921509),
(0.082119255065918,0.0062136549949646,0.0161600513458252),(0.082119255065918,
0.00775634479522705,0.0101600503921509),(0.082119255065918,0.00775634479522705,
0.0161600513458252),(0.0822392349243164,0.00638499975204468,0.0101600503921509),
(0.0822392349243164,0.00638499975204468,0.0161600513458252),(0.0822392349243164,
0.00758499956130982,0.0101600503921509),(0.0822392349243164,0.00758499956130982,
0.0161600513458252),(0.0823103637695313,0.00116159021854401,0.0101600503921509),
(0.0823103637695313,0.00116159021854401,0.0161600513458252),(0.08232763671875,
0.00657457590103149,0.0101600503921509),(0.08232763671875,0.00657457590103149,
0.0161600513458252),(0.08232763671875,0.00739542388916016,0.0101600503921509),
(0.08232763671875,0.00739542388916016,0.0161600513458252),(0.0823817672729492,
0.00677662181854248,0.0101600503921509),(0.0823817672729492,0.00677662181854248,
0.0161600513458252),(0.0823817672729492,0.00719337749481201,0.0101600503921509),
(0.0823817672729492,0.00719337749481201,0.0161600513458252),(0.0824000015258789,
0.00698499965667725,0.0101600503921509),(0.0824000015258789,0.00698499965667725,
0.0161600513458252),(0.0825110015869141,0.00125514757633209,0.0101600503921509),
(0.0825110015869141,0.00125514757633209,0.0161600513458252),(0.0826923370361328,
0.00138212323188782,0.0101600503921509),(0.0826923370361328,0.00138212323188782,
0.0161600513458252),(0.082848876953125,0.00153865945339203,0.0101600503921509),
(0.082848876953125,0.00153865945339203,0.0161600513458252),(0.0829758529663086,
0.00172000002861023,0.0101600503921509),(0.0829758529663086,0.00172000002861023,
0.0161600513458252),(0.0830694046020508,0.00192063438892365,0.0101600503921509),
(0.0830694046020508,0.00192063438892365,0.0161600513458252),(0.083126708984375,
0.0021344666481018,0.0101600503921509),(0.083126708984375,0.0021344666481018,
0.0161600513458252),(0.08314599609375,0.00235500001907348,0.0101600503921509),
(0.08314599609375,0.00235500001907348,0.0161600513458252),(0.08314599609375,
0.0132659997940063,0.0101600503921509),(0.08314599609375,0.0132659997940063,
0.0161600513458252),(0.0974500045776367,0.0262199993133545,0.0237800502777099),
(0.0974500045776367,0.0262199993133545,0.0301300506591797),(0.0974500045776367,
0.0325699996948242,0.0237800502777099),(0.0974500045776367,0.0325699996948242,
0.0301300506591797),(0.0974885864257812,0.0330110664367676,0.0237800502777099),
(0.0974885864257812,0.0330110664367676,0.0301300506591797),(0.0976031799316406,
0.0334387321472168,0.0237800502777099),(0.0976031799316406,0.0334387321472168,
0.0301300506591797),(0.0977902908325195,0.0338400001525879,0.0237800502777099),
(0.0977902908325195,0.0338400001525879,0.0301300506591797),(0.0980442428588867,
0.0342026786804199,0.0237800502777099),(0.0980442428588867,0.0342026786804199,
0.0301300506591797),(0.0983573226928711,0.034515754699707,0.0237800502777099),
(0.0983573226928711,0.034515754699707,0.0301300506591797),(0.0987200012207031,
0.0347697067260742,0.0237800502777099),(0.0987200012207031,0.0347697067260742,
0.0301300506591797),(0.0991212692260742,0.0349568214416504,0.0237800502777099),
(0.0991212692260742,0.0349568214416504,0.0301300506591797),(0.0995489349365234,
0.0350714111328125,0.0237800502777099),(0.0995489349365234,0.0350714111328125,
0.0301300506591797),(0.0999900054931641,0.0351100006103516,0.0237800502777099),
(0.0999900054931642,0.0351100006103516,0.0301300506591797),(0.101630004882812,
0.0306649990081787,0.0237800502777099),(0.101630004882812,0.0306649990081787,
0.0301300506591797),(0.101654685974121,0.0303828220367432,0.0237800502777099),
(0.101654685974121,0.0303828220367432,0.0301300506591797),(0.101654685974121,
0.0309471778869629,0.0237800502777099),(0.101654685974121,0.0309471778869629,
0.0301300506591797),(0.101727996826172,0.0301092166900635,0.0237800502777099),
(0.101727996826172,0.0301092166900635,0.0301300506591797),(0.101727996826172,
0.0312207832336426,0.0237800502777099),(0.101727996826172,0.0312207832336426,
0.0301300506591797),(0.101847709655762,0.0298525009155273,0.0237800502777099),
(0.101847709655762,0.0298525009155273,0.0301300506591797),(0.101847709655762,
0.0314774990081787,0.0237800502777099),(0.101847709655762,0.0314774990081787,
0.0301300506591797),(0.102010177612305,0.0296204681396484,0.0237800502777099),
(0.102010177612305,0.0296204681396484,0.0301300506591797),(0.102010177612305,
0.031709529876709,0.0237800502777099),(0.102010177612305,0.031709529876709,
0.0301300506591797),(0.102210472106934,0.0294201774597168,0.0237800502777099),
(0.102210472106934,0.0294201774597168,0.0301300506591797),(0.102210472106934,
0.0319098243713379,0.0237800502777099),(0.102210472106934,0.0319098243713379,
0.0301300506591797),(0.102442504882812,0.0292577075958252,0.0237800502777099),
(0.102442504882812,0.0292577075958252,0.0301300506591797),(0.102442504882812,
0.0320722923278808,0.0237800502777099),(0.102442504882812,0.0320722923278808,
0.0301300506591797),(0.10269921875,0.0291379985809326,0.0237800502777099),
(0.10269921875,0.0291379985809326,0.0301300506591797),(0.10269921875,0.0321919975280762,
0.0237800502777099),(0.10269921875,0.0321919975280762,0.0301300506591797),
(0.10297282409668,0.0290646877288818,0.0237800502777099),(0.10297282409668,
0.0290646877288818,0.0301300506591797),(0.10297282409668,0.0322653121948242,
0.0237800502777099),(0.10297282409668,0.0322653121948242,0.0301300506591797),
(0.103255004882812,0.0290399990081787,0.0237800502777099),(0.103255004882812,
0.0290399990081787,0.0301300506591797),(0.103255004882812,0.0322900009155273,
0.0237800502777099),(0.103255004882812,0.0322900009155273,0.0301300506591797),
(0.106253997802734,0.00235500001907348,0.0101600503921509),(0.106253997802734,
0.00235500001907348,0.0161600513458252),(0.106253997802734,0.0132659997940063,
0.0101600503921509),(0.106253997802734,0.0132659997940063,0.0161600513458252),
(0.106273292541504,0.0021344666481018,0.0101600503921509),(0.106273292541504,
0.0021344666481018,0.0161600513458252),(0.106330589294434,0.00192063438892365,
0.0101600503921509),(0.106330589294434,0.00192063438892365,0.0161600513458252),
(0.10642414855957,0.00172000002861023,0.0101600503921509),(0.10642414855957,
0.00172000002861023,0.0161600513458252),(0.106551124572754,0.00153865945339203,
0.0101600503921509),(0.106551124572754,0.00153865945339203,0.0161600513458252),
(0.106707664489746,0.00138212323188782,0.0101600503921509),(0.106707664489746,
0.00138212323188782,0.0161600513458252),(0.106888999938965,0.00125514757633209,
0.0101600503921509),(0.106888999938965,0.00125514757633209,0.0161600513458252),
(0.107,0.00698499965667725,0.0101600503921509),(0.107,0.00698499965667725,
0.0161600513458252),(0.10701823425293,0.00677662181854248,0.0101600503921509),
(0.10701823425293,0.00677662181854248,0.0161600513458252),(0.10701823425293,
0.00719337749481201,0.0101600503921509),(0.10701823425293,0.00719337749481201,
0.0161600513458252),(0.107065002441406,0.0290399990081787,0.0237800502777099),
(0.107065002441406,0.0290399990081787,0.0301300506591797),(0.107065002441406,
0.0322900009155273,0.0237800502777099),(0.107065002441406,0.0322900009155273,
0.0301300506591797),(0.107072364807129,0.00657457590103149,0.0101600503921509),
(0.107072364807129,0.00657457590103149,0.0161600513458252),(0.107072364807129,
0.00739542388916016,0.0101600503921509),(0.107072364807129,0.00739542388916016,
0.0161600513458252),(0.107089637756348,0.00116159021854401,0.0101600503921509),
(0.107089637756348,0.00116159021854401,0.0161600513458252),(0.107160766601562,
0.00638499975204468,0.0101600503921509),(0.107160766601562,0.00638499975204468,
0.0161600513458252),(0.107160766601562,0.00758499956130982,0.0101600503921509),
(0.107160766601562,0.00758499956130982,0.0161600513458252),(0.107280746459961,
0.0062136549949646,0.0101600503921509),(0.107280746459961,0.0062136549949646,
0.0161600513458252),(0.107280746459961,0.00775634479522705,0.0101600503921509),
(0.107280746459961,0.00775634479522705,0.0161600513458252),(0.107303466796875,
0.00110429382324219,0.0101600503921509),(0.107303466796875,0.00110429382324219,
0.0161600513458252),(0.107347175598144,0.0290646877288818,0.0237800502777099),
(0.107347175598144,0.0290646877288818,0.0301300506591797),(0.107347175598144,
0.0322653121948242,0.0237800502777099),(0.107347175598144,0.0322653121948242,
0.0301300506591797),(0.107428657531738,0.00606574678421021,0.0101600503921509),
(0.107428657531738,0.00606574678421021,0.0161600513458252),(0.107428657531738,
0.00790425300598145,0.0101600503921509),(0.107428657531738,0.00790425300598145,
0.0161600513458252),(0.107524002075195,0.0010849996805191,0.0101600503921509),
(0.107524002075195,0.0010849996805191,0.0161600513458252),(0.107600006103516,
0.00594576930999756,0.0101600503921509),(0.107600006103516,0.00594576930999756,
0.0161600513458252),(0.107600006103516,0.00802423095703125,0.0101600503921509),
(0.107600006103516,0.00802423095703125,0.0161600513458252),(0.107620780944824,
0.0291379985809326,0.0237800502777099),(0.107620780944824,0.0291379985809326,
0.0301300506591797),(0.107620780944824,0.0321919975280762,0.0237800502777099),
(0.107620780944824,0.0321919975280762,0.0301300506591797),(0.107789573669434,
0.00585736894607544,0.0101600503921509),(0.107789573669434,0.00585736894607544,
0.0161600513458252),(0.107789573669434,0.00811263084411621,0.0101600503921509),
(0.107789573669434,0.00811263084411621,0.0161600513458252),(0.107877502441406,
0.0292577075958252,0.0237800502777099),(0.107877502441406,0.0292577075958252,
0.0301300506591797),(0.107877502441406,0.0320722923278808,0.0237800502777099),
(0.107877502441406,0.0320722923278808,0.0301300506591797),(0.107991622924805,
0.00580323076248169,0.0101600503921509),(0.107991622924805,0.00580323076248169,
0.0161600513458252),(0.107991622924805,0.00816676998138428,0.0101600503921509),
(0.107991622924805,0.00816676998138428,0.0161600513458252),(0.108109535217285,
0.0294201774597168,0.0237800502777099),(0.108109535217285,0.0294201774597168,
0.0301300506591797),(0.108109535217285,0.0319098243713379,0.0237800502777099),
(0.108109535217285,0.0319098243713379,0.0301300506591797),(0.108199996948242,
0.00578499937057495,0.0101600503921509),(0.108199996948242,0.00578499937057495,
0.0161600513458252),(0.108199996948242,0.0081850004196167,0.0101600503921509),
(0.108199996948242,0.0081850004196167,0.0161600513458252),(0.108309822082519,
0.0296204681396484,0.0237800502777099),(0.108309822082519,0.0296204681396484,
0.0301300506591797),(0.108309822082519,0.031709529876709,0.0237800502777099),
(0.108309822082519,0.031709529876709,0.0301300506591797),(0.108408378601074,
0.00580323076248169,0.0101600503921509),(0.108408378601074,0.00580323076248169,
0.0161600513458252),(0.108408378601074,0.00816676998138428,0.0101600503921509),
(0.108408378601074,0.00816676998138428,0.0161600513458252),(0.108472290039062,
0.0298525009155273,0.0237800502777099),(0.108472290039062,0.0298525009155273,
0.0301300506591797),(0.108472290039062,0.0314774990081787,0.0237800502777099),
(0.108472290039062,0.0314774990081787,0.0301300506591797),(0.108592002868652,
0.0301092166900635,0.0237800502777099),(0.108592002868652,0.0301092166900635,
0.0301300506591797),(0.108592002868652,0.0312207832336426,0.0237800502777099),
(0.108592002868652,0.0312207832336426,0.0301300506591797),(0.108610420227051,
0.00585736894607544,0.0101600503921509),(0.108610420227051,0.00585736894607544,
0.0161600513458252),(0.108610420227051,0.00811263084411621,0.0101600503921509),
(0.108610420227051,0.00811263084411621,0.0161600513458252),(0.108665306091309,
0.0303828220367432,0.0237800502777099),(0.108665306091309,0.0303828220367432,
0.0301300506591797),(0.108665306091309,0.0309471778869629,0.0237800502777099),
(0.108665306091309,0.0309471778869629,0.0301300506591797),(0.108690002441406,
0.0306649990081787,0.0237800502777099),(0.108690002441406,0.0306649990081787,
0.0301300506591797),(0.108800003051758,0.00594576930999756,0.0101600503921509),
(0.108800003051758,0.00594576930999756,0.0161600513458252),(0.108800003051758,
0.00802423095703125,0.0101600503921509),(0.108800003051758,0.00802423095703125,
0.0161600513458252),(0.108971343994141,0.00606574678421021,0.0101600503921509),
(0.108971343994141,0.00606574678421021,0.0161600513458252),(0.108971343994141,
0.00790425300598145,0.0101600503921509),(0.108971343994141,0.00790425300598145,
0.0161600513458252),(0.109119255065918,0.0062136549949646,0.0101600503921509),
(0.109119255065918,0.0062136549949646,0.0161600513458252),(0.109119255065918,
0.00775634479522705,0.0101600503921509),(0.109119255065918,0.00775634479522705,
0.0161600513458252),(0.109239227294922,0.00638499975204468,0.0101600503921509),
(0.109239227294922,0.00638499975204468,0.0161600513458252),(0.109239227294922,
0.00758499956130982,0.0101600503921509),(0.109239227294922,0.00758499956130982,
0.0161600513458252),(0.109327629089355,0.00657457590103149,0.0101600503921509),
(0.109327629089355,0.00657457590103149,0.0161600513458252),(0.109327629089355,
0.00739542388916016,0.0101600503921509),(0.109327629089355,0.00739542388916016,
0.0161600513458252),(0.109381767272949,0.00677662181854248,0.0101600503921509),
(0.109381767272949,0.00677662181854248,0.0161600513458252),(0.109381767272949,
0.00719337749481201,0.0101600503921509),(0.109381767272949,0.00719337749481201,
0.0161600513458252),(0.109400001525879,0.00698499965667725,0.0101600503921509),
(0.109400001525879,0.00698499965667725,0.0161600513458252),(0.109729995727539,
0.0010849996805191,0.0101600503921509),(0.109729995727539,0.0010849996805191,
0.0161600513458252),(0.109950538635254,0.00110429382324219,0.0101600503921509),
(0.109950538635254,0.00110429382324219,0.0161600513458252),(0.110164367675781,
0.00116159021854401,0.0101600503921509),(0.110164367675781,0.00116159021854401,
0.0161600513458252),(0.110365005493164,0.00125514757633209,0.0101600503921509),
(0.110365005493164,0.00125514757633209,0.0161600513458252),(0.110546333312988,
0.00138212323188782,0.0101600503921509),(0.110546333312988,0.00138212323188782,
0.0161600513458252),(0.11070287322998,0.00153865945339203,0.0101600503921509),
(0.11070287322998,0.00153865945339203,0.0161600513458252),(0.110829849243164,
0.00172000002861023,0.0101600503921509),(0.110829849243164,0.00172000002861023,
0.0161600513458252),(0.110923408508301,0.00192063438892365,0.0101600503921509),
(0.110923408508301,0.00192063438892365,0.0161600513458252),(0.11098070526123,
0.0021344666481018,0.0101600503921509),(0.11098070526123,0.0021344666481018,
0.0161600513458252),(0.111,0.00235500001907348,0.0101600503921509),(0.111,
0.00235500001907348,0.0161600513458252),(0.111,0.0170760002136231,0.0101600503921509),
(0.111,0.0170760002136231,0.0161600513458252),(0.111649993896484,0.0232199993133545,
0.0141600503921509),(0.111649993896484,0.0262199993133545,0.0141600503921509),
(0.111699371337891,0.0232199993133545,0.0135956935882568),(0.111699371337891,
0.0232199993133545,0.0147244071960449),(0.111699371337891,0.0262199993133545,
0.0135956935882568),(0.111699371337891,0.0262199993133545,0.0147244071960449),
(0.111846000671387,0.0232199993133545,0.0130484848022461),(0.111846000671387,
0.0232199993133545,0.0152716159820557),(0.111846000671387,0.0262199993133545,
0.0152716159820557),(0.111846000671387,0.0262199993133545,0.0130484848022461),
(0.112085418701172,0.0232199993133545,0.0125350503921509),(0.112085418701172,
0.0232199993133545,0.0157850494384765),(0.112085418701172,0.0262199993133545,
0.0125350503921509),(0.112085418701172,0.0262199993133545,0.0157850494384765),
(0.112410354614258,0.0232199993133545,0.0120709915161133),(0.112410354614258,
0.0232199993133545,0.0162491111755371),(0.112410354614258,0.0262199993133545,
0.0120709915161133),(0.112410354614258,0.0262199993133545,0.0162491111755371),
(0.112810935974121,0.0232199993133545,0.0116704063415527),(0.112810935974121,
0.0232199993133545,0.0166496944427491),(0.112810935974121,0.0262199993133545,
0.0116704063415527),(0.112810935974121,0.0262199993133545,0.0166496944427491),
(0.113200004577637,0.0170760002136231,0.0141600503921509),(0.113200004577637,
0.0232199993133545,0.0141600503921509),(0.11322582244873,0.0170760002136231,
0.0138648490905762),(0.11322582244873,0.0170760002136231,0.0144552526473999),
(0.11322582244873,0.0232199993133545,0.0138648490905762),(0.11322582244873,
0.0232199993133545,0.0144552526473999),(0.113275001525879,0.0232199993133545,
0.0113454685211182),(0.113275001525879,0.0232199993133545,0.0169746341705323),
(0.113275001525879,0.0262199993133545,0.0113454685211182),(0.113275001525879,
0.0262199993133545,0.0169746341705323),(0.113302520751953,0.0170760002136231,
0.0135786161422729),(0.113302520751953,0.0170760002136231,0.0147414846420288),
(0.113302520751953,0.0232199993133545,0.0135786161422729),(0.113302520751953,
0.0232199993133545,0.0147414846420288),(0.113427757263184,0.0170760002136231,
0.0133100509643555),(0.113427757263184,0.0170760002136231,0.0150100507736206),
(0.113427757263184,0.0232199993133545,0.0133100509643555),(0.113427757263184,
0.0232199993133545,0.0150100507736206),(0.113597717285156,0.0170760002136231,
0.0130673112869263),(0.113597717285156,0.0170760002136231,0.0152527894973755),
(0.113597717285156,0.0232199993133545,0.0130673112869263),(0.113597717285156,
0.0232199993133545,0.0152527894973755),(0.113788436889648,0.0232199993133545,
0.0111060495376587),(0.113788436889648,0.0232199993133545,0.0172140522003174),
(0.113788436889648,0.0262199993133545,0.0111060495376587),(0.113788436889648,
0.0262199993133545,0.0172140522003174),(0.113807258605957,0.0170760002136231,
0.0128577747344971),(0.113807258605957,0.0170760002136231,0.0154623260498047),
(0.113807258605957,0.0232199993133545,0.0128577747344971),(0.113807258605957,
0.0232199993133545,0.0154623260498047),(0.114050003051758,0.0170760002136231,
0.0126878070831299),(0.114050003051758,0.0170760002136231,0.0156322937011719),
(0.114050003051758,0.0232199993133545,0.0126878070831299),(0.114050003051758,
0.0232199993133545,0.0156322937011719),(0.114318565368652,0.0170760002136231,
0.012562572479248),(0.114318565368652,0.0170760002136231,0.0157575273513794),
(0.114318565368652,0.0232199993133545,0.012562572479248),(0.114318565368652,
0.0232199993133545,0.0157575273513794),(0.114335639953613,0.0232199993133545,
0.0109594249725342),(0.114335639953613,0.0232199993133545,0.0173606758117676),
(0.114335639953613,0.0262199993133545,0.0109594249725342),(0.114335639953613,
0.0262199993133545,0.0173606758117676),(0.114604797363281,0.0170760002136231,
0.0124858770370483),(0.114604797363281,0.0170760002136231,0.0158342237472534),
(0.114604797363281,0.0232199993133545,0.0124858770370483),(0.114604797363281,
0.0232199993133545,0.0158342237472534),(0.114900001525879,0.0170760002136231,
0.0124600505828857),(0.114900001525879,0.0170760002136231,0.0158600511550903),
(0.114900001525879,0.0232199993133545,0.0109100513458252),(0.114900001525879,
0.0232199993133545,0.0124600505828857),(0.114900001525879,0.0232199993133545,
0.0158600511550903),(0.114900001525879,0.0232199993133545,0.0174100513458252),
(0.114900001525879,0.0262199993133545,0.0109100513458252),(0.114900001525879,
0.0262199993133545,0.0174100513458252),(0.115195198059082,0.0170760002136231,
0.0124858770370483),(0.115195198059082,0.0170760002136231,0.0158342237472534),
(0.115195198059082,0.0232199993133545,0.0124858770370483),(0.115195198059082,
0.0232199993133545,0.0158342237472534),(0.115464363098144,0.0262199993133545,
0.0173606758117676),(0.115464363098145,0.0232199993133545,0.0109594249725342),
(0.115464363098145,0.0232199993133545,0.0173606758117676),(0.115464363098145,
0.0262199993133545,0.0109594249725342),(0.115481437683105,0.0170760002136231,
0.012562572479248),(0.115481437683105,0.0170760002136231,0.0157575273513794),
(0.115481437683105,0.0232199993133545,0.012562572479248),(0.115481437683105,
0.0232199993133545,0.0157575273513794),(0.11575,0.0170760002136231,0.0126878070831299),
(0.11575,0.0170760002136231,0.0156322937011719),(0.11575,0.0232199993133545,
0.0126878070831299),(0.11575,0.0232199993133545,0.0156322937011719),(0.115992736816406,
0.0170760002136231,0.0128577747344971),(0.115992736816406,0.0170760002136231,
0.0154623260498047),(0.115992736816406,0.0232199993133545,0.0128577747344971),
(0.115992736816406,0.0232199993133545,0.0154623260498047),(0.116011566162109,
0.0232199993133545,0.0111060495376587),(0.116011566162109,0.0232199993133545,
0.0172140522003174),(0.116011566162109,0.0262199993133545,0.0111060495376587),
(0.116011566162109,0.0262199993133545,0.0172140522003174),(0.116202278137207,
0.0170760002136231,0.0130673112869263),(0.116202278137207,0.0170760002136231,
0.0152527894973755),(0.116202278137207,0.0232199993133545,0.0130673112869263),
(0.116202278137207,0.0232199993133545,0.0152527894973755),(0.116372245788574,
0.0170760002136231,0.0133100509643555),(0.116372245788574,0.0170760002136231,
0.0150100507736206),(0.116372245788574,0.0232199993133545,0.0133100509643555),
(0.116372245788574,0.0232199993133545,0.0150100507736206),(0.116497482299805,
0.0170760002136231,0.0135786161422729),(0.116497482299805,0.0170760002136231,
0.0147414846420288),(0.116497482299805,0.0232199993133545,0.0135786161422729),
(0.116497482299805,0.0232199993133545,0.0147414846420288),(0.116525001525879,
0.0232199993133545,0.0113454685211182),(0.116525001525879,0.0232199993133545,
0.0169746341705323),(0.116525001525879,0.0262199993133545,0.0113454685211182),
(0.116525001525879,0.0262199993133545,0.0169746341705323),(0.116574172973633,
0.0170760002136231,0.0138648490905762),(0.116574172973633,0.0170760002136231,
0.0144552526473999),(0.116574172973633,0.0232199993133545,0.0138648490905762),
(0.116574172973633,0.0232199993133545,0.0144552526473999),(0.116599998474121,
0.0170760002136231,0.0141600503921509),(0.116599998474121,0.0232199993133545,
0.0141600503921509),(0.116989059448242,0.0232199993133545,0.0116704063415527),
(0.116989059448242,0.0232199993133545,0.0166496944427491),(0.116989059448242,
0.0262199993133545,0.0116704063415527),(0.116989059448242,0.0262199993133545,
0.0166496944427491),(0.117389640808105,0.0232199993133545,0.0120709915161133),
(0.117389640808105,0.0232199993133545,0.0162491111755371),(0.117389640808105,
0.0262199993133545,0.0120709915161133),(0.117389640808105,0.0262199993133545,
0.0162491111755371),(0.117629997253418,0.0306649990081787,0.0237800502777099),
(0.117629997253418,0.0306649990081787,0.0301300506591797),(0.117654685974121,
0.0303828220367432,0.0237800502777099),(0.117654685974121,0.0303828220367432,
0.0301300506591797),(0.117654685974121,0.0309471778869629,0.0237800502777099),
(0.117654685974121,0.0309471778869629,0.0301300506591797),(0.117714584350586,
0.0232199993133545,0.0125350503921509),(0.117714584350586,0.0232199993133545,
0.0157850494384765),(0.117714584350586,0.0262199993133545,0.0125350503921509),
(0.117714584350586,0.0262199993133545,0.0157850494384765),(0.117727996826172,
0.0301092166900635,0.0237800502777099),(0.117727996826172,0.0301092166900635,
0.0301300506591797),(0.117727996826172,0.0312207832336426,0.0237800502777099),
(0.117727996826172,0.0312207832336426,0.0301300506591797),(0.117847709655762,
0.0298525009155273,0.0237800502777099),(0.117847709655762,0.0298525009155273,
0.0301300506591797),(0.117847709655762,0.0314774990081787,0.0237800502777099),
(0.117847709655762,0.0314774990081787,0.0301300506591797),(0.117954002380371,
0.0232199993133545,0.0130484848022461),(0.117954002380371,0.0232199993133545,
0.0152716159820557),(0.117954002380371,0.0262199993133545,0.0130484848022461),
(0.117954002380371,0.0262199993133545,0.0152716159820557),(0.118010177612305,
0.0296204681396484,0.0237800502777099),(0.118010177612305,0.0296204681396484,
0.0301300506591797),(0.118010177612305,0.031709529876709,0.0237800502777099),
(0.118010177612305,0.031709529876709,0.0301300506591797),(0.118100631713867,
0.0232199993133545,0.0135956935882568),(0.118100631713867,0.0232199993133545,
0.0147244071960449),(0.118100631713867,0.0262199993133545,0.0135956935882568),
(0.118100631713867,0.0262199993133545,0.0147244071960449),(0.118149993896484,
0.0232199993133545,0.0141600503921509),(0.118149993896484,0.0262199993133545,
0.0141600503921509),(0.118210472106934,0.0294201774597168,0.0237800502777099),
(0.118210472106934,0.0294201774597168,0.0301300506591797),(0.118210472106934,
0.0319098243713379,0.0237800502777099),(0.118210472106934,0.0319098243713379,
0.0301300506591797),(0.118442497253418,0.0292577075958252,0.0237800502777099),
(0.118442497253418,0.0292577075958252,0.0301300506591797),(0.118442497253418,
0.0320722923278808,0.0237800502777099),(0.118442497253418,0.0320722923278808,
0.0301300506591797),(0.11869921875,0.0291379985809326,0.0237800502777099),
(0.11869921875,0.0291379985809327,0.0301300506591797),(0.11869921875,0.0321919975280762,
0.0237800502777099),(0.11869921875,0.0321919975280762,0.0301300506591797),
(0.11897282409668,0.0290646877288818,0.0237800502777099),(0.11897282409668,
0.0290646877288818,0.0301300506591797),(0.11897282409668,0.0322653121948242,
0.0237800502777099),(0.11897282409668,0.0322653121948242,0.0301300506591797),
(0.119254997253418,0.0290399990081787,0.0237800502777099),(0.119254997253418,
0.0290399990081787,0.0301300506591797),(0.119254997253418,0.0322900009155273,
0.0237800502777099),(0.119254997253418,0.0322900009155273,0.0301300506591797),
(0.120650001525879,0.0232199993133545,0.0141600503921509),(0.120650001525879,
0.0262199993133545,0.0141600503921509),(0.120699378967285,0.0232199993133545,
0.0135956935882568),(0.120699378967285,0.0232199993133545,0.0147244071960449),
(0.120699378967285,0.0262199993133545,0.0135956935882568),(0.120699378967285,
0.0262199993133545,0.0147244071960449),(0.120846000671387,0.0232199993133545,
0.0130484848022461),(0.120846000671387,0.0232199993133545,0.0152716159820557),
(0.120846000671387,0.0262199993133545,0.0130484848022461),(0.120846000671387,
0.0262199993133545,0.0152716159820557),(0.121085418701172,0.0232199993133545,
0.0125350503921509),(0.121085418701172,0.0232199993133545,0.0157850494384765),
(0.121085418701172,0.0262199993133545,0.0125350503921509),(0.121085418701172,
0.0262199993133545,0.0157850494384765),(0.121410354614258,0.0232199993133545,
0.0120709915161133),(0.121410354614258,0.0232199993133545,0.0162491111755371),
(0.121410354614258,0.0262199993133545,0.0120709915161133),(0.121410354614258,
0.0262199993133545,0.0162491111755371),(0.121810943603516,0.0232199993133545,
0.0116704063415527),(0.121810943603516,0.0232199993133545,0.0166496944427491),
(0.121810943603516,0.0262199993133545,0.0116704063415527),(0.121810943603516,
0.0262199993133545,0.0166496944427491),(0.122199996948242,0.0170760002136231,
0.0141600503921509),(0.122199996948242,0.0232199993133545,0.0141600503921509),
(0.122225830078125,0.0170760002136231,0.0138648490905762),(0.122225830078125,
0.0170760002136231,0.0144552526473999),(0.122225830078125,0.0232199993133545,
0.0138648490905762),(0.122225830078125,0.0232199993133545,0.0144552526473999),
(0.122274993896484,0.0232199993133545,0.0113454685211182),(0.122274993896484,
0.0232199993133545,0.0169746341705323),(0.122274993896484,0.0262199993133545,
0.0113454685211182),(0.122274993896484,0.0262199993133545,0.0169746341705323),
(0.122302520751953,0.0170760002136231,0.0135786161422729),(0.122302520751953,
0.0170760002136231,0.0147414846420288),(0.122302520751953,0.0232199993133545,
0.0135786161422729),(0.122302520751953,0.0232199993133545,0.0147414846420288),
(0.122427764892578,0.0232199993133545,0.0133100509643555),(0.122427764892578,
0.0232199993133545,0.0150100507736206),(0.122427764892578,0.0170760002136231,
0.0133100509643555),(0.122427764892578,0.0170760002136231,0.0150100507736206),
(0.122597724914551,0.0170760002136231,0.0130673112869263),(0.122597724914551,
0.0170760002136231,0.0152527894973755),(0.122597724914551,0.0232199993133545,
0.0130673112869263),(0.122597724914551,0.0232199993133545,0.0152527894973755),
(0.122788429260254,0.0232199993133545,0.0111060495376587),(0.122788429260254,
0.0232199993133545,0.0172140522003174),(0.122788429260254,0.0262199993133545,
0.0111060495376587),(0.122788429260254,0.0262199993133545,0.0172140522003174),
(0.122807266235352,0.0170760002136231,0.0128577747344971),(0.122807266235352,
0.0170760002136231,0.0154623260498047),(0.122807266235352,0.0232199993133545,
0.0128577747344971),(0.122807266235352,0.0232199993133545,0.0154623260498047),
(0.123050003051758,0.0170760002136231,0.0126878070831299),(0.123050003051758,
0.0170760002136231,0.0156322937011719),(0.123050003051758,0.0232199993133545,
0.0126878070831299),(0.123050003051758,0.0232199993133545,0.0156322937011719),
(0.123064994812012,0.0290399990081787,0.0237800502777099),(0.123064994812012,
0.0290399990081787,0.0301300506591797),(0.123064994812012,0.0322900009155273,
0.0237800502777099),(0.123064994812012,0.0322900009155273,0.0301300506591797),
(0.123318565368652,0.0170760002136231,0.012562572479248),(0.123318565368652,
0.0170760002136231,0.0157575273513794),(0.123318565368652,0.0232199993133545,
0.012562572479248),(0.123318565368652,0.0232199993133545,0.0157575273513794),
(0.123335647583008,0.0232199993133545,0.0109594249725342),(0.123335647583008,
0.0232199993133545,0.0173606758117676),(0.123335647583008,0.0262199993133545,
0.0109594249725342),(0.123335647583008,0.0262199993133545,0.0173606758117676),
(0.123347175598144,0.0290646877288818,0.0237800502777099),(0.123347175598144,
0.0290646877288818,0.0301300506591797),(0.123347175598144,0.0322653121948242,
0.0237800502777099),(0.123347175598144,0.0322653121948242,0.0301300506591797),
(0.123604797363281,0.0170760002136231,0.0124858770370483),(0.123604797363281,
0.0170760002136231,0.0158342237472534),(0.123604797363281,0.0232199993133545,
0.0124858770370483),(0.123604797363281,0.0232199993133545,0.0158342237472534),
(0.123620780944824,0.0291379985809326,0.0237800502777099),(0.123620780944824,
0.0291379985809326,0.0301300506591797),(0.123620780944824,0.0321919975280762,
0.0237800502777099),(0.123620780944824,0.0321919975280762,0.0301300506591797),
(0.123877494812012,0.0292577075958252,0.0237800502777099),(0.123877494812012,
0.0292577075958252,0.0301300506591797),(0.123877494812012,0.0320722923278808,
0.0237800502777099),(0.123877494812012,0.0320722923278808,0.0301300506591797),
(0.123899993896484,0.0170760002136231,0.0124600505828857),(0.123899993896484,
0.0170760002136231,0.0158600511550903),(0.123899993896484,0.0232199993133545,
0.0109100513458252),(0.123899993896484,0.0232199993133545,0.0124600505828857),
(0.123899993896484,0.0232199993133545,0.0158600511550903),(0.123899993896484,
0.0232199993133545,0.0174100513458252),(0.123899993896484,0.0262199993133545,
0.0109100513458252),(0.123899993896484,0.0262199993133545,0.0174100513458252),
(0.124109527587891,0.0294201774597168,0.0237800502777099),(0.124109527587891,
0.0294201774597168,0.0301300506591797),(0.124109527587891,0.0319098243713379,
0.0237800502777099),(0.124109527587891,0.0319098243713379,0.0301300506591797),
(0.124195205688477,0.0170760002136231,0.0124858770370483),(0.124195205688477,
0.0170760002136231,0.0158342237472534),(0.124195205688477,0.0232199993133545,
0.0124858770370483),(0.124195205688477,0.0232199993133545,0.0158342237472534),
(0.124309822082519,0.0296204681396484,0.0237800502777099),(0.124309822082519,
0.0296204681396484,0.0301300506591797),(0.124309822082519,0.031709529876709,
0.0237800502777099),(0.124309822082519,0.031709529876709,0.0301300506591797),
(0.12446435546875,0.0232199993133545,0.0109594249725342),(0.12446435546875,
0.0232199993133545,0.0173606758117676),(0.12446435546875,0.0262199993133545,
0.0109594249725342),(0.12446435546875,0.0262199993133545,0.0173606758117676),
(0.124472290039062,0.0298525009155273,0.0237800502777099),(0.124472290039062,
0.0298525009155273,0.0301300506591797),(0.124472290039062,0.0314774990081787,
0.0237800502777099),(0.124472290039062,0.0314774990081787,0.0301300506591797),
(0.124481437683105,0.0170760002136231,0.012562572479248),(0.124481437683105,
0.0170760002136231,0.0157575273513794),(0.124481437683105,0.0232199993133545,
0.012562572479248),(0.124481437683105,0.0232199993133545,0.0157575273513794),
(0.124591995239258,0.0301092166900635,0.0237800502777099),(0.124591995239258,
0.0301092166900635,0.0301300506591797),(0.124591995239258,0.0312207832336426,
0.0237800502777099),(0.124591995239258,0.0312207832336426,0.0301300506591797),
(0.124665313720703,0.0303828220367432,0.0237800502777099),(0.124665313720703,
0.0303828220367432,0.0301300506591797),(0.124665313720703,0.0309471778869629,
0.0237800502777099),(0.124665313720703,0.0309471778869629,0.0301300506591797),
(0.124689994812012,0.0306649990081787,0.0237800502777099),(0.124689994812012,
0.0306649990081787,0.0301300506591797),(0.12475,0.0170760002136231,0.0126878070831299),
(0.12475,0.0170760002136231,0.0156322937011719),(0.12475,0.0232199993133545,
0.0126878070831299),(0.12475,0.0232199993133545,0.0156322937011719),(0.124992744445801,
0.0170760002136231,0.0128577747344971),(0.124992744445801,0.0170760002136231,
0.0154623260498047),(0.124992744445801,0.0232199993133545,0.0128577747344971),
(0.124992744445801,0.0232199993133545,0.0154623260498047),(0.125011566162109,
0.0232199993133545,0.0111060495376587),(0.125011566162109,0.0232199993133545,
0.0172140522003174),(0.125011566162109,0.0262199993133545,0.0111060495376587),
(0.125011566162109,0.0262199993133545,0.0172140522003174),(0.125202270507812,
0.0170760002136231,0.0130673112869263),(0.125202270507812,0.0170760002136231,
0.0152527894973755),(0.125202270507812,0.0232199993133545,0.0130673112869263),
(0.125202270507812,0.0232199993133545,0.0152527894973755),(0.125372245788574,
0.0170760002136231,0.0133100509643555),(0.125372245788574,0.0170760002136231,
0.0150100507736206),(0.125372245788574,0.0232199993133545,0.0133100509643555),
(0.125372245788574,0.0232199993133545,0.0150100507736206),(0.12549747467041,
0.0170760002136231,0.0135786161422729),(0.12549747467041,0.0170760002136231,
0.0147414846420288),(0.12549747467041,0.0232199993133545,0.0135786161422729),
(0.12549747467041,0.0232199993133545,0.0147414846420288),(0.125524993896484,
0.0232199993133545,0.0113454685211182),(0.125524993896484,0.0232199993133545,
0.0169746341705323),(0.125524993896484,0.0262199993133545,0.0113454685211182),
(0.125524993896484,0.0262199993133545,0.0169746341705323),(0.125574172973633,
0.0170760002136231,0.0138648490905762),(0.125574172973633,0.0170760002136231,
0.0144552526473999),(0.125574172973633,0.0232199993133545,0.0138648490905762),
(0.125574172973633,0.0232199993133545,0.0144552526473999),(0.125599998474121,
0.0170760002136231,0.0141600503921509),(0.125599998474121,0.0232199993133545,
0.0141600503921509),(0.125989067077637,0.0232199993133545,0.0116704063415527),
(0.125989067077637,0.0232199993133545,0.0166496944427491),(0.125989067077637,
0.0262199993133545,0.0116704063415527),(0.125989067077637,0.0262199993133545,
0.0166496944427491),(0.126389656066894,0.0232199993133545,0.0120709915161133),
(0.126389656066894,0.0232199993133545,0.0162491111755371),(0.126389656066894,
0.0262199993133545,0.0120709915161133),(0.126389656066894,0.0262199993133545,
0.0162491111755371),(0.126714584350586,0.0232199993133545,0.0125350503921509),
(0.126714584350586,0.0232199993133545,0.0157850494384765),(0.126714584350586,
0.0262199993133545,0.0125350503921509),(0.126714584350586,0.0262199993133545,
0.0157850494384765),(0.126954002380371,0.0232199993133545,0.0130484848022461),
(0.126954002380371,0.0232199993133545,0.0152716159820557),(0.126954002380371,
0.0262199993133545,0.0130484848022461),(0.126954002380371,0.0262199993133545,
0.0152716159820557),(0.127100616455078,0.0232199993133545,0.0135956935882568),
(0.127100616455078,0.0232199993133545,0.0147244071960449),(0.127100616455078,
0.0262199993133545,0.0135956935882568),(0.127100616455078,0.0262199993133545,
0.0147244071960449),(0.127150001525879,0.0232199993133545,0.0141600503921509),
(0.127150001525879,0.0262199993133545,0.0141600503921509),(0.127509994506836,
0.0262199993133545,5.02914190292358E-8),(0.127509994506836,0.0262199993133545,
0.0237800502777099),(0.127509994506836,0.0290399990081787,0.00381005001068115),
(0.127509994506836,0.0290399990081787,0.00762005043029785),(0.127509994506836,
0.0290399990081787,0.0158100500106811),(0.127509994506836,0.0290399990081787,
0.0196200504302978),(0.127509994506836,0.0290646877288818,0.00352787232398987),
(0.127509994506836,0.0290646877288818,0.00790222835540771),(0.127509994506836,
0.0290646877288818,0.0155278720855713),(0.127509994506836,0.0290646877288818,
0.0199022293090821),(0.127509994506836,0.0291379985809326,0.00325426745414734),
(0.127509994506836,0.0291379985809326,0.00817583274841309),(0.127509994506836,
0.0291379985809326,0.0152542676925659),(0.127509994506836,0.0291379985809326,
0.0201758327484131),(0.127509994506836,0.0292577075958252,0.00299755024909973),
(0.127509994506836,0.0292577075958252,0.00843255043029785),(0.127509994506836,
0.0292577075958252,0.0149975500106811),(0.127509994506836,0.0292577075958252,
0.0204325504302979),(0.127509994506836,0.0294201774597168,0.00276552057266236),
(0.127509994506836,0.0294201774597168,0.00866458034515381),(0.127509994506836,
0.0294201774597168,0.0147655210494995),(0.127509994506836,0.0294201774597168,
0.0206645793914795),(0.127509994506836,0.0296204681396484,0.00256522846221924),
(0.127509994506836,0.0296204681396484,0.00886487197875977),(0.127509994506836,
0.0296204681396484,0.0145652284622192),(0.127509994506836,0.0296204681396484,
0.0208648719787598),(0.127509994506836,0.0298525009155273,0.00240275907516479),
(0.127509994506836,0.0298525009155273,0.00902734184265137),(0.127509994506836,
0.0298525009155273,0.014402759552002),(0.127509994506836,0.0298525009155273,
0.0210273418426514),(0.127509994506836,0.0301092166900635,0.00228304982185364),
(0.127509994506836,0.0301092166900635,0.00914705085754394),(0.127509994506836,
0.0301092166900635,0.0142830495834351),(0.127509994506836,0.0301092166900635,
0.021147050857544),(0.127509994506836,0.0303828220367432,0.00220973777770996),
(0.127509994506836,0.0303828220367432,0.00922036361694336),(0.127509994506836,
0.0303828220367432,0.01420973777771),(0.127509994506836,0.0303828220367432,
0.0212203636169433),(0.127509994506836,0.0306649990081787,0.00218505048751831),
(0.127509994506836,0.0306649990081787,0.00924505138397217),(0.127509994506836,
0.0306649990081787,0.0141850509643555),(0.127509994506836,0.0306649990081787,
0.0212450504302978),(0.127509994506836,0.0309471778869629,0.00220973777770996),
(0.127509994506836,0.0309471778869629,0.00922036361694336),(0.127509994506836,
0.0309471778869629,0.01420973777771),(0.127509994506836,0.0309471778869629,
0.0212203636169433),(0.127509994506836,0.0312207832336426,0.00228304982185364),
(0.127509994506836,0.0312207832336426,0.00914705085754395),(0.127509994506836,
0.0312207832336426,0.0142830495834351),(0.127509994506836,0.0312207832336426,
0.021147050857544),(0.127509994506836,0.0314774990081787,0.00240275907516479),
(0.127509994506836,0.0314774990081787,0.00902734184265137),(0.127509994506836,
0.0314774990081787,0.014402759552002),(0.127509994506836,0.0314774990081787,
0.0210273418426514),(0.127509994506836,0.031709529876709,0.00256522846221924),
(0.127509994506836,0.031709529876709,0.00886487197875977),(0.127509994506836,
0.031709529876709,0.0145652284622192),(0.127509994506836,0.031709529876709,
0.0208648719787598),(0.127509994506836,0.0319098243713379,0.00276552057266236),
(0.127509994506836,0.0319098243713379,0.00866458034515381),(0.127509994506836,
0.0319098243713379,0.0147655210494995),(0.127509994506836,0.0319098243713379,
0.0206645793914795),(0.127509994506836,0.0320722923278808,0.00299755024909973),
(0.127509994506836,0.0320722923278808,0.00843255043029785),(0.127509994506836,
0.0320722923278808,0.0149975500106811),(0.127509994506836,0.0320722923278808,
0.0204325504302979),(0.127509994506836,0.0321919975280762,0.00325426745414734),
(0.127509994506836,0.0321919975280762,0.00817583274841309),(0.127509994506836,
0.0321919975280762,0.0152542676925659),(0.127509994506836,0.0321919975280762,
0.0201758327484131),(0.127509994506836,0.0322653121948242,0.00352787232398987),
(0.127509994506836,0.0322653121948242,0.00790222835540771),(0.127509994506836,
0.0322653121948242,0.0155278720855713),(0.127509994506836,0.0322653121948242,
0.0199022293090821),(0.127509994506836,0.0322900009155273,0.00381005001068115),
(0.127509994506836,0.0322900009155273,0.00762005043029785),(0.127509994506836,
0.0322900009155273,0.0158100500106811),(0.127509994506836,0.0322900009155273,
0.0196200504302978),(0.127509994506836,0.0325699996948242,5.02914190292358E-8),
(0.127509994506836,0.0330110664367676,3.8638710975647E-5),(0.127509994506836,
0.0334387321472168,0.000153230503201484),(0.127509994506836,0.0338400001525879,
0.000340346246957779),(0.127509994506836,0.0342026786804199,0.000594297409057617),
(0.127509994506836,0.034515754699707,0.000907369911670685),(0.127509994506836,
0.0347697067260742,0.00127005016803741),(0.127509994506836,0.0349568214416504,
0.00167131888866424),(0.127509994506836,0.0350714111328125,0.00209898400306701),
(0.127509994506836,0.0351100006103516,0.00254005002975464),(0.127509994506836,
0.0351100006103516,0.0237800502777099),(0.133859985351562,0.0170760002136231,
0.0301300506591797),(0.133859985351562,0.0351100006103516,0.0301300506591798),
(0.133859985351562,0.0170760002136231,0.0101600503921509),(0.133859985351562,
0.0170760002136231,0.0213981399536133),(0.133859985351562,0.0170760002136231,
0.0255891399383545),(0.133859985351562,0.0179650001525879,0.0213981399536133),
(0.133859985351562,0.0179650001525879,0.0255891399383545),(0.133859985351562,
0.0192350006103515,0.0201281394958496),(0.133859985351562,0.0192350006103515,
0.0268591403961182),(0.133859985351562,0.0198700008392334,5.02914190292358E-8),
(0.133859985351562,0.0198700008392334,0.0101600503921509),(0.133859985351562,
0.0219020004272461,0.0201281394958496),(0.133859985351562,0.0219020004272461,
0.0268591403961182),(0.133859985351562,0.0290399990081787,0.00381005001068115),
(0.133859985351562,0.0290399990081787,0.00762005043029785),(0.133859985351562,
0.0290399990081787,0.0158100500106811),(0.133859985351562,0.0290399990081787,
0.0196200504302978),(0.133859985351562,0.0290646877288818,0.00352787232398987),
(0.133859985351562,0.0290646877288818,0.00790222835540771),(0.133859985351562,
0.0290646877288818,0.0155278720855713),(0.133859985351562,0.0290646877288818,
0.0199022293090821),(0.133859985351562,0.0291379985809326,0.00325426745414734),
(0.133859985351562,0.0291379985809326,0.0152542676925659),(0.133859985351562,
0.0291379985809326,0.0201758327484131),(0.133859985351562,0.0291379985809327,
0.00817583274841309),(0.133859985351562,0.0292577075958252,0.00299755024909973),
(0.133859985351562,0.0292577075958252,0.00843255043029785),(0.133859985351562,
0.0292577075958252,0.0149975500106811),(0.133859985351562,0.0292577075958252,
0.0204325504302979),(0.133859985351562,0.0294201774597168,0.00276552057266236),
(0.133859985351562,0.0294201774597168,0.00866458034515381),(0.133859985351562,
0.0294201774597168,0.0147655210494995),(0.133859985351562,0.0294201774597168,
0.0206645793914795),(0.133859985351562,0.0296204681396484,0.00256522846221924),
(0.133859985351562,0.0296204681396484,0.00886487197875977),(0.133859985351562,
0.0296204681396484,0.0145652284622192),(0.133859985351562,0.0296204681396484,
0.0208648719787598),(0.133859985351562,0.0298525009155273,0.00240275907516479),
(0.133859985351562,0.0298525009155273,0.00902734184265137),(0.133859985351562,
0.0298525009155273,0.014402759552002),(0.133859985351562,0.0298525009155273,
0.0210273418426514),(0.133859985351562,0.0301092166900635,0.00228304982185364),
(0.133859985351562,0.0301092166900635,0.00914705085754395),(0.133859985351562,
0.0301092166900635,0.0142830495834351),(0.133859985351562,0.0301092166900635,
0.021147050857544),(0.133859985351562,0.0303828220367432,0.00220973777770996),
(0.133859985351562,0.0303828220367432,0.00922036361694336),(0.133859985351562,
0.0303828220367432,0.01420973777771),(0.133859985351562,0.0303828220367432,
0.0212203636169433),(0.133859985351562,0.0306649990081787,0.00218505048751831),
(0.133859985351562,0.0306649990081787,0.00924505138397217),(0.133859985351562,
0.0306649990081787,0.0141850509643555),(0.133859985351562,0.0306649990081787,
0.0212450504302978),(0.133859985351562,0.0309471778869629,0.00220973777770996),
(0.133859985351562,0.0309471778869629,0.00922036361694336),(0.133859985351562,
0.0309471778869629,0.01420973777771),(0.133859985351562,0.0309471778869629,
0.0212203636169433),(0.133859985351562,0.0312207832336426,0.00228304982185364),
(0.133859985351562,0.0312207832336426,0.00914705085754394),(0.133859985351562,
0.0312207832336426,0.0142830495834351),(0.133859985351562,0.0312207832336426,
0.021147050857544),(0.133859985351562,0.0314774990081787,0.00240275907516479),
(0.133859985351562,0.0314774990081787,0.00902734184265137),(0.133859985351562,
0.0314774990081787,0.014402759552002),(0.133859985351562,0.0314774990081787,
0.0210273418426514),(0.133859985351562,0.031709529876709,0.00256522846221924),
(0.133859985351562,0.031709529876709,0.00886487197875977),(0.133859985351562,
0.031709529876709,0.0145652284622192),(0.133859985351562,0.031709529876709,
0.0208648719787598),(0.133859985351562,0.0319098243713379,0.00276552057266236),
(0.133859985351562,0.0319098243713379,0.00866458034515381),(0.133859985351562,
0.0319098243713379,0.0147655210494995),(0.133859985351562,0.0319098243713379,
0.0206645793914795),(0.133859985351562,0.0320722923278808,0.00299755024909973),
(0.133859985351562,0.0320722923278808,0.00843255043029785),(0.133859985351562,
0.0320722923278808,0.0149975500106811),(0.133859985351562,0.0320722923278808,
0.0204325504302979),(0.133859985351562,0.0321919975280762,0.00325426745414734),
(0.133859985351562,0.0321919975280762,0.00817583274841309),(0.133859985351562,
0.0321919975280762,0.0152542676925659),(0.133859985351562,0.0321919975280762,
0.0201758327484131),(0.133859985351562,0.0322653121948242,0.00352787232398987),
(0.133859985351562,0.0322653121948242,0.00790222835540771),(0.133859985351562,
0.0322653121948242,0.0155278720855713),(0.133859985351562,0.0322653121948242,
0.0199022293090821),(0.133859985351562,0.0322900009155273,0.00381005001068115),
(0.133859985351562,0.0322900009155273,0.00762005043029785),(0.133859985351562,
0.0322900009155273,0.0158100500106811),(0.133859985351562,0.0322900009155273,
0.0196200504302978),(0.133859985351562,0.0325699996948242,5.02914190292358E-8),
(0.133859985351562,0.0330110664367676,3.8638710975647E-5),(0.133859985351562,
0.0334387321472168,0.000153230503201484),(0.133859985351562,0.0338400001525879,
0.000340346246957779),(0.133859985351562,0.0342026786804199,0.000594297409057617),
(0.133859985351562,0.034515754699707,0.000907369911670685),(0.133859985351562,
0.0347697067260742,0.00127005016803741),(0.133859985351562,0.0349568214416504,
0.00167131888866424),(0.133859985351562,0.0350714111328125,0.00209898400306701),
(0.133859985351562,0.0351100006103516,0.00254005002975464)));
#29=TESSELLATED_SHELL('Part 1',(#27),$);
#30=SHAPE_DEFINITION_REPRESENTATION(#42,#31);
#31=SHAPE_REPRESENTATION('Part 1',(#32),#37);
#32=AXIS2_PLACEMENT_3D('',#35,#33,#34);
#33=DIRECTION('',(0.,0.,1.));
#34=DIRECTION('',(1.,0.,0.));
#35=CARTESIAN_POINT('',(0.,0.,0.));
#36=MECHANICAL_DESIGN_GEOMETRIC_PRESENTATION_REPRESENTATION('',(#12,#13),
#37);
#37=(
GEOMETRIC_REPRESENTATION_CONTEXT(3)
GLOBAL_UNCERTAINTY_ASSIGNED_CONTEXT((#38))
GLOBAL_UNIT_ASSIGNED_CONTEXT((#41,#40,#39))
REPRESENTATION_CONTEXT('Part 1','TOP_LEVEL_ASSEMBLY_PART')
);
#38=UNCERTAINTY_MEASURE_WITH_UNIT(LENGTH_MEASURE(1.E-8),#41,
'DISTANCE_ACCURACY_VALUE','Maximum Tolerance applied to model');
#39=(
NAMED_UNIT(*)
SI_UNIT($,.STERADIAN.)
SOLID_ANGLE_UNIT()
);
#40=(
NAMED_UNIT(*)
PLANE_ANGLE_UNIT()
SI_UNIT($,.RADIAN.)
);
#41=(
LENGTH_UNIT()
NAMED_UNIT(*)
SI_UNIT($,.METRE.)
);
#42=PRODUCT_DEFINITION_SHAPE('','',#43);
#43=PRODUCT_DEFINITION('','',#45,#44);
#44=PRODUCT_DEFINITION_CONTEXT('',#51,'design');
#45=PRODUCT_DEFINITION_FORMATION_WITH_SPECIFIED_SOURCE('','',#47,
 .NOT_KNOWN.);
#46=PRODUCT_RELATED_PRODUCT_CATEGORY('','',(#47));
#47=PRODUCT('Part 1','Part 1','Part 1',(#49));
#48=PRODUCT_CATEGORY('','');
#49=PRODUCT_CONTEXT('',#51,'mechanical');
#50=APPLICATION_PROTOCOL_DEFINITION('international standard',
'ap242_managed_model_based_3d_engineering',2020,#51);
#51=APPLICATION_CONTEXT('managed model based 3d engineering');
ENDSEC;
END-ISO-10303-21;
