ISO-10303-21;
HEADER;
/* Generated by software containing ST-Developer
 * from STEP Tools, Inc. (www.steptools.com) 
 */
/* OPTION: using custom renumber hook */

FILE_DESCRIPTION(
/* description */ ('STEP AP242 Edition 2',
'CAx-IF Rec.Pracs.---Representation and Presentation of Product Manufa
cturing Information (PMI)---4.0---2014-10-13',
'CAx-IF Rec.Pracs.---3D Tessellated Geometry---0.4---2014-09-14','2;1',
'CAx-IF Rec.Pracs.---User Defined Attributes---1.5---2016-08-15'),
/* implementation_level */ '2;1');

FILE_NAME(
/* name */ 'Pusher_75mm_Long',
/* time_stamp */ '2026-06-13T20:25:25Z',
/* author */ (''),
/* organization */ (''),
/* preprocessor_version */ 'ST-DEVELOPER v20',
/* originating_system */ 'ONSHAPE BY PTC INC, 1.216',
/* authorisation */ '  ');

FILE_SCHEMA (('AP242_MANAGED_MODEL_BASED_3D_ENGINEERING_MIM_LF { 1 0 10303 442 3 1 4 }'));
ENDSEC;

DATA;
#10=MANIFOLD_SURFACE_SHAPE_REPRESENTATION('',(#65,#66),#204);
#11=PLANE('',#125);
#12=CIRCLE('',#124,0.0008);
#13=ORIENTED_EDGE('',*,*,#23,.F.);
#14=ORIENTED_EDGE('',*,*,#24,.F.);
#15=ORIENTED_EDGE('',*,*,#25,.F.);
#16=ORIENTED_EDGE('',*,*,#26,.T.);
#17=ORIENTED_EDGE('',*,*,#27,.F.);
#18=ORIENTED_EDGE('',*,*,#28,.T.);
#19=ORIENTED_EDGE('',*,*,#26,.F.);
#20=ORIENTED_EDGE('',*,*,#29,.T.);
#21=ORIENTED_EDGE('',*,*,#30,.F.);
#22=ORIENTED_EDGE('',*,*,#31,.F.);
#23=EDGE_CURVE('',#32,#32,#40,.T.);
#24=EDGE_CURVE('',#33,#34,#41,.T.);
#25=EDGE_CURVE('',#35,#33,#42,.T.);
#26=EDGE_CURVE('',#35,#36,#12,.T.);
#27=EDGE_CURVE('',#34,#36,#43,.T.);
#28=EDGE_CURVE('',#37,#36,#44,.T.);
#29=EDGE_CURVE('',#35,#37,#45,.T.);
#30=EDGE_CURVE('',#38,#38,#46,.T.);
#31=EDGE_CURVE('',#39,#39,#47,.T.);
#32=VERTEX_POINT('',#150);
#33=VERTEX_POINT('',#155);
#34=VERTEX_POINT('',#156);
#35=VERTEX_POINT('',#161);
#36=VERTEX_POINT('',#163);
#37=VERTEX_POINT('',#173);
#38=VERTEX_POINT('',#190);
#39=VERTEX_POINT('',#202);
#40=B_SPLINE_CURVE_WITH_KNOTS('',3,(#139,#140,#141,#142,#143,#144,#145,
#146,#147,#148,#149),.UNSPECIFIED.,.T.,.F.,(1,1,1,1,1,1,1,1,1,1,1,1,1,1,
1),(-0.00188346882114704,-0.0012556458807647,-0.000627822940382348,0.,0.000627822940382348,
0.0012556458807647,0.00188346882114704,0.00251129176152939,0.00313911470191174,
0.00376693764229408,0.00439476058267643,0.00502258352305878,0.00565040646344113,
0.00627822940382348,0.00690605234420582),.UNSPECIFIED.);
#41=B_SPLINE_CURVE_WITH_KNOTS('',3,(#151,#152,#153,#154),.UNSPECIFIED.,
 .F.,.F.,(4,4),(0.,0.000544301421128627),.UNSPECIFIED.);
#42=B_SPLINE_CURVE_WITH_KNOTS('',3,(#157,#158,#159,#160),.UNSPECIFIED.,
 .F.,.F.,(4,4),(0.,3.00003051756647E-5),.UNSPECIFIED.);
#43=B_SPLINE_CURVE_WITH_KNOTS('',3,(#164,#165,#166,#167),.UNSPECIFIED.,
 .F.,.F.,(4,4),(0.,3.00003051756856E-5),.UNSPECIFIED.);
#44=B_SPLINE_CURVE_WITH_KNOTS('',3,(#169,#170,#171,#172),.UNSPECIFIED.,
 .F.,.F.,(4,4),(0.,0.000313967302415317),.UNSPECIFIED.);
#45=B_SPLINE_CURVE_WITH_KNOTS('',3,(#174,#175,#176,#177),.UNSPECIFIED.,
 .F.,.F.,(4,4),(0.0015322382963346,0.0017960508600651),.UNSPECIFIED.);
#46=B_SPLINE_CURVE_WITH_KNOTS('',3,(#179,#180,#181,#182,#183,#184,#185,
#186,#187,#188,#189),.UNSPECIFIED.,.T.,.F.,(1,1,1,1,1,1,1,1,1,1,1,1,1,1,
1),(-0.0018835994561187,-0.0012557329707458,-0.000627866485372901,0.,0.000627866485372901,
0.0012557329707458,0.0018835994561187,0.00251146594149161,0.00313933242686451,
0.00376719891223741,0.00439506539761031,0.00502293188298321,0.00565079836835611,
0.00627866485372901,0.00690653133910191),.UNSPECIFIED.);
#47=B_SPLINE_CURVE_WITH_KNOTS('',3,(#191,#192,#193,#194,#195,#196,#197,
#198,#199,#200,#201),.UNSPECIFIED.,.T.,.F.,(1,1,1,1,1,1,1,1,1,1,1,1,1,1,
1),(-0.00188348828968203,-0.00125565885978802,-0.000627829429894012,0.,
0.000627829429894011,0.00125565885978802,0.00188348828968203,0.00251131771957604,
0.00313914714947006,0.00376697657936407,0.00439480600925808,0.00502263543915209,
0.0056504648690461,0.00627829429894011,0.00690612372883412),
 .UNSPECIFIED.);
#48=EDGE_LOOP('',(#13));
#49=EDGE_LOOP('',(#14,#15,#16,#17));
#50=EDGE_LOOP('',(#18,#19,#20));
#51=EDGE_LOOP('',(#21));
#52=EDGE_LOOP('',(#22));
#53=FACE_BOUND('',#48,.T.);
#54=FACE_BOUND('',#49,.T.);
#55=FACE_BOUND('',#50,.T.);
#56=FACE_BOUND('',#51,.T.);
#57=FACE_BOUND('',#52,.T.);
#58=CYLINDRICAL_SURFACE('',#123,0.0008);
#59=CYLINDRICAL_SURFACE('',#126,0.0008);
#60=ADVANCED_FACE('',(#53,#54),#58,.F.);
#61=ADVANCED_FACE('',(#55),#11,.F.);
#62=ADVANCED_FACE('',(#56,#57),#59,.F.);
#63=OPEN_SHELL('',(#60,#61));
#64=OPEN_SHELL('',(#62));
#65=SHELL_BASED_SURFACE_MODEL('Part 1',(#63));
#66=SHELL_BASED_SURFACE_MODEL('',(#64));
#67=SHAPE_REPRESENTATION_RELATIONSHIP('','',#118,#69);
#68=SHAPE_REPRESENTATION_RELATIONSHIP('','',#118,#10);
#69=TESSELLATED_SHAPE_REPRESENTATION('',(#113),#204);
#70=PROPERTY_DEFINITION_REPRESENTATION(#79,#73);
#71=PROPERTY_DEFINITION_REPRESENTATION(#80,#74);
#72=PROPERTY_DEFINITION_REPRESENTATION(#81,#75);
#73=REPRESENTATION('HYBRID_SOURCE_ID',(#76),$);
#74=REPRESENTATION('HYBRID_SOURCE_ID',(#77),$);
#75=REPRESENTATION('HYBRID_SOURCE_ID',(#78),$);
#76=DESCRIPTIVE_REPRESENTATION_ITEM('184','184');
#77=DESCRIPTIVE_REPRESENTATION_ITEM('184','184');
#78=DESCRIPTIVE_REPRESENTATION_ITEM('184','184');
#79=PROPERTY_DEFINITION('HYBRID_SOURCE_ID','HYBRID_SOURCE_ID',$);
#80=PROPERTY_DEFINITION('HYBRID_SOURCE_ID','HYBRID_SOURCE_ID',$);
#81=PROPERTY_DEFINITION('HYBRID_SOURCE_ID','HYBRID_SOURCE_ID',$);
#82=STYLED_ITEM('',(#86),#111);
#83=STYLED_ITEM('',(#87),#113);
#84=STYLED_ITEM('',(#88),#65);
#85=STYLED_ITEM('',(#89),#66);
#86=PRESENTATION_STYLE_ASSIGNMENT((#90));
#87=PRESENTATION_STYLE_ASSIGNMENT((#91));
#88=PRESENTATION_STYLE_ASSIGNMENT((#92));
#89=PRESENTATION_STYLE_ASSIGNMENT((#93));
#90=SURFACE_STYLE_USAGE(.BOTH.,#94);
#91=SURFACE_STYLE_USAGE(.BOTH.,#95);
#92=SURFACE_STYLE_USAGE(.BOTH.,#96);
#93=SURFACE_STYLE_USAGE(.BOTH.,#97);
#94=SURFACE_SIDE_STYLE('',(#98));
#95=SURFACE_SIDE_STYLE('',(#99));
#96=SURFACE_SIDE_STYLE('',(#100));
#97=SURFACE_SIDE_STYLE('',(#101));
#98=SURFACE_STYLE_FILL_AREA(#102);
#99=SURFACE_STYLE_FILL_AREA(#103);
#100=SURFACE_STYLE_FILL_AREA(#104);
#101=SURFACE_STYLE_FILL_AREA(#105);
#102=FILL_AREA_STYLE('',(#106));
#103=FILL_AREA_STYLE('',(#107));
#104=FILL_AREA_STYLE('',(#108));
#105=FILL_AREA_STYLE('',(#109));
#106=FILL_AREA_STYLE_COLOUR('',#110);
#107=FILL_AREA_STYLE_COLOUR('',#110);
#108=FILL_AREA_STYLE_COLOUR('',#110);
#109=FILL_AREA_STYLE_COLOUR('',#110);
#110=COLOUR_RGB('',0.917647058823529,0.917647058823529,0.917647058823529);
#111=COMPLEX_TRIANGULATED_FACE('ConvergentBody',#112,3432,((-1.,0.,0.),
(0.,-0.0436195942661682,0.999048212548351),(-1.,0.,0.),(0.,-0.999048211524751,
-0.0436196177103436),(-1.,0.,0.),(0.,-0.99904821050115,0.0436196411545324),
(0.,-0.99904821050115,0.0436196411545324),(1.,0.,0.),(-1.,0.,0.),(0.,-0.0436194770307888,
-0.999048217666976),(-1.,0.,0.),(0.,-0.984807875807418,-0.17364748125925),
(0.,-0.999048211524751,-0.0436196177103436),(1.,0.,0.),(-1.,0.,0.),(0.,
-0.984807865682138,0.173647538682792),(-1.,0.,0.),(0.,-0.64278792977605,
0.766044174531873),(0.,-0.984807865682138,0.173647538682792),(1.,0.,0.),
(-1.,0.,0.),(0.,-0.173648516948323,0.984807693187684),(-1.,0.,0.),(0.,-0.173648081232426,
-0.984807770016208),(-1.,0.,0.),(0.,-0.939692928141465,-0.342019298872036),
(0.,-0.984807875807418,-0.17364748125925),(1.,0.,0.),(-1.,0.,0.),(0.,-0.939692955142418,
0.34201922468731),(-1.,0.,0.),(0.,-0.866025232221718,0.500000297155232),
(0.,-0.939692955142418,0.34201922468731),(1.,0.,0.),(-1.,0.,0.),(0.,-0.342019997075605,
-0.939692674016566),(-1.,0.,0.),(0.,-0.866025194631619,-0.500000362263135),
(0.,-0.939692928141465,-0.342019298872036),(1.,0.,0.),(1.,0.,0.),(0.,-0.866025232221718,
0.500000297155232),(-1.,0.,0.),(0.,-0.500000055351937,-0.86602537182698),
(-1.,0.,0.),(0.,-0.766044352321285,-0.642787717895001),(0.,-0.866025194631619,
-0.500000362263135),(1.,0.,0.),(-1.,0.,0.),(0.,-0.766044174531876,0.642787929776047),
(0.,-0.766044174531876,0.642787929776047),(1.,0.,0.),(-1.,0.,0.),(0.,-0.64278781641176,
-0.766044269655875),(0.,-0.766044352321285,-0.642787717895001),(1.,0.,0.),
(1.,0.,0.),(0.,-0.64278792977605,0.766044174531873),(0.,-0.64278781641176,
-0.766044269655875),(1.,0.,0.),(-1.,0.,0.),(0.,-0.342019285022764,0.939692933182174),
(-1.,0.,0.),(0.,-0.49999945184316,0.866025720262706),(0.,-0.49999945184316,
0.866025720262706),(1.,0.,0.),(1.,0.,0.),(0.,-0.500000055351937,-0.86602537182698),
(0.,-0.342019285022764,0.939692933182174),(1.,0.,0.),(1.,0.,0.),(0.,-0.342019997075605,
-0.939692674016566),(0.,-0.173648516948323,0.984807693187684),(1.,0.,0.),
(1.,0.,0.),(0.,-0.173648081232426,-0.984807770016208),(0.,-0.0436195942661682,
0.999048212548351),(1.,0.,0.),(0.,0.0436194770307897,-0.999048217666975),
(-1.,0.,0.),(0.,-0.0436194770307888,-0.999048217666976),(1.,0.,0.),(1.,
0.,0.),(0.,0.043619594266169,0.999048212548351),(0.,0.043619594266169,0.999048212548351),
(-1.,0.,0.),(-1.,0.,0.),(0.,0.7660443523213,-0.642787717894982),(-1.,0.,
0.),(0.,0.17364780672338,-0.984807818419492),(0.,0.0436194770307897,-0.999048217666975),
(1.,0.,0.),(-1.,0.,0.),(0.,0.866025194631622,-0.500000362263131),(-1.,0.,
0.),(0.,0.984808062111208,-0.173646424670269),(-1.,0.,0.),(0.,0.999048258323155,
-0.0436185458431373),(-1.,0.,0.),(0.,0.999048257299604,0.0436185692867567),
(-1.,0.,0.),(0.,0.173648242438681,0.984807741591199),(0.,0.173648242438681,
0.984807741591199),(1.,0.,0.),(-1.,0.,0.),(0.,0.642787816411735,-0.766044269655895),
(-1.,0.,0.),(0.,0.342020162848027,-0.939692613680351),(0.,0.17364780672338,
-0.984807818419492),(1.,0.,0.),(-1.,0.,0.),(0.,0.984808051986089,0.173646482093259),
(-1.,0.,0.),(0.,0.342019450793088,0.939692872846865),(0.,0.342019450793088,
0.939692872846865),(1.,0.,0.),(-1.,0.,0.),(0.,0.500000449527726,-0.866025144249329),
(0.,0.342020162848027,-0.939692613680351),(1.,0.,0.),(-1.,0.,0.),(0.,0.939692955142404,
0.342019224687349),(-1.,0.,0.),(0.,0.499999846017675,0.866025492686157),
(0.,0.499999846017675,0.866025492686157),(1.,0.,0.),(1.,0.,0.),(0.,0.500000449527726,
-0.866025144249329),(-1.,0.,0.),(0.,0.86602523222172,0.500000297155228),
(-1.,0.,0.),(0.,0.642787929776024,0.766044174531896),(0.,0.642787929776024,
0.766044174531896),(1.,0.,0.),(1.,0.,0.),(0.,0.642787816411735,-0.766044269655895),
(-1.,0.,0.),(0.,0.766044174531894,0.642787929776026),(0.,0.766044174531894,
0.642787929776026),(1.,0.,0.),(1.,0.,0.),(0.,0.7660443523213,-0.642787717894982),
(0.,0.86602523222172,0.500000297155228),(1.,0.,0.),(-1.,0.,0.),(0.,0.939692928141454,
-0.342019298872065),(0.,0.866025194631622,-0.500000362263131),(1.,0.,0.),
(1.,0.,0.),(0.,0.939692955142404,0.342019224687349),(0.,0.939692928141454,
-0.342019298872065),(1.,0.,0.),(1.,0.,0.),(0.,0.984808051986089,0.173646482093259),
(0.,0.984808062111208,-0.173646424670269),(1.,0.,0.),(1.,0.,0.),(0.,0.999048257299604,
0.0436185692867567),(0.,0.999048258323155,-0.0436185458431373),(1.,0.,0.),
(1.,0.,0.),(0.,0.,-1.),(0.,-1.,0.),(1.,0.,0.),(0.,0.,-1.),(0.,-0.707106913932553,
-0.707106648440517),(1.,0.,0.),(0.,-1.,0.),(0.,0.,1.),(0.,0.,1.),(1.,0.,
0.),(0.,-0.707107046678459,0.707106515694536),(-0.0429031025061532,-0.99907923799634,
0.),(0.,0.,-1.),(0.,0.,1.),(-0.0429031025061532,-0.99907923799634,0.),(1.,
0.,0.),(0.,1.,0.),(0.,0.,-1.),(1.,0.,0.),(0.,-0.707107046678459,0.707106515694536),
(0.,0.,1.),(0.,-0.707107046678459,0.707106515694536),(0.,0.,1.),(1.,0.,
0.),(0.,0.,1.),(-0.170830590898676,-0.985300415717566,0.),(0.,0.,1.),(1.,
0.,0.),(0.,-0.707107046678459,0.707106515694536),(0.,0.,-1.),(0.,1.,0.),
(1.,0.,0.),(1.,0.,0.),(0.,0.,-1.),(0.,-0.707106913932553,-0.707106648440517),
(1.,0.,0.),(0.,0.,1.),(0.,1.,0.),(0.,0.,1.),(0.,1.,0.),(1.,0.,0.),(-0.170830590898676,
-0.985300415717566,0.),(0.,0.,-1.),(0.,0.,-1.),(-0.336648566062929,-0.941630364297888,
0.),(-0.336648566062929,-0.941630364297888,0.),(0.,0.,1.),(-0.492566878946732,
-0.87027459446124,0.),(0.,0.,-1.),(-0.492566878946732,-0.87027459446124,
0.),(0.,0.,1.),(0.,0.,1.),(0.0429031025061532,-0.99907923799634,0.),(-0.633985124000206,
-0.773345241497252,0.),(0.,0.,-1.),(0.,0.,-1.),(0.932661685356097,-0.360752242777124,
0.),(-0.633985124000206,-0.773345241497252,0.),(0.,0.,1.),(-0.756778280648818,
-0.653671656061527,0.),(0.,0.,-1.),(-0.756778280648818,-0.653671656061527,
0.),(0.,0.,1.),(-0.857324518481231,-0.514776330080283,0.),(0.,0.,-1.),(-0.857324518481231,
-0.514776330080283,0.),(0.,0.,1.),(0.,0.,1.),(0.170836085857853,-0.985299462990196,
0.),(-0.932661685356097,-0.360752242777124,0.),(0.,0.,-1.),(-0.932661685356097,
-0.360752242777124,0.),(0.,0.,1.),(-0.971263857875717,-0.23800529066468,
0.),(0.,0.,-1.),(0.,0.,-1.),(0.971264193062298,-0.2380039228144,0.),(-0.971263857875717,
-0.23800529066468,0.),(0.,0.,1.),(0.,0.,1.),(0.932661685356097,-0.360752242777124,
0.),(0.,0.,1.),(0.857324518481346,-0.514776330080093,0.),(0.,0.,1.),(0.756778280648797,
-0.653671656061551,0.),(0.,0.,1.),(0.633994698438496,-0.773337392314558,
0.),(0.,0.,1.),(0.492561793548802,-0.870277472726939,0.),(0.,0.,1.),(0.336636657140967,
-0.941634621851255,0.),(-0.971264221980153,-0.238003804804224,0.),(0.,0.,
-1.),(-0.971264221980153,-0.238003804804224,0.),(0.,0.,1.),(0.,0.,1.),(0.971259553054513,
-0.238022857306496,0.),(0.,0.,1.),(0.971264193062298,-0.2380039228144,0.),
(-0.932669333271183,-0.360732469810366,0.),(0.,0.,-1.),(0.,0.,-1.),(-0.857323861168579,
-0.514777424787645,0.),(0.,0.,-1.),(-0.0429031025061532,-0.99907923799634,
0.),(0.,0.,-1.),(0.0429049780376371,-0.999079157454298,0.),(0.,0.,-1.),
(0.971259553054513,-0.238022857306496,0.),(-0.932669333271183,-0.360732469810366,
0.),(0.,0.,1.),(0.,0.,1.),(-0.0429031025061532,-0.99907923799634,0.),(-0.857323861168579,
-0.514777424787645,0.),(0.,0.,1.),(-0.756774577954137,-0.653675942774658,
0.),(0.,0.,-1.),(0.,0.,-1.),(-0.633996943054415,-0.773335552136107,0.),
(-0.756774577954137,-0.653675942774658,0.),(0.,0.,1.),(0.,0.,1.),(-0.633996943054415,
-0.773335552136107,0.),(-0.492563280737189,-0.870276631002704,0.),(0.,0.,
-1.),(0.,0.,-1.),(-0.336639687995869,-0.941633538307788,0.),(-0.492563280737189,
-0.870276631002704,0.),(0.,0.,1.),(0.,0.,1.),(-0.336639687995869,-0.941633538307788,
0.),(-0.170825374893184,-0.985301320050168,0.),(0.,0.,-1.),(-0.170825374893184,
-0.985301320050168,0.),(0.,0.,1.),(0.,0.,1.),(0.0429049780376371,-0.999079157454298,
0.),(0.170827224559644,-0.985300999364787,0.),(0.,0.,-1.),(0.,0.,-1.),(0.336639687995808,
-0.94163353830781,0.),(0.,0.,-1.),(0.633999189098226,-0.773333710776138,
0.),(0.,0.,-1.),(0.756784568700157,-0.653664376096263,0.),(0.,0.,-1.),(0.857323861168593,
-0.514777424787621,0.),(0.,0.,-1.),(0.932661748825294,-0.360752078688597,
0.),(0.170827224559644,-0.985300999364787,0.),(0.,0.,1.),(0.,0.,1.),(0.336639687995808,
-0.94163353830781,0.),(0.,0.,1.),(0.633999189098226,-0.773333710776138,
0.),(0.,0.,1.),(0.857323861168593,-0.514777424787621,0.),(0.492552506921198,
-0.870282728729947,0.),(0.,0.,-1.),(0.492552506921198,-0.870282728729947,
0.),(0.,0.,1.),(0.,0.,1.),(0.756784568700157,-0.653664376096263,0.),(0.932661748825294,
-0.360752078688597,0.),(0.,0.,1.),(0.857324518481346,-0.514776330080093,
0.),(0.,0.,-1.),(0.,0.,-1.),(0.756778280648797,-0.653671656061551,0.),(0.633994698438496,
-0.773337392314558,0.),(0.,0.,-1.),(0.,0.,-1.),(0.492561793548802,-0.870277472726939,
0.),(0.336636657140967,-0.941634621851255,0.),(0.,0.,-1.),(0.,0.,-1.),(0.170836085857853,
-0.985299462990196,0.),(0.0429031025061532,-0.99907923799634,0.),(0.,0.,
-1.),(0.,0.,-1.),(-0.0429031025061532,-0.99907923799634,0.),(-0.0429031025061532,
-0.99907923799634,0.),(0.,0.,1.),(-0.170830590898676,-0.985300415717566,
0.),(0.,0.,-1.),(-0.170830590898676,-0.985300415717566,0.),(0.,0.,1.),(-0.336639985551383,
-0.941633431929838,0.),(0.,0.,-1.),(0.,0.,-1.),(0.932661685356097,-0.360752242777124,
0.),(-0.336639985551383,-0.941633431929838,0.),(0.,0.,1.),(0.,0.,1.),(0.0429031025061532,
-0.99907923799634,0.),(-0.492558948649875,-0.870279082883721,0.),(0.,0.,
-1.),(-0.492558948649875,-0.870279082883721,0.),(0.,0.,1.),(-0.633996943054415,
-0.773335552136107,0.),(0.,0.,-1.),(-0.633996943054415,-0.773335552136107,
0.),(0.,0.,1.),(-0.756776676325254,-0.653673513437787,0.),(0.,0.,-1.),(-0.756776676325254,
-0.653673513437787,0.),(0.,0.,1.),(-0.857325513659182,-0.514774672676327,
0.),(0.,0.,-1.),(-0.857325513659182,-0.514774672676327,0.),(0.,0.,1.),(0.,
0.,1.),(0.170830590898675,-0.985300415717567,0.),(-0.932668781413846,-0.360733896627432,
0.),(0.,0.,-1.),(-0.932668781413846,-0.360733896627432,0.),(0.,0.,1.),(-0.971263857875717,
-0.23800529066468,0.),(0.,0.,-1.),(0.,0.,-1.),(0.971263857875773,-0.238005290664452,
0.),(-0.971263857875717,-0.23800529066468,0.),(0.,0.,1.),(0.,0.,1.),(0.932661685356097,
-0.360752242777124,0.),(0.,0.,1.),(0.857324518481346,-0.514776330080093,
0.),(0.,0.,1.),(0.75678827070279,-0.653660090051917,0.),(0.,0.,1.),(0.633996943054467,
-0.773335552136064,0.),(0.,0.,1.),(0.492558948650057,-0.870279082883618,
0.),(0.,0.,1.),(0.336639985551526,-0.941633431929787,0.),(-0.971264221980153,
-0.238003804804224,0.),(0.,0.,-1.),(-0.971264221980153,-0.238003804804224,
0.),(0.,0.,1.),(0.,0.,1.),(0.971264221980098,-0.238003804804452,0.),(0.,
0.,1.),(0.971263857875773,-0.238005290664452,0.),(-0.932662237241382,-0.360750815971218,
0.),(0.,0.,-1.),(0.,0.,-1.),(-0.857322866024279,-0.514779082123503,0.),
(0.,0.,-1.),(-0.0429031025061532,-0.99907923799634,0.),(0.,0.,-1.),(0.0429031025061532,
-0.99907923799634,0.),(0.,0.,-1.),(0.971264221980098,-0.238003804804452,
0.),(-0.932662237241382,-0.360750815971218,0.),(0.,0.,1.),(0.,0.,1.),(-0.0429031025061532,
-0.99907923799634,0.),(-0.857322866024279,-0.514779082123503,0.),(0.,0.,
1.),(-0.756776182332688,-0.65367408534679,0.),(0.,0.,-1.),(0.,0.,-1.),(-0.633985124000206,
-0.773345241497252,0.),(-0.756776182332688,-0.65367408534679,0.),(0.,0.,
1.),(0.,0.,1.),(-0.633985124000206,-0.773345241497252,0.),(-0.492571211147947,
-0.870272142463635,0.),(0.,0.,-1.),(0.,0.,-1.),(-0.336648268655827,-0.941630470625837,
0.),(-0.492571211147947,-0.870272142463635,0.),(0.,0.,1.),(0.,0.,1.),(-0.336648268655827,
-0.941630470625837,0.),(-0.170825374893184,-0.985301320050168,0.),(0.,0.,
-1.),(-0.170825374893184,-0.985301320050168,0.),(0.,0.,1.),(0.,0.,1.),(0.0429031025061532,
-0.99907923799634,0.),(0.170819880594539,-0.985302272601493,0.),(0.,0.,
-1.),(0.,0.,-1.),(0.336643017874822,-0.941632347849272,0.),(0.,0.,-1.),
(0.633985124000385,-0.773345241497106,0.),(0.,0.,-1.),(0.756776182332726,
-0.653674085346746,0.),(0.,0.,-1.),(0.857322866024021,-0.514779082123932,
0.),(0.,0.,-1.),(0.93266223724141,-0.360750815971147,0.),(0.170819880594539,
-0.985302272601493,0.),(0.,0.,1.),(0.,0.,1.),(0.336643017874822,-0.941632347849272,
0.),(0.,0.,1.),(0.633985124000385,-0.773345241497106,0.),(0.,0.,1.),(0.857322866024021,
-0.514779082123932,0.),(0.492571211147966,-0.870272142463624,0.),(0.,0.,
-1.),(0.492571211147966,-0.870272142463624,0.),(0.,0.,1.),(0.,0.,1.),(0.756776182332726,
-0.653674085346746,0.),(0.93266223724141,-0.360750815971147,0.),(0.,0.,
1.),(0.857324518481346,-0.514776330080093,0.),(0.,0.,-1.),(0.,0.,-1.),(0.75678827070279,
-0.653660090051917,0.),(0.633996943054467,-0.773335552136064,0.),(0.,0.,
-1.),(0.,0.,-1.),(0.492558948650057,-0.870279082883618,0.),(0.336639985551526,
-0.941633431929787,0.),(0.,0.,-1.),(0.,0.,-1.),(0.170830590898675,-0.985300415717567,
0.),(0.0429031025061532,-0.99907923799634,0.),(0.,0.,-1.),(0.,0.,-1.),(-0.0429031025061532,
-0.99907923799634,0.),(-0.0429031025061532,-0.99907923799634,0.),(0.,0.,
1.),(-0.170830590898676,-0.985300415717566,0.),(0.,0.,-1.),(-0.170830590898676,
-0.985300415717566,0.),(0.,0.,1.),(0.,0.,1.),(0.0429031025061532,-0.99907923799634,
0.),(-0.336648566062929,-0.941630364297888,0.),(0.,0.,-1.),(0.,0.,-1.),
(0.932661685356097,-0.360752242777124,0.),(-0.336648566062929,-0.941630364297888,
0.),(0.,0.,1.),(-0.492566878946732,-0.87027459446124,0.),(0.,0.,-1.),(-0.492566878946732,
-0.87027459446124,0.),(0.,0.,1.),(-0.633985124000206,-0.773345241497252,
0.),(0.,0.,-1.),(-0.633985124000206,-0.773345241497252,0.),(0.,0.,1.),(-0.756778280648818,
-0.653671656061527,0.),(0.,0.,-1.),(-0.756778280648818,-0.653671656061527,
0.),(0.,0.,1.),(-0.857324518481231,-0.514776330080283,0.),(0.,0.,-1.),(-0.857324518481231,
-0.514776330080283,0.),(0.,0.,1.),(0.,0.,1.),(0.170830590898675,-0.985300415717567,
0.),(-0.932661685356097,-0.360752242777124,0.),(0.,0.,-1.),(-0.932661685356097,
-0.360752242777124,0.),(0.,0.,1.),(-0.971264193062308,-0.23800392281436,
0.),(0.,0.,-1.),(0.,0.,-1.),(0.971263857875773,-0.238005290664452,0.),(-0.971264193062308,
-0.23800392281436,0.),(0.,0.,1.),(0.,0.,1.),(0.932661685356097,-0.360752242777124,
0.),(0.,0.,1.),(0.857324518481346,-0.514776330080093,0.),(0.,0.,1.),(0.756778280648797,
-0.653671656061551,0.),(0.,0.,1.),(0.633985124000385,-0.773345241497106,
0.),(0.,0.,1.),(0.492566878946731,-0.87027459446124,0.),(0.,0.,1.),(0.33664856606286,
-0.941630364297913,0.),(-0.971259553054381,-0.238022857307033,0.),(0.,0.,
-1.),(-0.971259553054381,-0.238022857307033,0.),(0.,0.,1.),(0.,0.,1.),(0.971264221980098,
-0.238003804804452,0.),(0.,0.,1.),(0.971263857875773,-0.238005290664452,
0.),(-0.932661748825193,-0.360752078688859,0.),(0.,0.,-1.),(0.,0.,-1.),
(-0.857323861168579,-0.514777424787645,0.),(0.,0.,-1.),(-0.0429049780376371,
-0.999079157454298,0.),(0.,0.,-1.),(0.0429031025061532,-0.99907923799634,
0.),(0.,0.,-1.),(0.971264221980098,-0.238003804804452,0.),(-0.932661748825193,
-0.360752078688859,0.),(0.,0.,1.),(0.,0.,1.),(-0.0429049780376371,-0.999079157454298,
0.),(-0.857323861168579,-0.514777424787645,0.),(0.,0.,1.),(-0.756784568700203,
-0.653664376096211,0.),(0.,0.,-1.),(0.,0.,-1.),(-0.633999189098071,-0.773333710776265,
0.),(-0.756784568700203,-0.653664376096211,0.),(0.,0.,1.),(0.,0.,1.),(-0.633999189098071,
-0.773333710776265,0.),(-0.492552506921184,-0.870282728729955,0.),(0.,0.,
-1.),(0.,0.,-1.),(-0.336639687995869,-0.941633538307788,0.),(-0.492552506921184,
-0.870282728729955,0.),(0.,0.,1.),(0.,0.,1.),(-0.336639687995869,-0.941633538307788,
0.),(-0.170827224559714,-0.985300999364775,0.),(0.,0.,-1.),(-0.170827224559714,
-0.985300999364775,0.),(0.,0.,1.),(0.,0.,1.),(0.0429031025061532,-0.99907923799634,
0.),(0.170825374893091,-0.985301320050184,0.),(0.,0.,-1.),(0.,0.,-1.),(0.336639687995808,
-0.94163353830781,0.),(0.,0.,-1.),(0.633996943054467,-0.773335552136064,
0.),(0.,0.,-1.),(0.756774577954096,-0.653675942774705,0.),(0.,0.,-1.),(0.857323861168593,
-0.514777424787621,0.),(0.,0.,-1.),(0.932669333271192,-0.360732469810343,
0.),(0.170825374893091,-0.985301320050184,0.),(0.,0.,1.),(0.,0.,1.),(0.336639687995808,
-0.94163353830781,0.),(0.,0.,1.),(0.633996943054467,-0.773335552136064,
0.),(0.,0.,1.),(0.857323861168593,-0.514777424787621,0.),(0.492563280737052,
-0.870276631002782,0.),(0.,0.,-1.),(0.492563280737052,-0.870276631002782,
0.),(0.,0.,1.),(0.,0.,1.),(0.756774577954096,-0.653675942774705,0.),(0.932669333271192,
-0.360732469810343,0.),(0.,0.,1.),(0.857324518481346,-0.514776330080093,
0.),(0.,0.,-1.),(0.,0.,-1.),(0.756778280648797,-0.653671656061551,0.),(0.633985124000385,
-0.773345241497106,0.),(0.,0.,-1.),(0.,0.,-1.),(0.492566878946731,-0.87027459446124,
0.),(0.33664856606286,-0.941630364297913,0.),(0.,0.,-1.),(0.,0.,-1.),(0.170830590898675,
-0.985300415717567,0.),(0.0429031025061532,-0.99907923799634,0.),(0.,0.,
-1.),(0.,0.,-1.),(-0.0429031025061532,-0.99907923799634,0.),(-0.0429031025061532,
-0.99907923799634,0.),(0.,0.,1.),(-0.17083608585782,-0.985299462990202,
0.),(0.,0.,-1.),(-0.17083608585782,-0.985299462990202,0.),(0.,0.,1.),(0.,
0.,1.),(0.0429031025061532,-0.99907923799634,0.),(-0.336636657140979,-0.94163462185125,
0.),(0.,0.,-1.),(0.,0.,-1.),(0.93266878141386,-0.360733896627397,0.),(0.,
0.,-1.),(0.857325513658958,-0.5147746726767,0.),(-0.336636657140979,-0.94163462185125,
0.),(0.,0.,1.),(-0.492551018943923,-0.870283570876357,0.),(0.,0.,-1.),(-0.492551018943923,
-0.870283570876357,0.),(0.,0.,1.),(-0.633985124000206,-0.773345241497252,
0.),(0.,0.,-1.),(-0.633985124000206,-0.773345241497252,0.),(0.,0.,1.),(-0.756789875588988,
-0.653658231957652,0.),(0.,0.,-1.),(-0.756789875588988,-0.653658231957652,
0.),(0.,0.,1.),(-0.857333649631272,-0.514761122473253,0.),(0.,0.,-1.),(-0.857333649631272,
-0.514761122473253,0.),(0.,0.,1.),(0.,0.,1.),(0.170830590898675,-0.985300415717567,
0.),(-0.932661685356097,-0.360752242777124,0.),(0.,0.,-1.),(-0.932661685356097,
-0.360752242777124,0.),(0.,0.,1.),(-0.971263857875717,-0.23800529066468,
0.),(0.,0.,-1.),(0.,0.,-1.),(0.971263857875773,-0.238005290664452,0.),(-0.971263857875717,
-0.23800529066468,0.),(0.,0.,1.),(0.,0.,1.),(0.93266878141386,-0.360733896627397,
0.),(0.,0.,1.),(0.857325513658958,-0.5147746726767,0.),(0.,0.,1.),(0.756776676325295,
-0.65367351343774,0.),(0.,0.,1.),(0.633996943054467,-0.773335552136064,
0.),(0.,0.,1.),(0.492558948650057,-0.870279082883618,0.),(0.,0.,1.),(0.336639985551526,
-0.941633431929787,0.),(-0.971259217841189,-0.238024225150554,0.),(0.,0.,
-1.),(-0.971259217841189,-0.238024225150554,0.),(0.,0.,1.),(0.,0.,1.),(0.971264221980098,
-0.238003804804452,0.),(0.,0.,1.),(0.971263857875773,-0.238005290664452,
0.),(-0.932661748825193,-0.360752078688859,0.),(0.,0.,-1.),(0.,0.,-1.),
(-0.857332991907622,-0.514762217909129,0.),(0.,0.,-1.),(-0.0429049780376371,
-0.999079157454298,0.),(0.,0.,-1.),(0.0429031025061532,-0.99907923799634,
0.),(0.,0.,-1.),(0.971264221980098,-0.238003804804452,0.),(-0.932661748825193,
-0.360752078688859,0.),(0.,0.,1.),(0.,0.,1.),(-0.0429049780376371,-0.999079157454298,
0.),(-0.857332991907622,-0.514762217909129,0.),(0.,0.,1.),(-0.756786172423643,
-0.653662519369416,0.),(0.,0.,-1.),(0.,0.,-1.),(-0.633987369330847,-0.773343400779338,
0.),(-0.756786172423643,-0.653662519369416,0.),(0.,0.,1.),(0.,0.,1.),(-0.633987369330847,
-0.773343400779338,0.),(-0.492552506921184,-0.870282728729955,0.),(0.,0.,
-1.),(0.,0.,-1.),(-0.336639687995869,-0.941633538307788,0.),(-0.492552506921184,
-0.870282728729955,0.),(0.,0.,1.),(0.,0.,1.),(-0.336639687995869,-0.941633538307788,
0.),(-0.170827224559714,-0.985300999364775,0.),(0.,0.,-1.),(-0.170827224559714,
-0.985300999364775,0.),(0.,0.,1.),(0.,0.,1.),(0.0429031025061532,-0.99907923799634,
0.),(0.170825374893091,-0.985301320050184,0.),(0.,0.,-1.),(0.,0.,-1.),(0.336648268655827,
-0.941630470625837,0.),(0.,0.,-1.),(0.633985124000385,-0.773345241497106,
0.),(0.,0.,-1.),(0.756764587657696,-0.653687508575219,0.),(0.,0.,-1.),(0.857323861168593,
-0.514777424787621,0.),(0.,0.,-1.),(0.932669333271192,-0.360732469810343,
0.),(0.170825374893091,-0.985301320050184,0.),(0.,0.,1.),(0.,0.,1.),(0.336648268655827,
-0.941630470625837,0.),(0.,0.,1.),(0.633985124000385,-0.773345241497106,
0.),(0.,0.,1.),(0.857323861168593,-0.514777424787621,0.),(0.492571211147966,
-0.870272142463624,0.),(0.,0.,-1.),(0.492571211147966,-0.870272142463624,
0.),(0.,0.,1.),(0.,0.,1.),(0.756764587657696,-0.653687508575219,0.),(0.932669333271192,
-0.360732469810343,0.),(0.,0.,1.),(0.756776676325295,-0.65367351343774,
0.),(0.,0.,-1.),(0.,0.,-1.),(0.633996943054467,-0.773335552136064,0.),(0.492558948650057,
-0.870279082883618,0.),(0.,0.,-1.),(0.,0.,-1.),(0.336639985551526,-0.941633431929787,
0.),(0.170830590898675,-0.985300415717567,0.),(0.,0.,-1.),(0.,0.,-1.),(0.0429031025061532,
-0.99907923799634,0.),(-0.0429031025061532,-0.99907923799634,0.),(0.,0.,
-1.),(-0.0429031025061532,-0.99907923799634,0.),(0.,0.,1.),(-0.17083608585782,
-0.985299462990202,0.),(0.,0.,-1.),(0.,0.,-1.),(0.0429031025061532,-0.99907923799634,
0.),(-0.17083608585782,-0.985299462990202,0.),(0.,0.,1.),(0.,0.,1.),(0.0429031025061532,
-0.99907923799634,0.),(-0.336645236979819,-0.941631554494008,0.),(0.,0.,
-1.),(-0.336645236979819,-0.941631554494008,0.),(0.,0.,1.),(-0.492548174803634,
-0.870285180557275,0.),(0.,0.,-1.),(-0.492548174803634,-0.870285180557275,
0.),(0.,0.,1.),(-0.633987369330847,-0.773343400779338,0.),(0.,0.,-1.),(-0.633987369330847,
-0.773343400779338,0.),(0.,0.,1.),(-0.756788270702808,-0.653660090051896,
0.),(0.,0.,-1.),(-0.756788270702808,-0.653660090051896,0.),(0.,0.,1.),(-0.857324518481231,
-0.514776330080283,0.),(0.,0.,-1.),(0.,0.,-1.),(0.170830590898675,-0.985300415717567,
0.),(-0.857324518481231,-0.514776330080283,0.),(0.,0.,1.),(0.,0.,1.),(0.170830590898675,
-0.985300415717567,0.),(-0.932661685356097,-0.360752242777124,0.),(0.,0.,
-1.),(-0.932661685356097,-0.360752242777124,0.),(0.,0.,1.),(-0.971264193062308,
-0.23800392281436,0.),(0.,0.,-1.),(0.,0.,-1.),(0.971263857875773,-0.238005290664452,
0.),(0.,0.,-1.),(0.932661685356097,-0.360752242777124,0.),(0.,0.,-1.),(0.857324518481346,
-0.514776330080093,0.),(0.,0.,-1.),(0.756778280648797,-0.653671656061551,
0.),(0.,0.,-1.),(0.633985124000385,-0.773345241497106,0.),(0.,0.,-1.),(0.492558948650057,
-0.870279082883618,0.),(0.,0.,-1.),(0.336639985551526,-0.941633431929787,
0.),(-0.971264193062308,-0.23800392281436,0.),(0.,0.,1.),(0.,0.,1.),(0.971263857875773,
-0.238005290664452,0.),(0.,0.,1.),(0.932661685356097,-0.360752242777124,
0.),(0.,0.,1.),(0.857324518481346,-0.514776330080093,0.),(0.,0.,1.),(0.756778280648797,
-0.653671656061551,0.),(0.,0.,1.),(0.633985124000385,-0.773345241497106,
0.),(0.,0.,1.),(0.492558948650057,-0.870279082883618,0.),(0.,0.,1.),(0.336639985551526,
-0.941633431929787,0.),(-0.971264557164631,-0.238002436953475,0.),(0.,0.,
-1.),(-0.971264557164631,-0.238002436953475,0.),(0.,0.,1.),(0.,0.,1.),(0.971264221980098,
-0.238003804804452,0.),(-0.932662237241382,-0.360750815971218,0.),(0.,0.,
-1.),(0.,0.,-1.),(-0.857313734985867,-0.51479428882281,0.),(0.,0.,-1.),
(-0.0429049780376371,-0.999079157454298,0.),(0.,0.,-1.),(0.0429031025061532,
-0.99907923799634,0.),(0.,0.,-1.),(0.971264221980098,-0.238003804804452,
0.),(-0.932662237241382,-0.360750815971218,0.),(0.,0.,1.),(0.,0.,1.),(-0.0429049780376371,
-0.999079157454298,0.),(-0.857313734985867,-0.51479428882281,0.),(0.,0.,
1.),(-0.756774577954137,-0.653675942774658,0.),(0.,0.,-1.),(0.,0.,-1.),
(-0.633987369330847,-0.773343400779338,0.),(-0.756774577954137,-0.653675942774658,
0.),(0.,0.,1.),(0.,0.,1.),(-0.633987369330847,-0.773343400779338,0.),(-0.492560437387645,
-0.870278240288985,0.),(0.,0.,-1.),(0.,0.,-1.),(-0.336648268655827,-0.941630470625837,
0.),(-0.492560437387645,-0.870278240288985,0.),(0.,0.,1.),(0.,0.,1.),(-0.336648268655827,
-0.941630470625837,0.),(-0.170827224559714,-0.985300999364775,0.),(0.,0.,
-1.),(-0.170827224559714,-0.985300999364775,0.),(0.,0.,1.),(0.,0.,1.),(0.0429031025061532,
-0.99907923799634,0.),(0.170825374893091,-0.985301320050184,0.),(0.,0.,
-1.),(0.,0.,-1.),(0.336639687995808,-0.94163353830781,0.),(0.,0.,-1.),(0.633985124000385,
-0.773345241497106,0.),(0.,0.,-1.),(0.756787777365074,-0.653660661223261,
0.),(0.,0.,-1.),(0.857331997261178,-0.514763874482426,0.),(0.,0.,-1.),(0.93266223724141,
-0.360750815971147,0.),(0.170825374893091,-0.985301320050184,0.),(0.,0.,
1.),(0.,0.,1.),(0.336639687995808,-0.94163353830781,0.),(0.,0.,1.),(0.633985124000385,
-0.773345241497106,0.),(0.,0.,1.),(0.857331997261178,-0.514763874482426,
0.),(0.492563280737052,-0.870276631002782,0.),(0.,0.,-1.),(0.492563280737052,
-0.870276631002782,0.),(0.,0.,1.),(0.,0.,1.),(0.756787777365074,-0.653660661223261,
0.),(0.93266223724141,-0.360750815971147,0.),(0.,0.,1.),(-0.0429031025061532,
-0.99907923799634,0.),(0.,0.,-1.),(-0.0429031025061532,-0.99907923799634,
0.),(0.,0.,1.),(-0.17083608585782,-0.985299462990202,0.),(0.,0.,-1.),(0.,
0.,-1.),(0.0429031025061532,-0.99907923799634,0.),(-0.17083608585782,-0.985299462990202,
0.),(0.,0.,1.),(-0.336645236979819,-0.941631554494008,0.),(0.,0.,-1.),(-0.336645236979819,
-0.941631554494008,0.),(0.,0.,1.),(-0.492558948649875,-0.870279082883721,
0.),(0.,0.,-1.),(-0.492558948649875,-0.870279082883721,0.),(0.,0.,1.),(0.,
0.,1.),(0.0429031025061532,-0.99907923799634,0.),(-0.633996943054415,-0.773335552136107,
0.),(0.,0.,-1.),(-0.633996943054415,-0.773335552136107,0.),(0.,0.,1.),(-0.756788270702808,
-0.653660090051896,0.),(0.,0.,-1.),(-0.756788270702808,-0.653660090051896,
0.),(0.,0.,1.),(-0.857324518481231,-0.514776330080283,0.),(0.,0.,-1.),(0.,
0.,-1.),(0.932661685356097,-0.360752242777124,0.),(0.,0.,-1.),(0.857324518481346,
-0.514776330080093,0.),(0.,0.,-1.),(0.756768291044653,-0.653683221193076,
0.),(0.,0.,-1.),(0.633973305539476,-0.773354930069855,0.),(0.,0.,-1.),(0.492566878946731,
-0.87027459446124,0.),(0.,0.,-1.),(0.33664856606286,-0.941630364297913,
0.),(0.,0.,-1.),(0.170830590898675,-0.985300415717567,0.),(-0.857324518481231,
-0.514776330080283,0.),(0.,0.,1.),(0.,0.,1.),(0.857324518481346,-0.514776330080093,
0.),(0.,0.,1.),(0.756768291044653,-0.653683221193076,0.),(0.,0.,1.),(0.633973305539476,
-0.773354930069855,0.),(0.,0.,1.),(0.492566878946731,-0.87027459446124,
0.),(0.,0.,1.),(0.33664856606286,-0.941630364297913,0.),(0.,0.,1.),(0.170830590898675,
-0.985300415717567,0.),(-0.932654100421495,-0.360771851683265,0.),(0.,0.,
-1.),(-0.932654100421495,-0.360771851683265,0.),(0.,0.,1.),(-0.971259188872768,
-0.238024343356333,0.),(0.,0.,-1.),(-0.971259188872768,-0.238024343356333,
0.),(0.,0.,1.),(0.,0.,1.),(0.932661685356097,-0.360752242777124,0.),(-0.971259553054381,
-0.238022857307033,0.),(0.,0.,-1.),(0.,0.,-1.),(-0.0429031025061532,-0.99907923799634,
0.),(0.,0.,-1.),(0.0429049780376371,-0.999079157454298,0.),(0.,0.,-1.),
(0.971264193062298,-0.2380039228144,0.),(-0.971259553054381,-0.238022857307033,
0.),(0.,0.,1.),(0.,0.,1.),(-0.0429031025061532,-0.99907923799634,0.),(0.,
0.,1.),(0.971264193062298,-0.2380039228144,0.),(-0.932661748825193,-0.360752078688859,
0.),(0.,0.,-1.),(0.,0.,-1.),(-0.170830869651677,-0.985300367387555,0.),
(-0.932661748825193,-0.360752078688859,0.),(0.,0.,1.),(-0.857323861168579,
-0.514777424787645,0.),(0.,0.,-1.),(0.,0.,-1.),(-0.33663635924092,-0.941634728351189,
0.),(-0.857323861168579,-0.514777424787645,0.),(0.,0.,1.),(-0.756784568700203,
-0.653664376096211,0.),(0.,0.,-1.),(0.,0.,-1.),(-0.492555350917062,-0.870281119112078,
0.),(-0.756784568700203,-0.653664376096211,0.),(0.,0.,1.),(0.,0.,1.),(-0.170830869651677,
-0.985300367387555,0.),(-0.634008762702014,-0.773325861986434,0.),(0.,0.,
-1.),(-0.634008762702014,-0.773325861986434,0.),(0.,0.,1.),(0.,0.,1.),(-0.33663635924092,
-0.941634728351189,0.),(-0.492555350917062,-0.870281119112078,0.),(0.,0.,
1.),(0.,0.,1.),(0.0429049780376371,-0.999079157454298,0.),(0.17082173026295,
-0.985301951926399,0.),(0.,0.,-1.),(0.,0.,-1.),(0.756786172423959,-0.65366251936905,
0.),(0.,0.,-1.),(0.93266223724141,-0.360750815971147,0.),(0.,0.,-1.),(0.971264557164649,
-0.238002436953403,0.),(0.17082173026295,-0.985301951926399,0.),(0.,0.,
1.),(0.,0.,1.),(0.971264557164649,-0.238002436953403,0.),(0.336643017874822,
-0.941632347849272,0.),(0.,0.,-1.),(0.,0.,-1.),(0.633987369330604,-0.773343400779538,
0.),(0.336643017874822,-0.941632347849272,0.),(0.,0.,1.),(0.,0.,1.),(0.93266223724141,
-0.360750815971147,0.),(0.492560437387371,-0.87027824028914,0.),(0.,0.,
-1.),(0.492560437387371,-0.87027824028914,0.),(0.,0.,1.),(0.,0.,1.),(0.857322866024021,
-0.514779082123932,0.),(0.633987369330604,-0.773343400779538,0.),(0.,0.,
1.),(0.,0.,1.),(0.756786172423959,-0.65366251936905,0.),(0.857322866024021,
-0.514779082123932,0.),(0.,0.,-1.),(0.,0.,-1.),(-0.0429031025061532,-0.99907923799634,
0.),(-0.0429031025061532,-0.99907923799634,0.),(0.,0.,1.),(-0.17083608585782,
-0.985299462990202,0.),(0.,0.,-1.),(0.,0.,-1.),(0.,-0.707106913932553,-0.707106648440517),
(1.,0.,0.),(-0.17083608585782,-0.985299462990202,0.),(0.,0.,1.),(0.,0.,
1.),(0.0429031025061532,-0.99907923799634,0.),(-0.336645236979819,-0.941631554494008,
0.),(0.,0.,-1.),(-0.336645236979819,-0.941631554494008,0.),(0.,0.,1.),(-0.492548174803634,
-0.870285180557275,0.),(0.,0.,-1.),(-0.492548174803634,-0.870285180557275,
0.),(0.,0.,1.),(-0.633999189098071,-0.773333710776265,0.),(0.,0.,-1.),(0.,
0.,-1.),(0.0429031025061532,-0.99907923799634,0.),(-0.633999189098071,-0.773333710776265,
0.),(0.,0.,1.),(-0.756786667034224,-0.653661946727229,0.),(0.,0.,-1.),(-0.756786667034224,
-0.653661946727229,0.),(0.,0.,1.),(-0.857325513659182,-0.514774672676327,
0.),(0.,0.,-1.),(0.,0.,-1.),(0.932662174304163,-0.360750978685064,0.),(0.,
0.,-1.),(0.857323524158933,-0.514777986051957,0.),(0.,0.,-1.),(0.756799865437999,
-0.653646665770604,0.),(0.,0.,-1.),(0.633977796201487,-0.773351248737277,
0.),(0.,0.,-1.),(0.492545332068009,-0.870286789430941,0.),(0.,0.,-1.),(0.336643315085903,
-0.941632241593274,0.),(0.,0.,-1.),(0.170825096399581,-0.985301368333605,
0.),(-0.857325513659182,-0.514774672676327,0.),(0.,0.,1.),(0.,0.,1.),(0.857323524158933,
-0.514777986051957,0.),(0.,0.,1.),(0.756799865437999,-0.653646665770604,
0.),(0.,0.,1.),(0.633977796201487,-0.773351248737277,0.),(0.,0.,1.),(0.492545332068009,
-0.870286789430941,0.),(0.,0.,1.),(0.336643315085903,-0.941632241593274,
0.),(0.,0.,1.),(0.170825096399581,-0.985301368333605,0.),(-0.932668781413846,
-0.360733896627432,0.),(0.,0.,-1.),(-0.932668781413846,-0.360733896627432,
0.),(0.,0.,1.),(-0.971263187497949,-0.238008026359039,0.),(0.,0.,-1.),(-0.971263187497949,
-0.238008026359039,0.),(0.,0.,1.),(0.,0.,1.),(0.932662174304163,-0.360750978685064,
0.),(-0.971278562354386,-0.237945275874089,0.),(0.,0.,-1.),(0.,0.,-1.),
(-0.0429031025061532,-0.99907923799634,0.),(0.,0.,-1.),(0.0429049780376371,
-0.999079157454298,0.),(0.,0.,-1.),(0.971268861787091,-0.237984869524951,
0.),(-0.971278562354386,-0.237945275874089,0.),(0.,0.,1.),(0.,0.,1.),(-0.0429031025061532,
-0.99907923799634,0.),(0.,0.,1.),(0.971268861787091,-0.237984869524951,
0.),(-0.932677895416018,-0.360710331710014,0.),(0.,0.,-1.),(0.,0.,-1.),
(-0.170825374893184,-0.985301320050168,0.),(-0.932677895416018,-0.360710331710014,
0.),(0.,0.,1.),(-0.857303608861391,-0.514811152009389,0.),(0.,0.,-1.),(0.,
0.,-1.),(-0.336639687995869,-0.941633538307788,0.),(-0.857303608861391,
-0.514811152009389,0.),(0.,0.,1.),(-0.756774577954137,-0.653675942774658,
0.),(0.,0.,-1.),(0.,0.,-1.),(-0.492563280737189,-0.870276631002704,0.),
(-0.756774577954137,-0.653675942774658,0.),(0.,0.,1.),(0.,0.,1.),(-0.170825374893184,
-0.985301320050168,0.),(-0.633996943054415,-0.773335552136107,0.),(0.,0.,
-1.),(-0.633996943054415,-0.773335552136107,0.),(0.,0.,1.),(0.,0.,1.),(-0.336639687995869,
-0.941633538307788,0.),(-0.492563280737189,-0.870276631002704,0.),(0.,0.,
1.),(0.,0.,1.),(0.0429049780376371,-0.999079157454298,0.),(0.17082173026295,
-0.985301951926399,0.),(0.,0.,-1.),(0.,0.,-1.),(0.756777787928823,-0.653672226500069,
0.),(0.,0.,-1.),(0.932662726114642,-0.36074955206681,0.),(0.,0.,-1.),(0.971269225812257,
-0.237983383852865,0.),(0.17082173026295,-0.985301951926399,0.),(0.,0.,
1.),(0.,0.,1.),(0.971269225812257,-0.237983383852865,0.),(0.336651599207323,
-0.941629279892651,0.),(0.,0.,-1.),(0.,0.,-1.),(0.633973305539476,-0.773354930069855,
0.),(0.336651599207323,-0.941629279892651,0.),(0.,0.,1.),(0.,0.,1.),(0.932662726114642,
-0.36074955206681,0.),(0.492579142149388,-0.870267653494816,0.),(0.,0.,
-1.),(0.492579142149388,-0.870267653494816,0.),(0.,0.,1.),(0.,0.,1.),(0.857321871734948,
-0.514780738028226,0.),(0.633973305539476,-0.773354930069855,0.),(0.,0.,
1.),(0.,0.,1.),(0.756777787928823,-0.653672226500069,0.),(0.857321871734948,
-0.514780738028226,0.),(0.,0.,-1.),(0.,0.,-1.),(-0.0429068537326609,-0.999079076901705,
0.),(-0.0429068537326609,-0.999079076901705,0.),(0.,0.,1.),(-0.170828795893634,
-0.985300726932408,0.),(0.,0.,-1.),(-0.170828795893634,-0.985300726932408,
0.),(0.,0.,1.),(0.,0.,1.),(0.0429068537326609,-0.999079076901705,0.),(-0.336643315085953,
-0.941632241593256,0.),(0.,0.,-1.),(0.,0.,-1.),(0.0429068537326609,-0.999079076901705,
0.),(-0.336643315085953,-0.941632241593256,0.),(0.,0.,1.),(-0.49254533206797,
-0.870286789430963,0.),(0.,0.,-1.),(-0.49254533206797,-0.870286789430963,
0.),(0.,0.,1.),(-0.633977796201436,-0.773351248737319,0.),(0.,0.,-1.),(-0.633977796201436,
-0.773351248737319,0.),(0.,0.,1.),(-0.756776676325254,-0.653673513437787,
0.),(0.,0.,-1.),(-0.756776676325254,-0.653673513437787,0.),(0.,0.,1.),(-0.857325513659182,
-0.514774672676327,0.),(0.,0.,-1.),(0.,0.,-1.),(0.932662174304163,-0.360750978685064,
0.),(0.,0.,-1.),(0.857323524158933,-0.514777986051957,0.),(0.,0.,-1.),(0.756779886190161,
-0.653669797266179,0.),(0.,0.,-1.),(0.633973305539476,-0.773354930069855,
0.),(0.,0.,-1.),(0.492566878946731,-0.87027459446124,0.),(0.,0.,-1.),(0.336643315085903,
-0.941632241593274,0.),(0.,0.,-1.),(0.170828795893706,-0.985300726932395,
0.),(-0.857325513659182,-0.514774672676327,0.),(0.,0.,1.),(0.,0.,1.),(0.857323524158933,
-0.514777986051957,0.),(0.,0.,1.),(0.756779886190161,-0.653669797266179,
0.),(0.,0.,1.),(0.633973305539476,-0.773354930069855,0.),(0.,0.,1.),(0.492566878946731,
-0.87027459446124,0.),(0.,0.,1.),(0.336643315085903,-0.941632241593274,
0.),(0.,0.,1.),(0.170828795893706,-0.985300726932395,0.),(-0.932676365736222,
-0.360714286932293,0.),(0.,0.,-1.),(-0.932676365736222,-0.360714286932293,
0.),(0.,0.,1.),(-0.971268861787073,-0.237984869525025,0.),(0.,0.,-1.),(-0.971268861787073,
-0.237984869525025,0.),(0.,0.,1.),(0.,0.,1.),(0.932662174304163,-0.360750978685064,
0.),(-0.97124920864326,-0.23806506402629,0.),(0.,0.,-1.),(0.,0.,-1.),(-0.0429031025061532,
-0.99907923799634,0.),(0.,0.,-1.),(0.0429031025061532,-0.99907923799634,
0.),(0.,0.,-1.),(0.971268861787091,-0.237984869524951,0.),(-0.97124920864326,
-0.23806506402629,0.),(0.,0.,1.),(0.,0.,1.),(-0.0429031025061532,-0.99907923799634,
0.),(0.,0.,1.),(0.971268861787091,-0.237984869524951,0.),(-0.932660773364166,
-0.360754600563536,0.),(0.,0.,-1.),(0.,0.,-1.),(-0.170830869651677,-0.985300367387555,
0.),(-0.932660773364166,-0.360754600563536,0.),(0.,0.,1.),(-0.857344113707782,
-0.514743694172758,0.),(0.,0.,-1.),(0.,0.,-1.),(-0.33663635924092,-0.941634728351189,
0.),(-0.857344113707782,-0.514743694172758,0.),(0.,0.,1.),(-0.756774577954137,
-0.653675942774658,0.),(0.,0.,-1.),(0.,0.,-1.),(-0.492555350917062,-0.870281119112078,
0.),(-0.756774577954137,-0.653675942774658,0.),(0.,0.,1.),(0.,0.,1.),(-0.170830869651677,
-0.985300367387555,0.),(-0.633996943054415,-0.773335552136107,0.),(0.,0.,
-1.),(-0.633996943054415,-0.773335552136107,0.),(0.,0.,1.),(0.,0.,1.),(-0.33663635924092,
-0.941634728351189,0.),(-0.492555350917062,-0.870281119112078,0.),(0.,0.,
1.),(0.,0.,1.),(0.0429031025061532,-0.99907923799634,0.),(0.170819880594539,
-0.985302272601493,0.),(0.,0.,-1.),(0.,0.,-1.),(0.756797767251178,-0.653649095068318,
0.),(0.,0.,-1.),(0.932662726114642,-0.36074955206681,0.),(0.,0.,-1.),(0.971269225812257,
-0.237983383852865,0.),(0.170819880594539,-0.985302272601493,0.),(0.,0.,
1.),(0.,0.,1.),(0.971269225812257,-0.237983383852865,0.),(0.336643017874822,
-0.941632347849272,0.),(0.,0.,-1.),(0.,0.,-1.),(0.633977796201487,-0.773351248737277,
0.),(0.336643017874822,-0.941632347849272,0.),(0.,0.,1.),(0.,0.,1.),(0.932662726114642,
-0.36074955206681,0.),(0.492549664329941,-0.870284337540589,0.),(0.,0.,
-1.),(0.492549664329941,-0.870284337540589,0.),(0.,0.,1.),(0.,0.,1.),(0.857321871734948,
-0.514780738028226,0.),(0.633977796201487,-0.773351248737277,0.),(0.,0.,
1.),(0.,0.,1.),(0.756797767251178,-0.653649095068318,0.),(0.857321871734948,
-0.514780738028226,0.),(0.,0.,-1.),(0.,0.,-1.),(-0.0429031025061532,-0.99907923799634,
0.),(-0.0429031025061532,-0.99907923799634,0.),(0.,0.,1.),(-0.17083608585782,
-0.985299462990202,0.),(0.,0.,-1.),(-0.17083608585782,-0.985299462990202,
0.),(0.,0.,1.),(-0.336636657140979,-0.94163462185125,0.),(0.,0.,-1.),(0.,
0.,-1.),(0.0429031025061532,-0.99907923799634,0.),(-0.336636657140979,-0.94163462185125,
0.),(0.,0.,1.),(-0.492551018943923,-0.870283570876357,0.),(0.,0.,-1.),(-0.492551018943923,
-0.870283570876357,0.),(0.,0.,1.),(0.,0.,1.),(0.0429031025061532,-0.99907923799634,
0.),(-0.633996943054415,-0.773335552136107,0.),(0.,0.,-1.),(-0.633996943054415,
-0.773335552136107,0.),(0.,0.,1.),(-0.756799865437999,-0.653646665770604,
0.),(0.,0.,-1.),(-0.756799865437999,-0.653646665770604,0.),(0.,0.,1.),(-0.857323524158933,
-0.514777986051957,0.),(0.,0.,-1.),(0.,0.,-1.),(0.932662174304163,-0.360750978685064,
0.),(0.,0.,-1.),(0.857323524158933,-0.514777986051957,0.),(0.,0.,-1.),(0.756799865437999,
-0.653646665770604,0.),(0.,0.,-1.),(0.633977796201487,-0.773351248737277,
0.),(0.,0.,-1.),(0.492545332068009,-0.870286789430941,0.),(0.,0.,-1.),(0.336643315085903,
-0.941632241593274,0.),(0.,0.,-1.),(0.170825096399581,-0.985301368333605,
0.),(-0.857323524158933,-0.514777986051957,0.),(0.,0.,1.),(0.,0.,1.),(0.932662174304163,
-0.360750978685064,0.),(0.,0.,1.),(0.857323524158933,-0.514777986051957,
0.),(0.,0.,1.),(0.756799865437999,-0.653646665770604,0.),(0.,0.,1.),(0.633977796201487,
-0.773351248737277,0.),(0.,0.,1.),(0.492545332068009,-0.870286789430941,
0.),(0.,0.,1.),(0.336643315085903,-0.941632241593274,0.),(0.,0.,1.),(0.170825096399581,
-0.985301368333605,0.),(-0.932662174304163,-0.360750978685064,0.),(0.,0.,
-1.),(-0.932662174304163,-0.360750978685064,0.),(0.,0.,1.),(-0.971268861787073,
-0.237984869525025,0.),(0.,0.,-1.),(0.,0.,-1.),(0.971268861787091,-0.237984869524951,
0.),(-0.971268861787073,-0.237984869525025,0.),(0.,0.,1.),(-0.971269225812139,
-0.237983383853345,0.),(0.,0.,-1.),(0.,0.,-1.),(-0.0429031025061532,-0.99907923799634,
0.),(0.,0.,-1.),(0.0429031025061532,-0.99907923799634,0.),(-0.971269225812139,
-0.237983383853345,0.),(0.,0.,1.),(0.,0.,1.),(-0.0429031025061532,-0.99907923799634,
0.),(0.,0.,1.),(0.971268861787091,-0.237984869524951,0.),(-0.932662726114616,
-0.360749552066877,0.),(0.,0.,-1.),(0.,0.,-1.),(-0.170830869651677,-0.985300367387555,
0.),(-0.932662726114616,-0.360749552066877,0.),(0.,0.,1.),(-0.857321871735018,
-0.514780738028109,0.),(0.,0.,-1.),(0.,0.,-1.),(-0.33663635924092,-0.941634728351189,
0.),(-0.857321871735018,-0.514780738028109,0.),(0.,0.,1.),(-0.756777787928829,
-0.653672226500062,0.),(0.,0.,-1.),(0.,0.,-1.),(-0.492555350917062,-0.870281119112078,
0.),(-0.756777787928829,-0.653672226500062,0.),(0.,0.,1.),(0.,0.,1.),(-0.170830869651677,
-0.985300367387555,0.),(-0.633973305539484,-0.773354930069848,0.),(0.,0.,
-1.),(-0.633973305539484,-0.773354930069848,0.),(0.,0.,1.),(0.,0.,1.),(-0.33663635924092,
-0.941634728351189,0.),(-0.492555350917062,-0.870281119112078,0.),(0.,0.,
1.),(0.,0.,1.),(0.0429031025061532,-0.99907923799634,0.),(0.170830869651738,
-0.985300367387545,0.),(0.,0.,-1.),(0.,0.,-1.),(0.756777787928823,-0.653672226500069,
0.),(0.,0.,-1.),(0.932661748825294,-0.360752078688597,0.),(0.,0.,-1.),(0.971259217841309,
-0.238024225150066,0.),(0.170830869651738,-0.985300367387545,0.),(0.,0.,
1.),(0.,0.,1.),(0.971259217841309,-0.238024225150066,0.),(0.336636359240908,
-0.941634728351194,0.),(0.,0.,-1.),(0.,0.,-1.),(0.633973305539476,-0.773354930069855,
0.),(0.336636359240908,-0.941634728351194,0.),(0.,0.,1.),(0.,0.,1.),(0.932661748825294,
-0.360752078688597,0.),(0.492555350917072,-0.870281119112072,0.),(0.,0.,
-1.),(0.492555350917072,-0.870281119112072,0.),(0.,0.,1.),(0.,0.,1.),(0.857342122845898,
-0.514747010087566,0.),(0.633973305539476,-0.773354930069855,0.),(0.,0.,
1.),(0.,0.,1.),(0.756777787928823,-0.653672226500069,0.),(0.857342122845898,
-0.514747010087566,0.),(0.,0.,-1.),(0.,0.,-1.),(-0.0429031025061532,-0.99907923799634,
0.),(-0.0429031025061532,-0.99907923799634,0.),(0.,0.,1.),(-0.170825096399687,
-0.985301368333586,0.),(0.,0.,-1.),(-0.170825096399687,-0.985301368333586,
0.),(0.,0.,1.),(-0.336643315085953,-0.941632241593256,0.),(0.,0.,-1.),(-0.336643315085953,
-0.941632241593256,0.),(0.,0.,1.),(-0.49254533206797,-0.870286789430963,
0.),(0.,0.,-1.),(0.,0.,-1.),(0.756776676325295,-0.65367351343774,0.),(0.,
0.,-1.),(0.633996943054467,-0.773335552136064,0.),(0.,0.,-1.),(0.492566878946731,
-0.87027459446124,0.),(0.,0.,-1.),(0.336643315085903,-0.941632241593274,
0.),(0.,0.,-1.),(0.170828795893706,-0.985300726932395,0.),(0.,0.,-1.),(0.0429068537326609,
-0.999079076901705,0.),(-0.49254533206797,-0.870286789430963,0.),(0.,0.,
1.),(0.,0.,1.),(0.492566878946731,-0.87027459446124,0.),(0.,0.,1.),(0.336643315085903,
-0.941632241593274,0.),(0.,0.,1.),(0.170828795893706,-0.985300726932395,
0.),(0.,0.,1.),(0.0429068537326609,-0.999079076901705,0.),(-0.633977796201436,
-0.773351248737319,0.),(0.,0.,-1.),(-0.633977796201436,-0.773351248737319,
0.),(0.,0.,1.),(-0.756799865437999,-0.653646665770604,0.),(0.,0.,-1.),(-0.756799865437999,
-0.653646665770604,0.),(0.,0.,1.),(-0.857323524158933,-0.514777986051957,
0.),(0.,0.,-1.),(0.,0.,-1.),(0.932661196864898,-0.360753505682947,0.),(0.,
0.,-1.),(0.857325513658958,-0.5147746726767,0.),(-0.857323524158933,-0.514777986051957,
0.),(0.,0.,1.),(0.,0.,1.),(0.756776676325295,-0.65367351343774,0.),(0.,
0.,1.),(0.633996943054467,-0.773335552136064,0.),(-0.932662174304163,-0.360750978685064,
0.),(0.,0.,-1.),(-0.932662174304163,-0.360750978685064,0.),(0.,0.,1.),(0.,
0.,1.),(0.857325513658958,-0.5147746726767,0.),(-0.971268861787073,-0.237984869525025,
0.),(0.,0.,-1.),(-0.971268861787073,-0.237984869525025,0.),(0.,0.,1.),(0.,
0.,1.),(0.971259524086266,-0.238022975512282,0.),(0.,0.,1.),(0.932661196864898,
-0.360753505682947,0.),(-0.971259217841189,-0.238024225150554,0.),(0.,0.,
-1.),(0.,0.,-1.),(0.971259524086266,-0.238022975512282,0.),(-0.971259217841189,
-0.238024225150554,0.),(0.,0.,1.),(0.,0.,1.),(0.971259888266159,-0.238021489460947,
0.),(-0.932661748825193,-0.360752078688859,0.),(0.,0.,-1.),(0.,0.,-1.),
(-0.857323861168579,-0.514777424787645,0.),(0.,0.,-1.),(-0.0429031025061532,
-0.99907923799634,0.),(0.,0.,-1.),(0.0429031025061532,-0.99907923799634,
0.),(0.,0.,-1.),(0.971259888266159,-0.238021489460947,0.),(-0.932661748825193,
-0.360752078688859,0.),(0.,0.,1.),(0.,0.,1.),(-0.0429031025061532,-0.99907923799634,
0.),(-0.857323861168579,-0.514777424787645,0.),(0.,0.,1.),(-0.756774577954137,
-0.653675942774658,0.),(0.,0.,-1.),(-0.756774577954137,-0.653675942774658,
0.),(0.,0.,1.),(0.,0.,1.),(-0.633996943054415,-0.773335552136107,0.),(-0.633996943054415,
-0.773335552136107,0.),(0.,0.,-1.),(0.,0.,-1.),(-0.492555350917062,-0.870281119112078,
0.),(0.,0.,-1.),(-0.170830869651677,-0.985300367387555,0.),(-0.492555350917062,
-0.870281119112078,0.),(0.,0.,1.),(-0.170830869651677,-0.985300367387555,
0.),(0.,0.,1.),(-0.33663635924092,-0.941634728351189,0.),(0.,0.,-1.),(-0.33663635924092,
-0.941634728351189,0.),(0.,0.,1.),(0.,0.,1.),(0.0429031025061532,-0.99907923799634,
0.),(0.170819880594539,-0.985302272601493,0.),(0.,0.,-1.),(0.,0.,-1.),(0.492571211147966,
-0.870272142463624,0.),(0.,0.,-1.),(0.633996943054467,-0.773335552136064,
0.),(0.,0.,-1.),(0.756774577954096,-0.653675942774705,0.),(0.,0.,-1.),(0.857323861168593,
-0.514777424787621,0.),(0.170819880594539,-0.985302272601493,0.),(0.,0.,
1.),(0.,0.,1.),(0.336643017874822,-0.941632347849272,0.),(0.,0.,1.),(0.492571211147966,
-0.870272142463624,0.),(0.,0.,1.),(0.756774577954096,-0.653675942774705,
0.),(0.,0.,1.),(0.857323861168593,-0.514777424787621,0.),(0.336643017874822,
-0.941632347849272,0.),(0.,0.,-1.),(0.633996943054467,-0.773335552136064,
0.),(0.,0.,1.),(0.932661748825294,-0.360752078688597,0.),(0.,0.,-1.),(0.932661748825294,
-0.360752078688597,0.),(0.,0.,1.),(-0.0429068537326609,-0.999079076901705,
0.),(0.,0.,-1.),(-0.0429068537326609,-0.999079076901705,0.),(0.,0.,1.),
(-0.170828795893634,-0.985300726932408,0.),(0.,0.,-1.),(0.,0.,-1.),(0.492545332068009,
-0.870286789430941,0.),(0.,0.,-1.),(0.336643315085903,-0.941632241593274,
0.),(0.,0.,-1.),(0.170828795893706,-0.985300726932395,0.),(0.,0.,-1.),(0.0429068537326609,
-0.999079076901705,0.),(-0.170828795893634,-0.985300726932408,0.),(0.,0.,
1.),(0.,0.,1.),(0.756796658193262,-0.653650379138199,0.),(0.,0.,1.),(0.634001436569462,
-0.773331868235015,0.),(0.,0.,1.),(0.492545332068009,-0.870286789430941,
0.),(0.,0.,1.),(0.336643315085903,-0.941632241593274,0.),(0.,0.,1.),(0.170828795893706,
-0.985300726932395,0.),(0.,0.,1.),(0.0429068537326609,-0.999079076901705,
0.),(-0.336643315085953,-0.941632241593256,0.),(0.,0.,-1.),(-0.336643315085953,
-0.941632241593256,0.),(0.,0.,1.),(0.,0.,1.),(0.971258853657484,-0.238025711199336,
0.),(0.,0.,1.),(0.932661196864898,-0.360753505682947,0.),(0.,0.,1.),(0.857325513658958,
-0.5147746726767,0.),(-0.492566878946732,-0.87027459446124,0.),(0.,0.,-1.),
(-0.492566878946732,-0.87027459446124,0.),(0.,0.,1.),(-0.633996943054415,
-0.773335552136107,0.),(0.,0.,-1.),(0.,0.,-1.),(0.756796658193262,-0.653650379138199,
0.),(0.,0.,-1.),(0.634001436569462,-0.773331868235015,0.),(-0.633996943054415,
-0.773335552136107,0.),(0.,0.,1.),(-0.756776676325254,-0.653673513437787,
0.),(0.,0.,-1.),(-0.756776676325254,-0.653673513437787,0.),(0.,0.,1.),(-0.857325513659182,
-0.514774672676327,0.),(0.,0.,-1.),(-0.857325513659182,-0.514774672676327,
0.),(0.,0.,1.),(-0.932661196864901,-0.36075350568294,0.),(0.,0.,-1.),(-0.932661196864901,
-0.36075350568294,0.),(0.,0.,1.),(-0.971258853657501,-0.238025711199266,
0.),(0.,0.,-1.),(0.,0.,-1.),(0.971258853657484,-0.238025711199336,0.),(0.,
0.,-1.),(0.932661196864898,-0.360753505682947,0.),(0.,0.,-1.),(0.857325513658958,
-0.5147746726767,0.),(-0.971258853657501,-0.238025711199266,0.),(0.,0.,
1.),(-0.971269225812139,-0.237983383853345,0.),(0.,0.,-1.),(-0.971269225812139,
-0.237983383853345,0.),(0.,0.,1.),(0.,0.,1.),(0.971269225812257,-0.237983383852865,
0.),(-0.932662726114616,-0.360749552066877,0.),(0.,0.,-1.),(0.,0.,-1.),
(-0.857321871735018,-0.514780738028109,0.),(0.,0.,-1.),(-0.042899351933727,
-0.999079399048777,0.),(0.,0.,-1.),(0.0429031025061532,-0.99907923799634,
0.),(0.,0.,-1.),(0.971269225812257,-0.237983383852865,0.),(-0.932662726114616,
-0.360749552066877,0.),(0.,0.,1.),(0.,0.,1.),(-0.042899351933727,-0.999079399048777,
0.),(-0.857321871735018,-0.514780738028109,0.),(0.,0.,1.),(-0.756777787928829,
-0.653672226500062,0.),(0.,0.,-1.),(0.,0.,-1.),(-0.633973305539484,-0.773354930069848,
0.),(-0.756777787928829,-0.653672226500062,0.),(0.,0.,1.),(0.,0.,1.),(-0.633973305539484,
-0.773354930069848,0.),(-0.492587073741836,-0.870263164096042,0.),(0.,0.,
-1.),(0.,0.,-1.),(-0.336660181195559,-0.941626211613384,0.),(-0.492587073741836,
-0.870263164096042,0.),(0.,0.,1.),(0.,0.,1.),(-0.336660181195559,-0.941626211613384,
0.),(-0.170816181740415,-0.985302913857269,0.),(0.,0.,-1.),(-0.170816181740415,
-0.985302913857269,0.),(0.,0.,1.),(0.,0.,1.),(0.0429031025061532,-0.99907923799634,
0.),(0.170819880594539,-0.985302272601493,0.),(0.,0.,-1.),(0.,0.,-1.),(0.492571211147966,
-0.870272142463624,0.),(0.,0.,-1.),(0.633996943054467,-0.773335552136064,
0.),(0.,0.,-1.),(0.756774577954096,-0.653675942774705,0.),(0.,0.,-1.),(0.857303608861428,
-0.514811152009328,0.),(0.170819880594539,-0.985302272601493,0.),(0.,0.,
1.),(0.,0.,1.),(0.336643017874822,-0.941632347849272,0.),(0.,0.,1.),(0.492571211147966,
-0.870272142463624,0.),(0.,0.,1.),(0.756774577954096,-0.653675942774705,
0.),(0.,0.,1.),(0.857303608861428,-0.514811152009328,0.),(0.336643017874822,
-0.941632347849272,0.),(0.,0.,-1.),(0.633996943054467,-0.773335552136064,
0.),(0.,0.,1.),(0.932662726114642,-0.36074955206681,0.),(0.,0.,-1.),(0.932662726114642,
-0.36074955206681,0.),(0.,0.,1.),(-0.0429031025061532,-0.99907923799634,
0.),(0.,0.,-1.),(-0.0429031025061532,-0.99907923799634,0.),(0.,0.,1.),(-0.170825096399687,
-0.985301368333586,0.),(0.,0.,-1.),(0.,0.,-1.),(0.492551018943923,-0.870283570876357,
0.),(0.,0.,-1.),(0.336636657140967,-0.941634621851255,0.),(0.,0.,-1.),(0.170836085857853,
-0.985299462990196,0.),(0.,0.,-1.),(0.0429031025061532,-0.99907923799634,
0.),(-0.170825096399687,-0.985301368333586,0.),(0.,0.,1.),(-0.336660478109805,
-0.941626105457404,0.),(0.,0.,-1.),(-0.336660478109805,-0.941626105457404,
0.),(0.,0.,1.),(-0.492561194656308,-0.87027781168932,0.),(0.,0.,-1.),(-0.492561194656308,
-0.87027781168932,0.),(0.,0.,1.),(-0.633977796201436,-0.773351248737319,
0.),(0.,0.,-1.),(0.,0.,-1.),(0.756799865437999,-0.653646665770604,0.),(0.,
0.,-1.),(0.633996943054467,-0.773335552136064,0.),(-0.633977796201436,-0.773351248737319,
0.),(0.,0.,1.),(0.,0.,1.),(0.492551018943923,-0.870283570876357,0.),(0.,
0.,1.),(0.336636657140967,-0.941634621851255,0.),(0.,0.,1.),(0.170836085857853,
-0.985299462990196,0.),(0.,0.,1.),(0.0429031025061532,-0.99907923799634,
0.),(-0.756776676325254,-0.653673513437787,0.),(0.,0.,-1.),(-0.756776676325254,
-0.653673513437787,0.),(0.,0.,1.),(-0.857325513659182,-0.514774672676327,
0.),(0.,0.,-1.),(0.,0.,-1.),(0.857323524158933,-0.514777986051957,0.),(-0.857325513659182,
-0.514774672676327,0.),(0.,0.,1.),(0.,0.,1.),(0.932662174304163,-0.360750978685064,
0.),(0.,0.,1.),(0.857323524158933,-0.514777986051957,0.),(0.,0.,1.),(0.756799865437999,
-0.653646665770604,0.),(0.,0.,1.),(0.633996943054467,-0.773335552136064,
0.),(-0.932661196864901,-0.36075350568294,0.),(0.,0.,-1.),(-0.932661196864901,
-0.36075350568294,0.),(0.,0.,1.),(-0.97125952408651,-0.238022975511285,
0.),(0.,0.,-1.),(0.,0.,-1.),(0.971268861787091,-0.237984869524951,0.),(0.,
0.,-1.),(0.932662174304163,-0.360750978685064,0.),(-0.97125952408651,-0.238022975511285,
0.),(0.,0.,1.),(-0.971259888266156,-0.238021489460962,0.),(0.,0.,-1.),(-0.971259888266156,
-0.238021489460962,0.),(0.,0.,1.),(0.,0.,1.),(0.971269225812257,-0.237983383852865,
0.),(0.,0.,1.),(0.971268861787091,-0.237984869524951,0.),(-0.932661748825193,
-0.360752078688859,0.),(0.,0.,-1.),(0.,0.,-1.),(-0.857323861168579,-0.514777424787645,
0.),(0.,0.,-1.),(-0.0429031025061532,-0.99907923799634,0.),(0.,0.,-1.),
(0.0429031025061532,-0.99907923799634,0.),(0.,0.,-1.),(0.971269225812257,
-0.237983383852865,0.),(-0.932661748825193,-0.360752078688859,0.),(0.,0.,
1.),(0.,0.,1.),(-0.0429031025061532,-0.99907923799634,0.),(-0.857323861168579,
-0.514777424787645,0.),(0.,0.,1.),(-0.756774577954137,-0.653675942774658,
0.),(0.,0.,-1.),(0.,0.,-1.),(-0.633996943054415,-0.773335552136107,0.),
(-0.756774577954137,-0.653675942774658,0.),(0.,0.,1.),(0.,0.,1.),(-0.633996943054415,
-0.773335552136107,0.),(-0.492555350917062,-0.870281119112078,0.),(0.,0.,
-1.),(0.,0.,-1.),(-0.33663635924092,-0.941634728351189,0.),(-0.492555350917062,
-0.870281119112078,0.),(0.,0.,1.),(0.,0.,1.),(-0.33663635924092,-0.941634728351189,
0.),(-0.170830869651677,-0.985300367387555,0.),(0.,0.,-1.),(-0.170830869651677,
-0.985300367387555,0.),(0.,0.,1.),(0.,0.,1.),(0.0429031025061532,-0.99907923799634,
0.),(0.170830869651738,-0.985300367387545,0.),(0.,0.,-1.),(0.,0.,-1.),(0.492555350917072,
-0.870281119112072,0.),(0.,0.,-1.),(0.633973305539476,-0.773354930069855,
0.),(0.,0.,-1.),(0.756777787928823,-0.653672226500069,0.),(0.,0.,-1.),(0.857321871734948,
-0.514780738028226,0.),(0.170830869651738,-0.985300367387545,0.),(0.,0.,
1.),(0.,0.,1.),(0.336636359240908,-0.941634728351194,0.),(0.,0.,1.),(0.492555350917072,
-0.870281119112072,0.),(0.,0.,1.),(0.756777787928823,-0.653672226500069,
0.),(0.,0.,1.),(0.857321871734948,-0.514780738028226,0.),(0.336636359240908,
-0.941634728351194,0.),(0.,0.,-1.),(0.633973305539476,-0.773354930069855,
0.),(0.,0.,1.),(0.932662726114642,-0.36074955206681,0.),(0.,0.,-1.),(0.932662726114642,
-0.36074955206681,0.),(0.,0.,1.),(-0.0429031025061532,-0.99907923799634,
0.),(0.,0.,-1.),(-0.0429031025061532,-0.99907923799634,0.),(0.,0.,1.),(-0.170825096399687,
-0.985301368333586,0.),(0.,0.,-1.),(-0.170825096399687,-0.985301368333586,
0.),(0.,0.,1.),(0.,0.,1.),(0.756799865437999,-0.653646665770604,0.),(0.,
0.,1.),(0.633996943054467,-0.773335552136064,0.),(0.,0.,1.),(0.492551018943923,
-0.870283570876357,0.),(0.,0.,1.),(0.336636657140967,-0.941634621851255,
0.),(0.,0.,1.),(0.170836085857853,-0.985299462990196,0.),(0.,0.,1.),(0.0429031025061532,
-0.99907923799634,0.),(-0.336643315085953,-0.941632241593256,0.),(0.,0.,
-1.),(-0.336643315085953,-0.941632241593256,0.),(0.,0.,1.),(0.,0.,1.),(0.971268861787091,
-0.237984869524951,0.),(0.,0.,1.),(0.932662174304163,-0.360750978685064,
0.),(0.,0.,1.),(0.857323524158933,-0.514777986051957,0.),(-0.492566878946732,
-0.87027459446124,0.),(0.,0.,-1.),(-0.492566878946732,-0.87027459446124,
0.),(0.,0.,1.),(-0.633973305539484,-0.773354930069848,0.),(0.,0.,-1.),(0.,
0.,-1.),(0.756799865437999,-0.653646665770604,0.),(0.,0.,-1.),(0.633996943054467,
-0.773335552136064,0.),(0.,0.,-1.),(0.492551018943923,-0.870283570876357,
0.),(0.,0.,-1.),(0.336636657140967,-0.941634621851255,0.),(0.,0.,-1.),(0.170836085857853,
-0.985299462990196,0.),(0.,0.,-1.),(0.0429031025061532,-0.99907923799634,
0.),(-0.633973305539484,-0.773354930069848,0.),(0.,0.,1.),(-0.756779886190161,
-0.653669797266179,0.),(0.,0.,-1.),(-0.756779886190161,-0.653669797266179,
0.),(0.,0.,1.),(-0.857323524158933,-0.514777986051957,0.),(0.,0.,-1.),(-0.857323524158933,
-0.514777986051957,0.),(0.,0.,1.),(-0.932662174304163,-0.360750978685064,
0.),(0.,0.,-1.),(-0.932662174304163,-0.360750978685064,0.),(0.,0.,1.),(-0.971268861787073,
-0.237984869525025,0.),(0.,0.,-1.),(0.,0.,-1.),(0.971268861787091,-0.237984869524951,
0.),(0.,0.,-1.),(0.932662174304163,-0.360750978685064,0.),(0.,0.,-1.),(0.857323524158933,
-0.514777986051957,0.),(-0.971268861787073,-0.237984869525025,0.),(0.,0.,
1.),(-0.971259217841189,-0.238024225150554,0.),(0.,0.,-1.),(-0.971259217841189,
-0.238024225150554,0.),(0.,0.,1.),(0.,0.,1.),(0.971259217841309,-0.238024225150066,
0.),(-0.932661748825193,-0.360752078688859,0.),(0.,0.,-1.),(0.,0.,-1.),
(-0.857342122845607,-0.514747010088051,0.),(0.,0.,-1.),(-0.0429031025061532,
-0.99907923799634,0.),(0.,0.,-1.),(0.0429031025061532,-0.99907923799634,
0.),(0.,0.,-1.),(0.971259217841309,-0.238024225150066,0.),(-0.932661748825193,
-0.360752078688859,0.),(0.,0.,1.),(0.,0.,1.),(-0.0429031025061532,-0.99907923799634,
0.),(-0.857342122845607,-0.514747010088051,0.),(0.,0.,1.),(-0.756777787928829,
-0.653672226500062,0.),(0.,0.,-1.),(-0.756777787928829,-0.653672226500062,
0.),(0.,0.,1.),(0.,0.,1.),(-0.633973305539484,-0.773354930069848,0.),(-0.633973305539484,
-0.773354930069848,0.),(0.,0.,-1.),(0.,0.,-1.),(-0.492571211147947,-0.870272142463635,
0.),(0.,0.,-1.),(-0.336643017874803,-0.941632347849279,0.),(-0.492571211147947,
-0.870272142463635,0.),(0.,0.,1.),(-0.336643017874803,-0.941632347849279,
0.),(0.,0.,1.),(-0.170819880594625,-0.985302272601478,0.),(0.,0.,-1.),(-0.170819880594625,
-0.985302272601478,0.),(0.,0.,1.),(0.,0.,1.),(0.0429031025061532,-0.99907923799634,
0.),(0.170830869651738,-0.985300367387545,0.),(0.,0.,-1.),(0.,0.,-1.),(0.633996943054467,
-0.773335552136064,0.),(0.,0.,-1.),(0.756774577954096,-0.653675942774705,
0.),(0.,0.,-1.),(0.857323861168593,-0.514777424787621,0.),(0.170830869651738,
-0.985300367387545,0.),(0.,0.,1.),(0.,0.,1.),(0.633996943054467,-0.773335552136064,
0.),(0.,0.,1.),(0.756774577954096,-0.653675942774705,0.),(0.,0.,1.),(0.857323861168593,
-0.514777424787621,0.),(0.336636359240908,-0.941634728351194,0.),(0.,0.,
-1.),(0.,0.,-1.),(0.492555350917072,-0.870281119112072,0.),(0.336636359240908,
-0.941634728351194,0.),(0.,0.,1.),(0.,0.,1.),(0.492555350917072,-0.870281119112072,
0.),(0.932661748825294,-0.360752078688597,0.),(0.,0.,-1.),(0.932661748825294,
-0.360752078688597,0.),(0.,0.,1.),(-0.0429031025061532,-0.99907923799634,
0.),(0.,0.,-1.),(-0.0429031025061532,-0.99907923799634,0.),(0.,0.,1.),(-0.170825096399687,
-0.985301368333586,0.),(0.,0.,-1.),(-0.170825096399687,-0.985301368333586,
0.),(0.,0.,1.),(-0.336643315085953,-0.941632241593256,0.),(0.,0.,-1.),(-0.336643315085953,
-0.941632241593256,0.),(0.,0.,1.),(-0.492566878946732,-0.87027459446124,
0.),(0.,0.,-1.),(-0.492566878946732,-0.87027459446124,0.),(0.,0.,1.),(-0.633973305539484,
-0.773354930069848,0.),(0.,0.,-1.),(0.,0.,-1.),(0.756799865437999,-0.653646665770604,
0.),(0.,0.,-1.),(0.633996943054467,-0.773335552136064,0.),(0.,0.,-1.),(0.492551018943923,
-0.870283570876357,0.),(0.,0.,-1.),(0.336636657140967,-0.941634621851255,
0.),(0.,0.,-1.),(0.170836085857853,-0.985299462990196,0.),(0.,0.,-1.),(0.0429031025061532,
-0.99907923799634,0.),(-0.633973305539484,-0.773354930069848,0.),(0.,0.,
1.),(0.,0.,1.),(0.492551018943923,-0.870283570876357,0.),(0.,0.,1.),(0.336636657140967,
-0.941634621851255,0.),(0.,0.,1.),(0.170836085857853,-0.985299462990196,
0.),(0.,0.,1.),(0.0429031025061532,-0.99907923799634,0.),(-0.756779886190161,
-0.653669797266179,0.),(0.,0.,-1.),(-0.756779886190161,-0.653669797266179,
0.),(0.,0.,1.),(-0.857323524158933,-0.514777986051957,0.),(0.,0.,-1.),(-0.857323524158933,
-0.514777986051957,0.),(0.,0.,1.),(0.,0.,1.),(0.756799865437999,-0.653646665770604,
0.),(0.,0.,1.),(0.633996943054467,-0.773335552136064,0.),(-0.932662174304163,
-0.360750978685064,0.),(0.,0.,-1.),(-0.932662174304163,-0.360750978685064,
0.),(0.,0.,1.),(-0.971268861787073,-0.237984869525025,0.),(0.,0.,-1.),(0.,
0.,-1.),(0.971268861787091,-0.237984869524951,0.),(0.,0.,-1.),(0.932662174304163,
-0.360750978685064,0.),(0.,0.,-1.),(0.857323524158933,-0.514777986051957,
0.),(-0.971268861787073,-0.237984869525025,0.),(0.,0.,1.),(0.,0.,1.),(0.971268861787091,
-0.237984869524951,0.),(0.,0.,1.),(0.932662174304163,-0.360750978685064,
0.),(0.,0.,1.),(0.857323524158933,-0.514777986051957,0.),(-0.971269225812139,
-0.237983383853345,0.),(0.,0.,-1.),(-0.971269225812139,-0.237983383853345,
0.),(0.,0.,1.),(0.,0.,1.),(0.97124920864327,-0.23806506402625,0.),(-0.932662726114616,
-0.360749552066877,0.),(0.,0.,-1.),(0.,0.,-1.),(-0.857321871735018,-0.514780738028109,
0.),(0.,0.,-1.),(-0.0429031025061532,-0.99907923799634,0.),(0.,0.,-1.),
(0.0429031025061532,-0.99907923799634,0.),(0.,0.,-1.),(0.97124920864327,
-0.23806506402625,0.),(-0.932662726114616,-0.360749552066877,0.),(0.,0.,
1.),(0.,0.,1.),(-0.0429031025061532,-0.99907923799634,0.),(-0.857321871735018,
-0.514780738028109,0.),(0.,0.,1.),(-0.756777787928829,-0.653672226500062,
0.),(0.,0.,-1.),(-0.756777787928829,-0.653672226500062,0.),(0.,0.,1.),(0.,
0.,1.),(-0.633973305539484,-0.773354930069848,0.),(-0.633973305539484,-0.773354930069848,
0.),(0.,0.,-1.),(0.,0.,-1.),(-0.492571211147947,-0.870272142463635,0.),
(0.,0.,-1.),(-0.336643017874803,-0.941632347849279,0.),(-0.492571211147947,
-0.870272142463635,0.),(0.,0.,1.),(-0.336643017874803,-0.941632347849279,
0.),(0.,0.,1.),(-0.170819880594625,-0.985302272601478,0.),(0.,0.,-1.),(-0.170819880594625,
-0.985302272601478,0.),(0.,0.,1.),(0.,0.,1.),(0.0429031025061532,-0.99907923799634,
0.),(0.170830869651738,-0.985300367387545,0.),(0.,0.,-1.),(0.,0.,-1.),(0.492555350917072,
-0.870281119112072,0.),(0.,0.,-1.),(0.633996943054467,-0.773335552136064,
0.),(0.,0.,-1.),(0.756774577954096,-0.653675942774705,0.),(0.,0.,-1.),(0.857344113707491,
-0.514743694173242,0.),(0.170830869651738,-0.985300367387545,0.),(0.,0.,
1.),(0.,0.,1.),(0.336636359240908,-0.941634728351194,0.),(0.,0.,1.),(0.492555350917072,
-0.870281119112072,0.),(0.,0.,1.),(0.756774577954096,-0.653675942774705,
0.),(0.,0.,1.),(0.857344113707491,-0.514743694173242,0.),(0.336636359240908,
-0.941634728351194,0.),(0.,0.,-1.),(0.633996943054467,-0.773335552136064,
0.),(0.,0.,1.),(0.932660773363985,-0.360754600564003,0.),(0.,0.,-1.),(0.932660773363985,
-0.360754600564003,0.),(0.,0.,1.),(-0.0429031025061532,-0.99907923799634,
0.),(0.,0.,-1.),(-0.0429031025061532,-0.99907923799634,0.),(0.,0.,1.),(-0.170825096399687,
-0.985301368333586,0.),(0.,0.,-1.),(-0.170825096399687,-0.985301368333586,
0.),(0.,0.,1.),(-0.336643315085953,-0.941632241593256,0.),(0.,0.,-1.),(-0.336643315085953,
-0.941632241593256,0.),(0.,0.,1.),(-0.492566878946732,-0.87027459446124,
0.),(0.,0.,-1.),(-0.492566878946732,-0.87027459446124,0.),(0.,0.,1.),(-0.633973305539484,
-0.773354930069848,0.),(0.,0.,-1.),(0.,0.,-1.),(0.756753488641927,-0.65370035752497,
0.),(0.,0.,-1.),(0.633996943054467,-0.773335552136064,0.),(0.,0.,-1.),(0.492566878946731,
-0.87027459446124,0.),(0.,0.,-1.),(0.336653817474248,-0.941628486814208,
0.),(0.,0.,-1.),(0.170836085857853,-0.985299462990196,0.),(0.,0.,-1.),(0.0429031025061532,
-0.99907923799634,0.),(-0.633973305539484,-0.773354930069848,0.),(0.,0.,
1.),(0.,0.,1.),(0.492566878946731,-0.87027459446124,0.),(0.,0.,1.),(0.336653817474248,
-0.941628486814208,0.),(0.,0.,1.),(0.170836085857853,-0.985299462990196,
0.),(0.,0.,1.),(0.0429031025061532,-0.99907923799634,0.),(-0.756779886190161,
-0.653669797266179,0.),(0.,0.,-1.),(-0.756779886190161,-0.653669797266179,
0.),(0.,0.,1.),(-0.857323524158933,-0.514777986051957,0.),(0.,0.,-1.),(-0.857323524158933,
-0.514777986051957,0.),(0.,0.,1.),(0.,0.,1.),(0.93267538948862,-0.360716811144492,
0.),(0.,0.,1.),(0.857327506580788,-0.514771353573574,0.),(0.,0.,1.),(0.756753488641927,
-0.65370035752497,0.),(0.,0.,1.),(0.633996943054467,-0.773335552136064,
0.),(-0.932662174304163,-0.360750978685064,0.),(0.,0.,-1.),(-0.932662174304163,
-0.360750978685064,0.),(0.,0.,1.),(-0.971268861787073,-0.237984869525025,
0.),(0.,0.,-1.),(0.,0.,-1.),(0.971258853657484,-0.238025711199336,0.),(0.,
0.,-1.),(0.93267538948862,-0.360716811144492,0.),(0.,0.,-1.),(0.857327506580788,
-0.514771353573574,0.),(-0.971268861787073,-0.237984869525025,0.),(0.,0.,
1.),(-0.971269225812139,-0.237983383853345,0.),(0.,0.,-1.),(-0.971269225812139,
-0.237983383853345,0.),(0.,0.,1.),(0.,0.,1.),(0.971259217841309,-0.238024225150066,
0.),(0.,0.,1.),(0.971258853657484,-0.238025711199336,0.),(-0.932662726114616,
-0.360749552066877,0.),(0.,0.,-1.),(0.,0.,-1.),(-0.857321871735018,-0.514780738028109,
0.),(0.,0.,-1.),(-0.0429031025061532,-0.99907923799634,0.),(0.,0.,-1.),
(0.0429031025061532,-0.99907923799634,0.),(0.,0.,-1.),(0.971259217841309,
-0.238024225150066,0.),(-0.932662726114616,-0.360749552066877,0.),(0.,0.,
1.),(0.,0.,1.),(-0.0429031025061532,-0.99907923799634,0.),(-0.857321871735018,
-0.514780738028109,0.),(0.,0.,1.),(-0.756797767251181,-0.653649095068316,
0.),(0.,0.,-1.),(-0.756797767251181,-0.653649095068316,0.),(0.,0.,1.),(0.,
0.,1.),(-0.633977796201436,-0.773351248737319,0.),(-0.633977796201436,-0.773351248737319,
0.),(0.,0.,-1.),(0.,0.,-1.),(-0.492549664329869,-0.87028433754063,0.),(0.,
0.,-1.),(-0.336643017874803,-0.941632347849279,0.),(-0.492549664329869,
-0.87028433754063,0.),(0.,0.,1.),(-0.336643017874803,-0.941632347849279,
0.),(0.,0.,1.),(-0.170819880594625,-0.985302272601478,0.),(0.,0.,-1.),(-0.170819880594625,
-0.985302272601478,0.),(0.,0.,1.),(0.,0.,1.),(0.0429031025061532,-0.99907923799634,
0.),(0.170830869651738,-0.985300367387545,0.),(0.,0.,-1.),(0.,0.,-1.),(0.336636359240908,
-0.941634728351194,0.),(0.,0.,-1.),(0.857325854023956,-0.514774105819333,
0.),(0.,0.,-1.),(0.932675941392588,-0.360715384129162,0.),(0.170830869651738,
-0.985300367387545,0.),(0.,0.,1.),(0.,0.,1.),(0.336636359240908,-0.941634728351194,
0.),(0.,0.,1.),(0.857325854023956,-0.514774105819333,0.),(0.492555350917072,
-0.870281119112072,0.),(0.,0.,-1.),(0.492555350917072,-0.870281119112072,
0.),(0.,0.,1.),(0.634020582942859,-0.773316171048296,0.),(0.,0.,-1.),(0.634020582942859,
-0.773316171048296,0.),(0.,0.,1.),(0.,0.,1.),(0.756771372849943,-0.65367965337374,
0.),(0.756771372849943,-0.65367965337374,0.),(0.,0.,-1.),(0.932675941392588,
-0.360715384129162,0.),(0.,0.,1.),(-0.0429031025061532,-0.99907923799634,
0.),(0.,0.,-1.),(-0.0429031025061532,-0.99907923799634,0.),(0.,0.,1.),(-0.17083608585782,
-0.985299462990202,0.),(0.,0.,-1.),(-0.17083608585782,-0.985299462990202,
0.),(0.,0.,1.),(-0.336636657140979,-0.94163462185125,0.),(0.,0.,-1.),(-0.336636657140979,
-0.94163462185125,0.),(0.,0.,1.),(-0.492551018943923,-0.870283570876357,
0.),(0.,0.,-1.),(-0.492551018943923,-0.870283570876357,0.),(0.,0.,1.),(-0.633996943054415,
-0.773335552136107,0.),(0.,0.,-1.),(0.,0.,-1.),(0.756773471330817,-0.653677223933881,
0.),(0.,0.,-1.),(0.634020582942859,-0.773316171048296,0.),(0.,0.,-1.),(0.492551018943923,
-0.870283570876357,0.),(0.,0.,-1.),(0.336636657140967,-0.941634621851255,
0.),(0.,0.,-1.),(0.170836085857853,-0.985299462990196,0.),(0.,0.,-1.),(0.0429031025061532,
-0.99907923799634,0.),(-0.633996943054415,-0.773335552136107,0.),(0.,0.,
1.),(0.,0.,1.),(0.492551018943923,-0.870283570876357,0.),(0.,0.,1.),(0.336636657140967,
-0.941634621851255,0.),(0.,0.,1.),(0.170836085857853,-0.985299462990196,
0.),(0.,0.,1.),(0.0429031025061532,-0.99907923799634,0.),(-0.756776676325254,
-0.653673513437787,0.),(0.,0.,-1.),(-0.756776676325254,-0.653673513437787,
0.),(0.,0.,1.),(-0.857325513659182,-0.514774672676327,0.),(0.,0.,-1.),(-0.857325513659182,
-0.514774672676327,0.),(0.,0.,1.),(0.,0.,1.),(0.93267538948862,-0.360716811144492,
0.),(0.,0.,1.),(0.857327506580788,-0.514771353573574,0.),(0.,0.,1.),(0.756773471330817,
-0.653677223933881,0.),(0.,0.,1.),(0.634020582942859,-0.773316171048296,
0.),(-0.932661196864901,-0.36075350568294,0.),(0.,0.,-1.),(-0.932661196864901,
-0.36075350568294,0.),(0.,0.,1.),(-0.971258853657501,-0.238025711199266,
0.),(0.,0.,-1.),(0.,0.,-1.),(0.971258853657484,-0.238025711199336,0.),(0.,
0.,-1.),(0.93267538948862,-0.360716811144492,0.),(0.,0.,-1.),(0.857327506580788,
-0.514771353573574,0.),(-0.971258853657501,-0.238025711199266,0.),(0.,0.,
1.),(-0.971269225812139,-0.237983383853345,0.),(0.,0.,-1.),(-0.971269225812139,
-0.237983383853345,0.),(0.,0.,1.),(0.,0.,1.),(0.971259217841309,-0.238024225150066,
0.),(0.,0.,1.),(0.971258853657484,-0.238025711199336,0.),(-0.932662726114616,
-0.360749552066877,0.),(0.,0.,-1.),(0.,0.,-1.),(-0.857321871735018,-0.514780738028109,
0.),(0.,0.,-1.),(-0.0429068537326609,-0.999079076901705,0.),(0.,0.,-1.),
(0.0429031025061532,-0.99907923799634,0.),(0.,0.,-1.),(0.971259217841309,
-0.238024225150066,0.),(-0.932662726114616,-0.360749552066877,0.),(0.,0.,
1.),(0.,0.,1.),(-0.0429068537326609,-0.999079076901705,0.),(-0.857321871735018,
-0.514780738028109,0.),(0.,0.,1.),(-0.756797767251181,-0.653649095068316,
0.),(0.,0.,-1.),(-0.756797767251181,-0.653649095068316,0.),(0.,0.,1.),(0.,
0.,1.),(-0.633977796201436,-0.773351248737319,0.),(-0.633977796201436,-0.773351248737319,
0.),(0.,0.,-1.),(0.,0.,-1.),(-0.492549664329869,-0.87028433754063,0.),(0.,
0.,-1.),(-0.336643017874803,-0.941632347849279,0.),(-0.492549664329869,
-0.87028433754063,0.),(0.,0.,1.),(-0.336643017874803,-0.941632347849279,
0.),(0.,0.,1.),(-0.1708235800921,-0.98530163121986,0.),(0.,0.,-1.),(-0.1708235800921,
-0.98530163121986,0.),(0.,0.,1.),(0.,0.,1.),(0.0429031025061532,-0.99907923799634,
0.),(0.170830869651738,-0.985300367387545,0.),(0.,0.,-1.),(0.,0.,-1.),(0.336653519871282,
-0.941628593214053,0.),(0.,0.,-1.),(0.857323861168593,-0.514777424787621,
0.),(0.,0.,-1.),(0.932661748825294,-0.360752078688597,0.),(0.170830869651738,
-0.985300367387545,0.),(0.,0.,1.),(0.,0.,1.),(0.336653519871282,-0.941628593214053,
0.),(0.,0.,1.),(0.857323861168593,-0.514777424787621,0.),(0.492571211147966,
-0.870272142463624,0.),(0.,0.,-1.),(0.492571211147966,-0.870272142463624,
0.),(0.,0.,1.),(0.633996943054467,-0.773335552136064,0.),(0.,0.,-1.),(0.633996943054467,
-0.773335552136064,0.),(0.,0.,1.),(0.,0.,1.),(0.756774577954096,-0.653675942774705,
0.),(0.756774577954096,-0.653675942774705,0.),(0.,0.,-1.),(0.932661748825294,
-0.360752078688597,0.),(0.,0.,1.),(-0.0429031025061532,-0.99907923799634,
0.),(0.,0.,-1.),(-0.0429031025061532,-0.99907923799634,0.),(0.,0.,1.),(-0.17083608585782,
-0.985299462990202,0.),(0.,0.,-1.),(0.,0.,-1.),(0.492551018943923,-0.870283570876357,
0.),(0.,0.,-1.),(0.336636657140967,-0.941634621851255,0.),(0.,0.,-1.),(0.170836085857853,
-0.985299462990196,0.),(-0.17083608585782,-0.985299462990202,0.),(0.,0.,
1.),(-0.336636657140979,-0.94163462185125,0.),(0.,0.,-1.),(-0.336636657140979,
-0.94163462185125,0.),(0.,0.,1.),(-0.492551018943923,-0.870283570876357,
0.),(0.,0.,-1.),(-0.492551018943923,-0.870283570876357,0.),(0.,0.,1.),(-0.634020582942903,
-0.77331617104826,0.),(0.,0.,-1.),(0.,0.,-1.),(0.756776676325295,-0.65367351343774,
0.),(0.,0.,-1.),(0.633996943054467,-0.773335552136064,0.),(-0.634020582942903,
-0.77331617104826,0.),(0.,0.,1.),(0.,0.,1.),(0.492551018943923,-0.870283570876357,
0.),(0.,0.,1.),(0.336636657140967,-0.941634621851255,0.),(0.,0.,1.),(0.170836085857853,
-0.985299462990196,0.),(-0.756773471330858,-0.653677223933834,0.),(0.,0.,
-1.),(-0.756773471330858,-0.653677223933834,0.),(0.,0.,1.),(-0.857307252953595,
-0.514805083534692,0.),(0.,0.,-1.),(0.,0.,-1.),(0.932661196864898,-0.360753505682947,
0.),(0.,0.,-1.),(0.857325513658958,-0.5147746726767,0.),(-0.857307252953595,
-0.514805083534692,0.),(0.,0.,1.),(0.,0.,1.),(0.756776676325295,-0.65367351343774,
0.),(0.,0.,1.),(0.633996943054467,-0.773335552136064,0.),(-0.932661196864901,
-0.36075350568294,0.),(0.,0.,-1.),(-0.932661196864901,-0.36075350568294,
0.),(0.,0.,1.),(0.,0.,1.),(0.932661196864898,-0.360753505682947,0.),(0.,
0.,1.),(0.857325513658958,-0.5147746726767,0.),(-0.97125952408651,-0.238022975511285,
0.),(0.,0.,-1.),(0.,0.,-1.),(0.971258853657484,-0.238025711199336,0.),(-0.97125952408651,
-0.238022975511285,0.),(0.,0.,1.),(-0.971259888266156,-0.238021489460962,
0.),(0.,0.,-1.),(-0.971259888266156,-0.238021489460962,0.),(0.,0.,1.),(0.,
0.,1.),(0.971269225812257,-0.237983383852865,0.),(0.,0.,1.),(0.971258853657484,
-0.238025711199336,0.),(-0.932661748825193,-0.360752078688859,0.),(0.,0.,
-1.),(0.,0.,-1.),(-0.857323861168579,-0.514777424787645,0.),(0.,0.,-1.),
(-0.492549664329869,-0.87028433754063,0.),(0.,0.,-1.),(-0.1708235800921,
-0.98530163121986,0.),(0.,0.,-1.),(-0.0429068537326609,-0.999079076901705,
0.),(0.,0.,-1.),(0.0429031025061532,-0.99907923799634,0.),(0.,0.,-1.),(0.971269225812257,
-0.237983383852865,0.),(-0.932661748825193,-0.360752078688859,0.),(0.,0.,
1.),(0.,0.,1.),(-0.492549664329869,-0.87028433754063,0.),(0.,0.,1.),(-0.1708235800921,
-0.98530163121986,0.),(0.,0.,1.),(-0.0429068537326609,-0.999079076901705,
0.),(-0.857323861168579,-0.514777424787645,0.),(0.,0.,1.),(-0.756794559896669,
-0.653652808538911,0.),(0.,0.,-1.),(-0.756794559896669,-0.653652808538911,
0.),(0.,0.,1.),(0.,0.,1.),(-0.634001436569772,-0.773331868234761,0.),(-0.634001436569772,
-0.773331868234761,0.),(0.,0.,-1.),(0.,0.,-1.),(-0.336643017874803,-0.941632347849279,
0.),(-0.336643017874803,-0.941632347849279,0.),(0.,0.,1.),(0.,0.,1.),(0.0429031025061532,
-0.99907923799634,0.),(0.170830869651738,-0.985300367387545,0.),(0.,0.,
-1.),(0.,0.,-1.),(0.336636359240908,-0.941634728351194,0.),(0.,0.,-1.),
(0.857323861168593,-0.514777424787621,0.),(0.,0.,-1.),(0.932676917490579,
-0.360712860292327,0.),(0.170830869651738,-0.985300367387545,0.),(0.,0.,
1.),(0.,0.,1.),(0.336636359240908,-0.941634728351194,0.),(0.,0.,1.),(0.857323861168593,
-0.514777424787621,0.),(0.492555350917072,-0.870281119112072,0.),(0.,0.,
-1.),(0.492555350917072,-0.870281119112072,0.),(0.,0.,1.),(0.633996943054467,
-0.773335552136064,0.),(0.,0.,-1.),(0.633996943054467,-0.773335552136064,
0.),(0.,0.,1.),(0.,0.,1.),(0.756774577954096,-0.653675942774705,0.),(0.756774577954096,
-0.653675942774705,0.),(0.,0.,-1.),(0.932676917490579,-0.360712860292327,
0.),(0.,0.,1.),(0.0429031025061532,-0.99907923799634,0.),(0.,0.,-1.),(0.0429031025061532,
-0.99907923799634,0.),(0.,0.,1.),(-0.0429031025061532,-0.99907923799634,
0.),(0.,0.,-1.),(-0.0429031025061532,-0.99907923799634,0.),(0.,0.,1.),(-0.17083608585782,
-0.985299462990202,0.),(0.,0.,-1.),(0.,0.,-1.),(0.492551018943923,-0.870283570876357,
0.),(0.,0.,-1.),(0.336636657140967,-0.941634621851255,0.),(0.,0.,-1.),(0.170836085857853,
-0.985299462990196,0.),(-0.17083608585782,-0.985299462990202,0.),(0.,0.,
1.),(-0.336636657140979,-0.94163462185125,0.),(0.,0.,-1.),(-0.336636657140979,
-0.94163462185125,0.),(0.,0.,1.),(-0.492551018943923,-0.870283570876357,
0.),(0.,0.,-1.),(-0.492551018943923,-0.870283570876357,0.),(0.,0.,1.),(-0.633973305539484,
-0.773354930069848,0.),(0.,0.,-1.),(0.,0.,-1.),(0.756776676325295,-0.65367351343774,
0.),(0.,0.,-1.),(0.633996943054467,-0.773335552136064,0.),(-0.633973305539484,
-0.773354930069848,0.),(0.,0.,1.),(0.,0.,1.),(0.492551018943923,-0.870283570876357,
0.),(0.,0.,1.),(0.336636657140967,-0.941634621851255,0.),(0.,0.,1.),(0.170836085857853,
-0.985299462990196,0.),(-0.756779886190161,-0.653669797266179,0.),(0.,0.,
-1.),(-0.756779886190161,-0.653669797266179,0.),(0.,0.,1.),(-0.857323524158933,
-0.514777986051957,0.),(0.,0.,-1.),(0.,0.,-1.),(0.932662174304163,-0.360750978685064,
0.),(0.,0.,-1.),(0.857305261460162,-0.514808399963251,0.),(-0.857323524158933,
-0.514777986051957,0.),(0.,0.,1.),(0.,0.,1.),(0.756776676325295,-0.65367351343774,
0.),(0.,0.,1.),(0.633996943054467,-0.773335552136064,0.),(-0.932662174304163,
-0.360750978685064,0.),(0.,0.,-1.),(-0.932662174304163,-0.360750978685064,
0.),(0.,0.,1.),(-0.971268861787073,-0.237984869525025,0.),(0.,0.,-1.),(0.,
0.,-1.),(0.971268861787091,-0.237984869524951,0.),(-0.971268861787073,-0.237984869525025,
0.),(0.,0.,1.),(0.,0.,1.),(0.932662174304163,-0.360750978685064,0.),(0.,
0.,1.),(0.857305261460162,-0.514808399963251,0.),(-0.971259217841189,-0.238024225150554,
0.),(0.,0.,-1.),(-0.971259217841189,-0.238024225150554,0.),(0.,0.,1.),(0.,
0.,1.),(0.971269225812257,-0.237983383852865,0.),(0.,0.,1.),(0.971268861787091,
-0.237984869524951,0.),(-0.932661748825193,-0.360752078688859,0.),(0.,0.,
-1.),(0.,0.,-1.),(-0.857323861168579,-0.514777424787645,0.),(0.,0.,-1.),
(-0.170830869651677,-0.985300367387555,0.),(0.,0.,-1.),(-0.0429031025061532,
-0.99907923799634,0.),(0.,0.,-1.),(0.0429031025061532,-0.99907923799634,
0.),(0.,0.,-1.),(0.971269225812257,-0.237983383852865,0.),(-0.932661748825193,
-0.360752078688859,0.),(0.,0.,1.),(0.,0.,1.),(-0.170830869651677,-0.985300367387555,
0.),(0.,0.,1.),(-0.0429031025061532,-0.99907923799634,0.),(-0.857323861168579,
-0.514777424787645,0.),(0.,0.,1.),(0.,0.,1.),(-0.33663635924092,-0.941634728351189,
0.),(-0.756794559896669,-0.653652808538911,0.),(0.,0.,-1.),(0.,0.,-1.),
(-0.634020582942903,-0.77331617104826,0.),(-0.756794559896669,-0.653652808538911,
0.),(0.,0.,1.),(0.,0.,1.),(-0.492555350917062,-0.870281119112078,0.),(-0.634020582942903,
-0.77331617104826,0.),(0.,0.,1.),(-0.492555350917062,-0.870281119112078,
0.),(0.,0.,-1.),(0.,0.,-1.),(-0.33663635924092,-0.941634728351189,0.),(0.0429031025061532,
-0.99907923799634,0.),(0.,0.,1.),(0.170830869651738,-0.985300367387545,
0.),(0.,0.,-1.),(0.,0.,-1.),(0.633996943054467,-0.773335552136064,0.),(0.,
0.,-1.),(0.857321871734948,-0.514780738028226,0.),(0.,0.,-1.),(0.932662726114642,
-0.36074955206681,0.),(0.170830869651738,-0.985300367387545,0.),(0.,0.,
1.),(0.,0.,1.),(0.932662726114642,-0.36074955206681,0.),(0.336636359240908,
-0.941634728351194,0.),(0.,0.,-1.),(0.,0.,-1.),(0.492555350917072,-0.870281119112072,
0.),(0.336636359240908,-0.941634728351194,0.),(0.,0.,1.),(0.,0.,1.),(0.857321871734948,
-0.514780738028226,0.),(0.492555350917072,-0.870281119112072,0.),(0.,0.,
1.),(0.,0.,1.),(0.756797767251178,-0.653649095068318,0.),(0.633996943054467,
-0.773335552136064,0.),(0.,0.,1.),(0.756797767251178,-0.653649095068318,
0.),(0.,0.,-1.),(0.,0.,-1.),(0.0429031025061532,-0.99907923799634,0.),(0.0429031025061532,
-0.99907923799634,0.),(0.,0.,1.),(-0.0429031025061532,-0.99907923799634,
0.),(0.,0.,-1.),(-0.0429031025061532,-0.99907923799634,0.),(0.,0.,1.),(-0.17083608585782,
-0.985299462990202,0.),(0.,0.,-1.),(0.,0.,-1.),(0.756776676325295,-0.65367351343774,
0.),(0.,0.,-1.),(0.633996943054467,-0.773335552136064,0.),(0.,0.,-1.),(0.492551018943923,
-0.870283570876357,0.),(0.,0.,-1.),(0.336636657140967,-0.941634621851255,
0.),(0.,0.,-1.),(0.170836085857853,-0.985299462990196,0.),(-0.17083608585782,
-0.985299462990202,0.),(0.,0.,1.),(0.,0.,1.),(0.756776676325295,-0.65367351343774,
0.),(0.,0.,1.),(0.633996943054467,-0.773335552136064,0.),(0.,0.,1.),(0.492551018943923,
-0.870283570876357,0.),(0.,0.,1.),(0.336636657140967,-0.941634621851255,
0.),(0.,0.,1.),(0.170836085857853,-0.985299462990196,0.),(-0.336636657140979,
-0.94163462185125,0.),(0.,0.,-1.),(0.,0.,-1.),(0.932661196864898,-0.360753505682947,
0.),(0.,0.,-1.),(0.857325513658958,-0.5147746726767,0.),(-0.336636657140979,
-0.94163462185125,0.),(0.,0.,1.),(0.,0.,1.),(0.932661196864898,-0.360753505682947,
0.),(0.,0.,1.),(0.857325513658958,-0.5147746726767,0.),(-0.492551018943923,
-0.870283570876357,0.),(0.,0.,-1.),(-0.492551018943923,-0.870283570876357,
0.),(0.,0.,1.),(-0.633996943054415,-0.773335552136107,0.),(0.,0.,-1.),(-0.633996943054415,
-0.773335552136107,0.),(0.,0.,1.),(-0.756776676325254,-0.653673513437787,
0.),(0.,0.,-1.),(-0.756776676325254,-0.653673513437787,0.),(0.,0.,1.),(-0.857325513659182,
-0.514774672676327,0.),(0.,0.,-1.),(-0.857325513659182,-0.514774672676327,
0.),(0.,0.,1.),(-0.932661196864901,-0.36075350568294,0.),(0.,0.,-1.),(-0.932661196864901,
-0.36075350568294,0.),(0.,0.,1.),(-0.971258853657501,-0.238025711199266,
0.),(0.,0.,-1.),(0.,0.,-1.),(0.971258853657484,-0.238025711199336,0.),(-0.971258853657501,
-0.238025711199266,0.),(0.,0.,1.),(-0.971269225812139,-0.237983383853345,
0.),(0.,0.,-1.),(-0.971269225812139,-0.237983383853345,0.),(0.,0.,1.),(0.,
0.,1.),(0.971269225812257,-0.237983383852865,0.),(0.,0.,1.),(0.971258853657484,
-0.238025711199336,0.),(-0.932662726114616,-0.360749552066877,0.),(0.,0.,
-1.),(0.,0.,-1.),(-0.857321871735018,-0.514780738028109,0.),(0.,0.,-1.),
(-0.170830869651677,-0.985300367387555,0.),(0.,0.,-1.),(-0.0429031025061532,
-0.99907923799634,0.),(0.,0.,-1.),(0.0429068537326609,-0.999079076901705,
0.),(0.,0.,-1.),(0.971269225812257,-0.237983383852865,0.),(-0.932662726114616,
-0.360749552066877,0.),(0.,0.,1.),(0.,0.,1.),(-0.170830869651677,-0.985300367387555,
0.),(0.,0.,1.),(-0.0429031025061532,-0.99907923799634,0.),(-0.857321871735018,
-0.514780738028109,0.),(0.,0.,1.),(0.,0.,1.),(-0.336653519871513,-0.94162859321397,
0.),(-0.756797767251181,-0.653649095068316,0.),(0.,0.,-1.),(0.,0.,-1.),
(-0.633977796201436,-0.773351248737319,0.),(-0.756797767251181,-0.653649095068316,
0.),(0.,0.,1.),(0.,0.,1.),(-0.492549664329869,-0.87028433754063,0.),(-0.633977796201436,
-0.773351248737319,0.),(0.,0.,1.),(-0.492549664329869,-0.87028433754063,
0.),(0.,0.,-1.),(0.,0.,-1.),(-0.336653519871513,-0.94162859321397,0.),(0.0429068537326609,
-0.999079076901705,0.),(0.,0.,1.),(0.170823580091954,-0.985301631219886,
0.),(0.,0.,-1.),(0.,0.,-1.),(0.492549664329941,-0.870284337540589,0.),(0.,
0.,-1.),(0.633977796201487,-0.773351248737277,0.),(0.,0.,-1.),(0.756797767251178,
-0.653649095068318,0.),(0.,0.,-1.),(0.857321871734948,-0.514780738028226,
0.),(0.170823580091954,-0.985301631219886,0.),(0.,0.,1.),(0.,0.,1.),(0.336643017874822,
-0.941632347849272,0.),(0.,0.,1.),(0.492549664329941,-0.870284337540589,
0.),(0.,0.,1.),(0.756797767251178,-0.653649095068318,0.),(0.,0.,1.),(0.857321871734948,
-0.514780738028226,0.),(0.336643017874822,-0.941632347849272,0.),(0.,0.,
-1.),(0.633977796201487,-0.773351248737277,0.),(0.,0.,1.),(0.932662726114642,
-0.36074955206681,0.),(0.,0.,-1.),(0.932662726114642,-0.36074955206681,
0.),(0.,0.,1.),(0.0429031025061532,-0.99907923799634,0.),(0.,0.,-1.),(0.0429031025061532,
-0.99907923799634,0.),(0.,0.,1.),(-0.0429031025061532,-0.99907923799634,
0.),(0.,0.,-1.),(-0.0429031025061532,-0.99907923799634,0.),(0.,0.,1.),(-0.17083608585782,
-0.985299462990202,0.),(0.,0.,-1.),(-0.17083608585782,-0.985299462990202,
0.),(0.,0.,1.),(0.,0.,1.),(0.756756696256597,-0.653696644224828,0.),(0.,
0.,1.),(0.633973305539476,-0.773354930069855,0.),(0.,0.,1.),(0.492582741312507,
-0.870265616327024,0.),(0.,0.,1.),(0.336660478109854,-0.941626105457386,
0.),(0.,0.,1.),(0.170825096399581,-0.985301368333605,0.),(0.,0.,1.),(0.0429031025061532,
-0.99907923799634,0.),(-0.336636657140979,-0.94163462185125,0.),(0.,0.,
-1.),(-0.336636657140979,-0.94163462185125,0.),(0.,0.,1.),(0.,0.,1.),(0.932661196864898,
-0.360753505682947,0.),(0.,0.,1.),(0.857325513658958,-0.5147746726767,0.),
(-0.492551018943923,-0.870283570876357,0.),(0.,0.,-1.),(-0.492551018943923,
-0.870283570876357,0.),(0.,0.,1.),(-0.633996943054415,-0.773335552136107,
0.),(0.,0.,-1.),(-0.633996943054415,-0.773335552136107,0.),(0.,0.,1.),(-0.756776676325254,
-0.653673513437787,0.),(0.,0.,-1.),(-0.756776676325254,-0.653673513437787,
0.),(0.,0.,1.),(-0.857305261460075,-0.514808399963397,0.),(0.,0.,-1.),(-0.857305261460075,
-0.514808399963397,0.),(0.,0.,1.),(-0.932677343811688,-0.360711757973557,
0.),(0.,0.,-1.),(-0.932677343811688,-0.360711757973557,0.),(0.,0.,1.),(-0.971278198484146,
-0.237946761166003,0.),(0.,0.,-1.),(0.,0.,-1.),(0.971259524086266,-0.238022975512282,
0.),(0.,0.,-1.),(0.932661196864898,-0.360753505682947,0.),(0.,0.,-1.),(0.857325513658958,
-0.5147746726767,0.),(0.,0.,-1.),(0.756756696256597,-0.653696644224828,
0.),(0.,0.,-1.),(0.633973305539476,-0.773354930069855,0.),(0.,0.,-1.),(0.492582741312507,
-0.870265616327024,0.),(0.,0.,-1.),(0.336660478109854,-0.941626105457386,
0.),(0.,0.,-1.),(0.170825096399581,-0.985301368333605,0.),(-0.971278198484146,
-0.237946761166003,0.),(0.,0.,1.),(-0.971268555496273,-0.237986119562011,
0.),(0.,0.,-1.),(-0.971268555496273,-0.237986119562011,0.),(0.,0.,1.),(0.,
0.,1.),(0.971259888266159,-0.238021489460947,0.),(0.,0.,1.),(0.971259524086266,
-0.238022975512282,0.),(-0.932662726114616,-0.360749552066877,0.),(0.,0.,
-1.),(0.,0.,-1.),(-0.857321871735018,-0.514780738028109,0.),(0.,0.,-1.),
(-0.0429031025061532,-0.99907923799634,0.),(0.,0.,-1.),(0.0429031025061532,
-0.99907923799634,0.),(0.,0.,-1.),(0.971259888266159,-0.238021489460947,
0.),(-0.932662726114616,-0.360749552066877,0.),(0.,0.,1.),(0.,0.,1.),(-0.0429031025061532,
-0.99907923799634,0.),(-0.857321871735018,-0.514780738028109,0.),(0.,0.,
1.),(-0.756797767251181,-0.653649095068316,0.),(0.,0.,-1.),(0.,0.,-1.),
(-0.492555350917062,-0.870281119112078,0.),(0.,0.,-1.),(-0.170830869651677,
-0.985300367387555,0.),(-0.756797767251181,-0.653649095068316,0.),(0.,0.,
1.),(0.,0.,1.),(-0.633996943054415,-0.773335552136107,0.),(0.,0.,1.),(-0.492555350917062,
-0.870281119112078,0.),(0.,0.,1.),(-0.170830869651677,-0.985300367387555,
0.),(-0.633996943054415,-0.773335552136107,0.),(0.,0.,-1.),(0.,0.,-1.),
(-0.33663635924092,-0.941634728351189,0.),(-0.33663635924092,-0.941634728351189,
0.),(0.,0.,1.),(0.,0.,1.),(0.0429031025061532,-0.99907923799634,0.),(0.170830869651738,
-0.985300367387545,0.),(0.,0.,-1.),(0.,0.,-1.),(0.336636359240908,-0.941634728351194,
0.),(0.170830869651738,-0.985300367387545,0.),(0.,0.,1.),(0.,0.,1.),(0.336636359240908,
-0.941634728351194,0.),(0.492555350917072,-0.870281119112072,0.),(0.,0.,
-1.),(0.,0.,-1.),(0.634020582942859,-0.773316171048296,0.),(0.492555350917072,
-0.870281119112072,0.),(0.,0.,1.),(0.,0.,1.),(0.634020582942859,-0.773316171048296,
0.),(0.756794559896747,-0.653652808538822,0.),(0.,0.,-1.),(0.,0.,-1.),(0.857323861168593,
-0.514777424787621,0.),(0.756794559896747,-0.653652808538822,0.),(0.,0.,
1.),(0.,0.,1.),(0.857323861168593,-0.514777424787621,0.),(0.932661748825294,
-0.360752078688597,0.),(0.,0.,-1.),(0.932661748825294,-0.360752078688597,
0.),(0.,0.,1.),(0.0429031025061532,-0.99907923799634,0.),(0.,0.,-1.),(0.,
0.,-1.),(-0.0429031025061532,-0.99907923799634,0.),(-0.0429031025061532,
-0.99907923799634,0.),(0.,0.,1.),(-0.17083608585782,-0.985299462990202,
0.),(0.,0.,-1.),(-0.17083608585782,-0.985299462990202,0.),(0.,0.,1.),(0.,
0.,1.),(0.756773471330817,-0.653677223933881,0.),(0.,0.,1.),(0.634020582942859,
-0.773316171048296,0.),(0.,0.,1.),(0.492551018943923,-0.870283570876357,
0.),(0.,0.,1.),(0.336636657140967,-0.941634621851255,0.),(-0.336636657140979,
-0.94163462185125,0.),(0.,0.,-1.),(-0.336636657140979,-0.94163462185125,
0.),(0.,0.,1.),(0.,0.,1.),(0.932661196864898,-0.360753505682947,0.),(0.,
0.,1.),(0.857307252953616,-0.514805083534657,0.),(-0.492551018943923,-0.870283570876357,
0.),(0.,0.,-1.),(-0.492551018943923,-0.870283570876357,0.),(0.,0.,1.),(-0.633996943054415,
-0.773335552136107,0.),(0.,0.,-1.),(-0.633996943054415,-0.773335552136107,
0.),(0.,0.,1.),(-0.756776676325254,-0.653673513437787,0.),(0.,0.,-1.),(-0.756776676325254,
-0.653673513437787,0.),(0.,0.,1.),(-0.857345766090109,-0.514740941996422,
0.),(0.,0.,-1.),(-0.857345766090109,-0.514740941996422,0.),(0.,0.,1.),(-0.932660221253881,
-0.360756027933923,0.),(0.,0.,-1.),(-0.932660221253881,-0.360756027933923,
0.),(0.,0.,1.),(-0.971249514844815,-0.238063814792822,0.),(0.,0.,-1.),(0.,
0.,-1.),(0.971259524086266,-0.238022975512282,0.),(0.,0.,-1.),(0.932661196864898,
-0.360753505682947,0.),(0.,0.,-1.),(0.857307252953616,-0.514805083534657,
0.),(0.,0.,-1.),(0.756773471330817,-0.653677223933881,0.),(0.,0.,-1.),(0.634020582942859,
-0.773316171048296,0.),(0.,0.,-1.),(0.492551018943923,-0.870283570876357,
0.),(-0.971249514844815,-0.238063814792822,0.),(0.,0.,1.),(-0.971259888266156,
-0.238021489460962,0.),(0.,0.,-1.),(-0.971259888266156,-0.238021489460962,
0.),(0.,0.,1.),(0.,0.,1.),(0.971259888266159,-0.238021489460947,0.),(0.,
0.,1.),(0.971259524086266,-0.238022975512282,0.),(-0.932661748825193,-0.360752078688859,
0.),(0.,0.,-1.),(0.,0.,-1.),(-0.857323861168579,-0.514777424787645,0.),
(0.,0.,-1.),(-0.0429031025061532,-0.99907923799634,0.),(0.,0.,-1.),(0.0429031025061532,
-0.99907923799634,0.),(0.,0.,-1.),(0.971259888266159,-0.238021489460947,
0.),(-0.932661748825193,-0.360752078688859,0.),(0.,0.,1.),(0.,0.,1.),(-0.0429031025061532,
-0.99907923799634,0.),(-0.857323861168579,-0.514777424787645,0.),(0.,0.,
1.),(-0.756774577954137,-0.653675942774658,0.),(0.,0.,-1.),(0.,0.,-1.),
(-0.492555350917062,-0.870281119112078,0.),(0.,0.,-1.),(-0.170830869651677,
-0.985300367387555,0.),(-0.756774577954137,-0.653675942774658,0.),(0.,0.,
1.),(0.,0.,1.),(-0.633996943054415,-0.773335552136107,0.),(0.,0.,1.),(-0.492555350917062,
-0.870281119112078,0.),(0.,0.,1.),(-0.170830869651677,-0.985300367387555,
0.),(-0.633996943054415,-0.773335552136107,0.),(0.,0.,-1.),(0.,0.,-1.),
(-0.33663635924092,-0.941634728351189,0.),(-0.33663635924092,-0.941634728351189,
0.),(0.,0.,1.),(0.,0.,1.),(0.0429031025061532,-0.99907923799634,0.),(0.170819880594539,
-0.985302272601493,0.),(0.,0.,-1.),(0.,0.,-1.),(0.336660181195432,-0.941626211613429,
0.),(0.170819880594539,-0.985302272601493,0.),(0.,0.,1.),(0.,0.,1.),(0.336660181195432,
-0.941626211613429,0.),(0.492565527146392,-0.870275359565579,0.),(0.,0.,
-1.),(0.,0.,-1.),(0.633977796201487,-0.773351248737277,0.),(0.492565527146392,
-0.870275359565579,0.),(0.,0.,1.),(0.,0.,1.),(0.633977796201487,-0.773351248737277,
0.),(0.756774577954096,-0.653675942774705,0.),(0.,0.,-1.),(0.,0.,-1.),(0.857323861168593,
-0.514777424787621,0.),(0.756774577954096,-0.653675942774705,0.),(0.,0.,
1.),(0.,0.,1.),(0.857323861168593,-0.514777424787621,0.),(0.932661748825294,
-0.360752078688597,0.),(0.,0.,-1.),(0.932661748825294,-0.360752078688597,
0.),(0.,0.,1.),(0.336636657140967,-0.941634621851255,0.),(0.,0.,-1.),(0.,
0.,-1.),(0.170836085857853,-0.985299462990196,0.),(0.170836085857853,-0.985299462990196,
0.),(0.,0.,1.),(0.0429031025061532,-0.99907923799634,0.),(0.,0.,-1.),(0.0429031025061532,
-0.99907923799634,0.),(0.,0.,1.),(0.,-1.,0.),(0.,0.,-1.),(1.,0.,0.),(1.,
0.,0.),(0.,-1.,0.),(0.,0.,1.),(-1.,0.,0.),(-1.,0.,0.),(-1.,0.,0.),(-1.,
0.,0.),(-1.,0.,0.),(-1.,0.,0.),(-1.,0.,0.),(-1.,0.,0.),(-1.,0.,0.),(-1.,
0.,0.),(-1.,0.,0.),(-1.,0.,0.),(-1.,0.,0.),(-1.,0.,0.),(-1.,0.,0.),(-1.,
0.,0.),(-1.,0.,0.),(-1.,0.,0.),(-1.,0.,0.),(-1.,0.,0.),(-1.,0.,0.),(-1.,
0.,0.),(-1.,0.,0.),(-1.,0.,0.),(-1.,0.,0.),(-1.,0.,0.),(-1.,0.,0.),(-1.,
0.,0.),(-1.,0.,0.),(-1.,0.,0.),(-1.,0.,0.),(-1.,0.,0.),(-1.,0.,0.),(-1.,
0.,0.),(-1.,0.,0.),(-1.,0.,0.),(-1.,0.,0.),(-1.,0.,0.),(-1.,0.,0.),(-1.,
0.,0.),(-1.,0.,0.),(-1.,0.,0.),(-1.,0.,0.),(-1.,0.,0.),(-1.,0.,0.),(-1.,
0.,0.),(-1.,0.,0.),(-1.,0.,0.),(-1.,0.,0.),(-1.,0.,0.),(-1.,0.,0.),(-1.,
0.,0.),(-1.,0.,0.),(-1.,0.,0.),(-1.,0.,0.),(-1.,0.,0.),(-1.,0.,0.),(-1.,
0.,0.),(-1.,0.,0.),(-1.,0.,0.),(-1.,0.,0.),(-1.,0.,0.),(-1.,0.,0.),(-1.,
0.,0.),(-1.,0.,0.),(-1.,0.,0.),(-1.,0.,0.),(-1.,0.,0.),(-1.,0.,0.),(-1.,
0.,0.),(-1.,0.,0.),(-1.,0.,0.),(-1.,0.,0.),(-1.,0.,0.),(-1.,0.,0.),(-1.,
0.,0.),(-1.,0.,0.),(-1.,0.,0.),(-1.,0.,0.),(-1.,0.,0.),(-1.,0.,0.),(-1.,
0.,0.),(-1.,0.,0.),(-1.,0.,0.),(-1.,0.,0.),(-1.,0.,0.),(-1.,0.,0.),(-1.,
0.,0.),(-1.,0.,0.),(-1.,0.,0.),(-1.,0.,0.),(-1.,0.,0.),(-1.,0.,0.),(-1.,
0.,0.),(-1.,0.,0.),(-1.,0.,0.),(1.,0.,0.),(1.,0.,0.),(1.,0.,0.),(1.,0.,
0.),(1.,0.,0.),(1.,0.,0.),(1.,0.,0.),(1.,0.,0.),(1.,0.,0.),(1.,0.,0.),(1.,
0.,0.),(1.,0.,0.),(1.,0.,0.),(1.,0.,0.),(1.,0.,0.),(1.,0.,0.),(1.,0.,0.),
(1.,0.,0.),(1.,0.,0.),(1.,0.,0.),(1.,0.,0.),(1.,0.,0.),(1.,0.,0.),(1.,0.,
0.),(1.,0.,0.),(1.,0.,0.),(1.,0.,0.),(1.,0.,0.),(1.,0.,0.),(1.,0.,0.),(1.,
0.,0.),(1.,0.,0.),(1.,0.,0.),(1.,0.,0.),(1.,0.,0.),(1.,0.,0.),(1.,0.,0.),
(1.,0.,0.),(1.,0.,0.),(1.,0.,0.),(1.,0.,0.),(1.,0.,0.),(1.,0.,0.),(1.,0.,
0.),(1.,0.,0.),(1.,0.,0.),(1.,0.,0.),(1.,0.,0.),(0.,-0.707106913932553,
-0.707106648440517),(0.,0.,-1.),(0.,0.,-1.),(0.,0.,-1.),(0.,0.,-1.),(0.,
0.,-1.),(0.,0.,-1.),(0.,0.,-1.),(0.,0.,-1.),(0.,0.,-1.),(0.,0.,-1.),(0.,
0.,-1.),(0.,0.,-1.),(0.,0.,-1.),(0.,0.,-1.),(0.,0.,-1.),(0.,0.,-1.),(0.,
0.,-1.),(0.,0.,-1.),(0.,0.,-1.),(0.,0.,-1.),(0.,0.,-1.),(0.,0.,-1.),(0.,
0.,-1.),(0.,0.,-1.),(0.,0.,-1.),(0.,0.,-1.),(0.,0.,-1.),(0.,0.,-1.),(0.,
0.,-1.),(0.,0.,-1.),(0.,0.,-1.),(0.,0.,-1.),(0.,0.,-1.),(0.,0.,-1.),(0.,
0.,-1.),(0.,0.,-1.),(0.,0.,-1.),(0.,0.,-1.),(0.,0.,-1.),(0.,0.,-1.),(0.,
0.,-1.),(0.,0.,-1.),(0.,0.,-1.),(0.,0.,-1.),(0.,0.,-1.),(1.,0.,0.),(1.,
0.,0.),(1.,0.,0.),(1.,0.,0.),(1.,0.,0.),(0.,-0.707106913932553,-0.707106648440517),
(1.,0.,0.),(0.,-0.707106913932553,-0.707106648440517),(1.,0.,0.),(0.,0.,
-1.),(0.,0.,-1.),(0.,-0.707106913932553,-0.707106648440517),(0.,0.,-1.)),
$,(37,37,1,1,2,2,138,138,34,34,3,3,137,137,4,4,11,11,140,140,25,25,24,24,
5,5,139,139,6,6,8,8,142,142,15,15,7,7,141,141,143,143,13,13,9,9,144,144,
10,10,146,146,12,12,145,145,148,148,147,147,16,16,14,14,152,152,149,149,
154,154,153,153,156,156,155,155,159,159,100,100,157,157,192,192,103,103,
127,127,112,112,191,191,129,129,133,133,135,135,136,136,113,113,205,205,
125,125,121,121,204,204,134,134,122,122,217,217,123,123,216,216,132,132,
124,124,219,219,218,218,130,130,126,126,221,221,220,220,128,128,223,223,
222,222,225,225,131,131,224,224,227,227,226,226,229,229,228,228,231,231,
230,230,150,150,150,160,160,160,151,151,151,158,158,158,288,288,289,289,
162,162,162,161,161,161,1805,1805,1805,291,291,1803,1803,1803,1806,1806,
1806,1804,1804,1804,163,163,163,1807,1807,1807,290,290,292,292,293,293,
294,294,295,295,359,359,296,296,344,344,297,297,298,298,299,299,300,300,
301,301,357,357,302,302,303,303,304,304,342,342,305,305,345,345,347,347,
349,349,351,351,353,353,355,355,307,307,306,306,341,341,343,343,308,308,
311,311,322,322,324,324,340,340,309,309,323,323,310,310,312,312,314,314,
313,313,315,315,316,316,318,318,317,317,319,319,320,320,321,321,325,325,
326,326,328,328,332,332,334,334,336,336,338,338,327,327,329,329,333,333,
337,337,330,330,331,331,335,335,339,339,346,346,348,348,350,350,352,352,
354,354,356,356,358,358,360,360,361,361,362,362,363,363,364,364,416,416,
365,365,430,430,366,366,367,367,368,368,369,369,370,370,371,371,372,372,
373,373,429,429,374,374,375,375,376,376,414,414,377,377,417,417,419,419,
421,421,423,423,425,425,427,427,378,378,379,379,413,413,415,415,380,380,
382,382,394,394,396,396,412,412,381,381,395,395,383,383,384,384,386,386,
385,385,387,387,388,388,390,390,389,389,391,391,392,392,393,393,397,397,
398,398,400,400,404,404,406,406,409,409,410,410,399,399,401,401,405,405,
408,408,402,402,403,403,407,407,411,411,418,418,420,420,422,422,424,424,
426,426,428,428,431,431,432,432,433,433,434,434,435,435,503,503,436,436,
488,488,437,437,438,438,439,439,440,440,441,441,442,442,443,443,444,444,
445,445,501,501,446,446,447,447,448,448,486,486,449,449,489,489,491,491,
493,493,495,495,497,497,499,499,450,450,451,451,485,485,487,487,452,452,
454,454,466,466,468,468,484,484,453,453,467,467,455,455,456,456,458,458,
457,457,459,459,460,460,462,462,461,461,463,463,464,464,465,465,469,469,
470,470,472,472,476,476,479,479,480,480,482,482,471,471,473,473,477,477,
481,481,474,474,475,475,478,478,483,483,490,490,492,492,494,494,496,496,
498,498,500,500,502,502,504,504,505,505,506,506,507,507,575,575,508,508,
560,560,562,562,509,509,510,510,511,511,512,512,513,513,514,514,515,515,
516,516,517,517,573,573,518,518,519,519,520,520,558,558,521,521,561,561,
563,563,565,565,567,567,569,569,571,571,522,522,523,523,557,557,559,559,
524,524,526,526,538,538,540,540,556,556,525,525,539,539,527,527,528,528,
530,530,529,529,531,531,532,532,534,534,533,533,535,535,536,536,537,537,
541,541,542,542,544,544,548,548,550,550,552,552,554,554,543,543,545,545,
549,549,553,553,546,546,547,547,551,551,555,555,564,564,566,566,568,568,
570,570,572,572,574,574,576,576,577,577,578,578,646,646,579,579,647,647,
580,580,581,581,582,582,583,583,584,584,585,585,586,586,587,587,588,588,
644,644,589,589,645,645,590,590,591,591,592,592,630,630,632,632,634,634,
636,636,638,638,640,640,642,642,593,593,631,631,633,633,635,635,637,637,
639,639,641,641,643,643,594,594,595,595,629,629,596,596,598,598,610,610,
612,612,628,628,597,597,611,611,599,599,600,600,602,602,601,601,603,603,
604,604,606,606,605,605,607,607,608,608,609,609,613,613,614,614,616,616,
620,620,622,622,624,624,627,627,615,615,617,617,621,621,625,625,618,618,
619,619,623,623,626,626,648,648,649,649,650,650,719,719,651,651,652,652,
653,653,654,654,655,655,718,718,656,656,657,657,658,658,659,659,660,660,
704,704,706,706,708,708,710,710,712,712,714,714,716,716,661,661,707,707,
709,709,711,711,713,713,715,715,717,717,662,662,663,663,664,664,665,665,
705,705,666,666,682,682,684,684,702,702,667,667,683,683,703,703,668,668,
680,680,669,669,670,670,678,678,671,671,672,672,676,676,673,673,681,681,
674,674,675,675,679,679,677,677,685,685,686,686,694,694,698,698,700,700,
687,687,701,701,688,688,692,692,689,689,699,699,690,690,691,691,697,697,
693,693,695,695,696,696,720,720,721,721,722,722,1802,1802,1802,723,723,
791,791,724,724,725,725,726,726,727,727,728,728,790,790,729,729,730,730,
731,731,732,732,776,776,778,778,780,780,782,782,784,784,786,786,788,788,
733,733,779,779,781,781,783,783,785,785,787,787,789,789,734,734,735,735,
736,736,737,737,777,777,738,738,754,754,756,756,774,774,739,739,755,755,
775,775,740,740,752,752,741,741,742,742,750,750,743,743,744,744,748,748,
745,745,753,753,746,746,747,747,751,751,749,749,757,757,758,758,766,766,
770,770,772,772,759,759,773,773,760,760,764,764,761,761,771,771,762,762,
763,763,769,769,765,765,767,767,768,768,792,792,793,793,794,794,795,795,
863,863,796,796,862,862,797,797,798,798,799,799,800,800,801,801,802,802,
803,803,804,804,848,848,850,850,852,852,854,854,856,856,858,858,860,860,
805,805,851,851,853,853,855,855,857,857,859,859,861,861,806,806,807,807,
808,808,809,809,849,849,810,810,826,826,828,828,846,846,811,811,827,827,
847,847,812,812,824,824,813,813,814,814,822,822,815,815,816,816,820,820,
817,817,825,825,818,818,819,819,823,823,821,821,829,829,830,830,838,838,
842,842,844,844,831,831,845,845,832,832,836,836,833,833,843,843,834,834,
835,835,841,841,837,837,839,839,840,840,864,864,865,865,866,866,867,867,
868,868,934,934,869,869,870,870,871,871,935,935,872,872,873,873,874,874,
875,875,876,876,920,920,922,922,924,924,926,926,928,928,930,930,932,932,
877,877,921,921,923,923,925,925,927,927,929,929,931,931,933,933,878,878,
879,879,880,880,918,918,881,881,882,882,898,898,900,900,883,883,899,899,
919,919,884,884,896,896,885,885,886,886,894,894,887,887,888,888,892,892,
889,889,897,897,890,890,891,891,895,895,893,893,901,901,902,902,910,910,
914,914,916,916,903,903,917,917,904,904,908,908,905,905,915,915,906,906,
907,907,913,913,909,909,911,911,912,912,936,936,937,937,938,938,939,939,
940,940,941,941,942,942,996,996,998,998,1000,1000,1002,1002,1004,1004,1006,
1006,943,943,1001,1001,1003,1003,1005,1005,1007,1007,944,944,945,945,946,
946,947,947,948,948,992,992,994,994,949,949,997,997,999,999,950,950,951,
951,995,995,952,952,953,953,991,991,993,993,954,954,990,990,955,955,989,
989,956,956,958,958,970,970,972,972,988,988,957,957,971,971,959,959,960,
960,961,961,963,963,962,962,964,964,968,968,965,965,969,969,966,966,967,
967,973,973,974,974,978,978,980,980,982,982,984,984,975,975,977,977,979,
979,983,983,985,985,976,976,981,981,986,986,987,987,1008,1008,1009,1009,
1010,1010,1072,1072,1074,1074,1076,1076,1078,1078,1011,1011,1069,1069,1071,
1071,1073,1073,1075,1075,1077,1077,1079,1079,1012,1012,1013,1013,1063,1063,
1065,1065,1067,1067,1014,1014,1015,1015,1016,1016,1068,1068,1070,1070,1017,
1017,1018,1018,1019,1019,1020,1020,1021,1021,1022,1022,1023,1023,1024,1024,
1062,1062,1064,1064,1066,1066,1025,1025,1026,1026,1027,1027,1061,1061,1028,
1028,1030,1030,1042,1042,1044,1044,1060,1060,1029,1029,1043,1043,1031,1031,
1032,1032,1034,1034,1033,1033,1035,1035,1036,1036,1038,1038,1037,1037,1039,
1039,1040,1040,1041,1041,1045,1045,1046,1046,1050,1050,1052,1052,1054,1054,
1056,1056,1047,1047,1049,1049,1051,1051,1055,1055,1057,1057,1048,1048,1053,
1053,1058,1058,1059,1059,1080,1080,1081,1081,1082,1082,1144,1144,1146,1146,
1148,1148,1150,1150,1083,1083,1084,1084,1085,1085,1086,1086,1087,1087,1088,
1088,1140,1140,1142,1142,1089,1089,1145,1145,1147,1147,1149,1149,1151,1151,
1090,1090,1091,1091,1092,1092,1138,1138,1093,1093,1137,1137,1139,1139,1141,
1141,1143,1143,1094,1094,1095,1095,1096,1096,1134,1134,1136,1136,1097,1097,
1098,1098,1099,1099,1133,1133,1135,1135,1100,1100,1102,1102,1114,1114,1116,
1116,1132,1132,1101,1101,1115,1115,1103,1103,1104,1104,1106,1106,1105,1105,
1107,1107,1108,1108,1110,1110,1109,1109,1111,1111,1112,1112,1113,1113,1117,
1117,1118,1118,1122,1122,1124,1124,1126,1126,1128,1128,1119,1119,1121,1121,
1123,1123,1127,1127,1129,1129,1120,1120,1125,1125,1130,1130,1131,1131,1152,
1152,1153,1153,1154,1154,1155,1155,1213,1213,1215,1215,1217,1217,1219,1219,
1221,1221,1223,1223,1156,1156,1157,1157,1207,1207,1209,1209,1211,1211,1159,
1159,1158,1158,1160,1160,1212,1212,1214,1214,1216,1216,1218,1218,1220,1220,
1222,1222,1161,1161,1162,1162,1163,1163,1164,1164,1165,1165,1166,1166,1167,
1167,1168,1168,1206,1206,1208,1208,1210,1210,1169,1169,1170,1170,1171,1171,
1205,1205,1172,1172,1174,1174,1186,1186,1188,1188,1204,1204,1173,1173,1187,
1187,1175,1175,1176,1176,1177,1177,1179,1179,1178,1178,1180,1180,1182,1182,
1181,1181,1183,1183,1184,1184,1185,1185,1189,1189,1190,1190,1196,1196,1198,
1198,1200,1200,1191,1191,1197,1197,1199,1199,1201,1201,1192,1192,1194,1194,
1193,1193,1195,1195,1202,1202,1203,1203,1224,1224,1225,1225,1226,1226,1227,
1227,1228,1228,1229,1229,1231,1231,1230,1230,1232,1232,1284,1284,1286,1286,
1288,1288,1290,1290,1292,1292,1294,1294,1233,1233,1289,1289,1291,1291,1293,
1293,1295,1295,1234,1234,1235,1235,1236,1236,1237,1237,1285,1285,1287,1287,
1238,1238,1239,1239,1240,1240,1278,1278,1280,1280,1282,1282,1241,1241,1279,
1279,1281,1281,1283,1283,1242,1242,1243,1243,1277,1277,1244,1244,1246,1246,
1258,1258,1260,1260,1276,1276,1245,1245,1259,1259,1247,1247,1248,1248,1249,
1249,1251,1251,1250,1250,1252,1252,1254,1254,1253,1253,1255,1255,1256,1256,
1257,1257,1261,1261,1262,1262,1266,1266,1268,1268,1270,1270,1272,1272,1263,
1263,1265,1265,1267,1267,1271,1271,1273,1273,1264,1264,1269,1269,1274,1274,
1275,1275,1296,1296,1297,1297,1298,1298,1299,1299,1300,1300,1301,1301,1303,
1303,1302,1302,1304,1304,1356,1356,1358,1358,1360,1360,1362,1362,1364,1364,
1366,1366,1305,1305,1361,1361,1363,1363,1365,1365,1367,1367,1306,1306,1307,
1307,1308,1308,1309,1309,1353,1353,1355,1355,1357,1357,1359,1359,1310,1310,
1311,1311,1312,1312,1350,1350,1352,1352,1354,1354,1313,1313,1314,1314,1315,
1315,1349,1349,1351,1351,1316,1316,1318,1318,1330,1330,1332,1332,1348,1348,
1317,1317,1331,1331,1319,1319,1320,1320,1321,1321,1323,1323,1322,1322,1324,
1324,1326,1326,1325,1325,1327,1327,1328,1328,1329,1329,1333,1333,1334,1334,
1336,1336,1344,1344,1346,1346,1335,1335,1337,1337,1345,1345,1338,1338,1339,
1339,1340,1340,1341,1341,1343,1343,1342,1342,1347,1347,1368,1368,1369,1369,
1370,1370,1371,1371,1372,1372,1373,1373,1375,1375,1374,1374,1376,1376,1428,
1428,1430,1430,1432,1432,1434,1434,1436,1436,1438,1438,1377,1377,1433,1433,
1435,1435,1437,1437,1439,1439,1378,1378,1379,1379,1380,1380,1381,1381,1425,
1425,1427,1427,1429,1429,1431,1431,1382,1382,1383,1383,1384,1384,1422,1422,
1424,1424,1426,1426,1385,1385,1386,1386,1387,1387,1421,1421,1423,1423,1388,
1388,1390,1390,1402,1402,1404,1404,1420,1420,1389,1389,1403,1403,1391,1391,
1392,1392,1393,1393,1394,1394,1395,1395,1396,1396,1398,1398,1397,1397,1399,
1399,1400,1400,1401,1401,1405,1405,1406,1406,1408,1408,1416,1416,1418,1418,
1407,1407,1409,1409,1417,1417,1410,1410,1411,1411,1412,1412,1413,1413,1415,
1415,1414,1414,1419,1419,1440,1440,1441,1441,1442,1442,1504,1504,1506,1506,
1508,1508,1443,1443,1444,1444,1445,1445,1446,1446,1447,1447,1448,1448,1500,
1500,1502,1502,1449,1449,1505,1505,1507,1507,1509,1509,1450,1450,1451,1451,
1452,1452,1496,1496,1498,1498,1453,1453,1501,1501,1503,1503,1454,1454,1455,
1455,1497,1497,1499,1499,1456,1456,1494,1494,1457,1457,1458,1458,1459,1459,
1493,1493,1495,1495,1460,1460,1462,1462,1468,1468,1472,1472,1474,1474,1476,
1476,1492,1492,1461,1461,1469,1469,1473,1473,1475,1475,1463,1463,1464,1464,
1465,1465,1467,1467,1466,1466,1470,1470,1471,1471,1477,1477,1478,1478,1480,
1480,1488,1488,1490,1490,1479,1479,1481,1481,1489,1489,1482,1482,1483,1483,
1484,1484,1485,1485,1487,1487,1486,1486,1491,1491,1510,1510,1511,1511,1512,
1512,1513,1513,1514,1514,1576,1576,1578,1578,1580,1580,1515,1515,1516,1516,
1517,1517,1518,1518,1519,1519,1520,1520,1572,1572,1574,1574,1521,1521,1577,
1577,1579,1579,1581,1581,1522,1522,1523,1523,1524,1524,1568,1568,1570,1570,
1525,1525,1573,1573,1575,1575,1526,1526,1527,1527,1528,1528,1566,1566,1529,
1529,1569,1569,1571,1571,1530,1530,1531,1531,1565,1565,1567,1567,1532,1532,
1534,1534,1544,1544,1546,1546,1548,1548,1564,1564,1533,1533,1545,1545,1547,
1547,1535,1535,1543,1543,1536,1536,1538,1538,1537,1537,1541,1541,1539,1539,
1540,1540,1542,1542,1549,1549,1550,1550,1556,1556,1560,1560,1562,1562,1551,
1551,1563,1563,1552,1552,1554,1554,1553,1553,1561,1561,1555,1555,1559,1559,
1557,1557,1558,1558,1582,1582,1583,1583,1584,1584,1585,1585,1586,1586,1644,
1644,1646,1646,1648,1648,1650,1650,1652,1652,1587,1587,1645,1645,1647,1647,
1649,1649,1651,1651,1653,1653,1588,1588,1640,1640,1642,1642,1589,1589,1641,
1641,1643,1643,1590,1590,1591,1591,1592,1592,1593,1593,1594,1594,1595,1595,
1596,1596,1597,1597,1598,1598,1599,1599,1600,1600,1638,1638,1601,1601,1602,
1602,1603,1603,1637,1637,1639,1639,1604,1604,1606,1606,1616,1616,1618,1618,
1620,1620,1636,1636,1605,1605,1617,1617,1619,1619,1607,1607,1615,1615,1608,
1608,1610,1610,1609,1609,1613,1613,1611,1611,1612,1612,1614,1614,1621,1621,
1622,1622,1626,1626,1628,1628,1630,1630,1632,1632,1623,1623,1625,1625,1627,
1627,1631,1631,1633,1633,1624,1624,1629,1629,1634,1634,1635,1635,1654,1654,
1655,1655,1656,1656,1657,1657,1658,1658,1659,1659,1717,1717,1719,1719,1721,
1721,1723,1723,1725,1725,1727,1727,1660,1660,1661,1661,1713,1713,1715,1715,
1662,1662,1663,1663,1664,1664,1665,1665,1666,1666,1667,1667,1668,1668,1669,
1669,1670,1670,1671,1671,1672,1672,1710,1710,1712,1712,1714,1714,1716,1716,
1718,1718,1720,1720,1722,1722,1724,1724,1673,1673,1674,1674,1675,1675,1709,
1709,1711,1711,1676,1676,1678,1678,1690,1690,1692,1692,1708,1708,1677,1677,
1691,1691,1679,1679,1680,1680,1684,1684,1688,1688,1681,1681,1683,1683,1685,
1685,1689,1689,1682,1682,1686,1686,1687,1687,1693,1693,1694,1694,1696,1696,
1695,1695,1697,1697,1698,1698,1700,1700,1699,1699,1701,1701,1702,1702,1704,
1704,1703,1703,1705,1705,1706,1706,1707,1707,1726,1726,1728,1728,1729,1729,
1730,1730,1731,1731,1789,1789,1791,1791,1793,1793,1795,1795,1732,1732,1733,
1733,1785,1785,1787,1787,1734,1734,1735,1735,1736,1736,1737,1737,1738,1738,
1739,1739,1740,1740,1741,1741,1742,1742,1743,1743,1745,1745,1782,1782,1784,
1784,1786,1786,1788,1788,1790,1790,1792,1792,1744,1744,1746,1746,1747,1747,
1781,1781,1783,1783,1748,1748,1750,1750,1762,1762,1764,1764,1780,1780,1749,
1749,1763,1763,1751,1751,1753,1753,1757,1757,1760,1760,1752,1752,1755,1755,
1756,1756,1761,1761,1754,1754,1758,1758,1759,1759,1765,1765,1766,1766,1768,
1768,1767,1767,1769,1769,1770,1770,1772,1772,1771,1771,1773,1773,1774,1774,
1776,1776,1775,1775,1777,1777,1778,1778,1779,1779,1794,1794,1796,1796,1797,
1797,1798,1798,1799,1799,1800,1800,1800,1801,1801,1801,111,109,107,105,
115,118,120,108,110,117,116,106,101,104,119,114,89,87,97,95,91,93,92,94,
102,99,90,86,88,82,84,78,74,76,70,72,75,73,79,77,85,83,96,98,80,69,71,81,
18,20,19,17,23,21,26,28,27,22,30,32,31,29,36,33,51,49,47,45,53,59,63,61,
60,62,41,39,55,57,65,64,42,67,66,68,58,54,56,48,50,40,43,52,46,38,44,35,
173,171,179,177,186,183,164,166,167,165,169,175,181,188,194,190,196,187,
189,185,193,184,215,214,197,199,195,178,180,212,211,213,207,209,182,202,
200,208,206,210,201,203,174,176,170,172,168,198,286,284,283,282,281,280,
279,278,277,276,275,274,273,272,271,270,269,268,267,266,265,264,263,262,
261,260,259,258,257,256,255,254,253,252,251,250,249,248,247,245,244,243,
242,241,240,246,236,235,237,234,233,287,238,238,232,232,239,285,285),((1,
3,5),(4,7,6),(9,11,3),(12,13,4),(13,7,4),(15,17,5),(6,19,16),(5,17,21),
(5,21,1),(6,7,19),(23,25,11),(26,27,12),(23,11,9),(12,27,13),(29,31,15),
(16,33,30),(15,31,17),(16,19,33),(35,37,25),(38,39,26),(35,25,23),(26,39,
27),(30,42,32),(30,33,42),(43,45,37),(46,47,38),(43,37,35),(38,47,39),(31,
49,17),(32,51,50),(32,42,51),(53,45,43),(54,55,46),(46,55,47),(50,58,18),
(50,51,58),(44,59,54),(54,59,55),(61,17,63),(18,65,64),(21,17,61),(18,58,
65),(36,68,44),(44,68,59),(64,69,62),(64,65,69),(24,72,36),(36,72,68),(62,
73,22),(62,69,73),(10,76,24),(24,76,72),(22,77,2),(22,73,77),(79,81,10),
(10,81,76),(2,84,85),(77,84,2),(87,89,80),(90,91,79),(87,80,93),(93,80,
95),(80,97,95),(80,99,97),(91,81,79),(99,86,101),(85,103,102),(85,84,103),
(105,107,89),(108,109,90),(105,89,87),(90,109,91),(111,101,113),(102,115,
114),(99,101,111),(102,103,115),(117,107,105),(118,119,108),(108,119,109),
(121,113,123),(114,125,124),(111,113,121),(114,115,125),(106,128,118),(118,
128,119),(129,123,131),(124,133,132),(121,123,129),(124,125,133),(88,136,
106),(106,136,128),(129,131,137),(132,139,138),(132,133,139),(94,142,88),
(88,142,136),(138,143,130),(138,139,143),(93,95,145),(146,147,94),(94,147,
142),(130,150,122),(130,143,150),(96,151,146),(146,151,147),(122,154,112),
(122,150,154),(98,155,96),(96,155,151),(112,158,100),(112,154,158),(98,
100,159),(98,159,155),(159,100,158),(14,161,8),(28,164,14),(8,167,20),(8,
161,167),(40,164,28),(34,20,41),(41,20,167),(48,56,40),(40,56,164),(41,
167,52),(60,67,56),(56,67,164),(52,171,57),(52,167,171),(57,171,66),(67,
71,164),(173,168,163),(169,175,170),(176,168,173),(66,74,70),(171,74,66),
(71,75,82),(164,71,82),(171,78,74),(164,82,177),(177,82,92),(180,78,171),
(172,183,181),(170,175,186),(170,186,188),(190,183,172),(180,83,78),(179,
191,165),(165,191,195),(197,83,180),(182,200,198),(184,200,182),(178,199,
192),(177,92,110),(120,177,110),(127,177,120),(127,141,177),(141,156,177),
(177,156,160),(197,104,83),(153,104,197),(197,157,153),(192,199,201),(134,
116,104),(134,104,140),(140,104,144),(153,144,104),(126,116,134),(135,141,
127),(148,152,141),(141,152,156),(149,144,153),(203,176,173),(203,187,176),
(206,187,203),(206,207,187),(188,186,208),(209,207,206),(209,211,207),(208,
212,213),(208,213,188),(215,211,209),(217,216,210),(215,219,211),(213,212,
220),(221,219,215),(222,216,217),(221,223,219),(213,220,224),(225,223,221),
(217,226,222),(225,227,223),(228,229,224),(229,213,224),(231,227,225),(217,
232,226),(231,233,227),(234,229,228),(235,233,231),(237,236,232),(237,232,
217),(235,239,233),(240,241,234),(234,241,243),(243,245,234),(234,245,247),
(234,247,249),(249,251,234),(234,251,229),(235,253,239),(237,254,236),(239,
253,255),(256,257,240),(240,257,259),(240,259,241),(261,255,253),(262,254,
263),(263,254,265),(265,254,267),(267,254,269),(269,254,237),(261,271,255),
(273,256,272),(273,257,256),(264,271,261),(264,275,271),(272,276,273),(277,
275,264),(279,278,263),(263,265,279),(277,281,275),(282,273,276),(280,281,
277),(280,284,281),(283,273,282),(285,284,280),(279,287,286),(279,265,287),
(285,289,284),(290,291,283),(283,291,273),(288,289,285),(288,292,289),(293,
292,288),(265,294,287),(293,295,292),(291,296,273),(266,295,293),(266,274,
295),(266,268,274),(274,268,298),(297,257,273),(299,298,268),(301,300,267),
(303,301,267),(303,267,305),(305,267,307),(309,307,267),(267,269,309),(299,
311,298),(297,312,313),(315,297,313),(317,297,315),(317,257,297),(302,311,
299),(302,314,311),(319,314,302),(320,301,303),(319,321,314),(315,313,322),
(304,321,319),(304,316,321),(306,316,304),(306,324,316),(315,323,317),(308,
324,306),(308,318,324),(310,318,308),(310,325,318),(326,257,317),(270,325,
310),(270,258,325),(270,238,258),(258,238,260),(260,238,218),(260,218,242),
(242,218,327),(242,327,244),(244,327,330),(244,330,246),(246,330,331),(246,
331,248),(248,331,334),(248,334,250),(250,334,335),(250,335,252),(252,335,
338),(252,338,230),(230,338,339),(230,339,214),(339,342,214),(214,342,343),
(188,213,344),(345,343,342),(345,347,343),(188,344,348),(349,347,345),(351,
350,346),(349,353,347),(348,354,355),(348,355,188),(357,353,349),(358,350,
351),(357,359,353),(355,354,360),(361,359,357),(351,362,358),(361,363,359),
(355,360,364),(365,363,361),(351,366,362),(365,367,363),(368,355,364),(369,
367,365),(370,366,351),(369,371,367),(372,373,368),(368,373,355),(375,371,
369),(351,376,370),(375,377,371),(378,373,372),(379,377,375),(381,380,376),
(381,376,351),(379,383,377),(384,385,378),(378,385,387),(387,389,378),(378,
389,391),(378,391,393),(393,395,378),(378,395,373),(379,397,383),(381,398,
380),(383,397,399),(400,401,384),(384,401,403),(384,403,385),(405,399,397),
(406,398,407),(407,398,409),(409,398,411),(411,398,413),(413,398,381),(405,
415,399),(417,400,416),(417,401,400),(408,415,405),(408,419,415),(416,420,
417),(421,419,408),(423,422,407),(407,409,423),(421,425,419),(426,417,420),
(424,425,421),(424,428,425),(427,417,426),(429,428,424),(423,431,430),(423,
409,431),(429,433,428),(434,435,427),(427,435,417),(432,433,429),(432,436,
433),(437,436,432),(409,438,431),(437,439,436),(435,440,417),(410,439,437),
(410,418,439),(410,412,418),(418,412,442),(441,401,417),(443,442,412),(445,
444,411),(447,445,411),(447,411,449),(449,411,451),(453,451,411),(411,413,
453),(443,455,442),(441,456,457),(459,441,457),(461,441,459),(461,401,441),
(446,455,443),(446,458,455),(463,458,446),(464,445,447),(463,465,458),(459,
457,466),(448,465,463),(448,460,465),(450,460,448),(450,468,460),(459,467,
461),(452,468,450),(452,462,468),(454,462,452),(454,469,462),(470,401,461),
(414,469,454),(414,402,469),(414,382,402),(402,382,404),(404,382,352),(404,
352,386),(386,352,471),(386,471,388),(388,471,474),(388,474,390),(390,474,
475),(390,475,392),(392,475,478),(392,478,394),(394,478,479),(394,479,396),
(396,479,482),(396,482,374),(374,482,483),(374,483,356),(483,486,356),(356,
486,487),(188,355,488),(489,487,486),(489,491,487),(493,488,492),(188,488,
493),(495,491,489),(497,496,490),(495,499,491),(493,492,500),(501,499,495),
(502,496,497),(501,503,499),(500,504,493),(505,503,501),(497,506,502),(505,
507,503),(493,504,508),(509,507,505),(497,510,506),(509,511,507),(493,508,
512),(513,511,509),(514,510,497),(513,515,511),(516,517,512),(517,493,512),
(519,515,513),(497,520,514),(519,521,515),(522,517,516),(523,521,519),(525,
524,520),(525,520,497),(523,527,521),(528,529,522),(522,529,531),(531,533,
522),(522,533,535),(522,535,537),(537,539,522),(522,539,517),(523,541,527),
(525,542,524),(527,541,543),(544,545,528),(528,545,547),(528,547,529),(549,
543,541),(550,542,551),(551,542,553),(553,542,555),(555,542,557),(557,542,
525),(549,559,543),(561,544,560),(561,545,544),(552,559,549),(552,563,559),
(560,564,561),(565,563,552),(567,566,551),(551,553,567),(565,569,563),(570,
561,564),(568,569,565),(568,572,569),(571,561,570),(573,572,568),(567,575,
574),(567,553,575),(573,577,572),(578,579,571),(571,579,561),(576,577,573),
(576,580,577),(581,580,576),(553,582,575),(581,583,580),(579,584,561),(554,
583,581),(554,562,583),(554,556,562),(562,556,586),(585,545,561),(587,586,
556),(589,588,555),(591,589,555),(591,555,593),(593,555,595),(597,595,555),
(555,557,597),(587,599,586),(585,600,601),(603,585,601),(605,585,603),(605,
545,585),(590,599,587),(590,602,599),(607,602,590),(608,589,591),(607,609,
602),(603,601,610),(592,609,607),(592,604,609),(594,604,592),(594,612,604),
(603,611,605),(596,612,594),(596,606,612),(598,606,596),(598,613,606),(614,
545,605),(558,613,598),(558,546,613),(558,526,546),(546,526,548),(548,526,
498),(548,498,530),(530,498,615),(530,615,532),(532,615,618),(532,618,534),
(534,618,619),(534,619,536),(536,619,622),(536,622,538),(538,622,623),(538,
623,540),(540,623,626),(540,626,518),(518,626,627),(518,627,494),(627,630,
494),(494,630,631),(188,493,632),(633,631,630),(633,635,631),(637,632,636),
(637,188,632),(639,635,633),(641,640,634),(641,634,643),(639,645,635),(636,
646,637),(647,645,639),(648,640,641),(647,649,645),(637,646,650),(651,649,
647),(641,652,648),(651,653,649),(637,650,654),(655,653,651),(641,656,652),
(655,657,653),(658,637,654),(659,657,655),(660,656,641),(659,661,657),(662,
663,658),(658,663,637),(665,661,659),(641,666,660),(665,667,661),(668,663,
662),(669,667,665),(671,670,666),(671,666,641),(669,673,667),(674,675,668),
(668,675,677),(677,679,668),(668,679,681),(668,681,683),(683,685,668),(668,
685,663),(669,687,673),(671,688,670),(673,687,689),(690,691,674),(674,691,
693),(674,693,675),(695,689,687),(696,688,697),(697,688,699),(699,688,701),
(701,688,703),(703,688,671),(695,705,689),(707,690,706),(707,691,690),(698,
705,695),(698,709,705),(706,710,707),(711,709,698),(713,712,697),(697,699,
713),(711,715,709),(716,707,710),(714,715,711),(714,718,715),(717,707,716),
(719,718,714),(713,721,720),(713,699,721),(719,723,718),(724,725,717),(717,
725,707),(722,723,719),(722,726,723),(727,726,722),(699,728,721),(727,729,
726),(725,730,707),(700,729,727),(700,708,729),(700,702,708),(708,702,732),
(731,691,707),(733,732,702),(735,734,701),(737,735,701),(737,701,739),(739,
701,741),(743,741,701),(701,703,743),(733,745,732),(731,746,747),(749,731,
747),(751,731,749),(751,691,731),(736,745,733),(736,748,745),(753,748,736),
(754,735,737),(753,755,748),(749,747,756),(738,755,753),(738,750,755),(740,
750,738),(740,758,750),(749,757,751),(742,758,740),(742,752,758),(744,752,
742),(744,759,752),(760,691,751),(704,759,744),(704,692,759),(704,672,692),
(692,672,694),(694,672,642),(694,642,676),(676,642,644),(676,644,678),(678,
644,761),(678,761,680),(680,761,764),(680,764,682),(682,764,765),(682,765,
684),(684,765,768),(684,768,686),(686,768,769),(686,769,664),(664,769,772),
(664,772,638),(772,773,638),(638,773,775),(776,188,637),(777,775,773),(774,
779,778),(777,781,775),(782,783,776),(776,783,188),(785,781,777),(779,786,
778),(785,787,781),(782,788,783),(789,787,785),(779,790,786),(789,791,787),
(783,788,792),(793,791,789),(794,790,779),(793,795,791),(783,792,796),(797,
795,793),(779,798,794),(797,799,795),(800,783,796),(801,799,797),(803,802,
798),(803,798,779),(801,805,799),(806,807,800),(800,807,783),(809,805,801),
(810,802,803),(809,811,805),(812,807,806),(813,811,809),(815,814,810),(810,
817,815),(810,819,817),(810,821,819),(823,821,810),(810,825,823),(810,827,
825),(803,827,810),(813,829,811),(830,831,812),(812,831,833),(812,833,835),
(835,837,812),(812,837,839),(812,839,841),(841,843,812),(812,843,807),(813,
845,829),(815,846,814),(829,845,847),(848,849,830),(830,849,831),(851,847,
845),(852,846,853),(853,846,855),(855,846,857),(857,846,859),(859,846,815),
(851,861,847),(863,848,862),(863,849,848),(854,861,851),(854,865,861),(862,
866,863),(867,865,854),(869,868,853),(853,855,869),(867,871,865),(872,863,
866),(870,871,867),(870,874,871),(873,863,872),(875,874,870),(869,877,876),
(869,855,877),(875,879,874),(880,881,873),(873,881,863),(878,879,875),(878,
882,879),(883,882,878),(855,884,877),(883,885,882),(881,886,863),(856,885,
883),(856,864,885),(856,858,864),(864,858,888),(887,849,863),(889,888,858),
(891,890,857),(893,891,857),(893,857,895),(895,857,897),(899,897,857),(857,
859,899),(889,901,888),(887,902,903),(905,887,903),(907,887,905),(907,849,
887),(892,901,889),(892,904,901),(909,904,892),(910,891,893),(909,911,904),
(905,903,912),(894,911,909),(894,906,911),(896,906,894),(896,914,906),(905,
913,907),(898,914,896),(898,908,914),(900,908,898),(900,915,908),(916,849,
907),(860,915,900),(860,850,915),(860,816,850),(850,816,832),(832,816,818),
(832,818,834),(834,818,820),(834,820,836),(836,820,822),(836,822,838),(838,
822,824),(838,824,840),(840,824,826),(840,826,842),(842,826,828),(842,828,
844),(844,828,804),(844,804,808),(808,804,780),(808,780,784),(780,917,784),
(784,917,919),(783,920,188),(921,919,917),(923,922,918),(921,925,919),(188,
920,926),(927,925,921),(928,922,923),(927,929,925),(188,926,930),(931,929,
927),(932,928,923),(931,933,929),(935,930,934),(935,188,930),(937,933,931),
(923,938,932),(937,939,933),(940,935,934),(941,939,937),(923,942,938),(941,
943,939),(944,935,940),(945,943,941),(946,942,947),(942,949,947),(942,951,
949),(953,951,942),(942,955,953),(942,957,955),(959,957,942),(959,942,923),
(945,961,943),(962,963,944),(944,963,965),(944,965,967),(967,969,944),(944,
969,971),(971,973,944),(944,973,935),(975,961,945),(947,976,946),(975,977,
961),(962,978,963),(979,977,975),(947,980,976),(979,981,977),(983,978,982),
(963,978,983),(979,985,981),(987,986,980),(987,980,989),(989,980,991),(991,
980,947),(981,985,993),(995,982,994),(995,997,982),(983,982,997),(999,993,
985),(1001,1000,986),(1001,986,987),(999,1003,993),(994,1004,995),(1005,
1003,999),(1007,1006,1000),(1007,1000,1001),(1005,1009,1003),(995,1004,
1010),(1011,1009,1005),(1013,1012,1006),(1013,1006,1007),(1011,1015,1009),
(1017,1010,1016),(995,1010,1017),(1019,1015,1011),(1020,1012,1013),(1019,
1021,1015),(1023,1016,1022),(1017,1016,1023),(1014,1021,1019),(1014,1025,
1021),(1023,1022,1026),(1008,1025,1014),(1008,1024,1025),(1002,1024,1008),
(1002,1018,1024),(988,1018,1002),(988,996,1018),(988,990,996),(996,990,
1028),(1027,997,995),(1029,1028,990),(989,1031,1030),(989,1033,1031),(1035,
1033,989),(989,991,1035),(1029,1037,1028),(1038,1039,1027),(1027,1039,997),
(1041,1037,1029),(1030,1043,1042),(1030,1031,1043),(1041,1045,1037),(1046,
1047,1038),(1038,1047,1039),(1049,1045,1041),(1042,1043,1050),(1049,1051,
1045),(1052,1053,1046),(1046,1053,1047),(1044,1051,1049),(1044,1055,1051),
(1056,1057,1052),(1052,1057,1053),(1032,1055,1044),(1032,1058,1055),(1059,
1058,1032),(1033,1060,1031),(1059,1054,1058),(1034,1054,1059),(1034,1048,
1054),(1036,1048,1034),(1036,1040,1048),(1036,992,1040),(1040,992,998),
(998,992,948),(998,948,984),(984,948,950),(984,950,964),(964,950,952),(964,
952,966),(966,952,954),(966,954,968),(968,954,956),(968,956,970),(970,956,
958),(970,958,972),(972,958,960),(972,960,974),(974,960,924),(974,924,936),
(924,1062,936),(936,1062,1063),(1064,188,935),(1065,1063,1062),(1067,1066,
1061),(1065,1070,1063),(1064,1071,1072),(1064,1072,188),(1074,1070,1065),
(1075,1066,1067),(1074,1076,1070),(1072,1071,1077),(1078,1076,1074),(1075,
1067,1079),(1078,1080,1076),(1072,1077,1081),(1082,1080,1078),(1079,1084,
1083),(1079,1067,1084),(1082,1086,1080),(1087,1072,1081),(1088,1086,1082),
(1083,1084,1089),(1088,1090,1086),(1091,1072,1087),(1092,1090,1088),(1093,
1089,1094),(1089,1096,1094),(1089,1098,1096),(1100,1098,1089),(1089,1102,
1100),(1089,1104,1102),(1089,1106,1104),(1084,1106,1089),(1092,1108,1090),
(1109,1110,1091),(1091,1110,1112),(1091,1112,1114),(1114,1116,1091),(1091,
1116,1118),(1118,1120,1091),(1091,1120,1072),(1122,1108,1092),(1094,1123,
1093),(1122,1124,1108),(1109,1125,1110),(1126,1124,1122),(1094,1127,1123),
(1126,1128,1124),(1130,1125,1129),(1110,1125,1130),(1126,1132,1128),(1134,
1133,1127),(1134,1127,1136),(1136,1127,1138),(1138,1127,1094),(1128,1132,
1140),(1142,1129,1141),(1142,1144,1129),(1130,1129,1144),(1146,1140,1132),
(1148,1147,1133),(1148,1133,1134),(1146,1150,1140),(1141,1151,1142),(1152,
1150,1146),(1154,1153,1147),(1154,1147,1148),(1152,1156,1150),(1142,1151,
1157),(1158,1156,1152),(1160,1159,1153),(1160,1153,1154),(1158,1162,1156),
(1164,1157,1163),(1142,1157,1164),(1166,1162,1158),(1167,1159,1160),(1166,
1168,1162),(1170,1163,1169),(1164,1163,1170),(1161,1168,1166),(1161,1172,
1168),(1170,1169,1173),(1155,1172,1161),(1155,1171,1172),(1149,1171,1155),
(1149,1165,1171),(1135,1165,1149),(1135,1143,1165),(1135,1137,1143),(1143,
1137,1175),(1174,1144,1142),(1176,1175,1137),(1136,1178,1177),(1136,1180,
1178),(1182,1180,1136),(1136,1138,1182),(1176,1184,1175),(1185,1186,1174),
(1174,1186,1144),(1188,1184,1176),(1177,1190,1189),(1177,1178,1190),(1188,
1192,1184),(1193,1194,1185),(1185,1194,1186),(1196,1192,1188),(1189,1190,
1197),(1196,1198,1192),(1199,1200,1193),(1193,1200,1194),(1191,1198,1196),
(1191,1202,1198),(1203,1204,1199),(1199,1204,1200),(1179,1202,1191),(1179,
1205,1202),(1206,1205,1179),(1180,1207,1178),(1206,1201,1205),(1181,1201,
1206),(1181,1195,1201),(1183,1195,1181),(1183,1187,1195),(1183,1139,1187),
(1187,1139,1145),(1145,1139,1095),(1145,1095,1131),(1131,1095,1097),(1131,
1097,1111),(1111,1097,1099),(1111,1099,1113),(1113,1099,1101),(1113,1101,
1115),(1115,1101,1103),(1115,1103,1117),(1117,1103,1105),(1117,1105,1119),
(1119,1105,1107),(1119,1107,1121),(1121,1107,1085),(1121,1085,1073),(1085,
1209,1073),(1067,1208,1084),(1073,1209,1210),(188,1072,1211),(1212,1210,
1209),(1067,1213,1208),(1212,1214,1210),(1216,1211,1215),(188,1211,1216),
(1218,1214,1212),(1220,1219,1213),(1220,1213,1067),(1218,1222,1214),(1216,
1215,1223),(1224,1222,1218),(1225,1219,1220),(1224,1226,1222),(1216,1223,
1227),(1228,1226,1224),(1220,1229,1225),(1228,1230,1226),(1231,1216,1227),
(1232,1230,1228),(1220,1233,1229),(1232,1234,1230),(1235,1216,1231),(1236,
1234,1232),(1237,1233,1238),(1233,1240,1238),(1233,1242,1240),(1244,1242,
1233),(1233,1246,1244),(1233,1248,1246),(1250,1248,1233),(1250,1233,1220),
(1236,1252,1234),(1253,1254,1235),(1235,1254,1256),(1235,1256,1258),(1258,
1260,1235),(1235,1260,1262),(1262,1264,1235),(1235,1264,1216),(1266,1252,
1236),(1238,1267,1237),(1266,1268,1252),(1253,1269,1254),(1270,1268,1266),
(1238,1271,1267),(1270,1272,1268),(1274,1269,1273),(1254,1269,1274),(1270,
1276,1272),(1278,1277,1271),(1278,1271,1280),(1280,1271,1282),(1282,1271,
1238),(1272,1276,1284),(1286,1273,1285),(1286,1288,1273),(1274,1273,1288),
(1290,1284,1276),(1292,1291,1277),(1292,1277,1278),(1290,1294,1284),(1285,
1295,1286),(1296,1294,1290),(1298,1297,1291),(1298,1291,1292),(1296,1300,
1294),(1286,1295,1301),(1302,1300,1296),(1304,1303,1297),(1304,1297,1298),
(1302,1306,1300),(1308,1301,1307),(1286,1301,1308),(1310,1306,1302),(1311,
1303,1304),(1310,1312,1306),(1314,1307,1313),(1308,1307,1314),(1305,1312,
1310),(1305,1316,1312),(1314,1313,1317),(1299,1316,1305),(1299,1315,1316),
(1293,1315,1299),(1293,1309,1315),(1279,1309,1293),(1279,1287,1309),(1279,
1281,1287),(1287,1281,1319),(1318,1288,1286),(1320,1319,1281),(1280,1322,
1321),(1280,1324,1322),(1326,1324,1280),(1280,1282,1326),(1320,1328,1319),
(1329,1330,1318),(1318,1330,1288),(1332,1328,1320),(1321,1334,1333),(1321,
1322,1334),(1332,1336,1328),(1337,1338,1329),(1329,1338,1330),(1340,1336,
1332),(1333,1334,1341),(1340,1342,1336),(1343,1344,1337),(1337,1344,1338),
(1335,1342,1340),(1335,1346,1342),(1347,1348,1343),(1343,1348,1344),(1323,
1346,1335),(1323,1349,1346),(1350,1349,1323),(1324,1351,1322),(1350,1345,
1349),(1325,1345,1350),(1325,1339,1345),(1327,1339,1325),(1327,1331,1339),
(1327,1283,1331),(1331,1283,1289),(1289,1283,1239),(1289,1239,1275),(1275,
1239,1241),(1275,1241,1255),(1255,1241,1243),(1255,1243,1257),(1257,1243,
1245),(1257,1245,1259),(1259,1245,1247),(1259,1247,1261),(1261,1247,1249),
(1261,1249,1263),(1263,1249,1251),(1263,1251,1265),(1265,1251,1221),(1265,
1221,1217),(1221,1353,1217),(1067,1352,1220),(1217,1353,1354),(1216,1355,
188),(1356,1354,1353),(1067,1357,1352),(1356,1358,1354),(188,1355,1359),
(1360,1358,1356),(1362,1361,1357),(1362,1357,1067),(1360,1364,1358),(188,
1359,1365),(1366,1364,1360),(1367,1361,1362),(1366,1368,1364),(1370,1365,
1369),(1370,188,1365),(1372,1368,1366),(1362,1373,1367),(1372,1374,1368),
(1375,1370,1369),(1376,1374,1372),(1362,1377,1373),(1376,1378,1374),(1379,
1370,1375),(1380,1378,1376),(1377,1382,1381),(1377,1384,1382),(1386,1384,
1377),(1377,1388,1386),(1377,1390,1388),(1392,1390,1377),(1394,1392,1377),
(1394,1377,1362),(1380,1396,1378),(1398,1379,1397),(1400,1379,1398),(1400,
1402,1379),(1379,1402,1404),(1379,1404,1406),(1379,1406,1408),(1408,1410,
1379),(1379,1410,1370),(1412,1396,1380),(1381,1382,1413),(1412,1414,1396),
(1397,1415,1398),(1416,1414,1412),(1417,1413,1418),(1418,1413,1382),(1416,
1420,1414),(1398,1415,1421),(1416,1422,1420),(1424,1423,1417),(1424,1417,
1426),(1426,1417,1418),(1420,1422,1428),(1430,1421,1429),(1430,1432,1421),
(1398,1421,1432),(1434,1428,1422),(1436,1435,1423),(1436,1423,1424),(1434,
1438,1428),(1429,1439,1430),(1440,1438,1434),(1442,1441,1435),(1442,1435,
1436),(1440,1444,1438),(1430,1439,1445),(1446,1444,1440),(1448,1447,1441),
(1448,1441,1442),(1446,1450,1444),(1452,1445,1451),(1430,1445,1452),(1454,
1450,1446),(1455,1447,1448),(1454,1456,1450),(1458,1451,1457),(1452,1451,
1458),(1449,1456,1454),(1449,1460,1456),(1458,1457,1461),(1443,1460,1449),
(1443,1459,1460),(1437,1459,1443),(1437,1453,1459),(1425,1453,1437),(1425,
1431,1453),(1425,1427,1431),(1431,1427,1463),(1462,1432,1430),(1464,1463,
1427),(1426,1466,1465),(1426,1468,1466),(1470,1468,1426),(1426,1418,1470),
(1464,1472,1463),(1473,1474,1462),(1462,1474,1432),(1476,1472,1464),(1465,
1478,1477),(1465,1466,1478),(1476,1480,1472),(1481,1482,1473),(1473,1482,
1474),(1484,1480,1476),(1477,1478,1485),(1484,1486,1480),(1487,1488,1481),
(1481,1488,1482),(1479,1486,1484),(1479,1490,1486),(1491,1492,1487),(1487,
1492,1488),(1467,1490,1479),(1467,1493,1490),(1494,1493,1467),(1468,1495,
1466),(1494,1489,1493),(1469,1489,1494),(1469,1483,1489),(1471,1483,1469),
(1471,1475,1483),(1471,1419,1475),(1475,1419,1433),(1433,1419,1383),(1433,
1383,1399),(1399,1383,1385),(1399,1385,1401),(1401,1385,1387),(1401,1387,
1403),(1403,1387,1389),(1403,1389,1405),(1405,1389,1391),(1405,1391,1407),
(1407,1391,1393),(1407,1393,1409),(1409,1393,1395),(1409,1395,1411),(1411,
1395,1363),(1411,1363,1371),(1363,1497,1371),(1496,1362,1067),(1371,1497,
1498),(1499,188,1370),(1500,1498,1497),(1067,1501,1496),(1500,1502,1498),
(1503,188,1499),(1504,1502,1500),(1067,1505,1501),(1504,1506,1502),(1507,
188,1503),(1508,1506,1504),(1505,1510,1509),(1505,1512,1510),(1514,1512,
1505),(1505,1516,1514),(1505,1518,1516),(1520,1518,1505),(1520,1505,1067),
(1508,1522,1506),(1523,1524,1507),(1507,1524,1526),(1507,1526,1528),(1528,
1530,1507),(1507,1530,188),(1532,1522,1508),(1509,1510,1533),(1532,1534,
1522),(1535,1524,1523),(1536,1534,1532),(1510,1537,1533),(1536,1538,1534),
(1535,1539,1524),(1540,1538,1536),(1537,1542,1541),(1537,1544,1542),(1510,
1544,1537),(1540,1546,1538),(1547,1548,1539),(1539,1548,1550),(1539,1550,
1524),(1552,1546,1540),(1542,1553,1541),(1552,1554,1546),(1555,1556,1547),
(1547,1556,1548),(1558,1554,1552),(1542,1559,1553),(1558,1560,1554),(1561,
1562,1555),(1555,1562,1564),(1555,1564,1556),(1558,1566,1560),(1568,1567,
1559),(1568,1559,1542),(1560,1566,1570),(1571,1572,1561),(1561,1572,1562),
(1574,1570,1566),(1576,1575,1567),(1578,1576,1567),(1578,1567,1580),(1580,
1567,1582),(1582,1567,1568),(1574,1584,1570),(1585,1586,1571),(1571,1586,
1572),(1577,1584,1574),(1577,1588,1584),(1585,1589,1586),(1590,1588,1577),
(1591,1576,1578),(1590,1592,1588),(1589,1593,1594),(1586,1589,1594),(1596,
1592,1590),(1578,1597,1591),(1596,1595,1592),(1599,1595,1596),(1600,1598,
1597),(1600,1597,1578),(1599,1602,1595),(1605,1594,1603),(1586,1594,1605),
(1606,1602,1599),(1607,1598,1600),(1606,1608,1602),(1605,1603,1609),(1601,
1608,1606),(1601,1604,1608),(1579,1604,1601),(1579,1587,1604),(1579,1581,
1587),(1587,1581,1611),(1586,1610,1572),(1612,1611,1581),(1614,1613,1580),
(1614,1580,1616),(1616,1580,1618),(1620,1618,1580),(1580,1582,1620),(1612,
1622,1611),(1623,1624,1610),(1610,1624,1626),(1628,1610,1626),(1630,1610,
1628),(1630,1572,1610),(1632,1622,1612),(1633,1613,1614),(1632,1625,1622),
(1615,1625,1632),(1615,1627,1625),(1617,1627,1615),(1617,1634,1627),(1628,
1626,1635),(1619,1634,1617),(1619,1629,1634),(1621,1629,1619),(1621,1631,
1629),(1636,1631,1621),(1620,1582,1637),(1636,1638,1631),(1639,1572,1630),
(1583,1638,1636),(1583,1573,1638),(1583,1569,1573),(1573,1569,1563),(1563,
1569,1543),(1563,1543,1565),(1565,1543,1545),(1565,1545,1557),(1557,1545,
1511),(1557,1511,1549),(1549,1511,1513),(1549,1513,1551),(1551,1513,1515),
(1551,1515,1525),(1525,1515,1517),(1525,1517,1527),(1527,1517,1519),(1527,
1519,1529),(1529,1519,1521),(1529,1521,1531),(1521,1640,1531),(1520,1067,
1641),(1531,1640,1642),(1530,1643,188),(1644,1642,1640),(1646,1645,1641),
(1646,1641,1648),(1648,1641,1650),(1641,1652,1650),(1641,1067,1652),(1644,
1654,1642),(1655,1656,1643),(1643,1656,1658),(1643,1658,1660),(1660,1662,
1643),(1643,1662,1664),(1643,1664,1666),(188,1643,1666),(1668,1654,1644),
(1669,1645,1646),(1668,1670,1654),(1672,1655,1671),(1674,1655,1672),(1674,
1676,1655),(1655,1676,1656),(1678,1670,1668),(1646,1679,1669),(1678,1680,
1670),(1672,1671,1681),(1682,1680,1678),(1679,1684,1683),(1679,1686,1684),
(1646,1686,1679),(1682,1688,1680),(1681,1689,1672),(1690,1688,1682),(1684,
1691,1683),(1690,1692,1688),(1672,1689,1693),(1694,1692,1690),(1684,1695,
1691),(1694,1696,1692),(1672,1693,1697),(1698,1696,1694),(1699,1695,1684),
(1698,1700,1696),(1697,1701,1672),(1702,1700,1698),(1704,1703,1699),(1699,
1706,1704),(1699,1708,1706),(1684,1708,1699),(1702,1710,1700),(1672,1701,
1711),(1702,1712,1710),(1704,1713,1703),(1710,1712,1714),(1716,1711,1715),
(1672,1711,1716),(1718,1714,1712),(1719,1713,1720),(1720,1713,1722),(1713,
1724,1722),(1726,1724,1713),(1726,1713,1704),(1718,1728,1714),(1730,1715,
1729),(1730,1716,1715),(1721,1728,1718),(1721,1732,1728),(1730,1729,1733),
(1734,1732,1721),(1736,1735,1720),(1720,1722,1736),(1734,1738,1732),(1739,
1730,1733),(1737,1738,1734),(1737,1741,1738),(1740,1730,1739),(1742,1741,
1737),(1736,1744,1743),(1736,1722,1744),(1742,1746,1741),(1747,1748,1740),
(1740,1748,1730),(1745,1746,1742),(1745,1749,1746),(1750,1749,1745),(1722,
1751,1744),(1750,1752,1749),(1748,1753,1730),(1723,1752,1750),(1723,1731,
1752),(1723,1725,1731),(1731,1725,1755),(1754,1716,1730),(1756,1755,1725),
(1758,1757,1724),(1758,1724,1760),(1760,1724,1762),(1764,1762,1724),(1726,
1764,1724),(1756,1766,1755),(1767,1768,1754),(1754,1768,1770),(1772,1754,
1770),(1774,1754,1772),(1774,1716,1754),(1776,1766,1756),(1777,1757,1758),
(1776,1769,1766),(1759,1769,1776),(1759,1771,1769),(1761,1771,1759),(1761,
1778,1771),(1772,1770,1779),(1763,1778,1761),(1763,1773,1778),(1765,1773,
1763),(1765,1775,1773),(1780,1775,1765),(1781,1764,1726),(1780,1782,1775),
(1783,1716,1774),(1727,1782,1780),(1727,1717,1782),(1727,1705,1717),(1717,
1705,1673),(1673,1705,1707),(1673,1707,1675),(1675,1707,1709),(1675,1709,
1677),(1677,1709,1685),(1677,1685,1657),(1657,1685,1687),(1657,1687,1659),
(1659,1687,1647),(1659,1647,1661),(1661,1647,1649),(1661,1649,1663),(1663,
1649,1651),(1663,1651,1665),(1665,1651,1653),(1665,1653,1667),(1653,1784,
1667),(1652,1067,1785),(1667,1784,1786),(188,1666,1787),(1788,1786,1784),
(1790,1789,1785),(1790,1785,1792),(1792,1785,1794),(1785,1796,1794),(1785,
1067,1796),(1788,1798,1786),(1787,1799,188),(1800,1798,1788),(1801,1789,
1790),(1800,1802,1798),(188,1799,1803),(1804,1802,1800),(1790,1805,1801),
(1804,1806,1802),(188,1803,1807),(1808,1806,1804),(1805,1810,1809),(1805,
1812,1810),(1790,1812,1805),(1808,1814,1806),(1816,1807,1815),(1818,1807,
1816),(1818,1820,1807),(1807,1820,1822),(1807,1822,188),(1824,1814,1808),
(1809,1810,1825),(1824,1826,1814),(1816,1815,1827),(1828,1826,1824),(1829,
1825,1830),(1830,1825,1810),(1828,1832,1826),(1827,1833,1834),(1834,1836,
1827),(1827,1836,1838),(1827,1838,1840),(1840,1816,1827),(1842,1832,1828),
(1829,1830,1843),(1842,1844,1832),(1834,1833,1845),(1846,1844,1842),(1848,
1847,1843),(1843,1850,1848),(1843,1830,1850),(1846,1852,1844),(1834,1845,
1853),(1846,1854,1852),(1848,1855,1847),(1852,1854,1856),(1857,1858,1853),
(1853,1858,1860),(1853,1860,1834),(1862,1856,1854),(1863,1855,1864),(1864,
1855,1866),(1855,1868,1866),(1870,1868,1855),(1870,1855,1848),(1862,1872,
1856),(1874,1857,1873),(1874,1858,1857),(1865,1872,1862),(1865,1876,1872),
(1874,1873,1877),(1878,1876,1865),(1880,1879,1864),(1864,1866,1880),(1878,
1882,1876),(1883,1874,1877),(1881,1882,1878),(1881,1885,1882),(1884,1874,
1883),(1886,1885,1881),(1880,1888,1887),(1880,1866,1888),(1886,1890,1885),
(1891,1892,1884),(1884,1892,1874),(1889,1890,1886),(1889,1893,1890),(1894,
1893,1889),(1866,1895,1888),(1894,1896,1893),(1892,1897,1874),(1867,1896,
1894),(1867,1875,1896),(1867,1869,1875),(1875,1869,1899),(1898,1858,1874),
(1900,1899,1869),(1902,1901,1868),(1902,1868,1904),(1904,1868,1906),(1908,
1906,1868),(1870,1908,1868),(1900,1910,1899),(1911,1912,1898),(1898,1912,
1914),(1916,1898,1914),(1918,1898,1916),(1918,1858,1898),(1920,1910,1900),
(1921,1901,1902),(1920,1913,1910),(1903,1913,1920),(1903,1915,1913),(1905,
1915,1903),(1905,1922,1915),(1916,1914,1923),(1907,1922,1905),(1907,1917,
1922),(1909,1917,1907),(1909,1919,1917),(1924,1919,1909),(1925,1908,1870),
(1924,1926,1919),(1927,1858,1918),(1871,1926,1924),(1871,1859,1926),(1871,
1849,1859),(1859,1849,1861),(1861,1849,1851),(1861,1851,1835),(1835,1851,
1831),(1835,1831,1837),(1837,1831,1811),(1837,1811,1839),(1839,1811,1813),
(1839,1813,1841),(1841,1813,1791),(1841,1791,1817),(1817,1791,1793),(1817,
1793,1819),(1819,1793,1795),(1819,1795,1821),(1821,1795,1797),(1821,1797,
1823),(1797,1928,1823),(1067,1929,1796),(1823,1928,1930),(188,1822,1931),
(1932,1930,1928),(1929,1067,1933),(1932,1934,1930),(1935,1936,1931),(1931,
1936,1938),(1931,1938,1940),(1940,1942,1931),(1931,1942,1944),(1946,1931,
1944),(188,1931,1946),(1948,1934,1932),(1067,1949,1933),(1948,1950,1934),
(1952,1935,1951),(1954,1935,1952),(1954,1956,1935),(1935,1956,1936),(1958,
1950,1948),(1067,1959,1949),(1958,1960,1950),(1952,1951,1961),(1962,1960,
1958),(1959,1964,1963),(1959,1966,1964),(1968,1966,1959),(1959,1970,1968),
(1959,1972,1970),(1974,1972,1959),(1974,1959,1067),(1962,1976,1960),(1961,
1977,1952),(1978,1976,1962),(1964,1979,1963),(1978,1980,1976),(1952,1977,
1981),(1982,1980,1978),(1964,1983,1979),(1982,1984,1980),(1952,1981,1985),
(1986,1984,1982),(1987,1983,1964),(1986,1988,1984),(1985,1989,1952),(1990,
1988,1986),(1992,1991,1987),(1987,1994,1992),(1987,1996,1994),(1964,1996,
1987),(1990,1998,1988),(1952,1989,1999),(1990,2000,1998),(1992,2001,1991),
(1998,2000,2002),(2004,1999,2003),(1952,1999,2004),(2006,2002,2000),(2008,
2007,2001),(2010,2008,2001),(2010,2001,2012),(2012,2001,2014),(2014,2001,
1992),(2006,2016,2002),(2018,2003,2017),(2018,2004,2003),(2009,2016,2006),
(2009,2020,2016),(2017,2021,2018),(2022,2020,2009),(2023,2008,2010),(2022,
2024,2020),(2021,2025,2026),(2021,2026,2018),(2028,2024,2022),(2023,2010,
2029),(2028,2027,2024),(2031,2027,2028),(2029,2032,2030),(2029,2010,2032),
(2031,2034,2027),(2026,2035,2037),(2018,2026,2037),(2033,2034,2031),(2033,
2036,2034),(2038,2036,2033),(2010,2039,2032),(2038,2040,2036),(2018,2037,
2041),(2011,2040,2038),(2011,2019,2040),(2011,2013,2019),(2019,2013,2043),
(2042,2004,2018),(2044,2043,2013),(2012,2046,2045),(2012,2048,2046),(2050,
2048,2012),(2012,2014,2050),(2044,2052,2043),(2054,2042,2053),(2056,2042,
2054),(2056,2058,2042),(2042,2058,2004),(2060,2052,2044),(2045,2062,2061),
(2045,2046,2062),(2060,2064,2052),(2066,2053,2065),(2054,2053,2066),(2063,
2064,2060),(2063,2067,2064),(2047,2067,2063),(2047,2055,2067),(2049,2055,
2047),(2049,2057,2055),(2051,2057,2049),(2051,2059,2057),(2068,2059,2051),
(2050,2014,2069),(2068,2070,2059),(2058,2071,2004),(2015,2070,2068),(2015,
2005,2070),(2015,1993,2005),(2005,1993,1953),(1953,1993,1995),(1953,1995,
1955),(1955,1995,1997),(1955,1997,1957),(1957,1997,1965),(1957,1965,1937),
(1937,1965,1967),(1937,1967,1939),(1939,1967,1969),(1939,1969,1941),(1941,
1969,1971),(1941,1971,1943),(1943,1971,1973),(1943,1973,1945),(1945,1973,
1975),(1945,1975,1947),(1975,2072,1947),(1067,2073,1974),(1947,2072,2074),
(1946,2075,188),(2076,2074,2072),(2073,1067,2077),(2076,2078,2074),(188,
2075,2079),(2080,2078,2076),(1067,2081,2077),(2080,2082,2078),(188,2079,
2083),(2084,2082,2080),(1067,2085,2081),(2084,2086,2082),(2083,2087,188),
(2088,2086,2084),(2085,2090,2089),(2085,2092,2090),(2094,2092,2085),(2085,
2096,2094),(2085,2098,2096),(2100,2098,2085),(2100,2085,1067),(2088,2102,
2086),(2087,2103,2104),(2087,2104,2106),(2106,2108,2087),(2087,2108,2110),
(2087,2110,188),(2112,2102,2088),(2090,2113,2089),(2112,2114,2102),(2104,
2103,2115),(2116,2114,2112),(2090,2117,2113),(2116,2118,2114),(2115,2119,
2120),(2122,2115,2120),(2104,2115,2122),(2124,2118,2116),(2125,2117,2090),
(2124,2126,2118),(2120,2119,2127),(2128,2126,2124),(2130,2129,2125),(2125,
2132,2130),(2125,2134,2132),(2090,2134,2125),(2128,2136,2126),(2138,2127,
2137),(2140,2127,2138),(2142,2127,2140),(2120,2127,2142),(2128,2144,2136),
(2130,2145,2129),(2136,2144,2146),(2148,2137,2147),(2138,2137,2148),(2150,
2146,2144),(2152,2151,2145),(2154,2152,2145),(2154,2145,2156),(2156,2145,
2158),(2158,2145,2130),(2150,2160,2146),(2162,2147,2161),(2148,2147,2162),
(2153,2160,2150),(2153,2164,2160),(2162,2161,2165),(2166,2164,2153),(2167,
2152,2154),(2166,2168,2164),(2165,2169,2170),(2165,2170,2162),(2172,2168,
2166),(2167,2154,2173),(2172,2171,2168),(2175,2171,2172),(2173,2176,2174),
(2173,2154,2176),(2175,2178,2171),(2170,2179,2181),(2162,2170,2181),(2177,
2178,2175),(2177,2180,2178),(2182,2180,2177),(2154,2183,2176),(2182,2184,
2180),(2162,2181,2185),(2155,2184,2182),(2155,2163,2184),(2155,2157,2163),
(2163,2157,2187),(2162,2186,2148),(2188,2187,2157),(2190,2189,2156),(2190,
2156,2192),(2192,2156,2194),(2196,2194,2156),(2156,2158,2196),(2188,2198,
2187),(2199,2200,2186),(2186,2200,2202),(2204,2186,2202),(2206,2186,2204),
(2206,2148,2186),(2208,2198,2188),(2209,2189,2190),(2208,2201,2198),(2191,
2201,2208),(2191,2203,2201),(2193,2203,2191),(2193,2210,2203),(2204,2202,
2211),(2195,2210,2193),(2195,2205,2210),(2197,2205,2195),(2197,2207,2205),
(2212,2207,2197),(2196,2158,2213),(2212,2214,2207),(2215,2148,2206),(2159,
2214,2212),(2159,2149,2214),(2159,2131,2149),(2149,2131,2139),(2139,2131,
2133),(2139,2133,2141),(2141,2133,2135),(2141,2135,2143),(2143,2135,2091),
(2143,2091,2121),(2121,2091,2093),(2121,2093,2123),(2123,2093,2095),(2123,
2095,2105),(2105,2095,2097),(2105,2097,2107),(2107,2097,2099),(2107,2099,
2109),(2109,2099,2101),(2109,2101,2111),(2101,2216,2111),(1067,2217,2100),
(2111,2216,2218),(188,2110,2219),(2220,2218,2216),(2217,1067,2221),(2220,
2222,2218),(188,2219,2223),(2224,2222,2220),(1067,2225,2221),(2224,2226,
2222),(2227,188,2223),(2228,2226,2224),(1067,2229,2225),(2228,2230,2226),
(2227,2231,188),(2232,2230,2228),(2233,2229,2234),(2234,2229,2236),(2229,
2238,2236),(2229,2240,2238),(2242,2240,2229),(2244,2242,2229),(2244,2229,
1067),(2232,2246,2230),(2231,2247,2248),(2231,2248,2250),(2250,2252,2231),
(2231,2252,2254),(2231,2254,188),(2256,2246,2232),(2234,2257,2233),(2256,
2258,2246),(2248,2247,2259),(2260,2258,2256),(2234,2261,2257),(2260,2262,
2258),(2259,2263,2264),(2264,2266,2259),(2259,2266,2268),(2259,2268,2270),
(2248,2259,2270),(2272,2262,2260),(2273,2261,2234),(2272,2274,2262),(2264,
2263,2275),(2276,2274,2272),(2278,2277,2273),(2273,2280,2278),(2273,2282,
2280),(2234,2282,2273),(2276,2284,2274),(2264,2275,2285),(2276,2286,2284),
(2278,2287,2277),(2284,2286,2288),(2289,2290,2285),(2285,2290,2292),(2285,
2292,2264),(2294,2288,2286),(2296,2295,2287),(2298,2296,2287),(2298,2287,
2300),(2300,2287,2302),(2302,2287,2278),(2294,2304,2288),(2289,2305,2306),
(2289,2306,2290),(2297,2304,2294),(2297,2308,2304),(2306,2305,2309),(2310,
2308,2297),(2311,2296,2298),(2310,2312,2308),(2309,2313,2314),(2309,2314,
2306),(2316,2312,2310),(2311,2298,2317),(2316,2315,2312),(2319,2315,2316),
(2317,2320,2318),(2317,2298,2320),(2319,2322,2315),(2314,2323,2325),(2306,
2314,2325),(2321,2322,2319),(2321,2324,2322),(2326,2324,2321),(2298,2327,
2320),(2326,2328,2324),(2306,2325,2329),(2299,2328,2326),(2299,2307,2328),
(2299,2301,2307),(2307,2301,2331),(2290,2306,2330),(2332,2331,2301),(2333,
2300,2334),(2334,2300,2336),(2338,2336,2300),(2300,2302,2338),(2332,2340,
2331),(2342,2330,2341),(2342,2344,2330),(2290,2330,2344),(2335,2340,2332),
(2335,2343,2340),(2346,2343,2335),(2334,2336,2347),(2346,2348,2343),(2349,
2344,2342),(2350,2348,2346),(2347,2336,2351),(2350,2352,2348),(2353,2354,
2349),(2349,2354,2344),(2356,2352,2350),(2336,2357,2351),(2356,2355,2352),
(2337,2355,2356),(2337,2345,2355),(2339,2345,2337),(2339,2358,2345),(2344,
2359,2290),(2303,2358,2339),(2303,2291,2358),(2303,2279,2291),(2291,2279,
2293),(2293,2279,2281),(2293,2281,2265),(2265,2281,2283),(2265,2283,2267),
(2267,2283,2235),(2267,2235,2269),(2269,2235,2237),(2269,2237,2271),(2271,
2237,2239),(2271,2239,2249),(2249,2239,2241),(2249,2241,2251),(2251,2241,
2243),(2251,2243,2253),(2253,2243,2245),(2253,2245,2255),(2245,2360,2255),
(1067,2361,2244),(2255,2360,2362),(188,2254,2363),(2364,2362,2360),(1067,
2365,2361),(2364,2366,2362),(188,2363,2367),(2368,2366,2364),(2369,2365,
1067),(2368,2370,2366),(2371,188,2367),(2372,2370,2368),(1067,2373,2369),
(2372,2374,2370),(2375,188,2371),(2376,2374,2372),(2377,2373,2378),(2378,
2373,2380),(2373,2382,2380),(2373,2384,2382),(2386,2384,2373),(2386,2373,
2388),(2388,2373,1067),(2376,2390,2374),(2375,2391,2392),(2375,2392,2394),
(2394,2396,2375),(2375,2396,2398),(2375,2398,188),(2400,2390,2376),(2378,
2401,2377),(2400,2402,2390),(2392,2391,2403),(2404,2402,2400),(2378,2405,
2401),(2404,2406,2402),(2403,2407,2408),(2408,2410,2403),(2403,2410,2412),
(2403,2412,2414),(2392,2403,2414),(2416,2406,2404),(2417,2405,2378),(2416,
2418,2406),(2408,2407,2419),(2420,2418,2416),(2422,2421,2417),(2417,2424,
2422),(2417,2426,2424),(2378,2426,2417),(2420,2428,2418),(2408,2419,2429),
(2420,2430,2428),(2422,2431,2421),(2428,2430,2432),(2433,2434,2429),(2429,
2434,2436),(2429,2436,2408),(2438,2432,2430),(2440,2439,2431),(2442,2440,
2431),(2442,2431,2444),(2444,2431,2446),(2446,2431,2422),(2438,2448,2432),
(2433,2449,2450),(2433,2450,2434),(2441,2448,2438),(2441,2452,2448),(2450,
2449,2453),(2454,2452,2441),(2455,2440,2442),(2454,2456,2452),(2453,2457,
2458),(2453,2458,2450),(2460,2456,2454),(2455,2442,2461),(2460,2459,2456),
(2463,2459,2460),(2461,2464,2462),(2461,2442,2464),(2463,2466,2459),(2458,
2467,2469),(2450,2458,2469),(2465,2466,2463),(2465,2468,2466),(2470,2468,
2465),(2442,2471,2464),(2470,2472,2468),(2450,2469,2473),(2443,2472,2470),
(2443,2451,2472),(2443,2445,2451),(2451,2445,2475),(2434,2450,2474),(2476,
2475,2445),(2477,2444,2478),(2478,2444,2480),(2482,2480,2444),(2444,2446,
2482),(2476,2484,2475),(2486,2474,2485),(2486,2488,2474),(2434,2474,2488),
(2479,2484,2476),(2479,2487,2484),(2490,2487,2479),(2478,2480,2491),(2490,
2492,2487),(2493,2488,2486),(2494,2492,2490),(2491,2480,2495),(2494,2496,
2492),(2497,2498,2493),(2493,2498,2488),(2500,2496,2494),(2480,2501,2495),
(2500,2499,2496),(2481,2499,2500),(2481,2489,2499),(2483,2489,2481),(2483,
2502,2489),(2488,2503,2434),(2447,2502,2483),(2447,2435,2502),(2447,2423,
2435),(2435,2423,2437),(2437,2423,2425),(2437,2425,2409),(2409,2425,2427),
(2409,2427,2411),(2411,2427,2379),(2411,2379,2413),(2413,2379,2381),(2413,
2381,2415),(2415,2381,2383),(2415,2383,2393),(2393,2383,2385),(2393,2385,
2395),(2395,2385,2387),(2395,2387,2397),(2397,2387,2389),(2397,2389,2399),
(2389,2504,2399),(2388,1067,2505),(2399,2504,2506),(188,2398,2507),(2508,
2506,2504),(2510,2509,2505),(2512,2510,2505),(2505,2514,2512),(2505,1067,
2514),(2508,2516,2506),(188,2507,2517),(2518,2516,2508),(2510,2519,2509),
(2518,2520,2516),(2521,188,2517),(2522,2520,2518),(2523,2519,2510),(2522,
2524,2520),(2525,188,2521),(2526,2524,2522),(2523,2528,2527),(2523,2530,
2528),(2510,2530,2523),(2526,2532,2524),(2525,2533,2534),(2534,2536,2525),
(2525,2536,2538),(2525,2538,188),(2540,2532,2526),(2527,2528,2541),(2540,
2542,2532),(2534,2533,2543),(2544,2542,2540),(2541,2546,2545),(2541,2548,
2546),(2528,2548,2541),(2544,2550,2542),(2551,2552,2543),(2554,2543,2552),
(2534,2543,2554),(2556,2550,2544),(2545,2546,2557),(2556,2558,2550),(2560,
2551,2559),(2562,2551,2560),(2562,2552,2551),(2564,2558,2556),(2565,2557,
2566),(2566,2557,2546),(2564,2568,2558),(2560,2559,2569),(2564,2570,2568),
(2565,2566,2571),(2568,2570,2572),(2573,2574,2569),(2569,2574,2576),(2569,
2576,2560),(2578,2572,2570),(2579,2571,2580),(2580,2571,2582),(2584,2582,
2571),(2584,2571,2586),(2586,2571,2588),(2571,2590,2588),(2571,2566,2590),
(2578,2592,2572),(2593,2594,2573),(2596,2573,2594),(2598,2573,2596),(2598,
2574,2573),(2581,2592,2578),(2581,2600,2592),(2601,2594,2593),(2602,2600,
2581),(2580,2582,2603),(2602,2604,2600),(2605,2606,2601),(2601,2606,2594),
(2608,2604,2602),(2603,2582,2609),(2608,2607,2604),(2583,2607,2608),(2583,
2595,2607),(2611,2595,2583),(2610,2582,2584),(2611,2612,2595),(2596,2594,
2613),(2585,2612,2611),(2585,2597,2612),(2587,2597,2585),(2587,2599,2597),
(2587,2589,2599),(2599,2589,2615),(2614,2574,2598),(2616,2615,2589),(2617,
2588,2618),(2618,2588,2620),(2588,2622,2620),(2588,2590,2622),(2616,2624,
2615),(2626,2614,2625),(2626,2628,2614),(2628,2574,2614),(2619,2624,2616),
(2619,2627,2624),(2630,2627,2619),(2618,2620,2631),(2630,2632,2627),(2633,
2628,2626),(2634,2632,2630),(2631,2620,2635),(2634,2636,2632),(2637,2638,
2633),(2633,2638,2628),(2640,2636,2634),(2620,2641,2635),(2640,2639,2636),
(2621,2639,2640),(2621,2629,2639),(2623,2629,2621),(2623,2642,2629),(2643,
2574,2628),(2591,2642,2623),(2591,2575,2642),(2591,2567,2575),(2575,2567,
2577),(2577,2567,2547),(2577,2547,2561),(2561,2547,2549),(2561,2549,2563),
(2563,2549,2529),(2563,2529,2553),(2553,2529,2531),(2553,2531,2555),(2555,
2531,2511),(2555,2511,2535),(2535,2511,2513),(2535,2513,2537),(2537,2513,
2515),(2537,2515,2539),(2539,2515,2644),(1067,2645,2514),(2539,2644,2646),
(188,2538,2647),(2644,2648,2646),(1067,2649,2645),(2646,2648,2650),(188,
2647,2651),(2652,2650,2648),(2654,2653,2649),(2654,2649,2656),(2656,2649,
2658),(2658,2649,1067),(2652,2660,2650),(2651,2661,188),(2662,2660,2652),
(2663,2653,2654),(2662,2664,2660),(188,2661,2665),(2666,2664,2662),(2654,
2667,2663),(2666,2668,2664),(188,2665,2669),(2670,2668,2666),(2667,2672,
2671),(2667,2674,2672),(2654,2674,2667),(2670,2676,2668),(2669,2677,2678),
(2678,2680,2669),(2669,2680,2682),(2669,2682,188),(2684,2676,2670),(2671,
2672,2685),(2684,2686,2676),(2678,2677,2687),(2688,2686,2684),(2685,2690,
2689),(2685,2692,2690),(2672,2692,2685),(2688,2694,2686),(2687,2695,2696),
(2698,2687,2696),(2678,2687,2698),(2700,2694,2688),(2689,2690,2701),(2700,
2702,2694),(2696,2695,2703),(2704,2702,2700),(2706,2705,2701),(2701,2690,
2706),(2704,2708,2702),(2710,2703,2709),(2712,2703,2710),(2696,2703,2712),
(2704,2714,2708),(2706,2715,2705),(2708,2714,2716),(2717,2718,2709),(2709,
2718,2720),(2709,2720,2710),(2722,2716,2714),(2724,2723,2715),(2715,2726,
2724),(2715,2728,2726),(2730,2728,2715),(2732,2730,2715),(2732,2715,2706),
(2722,2734,2716),(2736,2717,2735),(2738,2717,2736),(2738,2718,2717),(2725,
2734,2722),(2725,2740,2734),(2742,2735,2741),(2736,2735,2742),(2744,2740,
2725),(2724,2746,2745),(2724,2726,2746),(2744,2748,2740),(2750,2741,2749),
(2742,2741,2750),(2747,2748,2744),(2747,2752,2748),(2750,2749,2753),(2754,
2752,2747),(2726,2755,2746),(2754,2751,2752),(2757,2751,2754),(2756,2755,
2726),(2757,2743,2751),(2727,2743,2757),(2727,2737,2743),(2729,2737,2727),
(2729,2739,2737),(2729,2731,2739),(2739,2731,2758),(2759,2718,2738),(2760,
2758,2731),(2730,2762,2761),(2730,2764,2762),(2766,2764,2730),(2766,2730,
2732),(2760,2768,2758),(2769,2770,2759),(2759,2770,2718),(2772,2768,2760),
(2761,2774,2773),(2761,2762,2774),(2772,2776,2768),(2777,2778,2769),(2769,
2778,2770),(2775,2776,2772),(2775,2780,2776),(2781,2782,2777),(2777,2782,
2778),(2763,2780,2775),(2763,2784,2780),(2781,2785,2782),(2786,2784,2763),
(2764,2787,2762),(2786,2783,2784),(2765,2783,2786),(2765,2779,2783),(2767,
2779,2765),(2767,2771,2779),(2733,2771,2767),(2733,2719,2771),(2733,2707,
2719),(2719,2707,2721),(2721,2707,2691),(2721,2691,2711),(2711,2691,2693),
(2711,2693,2713),(2713,2693,2673),(2713,2673,2697),(2697,2673,2675),(2697,
2675,2699),(2699,2675,2655),(2699,2655,2679),(2679,2655,2657),(2679,2657,
2681),(2681,2657,2659),(2681,2659,2683),(2683,2659,2789),(1067,2788,2658),
(2683,2789,2790),(188,2682,2791),(2789,2792,2790),(2793,2788,1067),(2790,
2792,2794),(188,2791,2795),(2796,2794,2792),(2793,2798,2797),(2793,2800,
2798),(2802,2800,2793),(2793,2804,2802),(2793,2806,2804),(1067,2806,2793),
(2796,2808,2794),(2809,2810,2795),(2795,2810,2812),(2795,2812,2814),(2814,
2816,2795),(2795,2816,2818),(2795,2818,188),(2820,2808,2796),(2821,2797,
2822),(2797,2824,2822),(2797,2798,2824),(2820,2826,2808),(2828,2809,2827),
(2828,2830,2809),(2809,2830,2810),(2832,2826,2820),(2822,2833,2821),(2832,
2834,2826),(2827,2835,2828),(2836,2834,2832),(2822,2837,2833),(2836,2838,
2834),(2828,2835,2839),(2840,2838,2836),(2841,2837,2822),(2840,2842,2838),
(2828,2839,2843),(2844,2842,2840),(2822,2845,2841),(2844,2846,2842),(2843,
2847,2828),(2848,2846,2844),(2822,2849,2845),(2848,2850,2846),(2828,2847,
2851),(2852,2850,2848),(2853,2849,2854),(2854,2849,2822),(2852,2856,2850),
(2828,2851,2857),(2852,2858,2856),(2853,2854,2859),(2856,2858,2860),(2861,
2862,2857),(2857,2862,2864),(2857,2864,2828),(2866,2860,2858),(2868,2867,
2859),(2859,2870,2868),(2859,2872,2870),(2874,2872,2859),(2859,2876,2874),
(2859,2854,2876),(2866,2878,2860),(2880,2861,2879),(2882,2861,2880),(2882,
2862,2861),(2869,2878,2866),(2869,2884,2878),(2886,2879,2885),(2880,2879,
2886),(2888,2884,2869),(2868,2890,2889),(2868,2870,2890),(2888,2892,2884),
(2894,2885,2893),(2886,2885,2894),(2891,2892,2888),(2891,2896,2892),(2894,
2893,2897),(2898,2896,2891),(2870,2899,2890),(2898,2895,2896),(2901,2895,
2898),(2900,2899,2870),(2901,2887,2895),(2871,2887,2901),(2871,2881,2887),
(2873,2881,2871),(2873,2883,2881),(2873,2875,2883),(2883,2875,2902),(2903,
2862,2882),(2904,2902,2875),(2906,2905,2874),(2906,2874,2908),(2908,2874,
2910),(2874,2912,2910),(2874,2876,2912),(2904,2914,2902),(2916,2903,2915),
(2918,2903,2916),(2918,2920,2903),(2920,2922,2903),(2903,2922,2862),(2924,
2914,2904),(2925,2905,2906),(2924,2917,2914),(2907,2917,2924),(2907,2919,
2917),(2909,2919,2907),(2909,2926,2919),(2927,2920,2918),(2911,2926,2909),
(2911,2921,2926),(2913,2921,2911),(2913,2923,2921),(2928,2923,2913),(2876,
2929,2912),(2928,2930,2923),(2922,2931,2862),(2877,2930,2928),(2877,2863,
2930),(2877,2855,2863),(2863,2855,2865),(2865,2855,2823),(2865,2823,2829),
(2829,2823,2825),(2829,2825,2831),(2831,2825,2799),(2831,2799,2811),(2811,
2799,2801),(2811,2801,2813),(2813,2801,2803),(2813,2803,2815),(2815,2803,
2805),(2815,2805,2817),(2817,2805,2807),(2817,2807,2819),(2819,2807,2932),
(1067,2933,2806),(2819,2932,2934),(188,2818,2935),(2936,2934,2932),(2937,
2933,1067),(2938,2934,2936),(188,2935,2939),(2940,2938,2936),(1067,2941,
2937),(2940,2942,2938),(2943,2944,2939),(2939,2944,2946),(2939,2946,2948),
(2948,2950,2939),(2952,2939,2950),(2954,2939,2952),(2954,188,2939),(2956,
2942,2940),(1067,2957,2941),(2956,2958,2942),(2943,2959,2960),(2960,2962,
2943),(2943,2962,2944),(2964,2958,2956),(2965,2957,1067),(2964,2966,2958),
(2960,2959,2967),(2968,2966,2964),(1067,2969,2965),(2968,2970,2966),(2960,
2967,2971),(2972,2970,2968),(1067,2973,2969),(2972,2974,2970),(2971,2975,
2960),(2976,2974,2972),(2977,2973,1067),(2976,2978,2974),(2960,2975,2979),
(2980,2978,2976),(1067,2981,2977),(2980,2982,2978),(2960,2979,2983),(2984,
2982,2980),(2986,2985,2981),(2981,2988,2986),(2981,2990,2988),(2981,2992,
2990),(2994,2992,2981),(2981,2996,2994),(2981,2998,2996),(2981,3000,2998),
(1067,3000,2981),(2984,3002,2982),(3003,2960,2983),(2984,3004,3002),(2986,
3005,2985),(3002,3004,3006),(3008,3003,3007),(3010,3003,3008),(3010,2960,
3003),(3012,3006,3004),(3014,3013,3005),(3016,3014,3005),(3016,3005,3018),
(3018,3005,3020),(3020,3005,2986),(3012,3022,3006),(3007,3023,3024),(3008,
3007,3024),(3015,3022,3012),(3015,3026,3022),(3024,3023,3027),(3028,3026,
3015),(3030,3029,3014),(3032,3030,3014),(3032,3014,3016),(3028,3034,3026),
(3035,3036,3027),(3027,3036,3038),(3040,3027,3038),(3024,3027,3040),(3042,
3034,3028),(3043,3029,3030),(3042,3037,3034),(3031,3037,3042),(3031,3039,
3037),(3045,3039,3031),(3044,3030,3032),(3045,3046,3039),(3040,3038,3047),
(3033,3046,3045),(3033,3041,3046),(3017,3041,3033),(3017,3025,3041),(3017,
3019,3025),(3025,3019,3049),(3024,3048,3008),(3050,3049,3019),(3052,3051,
3018),(3018,3020,3052),(3050,3054,3049),(3008,3048,3055),(3053,3054,3050),
(3053,3057,3054),(3008,3055,3056),(3058,3057,3053),(3052,3060,3059),(3052,
3020,3060),(3058,3062,3057),(3063,3008,3056),(3061,3062,3058),(3061,3065,
3062),(3064,3008,3063),(3066,3065,3061),(3067,3060,3068),(3068,3060,3020),
(3066,3070,3065),(3071,3072,3064),(3064,3072,3008),(3069,3070,3066),(3069,
3073,3070),(3074,3073,3069),(3068,3020,3075),(3074,3076,3073),(3072,3077,
3008),(3021,3076,3074),(3021,3009,3076),(3021,2987,3009),(3009,2987,3011),
(3011,2987,2989),(3011,2989,2961),(2961,2989,2991),(2961,2991,2963),(2963,
2991,2993),(2963,2993,2945),(2945,2993,2995),(2945,2995,2947),(2947,2995,
2997),(2947,2997,2949),(2949,2997,2999),(2949,2999,2951),(2951,2999,3001),
(2951,3001,2953),(2953,3001,3078),(1067,3079,3000),(2953,3078,2955),(3081,
2955,3078),(3080,3079,1067),(3082,2955,3081),(3083,188,2954),(3084,3082,
3081),(1067,3085,3080),(3084,3086,3082),(3087,3088,3083),(3083,3088,3090),
(3083,3090,3092),(3092,3094,3083),(3083,3094,188),(3096,3086,3084),(1067,
3097,3085),(3096,3098,3086),(3087,3099,3100),(3100,3102,3087),(3087,3102,
3088),(3104,3098,3096),(3105,3097,1067),(3104,3106,3098),(3100,3099,3107),
(3108,3106,3104),(1067,3109,3105),(3108,3110,3106),(3100,3107,3111),(3112,
3110,3108),(1067,3113,3109),(3112,3114,3110),(3111,3115,3100),(3116,3114,
3112),(3117,3113,1067),(3116,3118,3114),(3100,3115,3119),(3120,3118,3116),
(1067,3121,3117),(3120,3122,3118),(3100,3119,3123),(3124,3122,3120),(3126,
3125,3121),(3121,3128,3126),(3121,3130,3128),(3132,3130,3121),(3121,3134,
3132),(3121,3136,3134),(1067,3136,3121),(3124,3138,3122),(3139,3100,3123),
(3124,3140,3138),(3126,3141,3125),(3138,3140,3142),(3144,3139,3143),(3146,
3139,3144),(3146,3100,3139),(3148,3142,3140),(3150,3149,3141),(3152,3150,
3141),(3152,3141,3154),(3154,3141,3156),(3156,3141,3126),(3148,3158,3142),
(3143,3159,3160),(3144,3143,3160),(3151,3158,3148),(3151,3162,3158),(3160,
3159,3163),(3164,3162,3151),(3166,3165,3150),(3168,3166,3150),(3168,3150,
3152),(3164,3170,3162),(3171,3172,3163),(3163,3172,3174),(3176,3163,3174),
(3160,3163,3176),(3178,3170,3164),(3179,3165,3166),(3178,3173,3170),(3167,
3173,3178),(3167,3175,3173),(3181,3175,3167),(3180,3166,3168),(3181,3182,
3175),(3176,3174,3183),(3169,3182,3181),(3169,3177,3182),(3153,3177,3169),
(3153,3161,3177),(3153,3155,3161),(3161,3155,3185),(3160,3184,3144),(3186,
3185,3155),(3188,3187,3154),(3154,3156,3188),(3186,3190,3185),(3144,3184,
3191),(3189,3190,3186),(3189,3193,3190),(3144,3191,3192),(3194,3193,3189),
(3188,3196,3195),(3188,3156,3196),(3194,3198,3193),(3199,3144,3192),(3197,
3198,3194),(3197,3201,3198),(3200,3144,3199),(3202,3201,3197),(3203,3196,
3204),(3204,3196,3156),(3202,3206,3201),(3207,3208,3200),(3200,3208,3144),
(3205,3206,3202),(3205,3209,3206),(3210,3209,3205),(3204,3156,3211),(3210,
3212,3209),(3208,3213,3144),(3157,3212,3210),(3157,3145,3212),(3157,3127,
3145),(3145,3127,3147),(3147,3127,3129),(3147,3129,3101),(3101,3129,3131),
(3101,3131,3103),(3103,3131,3133),(3103,3133,3089),(3089,3133,3135),(3089,
3135,3091),(3091,3135,3137),(3091,3137,3093),(3093,3137,3214),(1067,3215,
3136),(3093,3214,3095),(3095,3214,3217),(3216,3215,1067),(3095,3217,3218),
(3094,3219,188),(3218,3217,3220),(1067,3221,3216),(3218,3220,3222),(188,
3219,3223),(3220,3224,3222),(3225,3221,1067),(3222,3224,3228),(188,3223,
3229),(3227,3226,189),(189,3226,1069),(189,1069,185),(185,1069,194),(185,
194,202),(202,194,193),(99,3230,3231),(99,3232,3233),(99,3234,3230),(99,
3235,3236),(80,3237,3238),(3233,86,99),(99,3239,3234),(99,3240,3235),(80,
3241,3237),(80,3242,3243),(3231,3232,99),(3236,3244,99),(80,3245,3240),
(3243,3241,80),(3244,3239,99),(3238,3245,80),(3240,99,80),(86,3246,3247),
(3247,1,86),(86,3248,3249),(86,3250,3246),(3249,3251,86),(80,3252,3253),
(3251,3250,86),(86,3254,3255),(80,3256,3252),(80,3257,3258),(80,3259,3260),
(80,1,3261),(1,3262,3263),(1,3264,3265),(1,3266,3267),(1,3268,3269),(1,
3270,3271),(3255,3248,86),(80,3272,3273),(3258,3256,80),(80,3274,3259),
(3263,3261,1),(1,3275,3264),(3267,3276,1),(1,3277,3268),(3247,3270,1),(3253,
3272,80),(3261,3274,80),(3276,3275,1),(3271,3277,1),(3260,3257,80),(3269,
3266,1),(3265,3262,1),(3,3278,3279),(3,3280,3281),(3281,3278,3),(1,3282,
3283),(3,3284,3285),(3,3283,3280),(1,3286,3282),(3,3287,3284),(3283,3,1),
(3,3288,3289),(3279,3287,3),(1,3290,3291),(3289,9,3),(3291,3286,1),(3285,
3288,3),(1,3292,3293),(3293,3290,1),(1,3294,3295),(1,3296,3297),(1,3298,
3294),(3295,3296,1),(1,80,3299),(80,3300,3301),(80,3302,3303),(1,3304,3305),
(1,3306,3298),(3299,3307,1),(80,3308,3300),(3303,3309,80),(1,3310,3304),
(3307,3306,1),(80,3311,3308),(80,3312,3313),(80,3314,3302),(80,3315,3316),
(9,3317,3318),(9,3319,3320),(3297,3310,1),(3313,3311,80),(3316,3314,80),
(80,3318,3321),(9,3322,3317),(9,3323,3319),(3301,3299,80),(3321,3315,80),
(9,3324,3322),(9,3325,3323),(3309,3312,80),(3320,3324,9),(3318,80,9),(3305,
3292,1),(3289,3325,9),(3273,3242,80),(3233,3254,86),(177,3326,3327),(177,
3328,3329),(160,3330,3331),(177,3332,3333),(177,3334,3335),(3327,3336,177),
(3329,3337,177),(177,3331,3338),(160,3339,3330),(160,3340,3341),(3335,3332,
177),(3337,3326,177),(3331,177,160),(160,3342,3340),(3336,3334,177),(3341,
3339,160),(3338,3328,177),(157,3343,3344),(197,3345,3343),(3344,3346,157),
(197,3347,3345),(160,157,3348),(3343,157,197),(3348,3349,160),(157,3350,
3351),(3346,3352,157),(197,3353,3354),(3349,3355,160),(157,3356,3357),(157,
3358,3359),(3352,3350,157),(3354,3360,197),(160,3361,3362),(160,3363,3364),
(3355,3365,160),(3359,3356,157),(157,3366,3367),(3360,3347,197),(3364,3361,
160),(3357,3348,157),(3351,3366,157),(197,3368,3369),(197,3370,3371),(197,
3333,3372),(3365,3363,160),(3369,3353,197),(3372,3370,197),(3362,3373,160),
(3371,3368,197),(3367,3358,157),(3373,3342,160),(3333,197,177),(3374,196,
1068),(3375,1061,923),(3376,923,918),(3377,918,779),(3378,779,774),(3379,
774,771),(3380,771,770),(3381,770,767),(3382,767,766),(3383,766,763),(3384,
763,762),(3385,762,643),(3386,643,634),(3387,629,628),(3388,628,625),(3389,
625,624),(3390,624,621),(3391,621,620),(3392,620,617),(3393,617,616),(3394,
616,497),(3395,497,490),(3396,490,485),(3397,485,484),(3398,484,481),(3399,
481,480),(3400,480,477),(3401,477,476),(3402,476,473),(3403,473,472),(3404,
472,351),(3405,351,346),(3406,346,341),(3407,341,340),(3408,340,337),(3409,
337,336),(3410,336,333),(3411,333,332),(3412,332,329),(329,328,3413),(328,
217,3414),(3414,217,210),(3415,210,205),(3416,205,204),(3417,204,174),(174,
3418,3417),(204,3417,3416),(205,3416,3415),(210,3415,3414),(3414,3413,328),
(3413,3419,329),(329,3419,3412),(332,3412,3411),(333,3411,3410),(336,3410,
3409),(337,3409,3408),(340,3408,3407),(341,3407,3406),(346,3406,3405),(351,
3405,3404),(472,3404,3403),(473,3403,3402),(476,3402,3401),(477,3401,3400),
(480,3400,3399),(481,3399,3398),(484,3398,3397),(485,3397,3396),(490,3396,
3395),(497,3395,3394),(616,3394,3393),(617,3393,3392),(620,3392,3391),(621,
3391,3390),(624,3390,3389),(625,3389,3388),(628,3388,3387),(3387,634,629),
(634,3387,3386),(643,3386,3385),(762,3385,3384),(763,3384,3383),(766,3383,
3382),(767,3382,3381),(770,3381,3380),(771,3380,3379),(774,3379,3378),(779,
3378,3377),(918,3377,3376),(923,3376,3375),(14,3420,3421),(14,3422,3420),
(3422,14,164),(14,3423,3424),(3421,3423,14),(3425,166,196),(196,3374,3425),
(3425,3427,166),(3428,161,14),(14,3424,3428),(3430,174,162),(162,3429,3430),
(164,3426,3422),(3432,1067,1061),(1061,3375,3432),(1068,3431,3374),(3430,
3418,174)),());
#112=COORDINATES_LIST('',1807,((0.0367599983215332,0.00889000034332275,
0.0025400002002716),(0.0367599983215332,0.00889000034332275,0.00762000036239624),
(0.0367599983215332,0.0089285888671875,0.00209893369674683),(0.0367599983215332,
0.0089285888671875,0.00806106662750244),(0.0367599983215332,0.00904318046569824,
0.00167126882076263),(0.0367599983215332,0.00904318046569824,0.00848873138427734),
(0.0367599983215332,0.00923029518127441,0.0012700001001358),(0.0367599983215332,
0.00923029518127441,0.00889000034332275),(0.0367599983215332,0.0094842472076416,
0.000907319605350494),(0.0367599983215332,0.0094842472076416,0.00925268077850342),
(0.0367599983215332,0.00979731941223144,0.00956575298309326),(0.0367599983215332,
0.00979731941223145,0.000594247102737427),(0.0367599983215332,0.0101599998474121,
0.000340295493602752),(0.0367599983215332,0.0101599998474121,0.00981970500946045),
(0.0367599983215332,0.0105612688064575,0.000153180673718452),(0.0367599983215332,
0.0105612688064575,0.0100068187713623),(0.0367599983215332,0.0108296506524086,
0.0050583491101861),(0.0367599983215332,0.0108404924507364,0.00492708855733991),
(0.0367599983215332,0.0108404924507364,0.00518960966303229),(0.0367599983215332,
0.0108727239842423,0.0047993857555996),(0.0367599983215332,0.0108727239842423,
0.0053173124647726),(0.0367599983215332,0.0109254716334612,0.00467870202502108),
(0.0367599983215332,0.0109254716334612,0.00543799619535112),(0.0367599983215332,
0.0109889335632324,3.85884195566178E-5),(0.0367599983215332,0.0109889335632324,
0.0101214113235474),(0.0367599983215332,0.0109973056999553,0.0045683084372753),
(0.0367599983215332,0.0109973056999553,0.0055483897830969),(0.0367599983215332,
0.0110862791575697,0.0044711971548998),(0.0367599983215332,0.0110862791575697,
0.0056455010654724),(0.0367599983215332,0.0111899804255943,0.00439000033024176),
(0.0367599983215332,0.0111899804255943,0.00572669789013044),(0.0367599983215332,
0.0113055987334436,0.00432691876229568),(0.0367599983215332,0.0113055987334436,
0.00578977945807653),(0.0367599983215332,0.0114300003051758,0.),(0.0367599983215332,
0.0114300003051758,0.00428366224515622),(0.0367599983215332,0.0114300003051758,
0.00583303597521597),(0.0367599983215332,0.0114300003051758,0.0101599998474121),
(0.0367599983215332,0.0115193710923542,0.00426598655514314),(0.0367599983215332,
0.0115193710923542,0.00585071166522906),(0.0367599983215332,0.0116101719930725,
0.00425858628169851),(0.0367599983215332,0.0116101719930725,0.00585811193867369),
(0.0367599983215332,0.0117012254944945,0.00585514082825324),(0.0367599983215332,
0.0117012254944945,0.00426155739211896),(0.0367599983215332,0.0117913508080388,
0.00427486135682351),(0.0367599983215332,0.0117913508080388,0.0058418368635487),
(0.0367599983215332,0.0118793791819338,0.00429832564900798),(0.0367599983215332,
0.0118793791819338,0.00581837257136421),(0.0367599983215332,0.0119641690576773,
0.00433164598198553),(0.0367599983215332,0.0119641690576773,0.00578505223838667),
(0.0367599983215332,0.0120446208738518,0.00437439025519893),(0.0367599983215332,
0.0120446208738518,0.00574230796517327),(0.0367599983215332,0.0121196913253194,
0.00442600415773283),(0.0367599983215332,0.0121196913253194,0.00569069406263937),
(0.0367599983215332,0.0121884068928799,0.0044858183566589),(0.0367599983215332,
0.0121884068928799,0.0056308798637133),(0.0367599983215332,0.0122498764679404,
0.00455305717699508),(0.0367599983215332,0.0122498764679404,0.00556364104337712),
(0.0367599983215332,0.0123033029084781,0.00462684866071643),(0.0367599983215332,
0.0123033029084781,0.00548984955965577),(0.0367599983215332,0.0123479933764368,
0.00470623587437171),(0.0367599983215332,0.0123479933764368,0.00541046234600049),
(0.0367599983215332,0.0123833683225031,0.00479018931866753),(0.0367599983215332,
0.0123833683225031,0.00532650890170467),(0.0367599983215332,0.0124089690017443,
0.00487762027909183),(0.0367599983215332,0.0124089690017443,0.00523907794128037),
(0.0367599983215332,0.0124244634226471,0.00496739494444464),(0.0367599983215332,
0.0124244634226471,0.00514930327592756),(0.0367599983215332,0.0124296506524086,
0.0050583491101861),(0.0367599983215332,0.0208296506524086,0.00508),(0.0367599983215332,
0.0208349465753234,0.0049881009800694),(0.0367599983215332,0.0208349465753234,
0.00517189901993061),(0.0367599983215332,0.0208507642270691,0.00489741868545254),
(0.0367599983215332,0.0208507642270691,0.00526258131454746),(0.0367599983215332,
0.0208768941849848,0.00480915373225451),(0.0367599983215332,0.0208768941849848,
0.00535084626774549),(0.0367599983215332,0.0209129904934633,0.00472447473144586),
(0.0367599983215332,0.0209129904934633,0.00543552526855414),(0.0367599983215332,
0.0209585752443365,0.00464450281667855),(0.0367599983215332,0.0209585752443365,
0.00551549718332146),(0.0367599983215332,0.0210130449042878,0.00457029680069247),
(0.0367599983215332,0.0210130449042878,0.00558970319930753),(0.0367599983215332,
0.0210756783055162,0.00450283915683884),(0.0367599983215332,0.0210756783055162,
0.00565716084316117),(0.0367599983215332,0.0211456461938598,0.00444302301132229),
(0.0367599983215332,0.0211456461938598,0.00571697698867771),(0.0367599983215332,
0.0212220222079607,0.00439164031838215),(0.0367599983215332,0.0212220222079607,
0.00576835968161786),(0.0367599983215332,0.0213037951441109,0.00434937137497081),
(0.0367599983215332,0.0213037951441109,0.00581062862502919),(0.0367599983215332,
0.0213898823443943,0.00431677581375328),(0.0367599983215332,0.0213898823443943,
0.00584322418624673),(0.0367599983215332,0.0214791440308694,0.00429428519367848),
(0.0367599983215332,0.0214791440308694,0.00586571480632152),(0.0367599983215332,
0.0215703983960091,0.00428219728622199),(0.0367599983215332,0.0215703983960091,
0.00587780271377802),(0.0367599983215332,0.0216624372496049,0.00428067213294901),
(0.0367599983215332,0.0216624372496049,0.00587932786705099),(0.0367599983215332,
0.0217540420149721,0.00428972992659498),(0.0367599983215332,0.0217540420149721,
0.00587027007340503),(0.0367599983215332,0.0218439998626709,0.),(0.0367599983215332,
0.0218439998626709,0.00430925074371757),(0.0367599983215332,0.0218439998626709,
0.00585074925628244),(0.0367599983215332,0.0218439998626709,0.0101599998474121),
(0.0367599983215332,0.0219658310502471,0.00435406423141633),(0.0367599983215332,
0.0219658310502471,0.00580593576858367),(0.0367599983215332,0.0220788106673334,
0.00441799147966756),(0.0367599983215332,0.0220788106673334,0.00574200852033245),
(0.0367599983215332,0.0221799639805695,0.00449934929531734),(0.0367599983215332,
0.0221799639805695,0.00566065070468266),(0.0367599983215332,0.0222666276410863,
0.00459599554145124),(0.0367599983215332,0.0222666276410863,0.00556400445854876),
(0.0367599983215332,0.0222850666046143,3.85884195566178E-5),(0.0367599983215332,
0.0222850666046143,0.0101214113235474),(0.0367599983215332,0.0223365198100113,
0.00470538553948081),(0.0367599983215332,0.0223365198100113,0.00545461446051919),
(0.0367599983215332,0.0223878002388828,0.00482463907008135),(0.0367599983215332,
0.0223878002388828,0.00533536092991865),(0.0367599983215332,0.0224191187230674,
0.00495061620885792),(0.0367599983215332,0.0224191187230674,0.00520938379114209),
(0.0367599983215332,0.0224296506524086,0.00508),(0.0367599983215332,0.0227127323150635,
0.000153180673718452),(0.0367599983215332,0.0227127323150635,0.0100068187713623),
(0.0367599983215332,0.0231140003204345,0.000340295493602752),(0.0367599983215332,
0.0231140003204345,0.00981970500946045),(0.0367599983215332,0.0234766807556152,
0.000594247102737427),(0.0367599983215332,0.0234766807556152,0.00956575298309326),
(0.0367599983215332,0.0237897529602051,0.000907319605350494),(0.0367599983215332,
0.0237897529602051,0.00925268077850342),(0.0367599983215332,0.0240437049865723,
0.0012700001001358),(0.0367599983215332,0.0240437049865723,0.00889000034332275),
(0.0367599983215332,0.0242308197021485,0.00167126882076263),(0.0367599983215332,
0.0242308197021485,0.00848873138427734),(0.0367599983215332,0.0243454113006592,
0.00209893369674683),(0.0367599983215332,0.0243454113006592,0.00806106662750244),
(0.0367599983215332,0.0243839988708496,0.0025400002002716),(0.0367599983215332,
0.0243839988708496,0.00762000036239624),(0.0405699996948242,0.00889000034332275,
0.0025400002002716),(0.0405699996948242,0.00889000034332275,0.00762000036239624),
(0.0405699996948242,0.0089285888671875,0.00209893369674683),(0.0405699996948242,
0.0089285888671875,0.00806106662750244),(0.0405699996948242,0.00904318046569824,
0.00167126882076263),(0.0405699996948242,0.00904318046569824,0.00848873138427734),
(0.0405699996948242,0.00923029518127441,0.00889000034332275),(0.0405699996948242,
0.00923029518127442,0.0012700001001358),(0.0405699996948242,0.0094842472076416,
0.000907319605350495),(0.0405699996948242,0.0094842472076416,0.00925268077850342),
(0.0405699996948242,0.00979731941223145,0.000594247102737427),(0.0405699996948242,
0.00979731941223145,0.00956575298309326),(0.0405699996948242,0.0101599998474121,
0.000340295493602752),(0.0405699996948242,0.0101599998474121,0.00444500017166138),
(0.0405699996948242,0.0101599998474121,0.00825500011444092),(0.0405699996948242,
0.0101599998474121,0.00981970500946045),(0.0405699996948242,0.0105612688064575,
0.000153180673718452),(0.0405699996948242,0.0105612688064575,0.0100068187713623),
(0.0405699996948242,0.0109889335632324,3.85884195566178E-5),(0.0405699996948242,
0.0109889335632324,0.0101214113235474),(0.0405699996948242,0.0114300003051758,
0.),(0.0405699996948242,0.0114300003051758,0.00825500011444092),(0.0405699996948242,
0.0114300003051758,0.0101599998474121),(0.0405699996948242,0.0126999998092651,
0.00317500019073486),(0.0405699996948242,0.0126999998092651,0.00952500057220459),
(0.0405699996948242,0.0152399997711182,0.00317500019073486),(0.0405699996948242,
0.0152399997711182,0.00952500057220459),(0.0405699996948242,0.0208312917423274,
0.00513121572701813),(0.0405699996948242,0.0208319780641162,0.00501902097174424),
(0.0405699996948242,0.020846308309693,0.00524240312222604),(0.0405699996948242,
0.020848353775824,0.00490802561051401),(0.0405699996948242,0.0208729708032758,
0.00533968366509344),(0.0405699996948242,0.0208800967842383,0.00480041280660403),
(0.0405699996948242,0.0209116626059929,0.00543283588990385),(0.0405699996948242,
0.0209265827374092,0.00469829919190763),(0.0405699996948242,0.020961768615359,
0.00552037891024265),(0.0405699996948242,0.0209868973050012,0.00460369323498761),
(0.0405699996948242,0.0210224922716706,0.00560092101195832),(0.0405699996948242,
0.0210598541622207,0.00451845573658922),(0.0405699996948242,0.0210928682213053,
0.00567318177792204),(0.0405699996948242,0.02114401832359,0.00444426322962547),
(0.0405699996948242,0.0211717776634188,0.00573601244344416),(0.0405699996948242,
0.0212377343676188,0.00438257500351899),(0.0405699996948242,0.0212579661360697,
0.00578841415874752),(0.0405699996948242,0.0213391589972224,0.0043346044014973),
(0.0405699996948242,0.0213500634590126,0.00582955386817024),(0.0405699996948242,
0.0214462972954582,0.00430129495539389),(0.0405699996948242,0.0214466055161231,
0.00585877755365844),(0.0405699996948242,0.0215460575311668,0.00587562063201067),
(0.0405699996948242,0.0215570419634656,0.00428330182735871),(0.0405699996948242,
0.0216468384668869,0.00587981534058398),(0.0405699996948242,0.021669214768843,
0.00428097892350029),(0.0405699996948242,0.0217473461595254,0.00587129499404742),
(0.0405699996948242,0.0217806093892123,0.00429437193292078),(0.0405699996948242,
0.0218439998626709,0.),(0.0405699996948242,0.0218439998626709,0.0101599998474121),
(0.0405699996948242,0.0218459827892033,0.00585019504451135),(0.0405699996948242,
0.0218890348082851,0.00432321742905889),(0.0405699996948242,0.021941180281243,
0.00581685092817904),(0.0405699996948242,0.0219923584108732,0.00436694805101622),
(0.0405699996948242,0.0220314252346178,0.00577179273275353),(0.0405699996948242,
0.0220792018312059,0.00441825704564239),(0.0405699996948242,0.0221152829812272,
0.00571573677037453),(0.0405699996948242,0.0221588985168824,0.00448008609121817),
(0.0405699996948242,0.0221914203935159,0.00564957419005448),(0.0405699996948242,
0.0222301814907656,0.0045514522612079),(0.0405699996948242,0.0222586270778544,
0.00557435681064742),(0.0405699996948242,0.0222850666046143,3.85884195566178E-5),
(0.0405699996948242,0.0222850666046143,0.0101214113235474),(0.0405699996948242,
0.0222919175326041,0.00463122101275105),(0.0405699996948242,0.0223158346167569,
0.00549128039957097),(0.0405699996948242,0.0223431251943879,0.00471812422304421),
(0.0405699996948242,0.0223621335540367,0.00540166566310763),(0.0405699996948242,
0.0223829904029074,0.00481078034930864),(0.0405699996948242,0.0223967878528748,
0.00530693725049203),(0.0405699996948242,0.0224108794014719,0.00490771639185063),
(0.0405699996948242,0.0224192465969569,0.00520860110556615),(0.0405699996948242,
0.0224263488250499,0.005007391311057),(0.0405699996948242,0.0224291527486592,
0.00510822052605456),(0.0405699996948242,0.0227127323150635,0.000153180673718452),
(0.0405699996948242,0.0227127323150635,0.0100068187713623),(0.0405699996948242,
0.0231140003204345,0.000340295493602752),(0.0405699996948242,0.0231140003204345,
0.00981970500946045),(0.0405699996948242,0.0234766807556152,0.000594247102737427),
(0.0405699996948242,0.0234766807556152,0.00956575298309326),(0.0405699996948242,
0.0237897529602051,0.000907319605350495),(0.0405699996948242,0.0237897529602051,
0.00925268077850342),(0.0405699996948242,0.0240437049865723,0.0012700001001358),
(0.0405699996948242,0.0240437049865723,0.00889000034332275),(0.0405699996948242,
0.0242308197021485,0.00167126882076263),(0.0405699996948242,0.0242308197021485,
0.00848873138427734),(0.0405699996948242,0.0243454113006592,0.00209893369674683),
(0.0405699996948242,0.0243454113006592,0.00806106662750244),(0.0405699996948242,
0.0243839988708496,0.0025400002002716),(0.0405699996948242,0.0243839988708496,
0.00762000036239624),(0.0405699996948243,0.0111160330129037,0.00444500017166138),
(0.0405699996948243,0.011197150070852,0.00438533852560873),(0.0405699996948243,
0.0112851192146321,0.00433633935375364),(0.0405699996948243,0.0113643566639947,
0.00430361796619411),(0.0405699996948243,0.011446640543331,0.00427956332450726),
(0.0405699996948243,0.0115310259685226,0.00426445165350269),(0.0405699996948243,
0.0116165439229318,0.00425845648386528),(0.0406,0.0111160330027605,0.00444500017166138),
(0.0406,0.0114069474412801,0.00444500017166138),(0.0406,0.0114079687591054,
0.00444500017166138),(0.0406,0.0114086214003487,0.00444500017166138),(0.0406,
0.0114089397600574,0.00444500017166138),(0.0406,0.0114183582383819,0.00444500017166138),
(0.0406,0.0114190316061267,0.00444500017166138),(0.0406,0.0114196691612112,
0.00444500017166138),(0.0406,0.0114202484206881,0.00444500017166138),(0.0406,
0.0114207510606502,0.00444500017166138),(0.0406,0.0114211635529235,0.00444500017166138),
(0.0406,0.0114214770909226,0.00444500017166138),(0.0406,0.011421687356581,
0.00444500017166138),(0.0406,0.0114223106157185,0.00444500017166138),(0.0406,
0.0114223985503418,0.00444500017166138),(0.0406,0.0114235450818882,0.00444500017166138),
(0.0406,0.0114238933407717,0.00444500017166138),(0.0406,0.0114242171271897,
0.00444500017166138),(0.0406,0.0114245059742103,0.00444500017166138),(0.0406,
0.0114247511735973,0.00444500017166138),(0.0406,0.0114249460280824,0.00444500017166138),
(0.0406,0.0114250859583318,0.00444500017166138),(0.0406,0.0114251684551307,
0.00444500017166138),(0.0406,0.0114253858449075,0.00444500017166138),(0.0406,
0.0114254069921588,0.00444500017166138),(0.0406,0.0114255346466096,0.00444500017166138),
(0.0406,0.0114257688684563,0.00444500017166138),(0.0406,0.0114259848186532,
0.00444500017166138),(0.0406,0.0114261757361914,0.00444500017166138),(0.0406,
0.0114263359386873,0.00444500017166138),(0.0406,0.011426460992266,0.00444500017166138),
(0.0406,0.0114265478024129,0.00444500017166138),(0.0406,0.0114265946095527,
0.00444500017166138),(0.0406,0.0114267067268286,0.00444500017166138),(0.0406,
0.0114267630663365,0.00444500017166138),(0.0406,0.0114269248623893,0.00444500017166138),
(0.0406,0.0114270671420224,0.00444500017166138),(0.0406,0.0114271856961854,
0.00444500017166138),(0.0406,0.0114272772108874,0.00444500017166138),(0.0406,
0.0114273393447744,0.00444500017166138),(0.0406,0.0114273707438988,0.00444500017166138),
(0.0406,0.0114274364759445,0.00444500017166138),(0.0406,0.0114278587821111,
0.00444500017166138),(0.0406,0.011427902582265,0.00444500017166138),(0.0406,
0.0114281940221166,0.00444500017166138),(0.0406,0.0114282252825121,0.00444500017166138),
(0.0406,0.0114300003051758,0.00444500017166138),(0.0406,0.0114305354979763,
0.00444446497865987),(0.0406,0.0116165439229318,0.00425845648386528),(0.0422227401733399,
0.0101599998474121,0.00444500017166138),(0.0422227401733399,0.0101599998474121,
0.00825500011444092),(0.0423095245361328,0.0101525325775146,0.00444500017166138),
(0.0423095245361328,0.0101525325775146,0.00825500011444092),(0.0423937568664551,
0.0101303491592407,0.00444500017166138),(0.0423937568664551,0.0101303491592407,
0.00825500011444092),(0.042472957611084,0.0100941028594971,0.00444500017166138),
(0.042472957611084,0.0100941028594971,0.00825500011444092),(0.0425448036193848,
0.0100448579788208,0.00444500017166138),(0.0425448036193848,0.0100448579788208,
0.00825500011444092),(0.0426071853637696,0.00998406314849854,0.00444500017166138),
(0.0426071853637696,0.00998406314849854,0.00825500011444092),(0.042658260345459,
0.00991350555419922,0.00444500017166138),(0.042658260345459,0.00991350555419922,
0.00825500011444092),(0.042696533203125,0.00983526039123535,0.00444500017166138),
(0.042696533203125,0.00983526039123535,0.00825500011444092),(0.0427208747863769,
0.00975162696838379,0.00444500017166138),(0.0427208747863769,0.00975162696838379,
0.00825500011444092),(0.0429813270568847,0.00844937324523926,0.00825500011444092),
(0.0429813270568848,0.00844937324523926,0.00444500017166138),(0.0430056686401367,
0.00836573886871338,0.00444500017166138),(0.0430056686401367,0.00836573886871338,
0.00825500011444092),(0.0430439376831055,0.00828749370574951,0.00825500011444092),
(0.0430439376831055,0.00828749370574951,0.00444500017166138),(0.0430950164794922,
0.00821693706512451,0.00444500017166138),(0.0430950164794922,0.00821693706512451,
0.00825500011444092),(0.0431573944091797,0.00815614223480225,0.00444500017166138),
(0.0431573944091797,0.00815614223480225,0.00825500011444092),(0.0432292404174804,
0.00810689735412598,0.00444500017166138),(0.0432292404174804,0.00810689735412598,
0.00825500011444092),(0.0433084449768067,0.00807065010070801,0.00444500017166138),
(0.0433084449768067,0.00807065010070801,0.00825500011444092),(0.0433926773071289,
0.0080484676361084,0.00444500017166138),(0.0433926773071289,0.0080484676361084,
0.00825500011444092),(0.0434794616699219,0.00804100036621094,0.00444500017166138),
(0.0434794616699219,0.00804100036621094,0.00825500011444092),(0.043896541595459,
0.00804100036621094,0.00444500017166138),(0.043896541595459,0.00804100036621094,
0.00825500011444092),(0.0439833221435547,0.0080484676361084,0.00444500017166138),
(0.0439833221435547,0.0080484676361084,0.00825500011444092),(0.044067554473877,
0.00807065010070801,0.00444500017166138),(0.044067554473877,0.00807065010070801,
0.00825500011444092),(0.0441467590332031,0.00810689735412598,0.00444500017166138),
(0.0441467590332031,0.00810689735412598,0.00825500011444092),(0.0442186088562012,
0.00815614223480225,0.00444500017166138),(0.0442186088562012,0.00815614223480225,
0.00825500011444092),(0.0442809829711914,0.00821693706512451,0.00444500017166138),
(0.0442809829711914,0.00821693706512451,0.00825500011444092),(0.0443320617675782,
0.00828749370574951,0.00444500017166138),(0.0443320617675782,0.00828749370574951,
0.00825500011444092),(0.0443703308105469,0.00836573886871338,0.00444500017166138),
(0.0443703308105469,0.00836573886871338,0.00825500011444092),(0.0443946762084961,
0.00844937324523926,0.00444500017166138),(0.0443946762084961,0.00844937324523926,
0.00825500011444092),(0.0446551246643066,0.00975162696838379,0.00444500017166138),
(0.0446551246643066,0.00975162696838379,0.00825500011444092),(0.0446794662475586,
0.00983526039123535,0.00444500017166138),(0.0446794662475586,0.00983526039123535,
0.00825500011444092),(0.0447177391052246,0.00991350555419922,0.00444500017166138),
(0.0447177391052246,0.00991350555419922,0.00825500011444092),(0.044768814086914,
0.00998406314849854,0.00444500017166138),(0.044768814086914,0.00998406314849854,
0.00825500011444092),(0.0448311958312989,0.0100448579788208,0.00444500017166138),
(0.0448311958312989,0.0100448579788208,0.00825500011444092),(0.0449030380249024,
0.0100941028594971,0.00444500017166138),(0.0449030380249024,0.0100941028594971,
0.00825500011444092),(0.0449822463989258,0.0101303491592407,0.00444500017166138),
(0.0449822463989258,0.0101303491592407,0.00825500011444092),(0.0450664749145508,
0.0101525325775146,0.00444500017166138),(0.0450664749145508,0.0101525325775146,
0.00825500011444092),(0.0451532592773438,0.0101599998474121,0.00444500017166138),
(0.0451532592773438,0.0101599998474121,0.00825500011444092),(0.0455247383117676,
0.0101599998474121,0.00444500017166138),(0.0455247383117676,0.0101599998474121,
0.00825500011444092),(0.0456115226745605,0.0101525325775146,0.00444500017166138),
(0.0456115226745605,0.0101525325775146,0.00825500011444092),(0.0456957550048828,
0.0101303491592407,0.00444500017166138),(0.0456957550048828,0.0101303491592407,
0.00825500011444092),(0.045774959564209,0.0100941028594971,0.00444500017166138),
(0.045774959564209,0.0100941028594971,0.00825500011444092),(0.0458468055725098,
0.0100448579788208,0.00444500017166138),(0.0458468055725098,0.0100448579788208,
0.00825500011444092),(0.0459091835021973,0.00998406314849854,0.00444500017166138),
(0.0459091835021973,0.00998406314849854,0.00825500011444092),(0.045960262298584,
0.00991350555419922,0.00444500017166138),(0.045960262298584,0.00991350555419922,
0.00825500011444092),(0.0459985313415527,0.00983526039123535,0.00444500017166138),
(0.0459985313415527,0.00983526039123535,0.00825500011444092),(0.0460228729248047,
0.00975162696838379,0.00444500017166138),(0.0460228729248047,0.00975162696838379,
0.00825500011444092),(0.0462833251953125,0.00844937324523926,0.00444500017166138),
(0.0462833251953125,0.00844937324523926,0.00825500011444092),(0.0463076667785645,
0.00836573886871338,0.00444500017166138),(0.0463076667785645,0.00836573886871338,
0.00825500011444092),(0.0463459396362305,0.00828749370574951,0.00444500017166138),
(0.0463459396362305,0.00828749370574951,0.00825500011444092),(0.0463970146179199,
0.00821693706512451,0.00444500017166138),(0.0463970146179199,0.00821693706512451,
0.00825500011444092),(0.0464593963623047,0.00815614223480225,0.00444500017166138),
(0.0464593963623047,0.00815614223480225,0.00825500011444092),(0.0465312423706055,
0.00810689735412598,0.00444500017166138),(0.0465312423706055,0.00810689735412598,
0.00825500011444092),(0.0466104431152344,0.00807065010070801,0.00444500017166138),
(0.0466104431152344,0.00807065010070801,0.00825500011444092),(0.0466946754455566,
0.0080484676361084,0.00444500017166138),(0.0466946754455566,0.0080484676361084,
0.00825500011444092),(0.0467814598083496,0.00804100036621094,0.00444500017166138),
(0.0467814598083496,0.00804100036621094,0.00825500011444092),(0.0471985359191894,
0.00804100036621094,0.00444500017166138),(0.0471985359191894,0.00804100036621094,
0.00825500011444092),(0.0472853202819824,0.0080484676361084,0.00444500017166138),
(0.0472853202819824,0.0080484676361084,0.00825500011444092),(0.047369556427002,
0.00807065010070801,0.00444500017166138),(0.047369556427002,0.00807065010070801,
0.00825500011444092),(0.0474487571716309,0.00810689735412598,0.00444500017166138),
(0.0474487571716309,0.00810689735412598,0.00825500011444092),(0.0475206031799316,
0.00815614223480225,0.00444500017166138),(0.0475206031799316,0.00815614223480225,
0.00825500011444092),(0.0475829849243164,0.00821693706512451,0.00444500017166138),
(0.0475829849243164,0.00821693706512451,0.00825500011444092),(0.0476340599060058,
0.00828749370574951,0.00825500011444092),(0.0476340599060059,0.00828749370574951,
0.00444500017166138),(0.0476723327636719,0.00836573886871338,0.00444500017166138),
(0.0476723327636719,0.00836573886871338,0.00825500011444092),(0.0476966743469238,
0.00844937324523926,0.00444500017166138),(0.0476966743469238,0.00844937324523926,
0.00825500011444092),(0.0479571266174316,0.00975162696838379,0.00444500017166138),
(0.0479571266174316,0.00975162696838379,0.00825500011444092),(0.0479814682006836,
0.00983526039123535,0.00444500017166138),(0.0479814682006836,0.00983526039123535,
0.00825500011444092),(0.0480197410583496,0.00991350555419922,0.00444500017166138),
(0.0480197410583496,0.00991350555419922,0.00825500011444092),(0.0480708160400391,
0.00998406314849854,0.00444500017166138),(0.0480708160400391,0.00998406314849854,
0.00825500011444092),(0.0481331939697266,0.0100448579788208,0.00444500017166138),
(0.0481331939697266,0.0100448579788208,0.00825500011444092),(0.0482050399780273,
0.0100941028594971,0.00444500017166138),(0.0482050399780273,0.0100941028594971,
0.00825500011444092),(0.0482842445373535,0.0101303491592407,0.00444500017166138),
(0.0482842445373535,0.0101303491592407,0.00825500011444092),(0.0483684768676758,
0.0101525325775146,0.00444500017166138),(0.0483684768676758,0.0101525325775146,
0.00825500011444092),(0.0484552612304687,0.0101599998474121,0.00825500011444092),
(0.0484552612304688,0.0101599998474121,0.00444500017166138),(0.0488267402648926,
0.0101599998474121,0.00444500017166138),(0.0488267402648926,0.0101599998474121,
0.00825500011444092),(0.0489135246276856,0.0101525325775146,0.00444500017166138),
(0.0489135246276856,0.0101525325775146,0.00825500011444092),(0.0489977569580078,
0.0101303491592407,0.00444500017166138),(0.0489977569580078,0.0101303491592407,
0.00825500011444092),(0.0490769577026367,0.0100941028594971,0.00444500017166138),
(0.0490769577026367,0.0100941028594971,0.00825500011444092),(0.0491488037109375,
0.0100448579788208,0.00444500017166138),(0.0491488037109375,0.0100448579788208,
0.00825500011444092),(0.0492111854553223,0.00998406314849854,0.00444500017166138),
(0.0492111854553223,0.00998406314849854,0.00825500011444092),(0.0492622604370117,
0.00991350555419922,0.00444500017166138),(0.0492622604370117,0.00991350555419922,
0.00825500011444092),(0.0493005332946777,0.00983526039123535,0.00444500017166138),
(0.0493005332946778,0.00983526039123535,0.00825500011444092),(0.0493248748779297,
0.00975162696838379,0.00444500017166138),(0.0493248748779297,0.00975162696838379,
0.00825500011444092),(0.0495853233337402,0.00844937324523926,0.00444500017166138),
(0.0495853233337402,0.00844937324523926,0.00825500011444092),(0.0496096687316895,
0.00836573886871338,0.00444500017166138),(0.0496096687316895,0.00836573886871338,
0.00825500011444092),(0.0496479377746582,0.00828749370574951,0.00444500017166138),
(0.0496479377746582,0.00828749370574951,0.00825500011444092),(0.0496990165710449,
0.00821693706512451,0.00444500017166138),(0.0496990165710449,0.00821693706512451,
0.00825500011444092),(0.0497613906860351,0.00815614223480225,0.00444500017166138),
(0.0497613906860352,0.00815614223480225,0.00825500011444092),(0.0498332405090332,
0.00810689735412598,0.00444500017166138),(0.0498332405090332,0.00810689735412598,
0.00825500011444092),(0.0499124450683594,0.00807065010070801,0.00444500017166138),
(0.0499124450683594,0.00807065010070801,0.00825500011444092),(0.0499966773986816,
0.0080484676361084,0.00444500017166138),(0.0499966773986816,0.0080484676361084,
0.00825500011444092),(0.0500834579467773,0.00804100036621094,0.00444500017166138),
(0.0500834579467773,0.00804100036621094,0.00825500011444092),(0.0505005378723145,
0.00804100036621094,0.00444500017166138),(0.0505005378723145,0.00804100036621094,
0.00825500011444092),(0.0505873222351074,0.0080484676361084,0.00444500017166138),
(0.0505873222351074,0.0080484676361084,0.00825500011444092),(0.0506715545654297,
0.00807065010070801,0.00444500017166138),(0.0506715545654297,0.00807065010070801,
0.00825500011444092),(0.0507507591247559,0.00810689735412598,0.00444500017166138),
(0.0507507591247559,0.00810689735412598,0.00825500011444092),(0.0508226051330566,
0.00815614223480225,0.00444500017166138),(0.0508226051330566,0.00815614223480225,
0.00825500011444092),(0.0508849830627441,0.00821693706512451,0.00825500011444092),
(0.0508849830627442,0.00821693706512451,0.00444500017166138),(0.0509360618591309,
0.00828749370574951,0.00444500017166138),(0.0509360618591309,0.00828749370574951,
0.00825500011444092),(0.0509743309020996,0.00836573886871338,0.00444500017166138),
(0.0509743309020996,0.00836573886871338,0.00825500011444092),(0.0509986724853516,
0.00844937324523926,0.00444500017166138),(0.0509986724853516,0.00844937324523926,
0.00825500011444092),(0.0512591247558594,0.00975162696838379,0.00444500017166138),
(0.0512591247558594,0.00975162696838379,0.00825500011444092),(0.0512834663391113,
0.00983526039123535,0.00444500017166138),(0.0512834663391113,0.00983526039123535,
0.00825500011444092),(0.0513217391967773,0.00991350555419922,0.00444500017166138),
(0.0513217391967773,0.00991350555419922,0.00825500011444092),(0.0513728141784668,
0.00998406314849854,0.00444500017166138),(0.0513728141784668,0.00998406314849854,
0.00825500011444092),(0.0514351959228516,0.0100448579788208,0.00444500017166138),
(0.0514351959228516,0.0100448579788208,0.00825500011444092),(0.0515070419311523,
0.0100941028594971,0.00444500017166138),(0.0515070419311523,0.0100941028594971,
0.00825500011444092),(0.0515862426757813,0.0101303491592407,0.00444500017166138),
(0.0515862426757813,0.0101303491592407,0.00825500011444092),(0.0516704750061035,
0.0101525325775146,0.00444500017166138),(0.0516704750061035,0.0101525325775146,
0.00825500011444092),(0.0517572593688965,0.0101599998474121,0.00444500017166138),
(0.0517572593688965,0.0101599998474121,0.00825500011444092),(0.0521287384033203,
0.0101599998474121,0.00444500017166138),(0.0521287384033203,0.0101599998474121,
0.00825500011444092),(0.0522155227661133,0.0101525325775146,0.00444500017166138),
(0.0522155227661133,0.0101525325775146,0.00825500011444092),(0.0522997512817383,
0.0101303491592407,0.00444500017166138),(0.0522997512817383,0.0101303491592407,
0.00825500011444092),(0.0523789596557617,0.0100941028594971,0.00444500017166138),
(0.0523789596557617,0.0100941028594971,0.00825500011444092),(0.0524508056640625,
0.0100448579788208,0.00444500017166138),(0.0524508056640625,0.0100448579788208,
0.00825500011444092),(0.0525131874084473,0.00998406314849854,0.00444500017166138),
(0.0525131874084473,0.00998406314849854,0.00825500011444092),(0.0525642585754395,
0.00991350555419922,0.00444500017166138),(0.0525642585754395,0.00991350555419922,
0.00825500011444092),(0.0526025314331055,0.00983526039123535,0.00444500017166138),
(0.0526025314331055,0.00983526039123535,0.00825500011444092),(0.0526268730163574,
0.00975162696838379,0.00444500017166138),(0.0526268730163574,0.00975162696838379,
0.00825500011444092),(0.0528873252868652,0.00844937324523926,0.00444500017166138),
(0.0528873252868652,0.00844937324523926,0.00825500011444092),(0.0529116706848145,
0.00836573886871338,0.00444500017166138),(0.0529116706848145,0.00836573886871338,
0.00825500011444092),(0.0529499397277832,0.00828749370574951,0.00444500017166138),
(0.0529499397277832,0.00828749370574951,0.00825500011444092),(0.0530010147094727,
0.00821693706512451,0.00444500017166138),(0.0530010147094727,0.00821693706512451,
0.00825500011444092),(0.0530633926391602,0.00815614223480225,0.00444500017166138),
(0.0530633926391602,0.00815614223480225,0.00825500011444092),(0.0531352424621582,
0.00810689735412598,0.00444500017166138),(0.0531352424621582,0.00810689735412598,
0.00825500011444092),(0.0532144470214844,0.00807065010070801,0.00444500017166138),
(0.0532144470214844,0.00807065010070801,0.00825500011444092),(0.0532986793518066,
0.0080484676361084,0.00444500017166138),(0.0532986793518066,0.0080484676361084,
0.00825500011444092),(0.0533854598999023,0.00804100036621094,0.00444500017166138),
(0.0533854598999023,0.00804100036621094,0.00825500011444092),(0.0538025398254395,
0.00804100036621094,0.00444500017166138),(0.0538025398254395,0.00804100036621094,
0.00825500011444092),(0.0538893241882324,0.0080484676361084,0.00444500017166138),
(0.0538893241882324,0.0080484676361084,0.00825500011444092),(0.0539735565185547,
0.00807065010070801,0.00444500017166138),(0.0539735565185547,0.00807065010070801,
0.00825500011444092),(0.0540527572631836,0.00810689735412598,0.00444500017166138),
(0.0540527572631836,0.00810689735412598,0.00825500011444092),(0.0541246032714844,
0.00815614223480225,0.00444500017166138),(0.0541246032714844,0.00815614223480225,
0.00825500011444092),(0.0541869850158691,0.00821693706512451,0.00444500017166138),
(0.0541869850158691,0.00821693706512451,0.00825500011444092),(0.0542380638122559,
0.00828749370574951,0.00444500017166138),(0.0542380638122559,0.00828749370574951,
0.00825500011444092),(0.0542763328552246,0.00836573886871338,0.00444500017166138),
(0.0542763328552246,0.00836573886871338,0.00825500011444092),(0.0543006744384766,
0.00844937324523926,0.00444500017166138),(0.0543006744384766,0.00844937324523926,
0.00825500011444092),(0.0545611267089844,0.00975162696838379,0.00444500017166138),
(0.0545611267089844,0.00975162696838379,0.00825500011444092),(0.0545854682922363,
0.00983526039123535,0.00444500017166138),(0.0545854682922363,0.00983526039123535,
0.00825500011444092),(0.0546237373352051,0.00991350555419922,0.00444500017166138),
(0.0546237373352051,0.00991350555419922,0.00825500011444092),(0.0546748161315918,
0.00998406314849854,0.00444500017166138),(0.0546748161315918,0.00998406314849854,
0.00825500011444092),(0.0547371940612793,0.0100448579788208,0.00444500017166138),
(0.0547371940612793,0.0100448579788208,0.00825500011444092),(0.0548090400695801,
0.0100941028594971,0.00444500017166138),(0.0548090400695801,0.0100941028594971,
0.00825500011444092),(0.0548882446289063,0.0101303491592407,0.00444500017166138),
(0.0548882446289063,0.0101303491592407,0.00825500011444092),(0.0549724769592285,
0.0101525325775146,0.00444500017166138),(0.0549724769592285,0.0101525325775146,
0.00825500011444092),(0.0550592613220215,0.0101599998474121,0.00444500017166138),
(0.0550592613220215,0.0101599998474121,0.00825500011444092),(0.0554307403564453,
0.0101599998474121,0.00444500017166138),(0.0554307403564453,0.0101599998474121,
0.00825500011444092),(0.0555175247192383,0.0101525325775146,0.00444500017166138),
(0.0555175247192383,0.0101525325775146,0.00825500011444092),(0.0556017532348633,
0.0101303491592407,0.00444500017166138),(0.0556017532348633,0.0101303491592407,
0.00825500011444092),(0.0556809577941895,0.0100941028594971,0.00444500017166138),
(0.0556809577941895,0.0100941028594971,0.00825500011444092),(0.0557528076171875,
0.0100448579788208,0.00444500017166138),(0.0557528076171875,0.0100448579788208,
0.00825500011444092),(0.055815185546875,0.00998406314849854,0.00444500017166138),
(0.055815185546875,0.00998406314849854,0.00825500011444092),(0.0558662605285645,
0.00991350555419922,0.00444500017166138),(0.0558662605285645,0.00991350555419922,
0.00825500011444092),(0.0559045333862305,0.00983526039123535,0.00444500017166138),
(0.0559045333862305,0.00983526039123535,0.00825500011444092),(0.0559288749694824,
0.00975162696838379,0.00444500017166138),(0.0559288749694824,0.00975162696838379,
0.00825500011444092),(0.056189323425293,0.00844937324523926,0.00444500017166138),
(0.056189323425293,0.00844937324523926,0.00825500011444092),(0.0562136650085449,
0.00836573886871338,0.00444500017166138),(0.0562136650085449,0.00836573886871338,
0.00825500011444092),(0.056251937866211,0.00828749370574951,0.00444500017166138),
(0.056251937866211,0.00828749370574951,0.00825500011444092),(0.0563030166625977,
0.00821693706512451,0.00444500017166138),(0.0563030166625977,0.00821693706512451,
0.00825500011444092),(0.0563653945922852,0.00815614223480225,0.00444500017166138),
(0.0563653945922852,0.00815614223480225,0.00825500011444092),(0.0564372444152832,
0.00810689735412598,0.00444500017166138),(0.0564372444152832,0.00810689735412598,
0.00825500011444092),(0.0565164451599121,0.00807065010070801,0.00444500017166138),
(0.0565164451599121,0.00807065010070801,0.00825500011444092),(0.0566006774902344,
0.0080484676361084,0.00444500017166138),(0.0566006774902344,0.0080484676361084,
0.00825500011444092),(0.0566874580383301,0.00804100036621094,0.00444500017166138),
(0.0566874580383301,0.00804100036621094,0.00825500011444092),(0.0571045379638672,
0.00804100036621094,0.00444500017166138),(0.0571045379638672,0.00804100036621094,
0.00825500011444092),(0.0571913223266602,0.0080484676361084,0.00444500017166138),
(0.0571913223266602,0.0080484676361084,0.00825500011444092),(0.0572755546569824,
0.00807065010070801,0.00444500017166138),(0.0572755546569824,0.00807065010070801,
0.00825500011444092),(0.0573547592163086,0.00810689735412598,0.00444500017166138),
(0.0573547592163086,0.00810689735412598,0.00825500011444092),(0.0574266052246094,
0.00815614223480225,0.00444500017166138),(0.0574266052246094,0.00815614223480225,
0.00825500011444092),(0.0574889869689941,0.00821693706512451,0.00444500017166138),
(0.0574889869689941,0.00821693706512451,0.00825500011444092),(0.0575400581359863,
0.00828749370574951,0.00444500017166138),(0.0575400581359863,0.00828749370574951,
0.00825500011444092),(0.0575783309936523,0.00836573886871338,0.00825500011444092),
(0.0575783309936524,0.00836573886871338,0.00444500017166138),(0.0576026725769043,
0.00844937324523926,0.00444500017166138),(0.0576026725769043,0.00844937324523926,
0.00825500011444092),(0.0578631248474121,0.00975162696838379,0.00444500017166138),
(0.0578631248474121,0.00975162696838379,0.00825500011444092),(0.0578874664306641,
0.00983526039123535,0.00444500017166138),(0.0578874664306641,0.00983526039123535,
0.00825500011444092),(0.0579257392883301,0.00991350555419922,0.00444500017166138),
(0.0579257392883301,0.00991350555419922,0.00825500011444092),(0.0579768142700195,
0.00998406314849854,0.00444500017166138),(0.0579768142700195,0.00998406314849854,
0.00825500011444092),(0.0580391960144043,0.0100448579788208,0.00444500017166138),
(0.0580391960144043,0.0100448579788208,0.00825500011444092),(0.0581110420227051,
0.0100941028594971,0.00444500017166138),(0.0581110420227051,0.0100941028594971,
0.00825500011444092),(0.0581902465820312,0.0101303491592407,0.00444500017166138),
(0.0581902465820312,0.0101303491592407,0.00825500011444092),(0.0582744789123535,
0.0101525325775146,0.00444500017166138),(0.0582744789123535,0.0101525325775146,
0.00825500011444092),(0.0583612632751465,0.0101599998474121,0.00444500017166138),
(0.0583612632751465,0.0101599998474121,0.00825500011444092),(0.0587327423095703,
0.0101599998474121,0.00444500017166138),(0.0587327423095703,0.0101599998474121,
0.00825500011444092),(0.0588195266723633,0.0101525325775146,0.00444500017166138),
(0.0588195266723633,0.0101525325775146,0.00825500011444092),(0.0589037551879883,
0.0101303491592407,0.00444500017166138),(0.0589037551879883,0.0101303491592407,
0.00825500011444092),(0.0589829597473145,0.0100941028594971,0.00444500017166138),
(0.0589829597473145,0.0100941028594971,0.00825500011444092),(0.0590548057556152,
0.0100448579788208,0.00444500017166138),(0.0590548057556152,0.0100448579788208,
0.00825500011444092),(0.0591171836853027,0.00998406314849854,0.00444500017166138),
(0.0591171836853027,0.00998406314849854,0.00825500011444092),(0.0591682586669922,
0.00991350555419922,0.00444500017166138),(0.0591682586669922,0.00991350555419922,
0.00825500011444092),(0.0592065315246582,0.00983526039123535,0.00444500017166138),
(0.0592065315246582,0.00983526039123535,0.00825500011444092),(0.0592308769226074,
0.00975162696838379,0.00444500017166138),(0.0592308769226074,0.00975162696838379,
0.00825500011444092),(0.059491325378418,0.00844937324523926,0.00444500017166138),
(0.059491325378418,0.00844937324523926,0.00825500011444092),(0.0595156707763672,
0.00836573886871338,0.00444500017166138),(0.0595156707763672,0.00836573886871338,
0.00825500011444092),(0.0595539398193359,0.00828749370574951,0.00444500017166138),
(0.0595539398193359,0.00828749370574951,0.00825500011444092),(0.0596050186157227,
0.00821693706512451,0.00444500017166138),(0.0596050186157227,0.00821693706512451,
0.00825500011444092),(0.0596673927307129,0.00815614223480225,0.00444500017166138),
(0.0596673927307129,0.00815614223480225,0.00825500011444092),(0.0597392387390137,
0.00810689735412598,0.00444500017166138),(0.0597392387390137,0.00810689735412598,
0.00825500011444092),(0.0598184471130371,0.00807065010070801,0.00444500017166138),
(0.0598184471130371,0.00807065010070801,0.00825500011444092),(0.0599026756286621,
0.0080484676361084,0.00444500017166138),(0.0599026756286621,0.0080484676361084,
0.00825500011444092),(0.0599894599914551,0.00804100036621094,0.00444500017166138),
(0.0599894599914551,0.00804100036621094,0.00825500011444092),(0.0604065399169922,
0.00804100036621094,0.00444500017166138),(0.0604065399169922,0.00804100036621094,
0.00825500011444092),(0.0604933204650879,0.0080484676361084,0.00444500017166138),
(0.0604933204650879,0.0080484676361084,0.00825500011444092),(0.0605775566101074,
0.00807065010070801,0.00444500017166138),(0.0605775566101074,0.00807065010070801,
0.00825500011444092),(0.0606567573547363,0.00810689735412598,0.00444500017166138),
(0.0606567573547363,0.00810689735412598,0.00825500011444092),(0.0607286071777344,
0.00815614223480225,0.00444500017166138),(0.0607286071777344,0.00815614223480225,
0.00825500011444092),(0.0607909851074219,0.00821693706512451,0.00444500017166138),
(0.0607909851074219,0.00821693706512451,0.00825500011444092),(0.0608420600891113,
0.00828749370574951,0.00444500017166138),(0.0608420600891113,0.00828749370574951,
0.00825500011444092),(0.0608803329467774,0.00836573886871338,0.00444500017166138),
(0.0608803329467774,0.00836573886871338,0.00825500011444092),(0.0609046745300293,
0.00844937324523926,0.00444500017166138),(0.0609046745300293,0.00844937324523926,
0.00825500011444092),(0.0611651229858399,0.00975162696838379,0.00444500017166138),
(0.0611651229858399,0.00975162696838379,0.00825500011444092),(0.0611894645690918,
0.00983526039123535,0.00444500017166138),(0.0611894645690918,0.00983526039123535,
0.00825500011444092),(0.0612277374267578,0.00991350555419922,0.00444500017166138),
(0.0612277374267578,0.00991350555419922,0.00825500011444092),(0.0612788124084473,
0.00998406314849854,0.00444500017166138),(0.0612788124084473,0.00998406314849854,
0.00825500011444092),(0.0613411979675293,0.0100448579788208,0.00444500017166138),
(0.0613411979675293,0.0100448579788208,0.00825500011444092),(0.0614130439758301,
0.0100941028594971,0.00444500017166138),(0.0614130439758301,0.0100941028594971,
0.00825500011444092),(0.061492244720459,0.0101303491592407,0.00444500017166138),
(0.061492244720459,0.0101303491592407,0.00825500011444092),(0.0615764770507813,
0.0101525325775146,0.00444500017166138),(0.0615764770507813,0.0101525325775146,
0.00825500011444092),(0.0616632614135742,0.0101599998474121,0.00825500011444092),
(0.0616632614135743,0.0101599998474121,0.00444500017166138),(0.0620347404479981,
0.0101599998474121,0.00444500017166138),(0.0620347404479981,0.0101599998474121,
0.00825500011444092),(0.062121524810791,0.0101525325775146,0.00444500017166138),
(0.062121524810791,0.0101525325775146,0.00825500011444092),(0.062205753326416,
0.0101303491592407,0.00444500017166138),(0.062205753326416,0.0101303491592407,
0.00825500011444092),(0.0622849578857422,0.0100941028594971,0.00444500017166138),
(0.0622849578857422,0.0100941028594971,0.00825500011444092),(0.0623568077087402,
0.0100448579788208,0.00444500017166138),(0.0623568077087402,0.0100448579788208,
0.00825500011444092),(0.0624191818237305,0.00998406314849854,0.00444500017166138),
(0.0624191818237305,0.00998406314849854,0.00825500011444092),(0.0624702606201172,
0.00991350555419922,0.00444500017166138),(0.0624702606201172,0.00991350555419922,
0.00825500011444092),(0.0625085296630859,0.00983526039123535,0.00444500017166138),
(0.0625085296630859,0.00983526039123535,0.00825500011444092),(0.0625328712463379,
0.00975162696838379,0.00444500017166138),(0.0625328712463379,0.00975162696838379,
0.00825500011444092),(0.0627933311462402,0.00844937324523926,0.00444500017166138),
(0.0627933311462402,0.00844937324523926,0.00825500011444092),(0.0628176612854004,
0.00836573886871338,0.00444500017166138),(0.0628176612854004,0.00836573886871338,
0.00825500011444092),(0.0628559379577637,0.00828749370574951,0.00444500017166138),
(0.0628559379577637,0.00828749370574951,0.00825500011444092),(0.0629070167541504,
0.00821693706512451,0.00444500017166138),(0.0629070167541504,0.00821693706512451,
0.00825500011444092),(0.0629693946838379,0.00815614223480225,0.00444500017166138),
(0.0629693946838379,0.00815614223480225,0.00825500011444092),(0.0630412406921387,
0.00810689735412598,0.00444500017166138),(0.0630412406921387,0.00810689735412598,
0.00825500011444092),(0.0631204452514649,0.00807065010070801,0.00444500017166138),
(0.0631204452514649,0.00807065010070801,0.00825500011444092),(0.0632046775817871,
0.0080484676361084,0.00444500017166138),(0.0632046775817871,0.0080484676361084,
0.00825500011444092),(0.0632914619445801,0.00804100036621094,0.00444500017166138),
(0.0632914619445801,0.00804100036621094,0.00825500011444092),(0.0637085418701172,
0.00804100036621094,0.00444500017166138),(0.0637085418701172,0.00804100036621094,
0.00825500011444092),(0.0637953224182129,0.0080484676361084,0.00444500017166138),
(0.0637953224182129,0.0080484676361084,0.00825500011444092),(0.0638795585632324,
0.00807065010070801,0.00444500017166138),(0.0638795585632324,0.00807065010070801,
0.00825500011444092),(0.0639587554931641,0.00810689735412598,0.00444500017166138),
(0.0639587554931641,0.00810689735412598,0.00825500011444092),(0.0640306015014649,
0.00815614223480225,0.00444500017166138),(0.0640306015014649,0.00815614223480225,
0.00825500011444092),(0.0640929870605469,0.00821693706512451,0.00444500017166138),
(0.0640929870605469,0.00821693706512451,0.00825500011444092),(0.0641440582275391,
0.00828749370574951,0.00444500017166138),(0.0641440582275391,0.00828749370574951,
0.00825500011444092),(0.0641823348999023,0.00836573886871338,0.00444500017166138),
(0.0641823348999023,0.00836573886871338,0.00825500011444092),(0.064206672668457,
0.00844937324523926,0.00444500017166138),(0.064206672668457,0.00844937324523926,
0.00825500011444092),(0.0644671249389649,0.00975162696838379,0.00444500017166138),
(0.0644671249389649,0.00975162696838379,0.00825500011444092),(0.0644914627075195,
0.00983526039123535,0.00444500017166138),(0.0644914627075195,0.00983526039123535,
0.00825500011444092),(0.0645297393798828,0.00991350555419922,0.00444500017166138),
(0.0645297393798828,0.00991350555419922,0.00825500011444092),(0.064580810546875,
0.00998406314849854,0.00444500017166138),(0.064580810546875,0.00998406314849854,
0.00825500011444092),(0.0646431884765625,0.0100448579788208,0.00444500017166138),
(0.0646431884765625,0.0100448579788208,0.00825500011444092),(0.0647150421142578,
0.0100941028594971,0.00444500017166138),(0.0647150421142578,0.0100941028594971,
0.00825500011444092),(0.0647942428588867,0.0101303491592407,0.00444500017166138),
(0.0647942428588867,0.0101303491592407,0.00825500011444092),(0.0648784790039063,
0.0101525325775146,0.00444500017166138),(0.0648784790039063,0.0101525325775146,
0.00825500011444092),(0.0649652633666992,0.0101599998474121,0.00444500017166138),
(0.0649652633666993,0.0101599998474121,0.00825500011444092),(0.0653367385864258,
0.0101599998474121,0.00444500017166138),(0.0653367385864258,0.0101599998474121,
0.00825500011444092),(0.0654235153198242,0.0101525325775146,0.00444500017166138),
(0.0654235153198242,0.0101525325775146,0.00825500011444092),(0.0655077514648438,
0.0101303491592407,0.00444500017166138),(0.0655077514648438,0.0101303491592407,
0.00825500011444092),(0.0655869522094727,0.0100941028594971,0.00444500017166138),
(0.0655869522094727,0.0100941028594971,0.00825500011444092),(0.065658805847168,
0.0100448579788208,0.00444500017166138),(0.065658805847168,0.0100448579788208,
0.00825500011444092),(0.0657211837768554,0.00998406314849854,0.00444500017166138),
(0.0657211837768554,0.00998406314849854,0.00825500011444092),(0.0657722625732422,
0.00991350555419922,0.00444500017166138),(0.0657722625732422,0.00991350555419922,
0.00825500011444092),(0.0658105316162109,0.00983526039123535,0.00444500017166138),
(0.0658105316162109,0.00983526039123535,0.00825500011444092),(0.0658348693847656,
0.00975162696838379,0.00444500017166138),(0.0658348693847656,0.00975162696838379,
0.00825500011444092),(0.0660953216552735,0.00844937324523926,0.00444500017166138),
(0.0660953216552735,0.00844937324523926,0.00825500011444092),(0.0661196746826172,
0.00836573886871338,0.00444500017166138),(0.0661196746826172,0.00836573886871338,
0.00825500011444092),(0.0661579360961914,0.00828749370574951,0.00444500017166138),
(0.0661579360961914,0.00828749370574951,0.00825500011444092),(0.0662090148925781,
0.00821693706512451,0.00444500017166138),(0.0662090148925781,0.00821693706512451,
0.00825500011444092),(0.0662713928222656,0.00815614223480225,0.00444500017166138),
(0.0662713928222656,0.00815614223480225,0.00825500011444092),(0.0663432388305664,
0.00810689735412598,0.00444500017166138),(0.0663432388305664,0.00810689735412598,
0.00825500011444092),(0.0664224472045898,0.00807065010070801,0.00444500017166138),
(0.0664224472045898,0.00807065010070801,0.00825500011444092),(0.0665066757202149,
0.0080484676361084,0.00444500017166138),(0.0665066757202149,0.0080484676361084,
0.00825500011444092),(0.0665934600830078,0.00804100036621094,0.00444500017166138),
(0.0665934600830078,0.00804100036621094,0.00825500011444092),(0.0670105361938477,
0.00804100036621094,0.00444500017166138),(0.0670105361938477,0.00804100036621094,
0.00825500011444092),(0.0670973205566406,0.0080484676361084,0.00444500017166138),
(0.0670973205566406,0.0080484676361084,0.00825500011444092),(0.0671815567016602,
0.00807065010070801,0.00444500017166138),(0.0671815567016602,0.00807065010070801,
0.00825500011444092),(0.0672607574462891,0.00810689735412598,0.00444500017166138),
(0.0672607574462891,0.00810689735412598,0.00825500011444092),(0.0673326110839844,
0.00815614223480225,0.00444500017166138),(0.0673326110839844,0.00815614223480225,
0.00825500011444092),(0.0673949890136719,0.00821693706512451,0.00444500017166138),
(0.0673949890136719,0.00821693706512451,0.00825500011444092),(0.0674460601806641,
0.00828749370574951,0.00444500017166138),(0.0674460601806641,0.00828749370574951,
0.00825500011444092),(0.0674843368530274,0.00836573886871338,0.00444500017166138),
(0.0674843368530274,0.00836573886871338,0.00825500011444092),(0.067508674621582,
0.00844937324523926,0.00444500017166138),(0.067508674621582,0.00844937324523926,
0.00825500011444092),(0.0677691268920899,0.00975162696838379,0.00444500017166138),
(0.0677691268920899,0.00975162696838379,0.00825500011444092),(0.0677934646606445,
0.00983526039123535,0.00444500017166138),(0.0677934646606445,0.00983526039123535,
0.00825500011444092),(0.0678317413330078,0.00991350555419922,0.00444500017166138),
(0.0678317413330078,0.00991350555419922,0.00825500011444092),(0.0678828125,
0.00998406314849854,0.00444500017166138),(0.0678828125,0.00998406314849854,
0.00825500011444092),(0.067945198059082,0.0100448579788208,0.00444500017166138),
(0.067945198059082,0.0100448579788208,0.00825500011444092),(0.0680170440673828,
0.0100941028594971,0.00444500017166138),(0.0680170440673828,0.0100941028594971,
0.00825500011444092),(0.0680962448120117,0.0101303491592407,0.00444500017166138),
(0.0680962448120117,0.0101303491592407,0.00825500011444092),(0.0681804809570313,
0.0101525325775146,0.00444500017166138),(0.0681804809570313,0.0101525325775146,
0.00825500011444092),(0.0682672576904297,0.0101599998474121,0.00444500017166138),
(0.0682672576904297,0.0101599998474121,0.00825500011444092),(0.0686387405395508,
0.0101599998474121,0.00444500017166138),(0.0686387405395508,0.0101599998474121,
0.00825500011444092),(0.0687255249023438,0.0101525325775146,0.00444500017166138),
(0.0687255249023438,0.0101525325775146,0.00825500011444092),(0.0688097534179688,
0.0101303491592407,0.00444500017166138),(0.0688097534179688,0.0101303491592407,
0.00825500011444092),(0.0688889617919922,0.0100941028594971,0.00444500017166138),
(0.0688889617919922,0.0100941028594971,0.00825500011444092),(0.068960807800293,
0.0100448579788208,0.00444500017166138),(0.068960807800293,0.0100448579788208,
0.00825500011444092),(0.0690231857299805,0.00998406314849854,0.00444500017166138),
(0.0690231857299805,0.00998406314849854,0.00825500011444092),(0.0690742568969727,
0.00991350555419922,0.00444500017166138),(0.0690742568969727,0.00991350555419922,
0.00825500011444092),(0.0691125335693359,0.00983526039123535,0.00444500017166138),
(0.0691125335693359,0.00983526039123535,0.00825500011444092),(0.0691368713378906,
0.00975162696838379,0.00444500017166138),(0.0691368713378906,0.00975162696838379,
0.00825500011444092),(0.0693973236083984,0.00844937324523926,0.00444500017166138),
(0.0693973236083984,0.00844937324523926,0.00825500011444092),(0.0694216613769531,
0.00836573886871338,0.00444500017166138),(0.0694216613769531,0.00836573886871338,
0.00825500011444092),(0.0694599380493164,0.00828749370574951,0.00444500017166138),
(0.0694599380493164,0.00828749370574951,0.00825500011444092),(0.0695110092163086,
0.00821693706512451,0.00444500017166138),(0.0695110092163086,0.00821693706512451,
0.00825500011444092),(0.0695733947753906,0.00815614223480225,0.00444500017166138),
(0.0695733947753906,0.00815614223480225,0.00825500011444092),(0.0696452407836914,
0.00810689735412598,0.00444500017166138),(0.0696452407836914,0.00810689735412598,
0.00825500011444092),(0.0697244491577149,0.00807065010070801,0.00444500017166138),
(0.0697244491577149,0.00807065010070801,0.00825500011444092),(0.0698086776733399,
0.0080484676361084,0.00444500017166138),(0.0698086776733399,0.0080484676361084,
0.00825500011444092),(0.0698954620361328,0.00804100036621094,0.00444500017166138),
(0.0698954620361328,0.00804100036621094,0.00825500011444092),(0.0703125381469727,
0.00804100036621094,0.00444500017166138),(0.0703125381469727,0.00804100036621094,
0.00825500011444092),(0.0703993225097657,0.0080484676361084,0.00444500017166138),
(0.0703993225097657,0.0080484676361084,0.00825500011444092),(0.0704835510253906,
0.00807065010070801,0.00444500017166138),(0.0704835510253906,0.00807065010070801,
0.00825500011444092),(0.0705627593994141,0.00810689735412598,0.00444500017166138),
(0.0705627593994141,0.00810689735412598,0.00825500011444092),(0.0706346054077148,
0.00815614223480225,0.00444500017166138),(0.0706346054077149,0.00815614223480225,
0.00825500011444092),(0.0706969909667969,0.00821693706512451,0.00444500017166138),
(0.0706969909667969,0.00821693706512451,0.00825500011444092),(0.0707480621337891,
0.00828749370574951,0.00444500017166138),(0.0707480621337891,0.00828749370574951,
0.00825500011444092),(0.0707863311767578,0.00836573886871338,0.00444500017166138),
(0.0707863311767578,0.00836573886871338,0.00825500011444092),(0.070810676574707,
0.00844937324523926,0.00444500017166138),(0.070810676574707,0.00844937324523926,
0.00825500011444092),(0.0710711288452148,0.00975162696838379,0.00444500017166138),
(0.0710711288452148,0.00975162696838379,0.00825500011444092),(0.0710954666137695,
0.00983526039123535,0.00444500017166138),(0.0710954666137695,0.00983526039123535,
0.00825500011444092),(0.0711337432861328,0.00991350555419922,0.00444500017166138),
(0.0711337432861328,0.00991350555419922,0.00825500011444092),(0.071184814453125,
0.00998406314849854,0.00444500017166138),(0.071184814453125,0.00998406314849854,
0.00825500011444092),(0.0712471923828125,0.0100448579788208,0.00444500017166138),
(0.0712471923828125,0.0100448579788208,0.00825500011444092),(0.0713190460205078,
0.0100941028594971,0.00444500017166138),(0.0713190460205078,0.0100941028594971,
0.00825500011444092),(0.0713982467651367,0.0101303491592407,0.00444500017166138),
(0.0713982467651367,0.0101303491592407,0.00825500011444092),(0.0714824829101563,
0.0101525325775146,0.00444500017166138),(0.0714824829101563,0.0101525325775146,
0.00825500011444092),(0.0715692672729492,0.0101599998474121,0.00444500017166138),
(0.0715692672729492,0.0101599998474121,0.00825500011444092),(0.0719407348632813,
0.0101599998474121,0.00444500017166138),(0.0719407348632813,0.0101599998474121,
0.00825500011444092),(0.0720275192260742,0.0101525325775146,0.00444500017166138),
(0.0720275192260742,0.0101525325775146,0.00825500011444092),(0.0721117553710937,
0.0101303491592407,0.00444500017166138),(0.0721117553710938,0.0101303491592407,
0.00825500011444092),(0.0721909561157227,0.0100941028594971,0.00444500017166138),
(0.0721909561157227,0.0100941028594971,0.00825500011444092),(0.072262809753418,
0.0100448579788208,0.00444500017166138),(0.072262809753418,0.0100448579788208,
0.00825500011444092),(0.0723251876831055,0.00998406314849854,0.00444500017166138),
(0.0723251876831055,0.00998406314849854,0.00825500011444092),(0.0723762588500977,
0.00991350555419922,0.00444500017166138),(0.0723762588500977,0.00991350555419922,
0.00825500011444092),(0.0724145355224609,0.00983526039123535,0.00444500017166138),
(0.0724145355224609,0.00983526039123535,0.00825500011444092),(0.0724388732910156,
0.00975162696838379,0.00444500017166138),(0.0724388732910156,0.00975162696838379,
0.00825500011444092),(0.0726993255615234,0.00844937324523926,0.00444500017166138),
(0.0726993255615234,0.00844937324523926,0.00825500011444092),(0.0727236709594727,
0.00836573886871338,0.00444500017166138),(0.0727236709594727,0.00836573886871338,
0.00825500011444092),(0.0727619400024414,0.00828749370574951,0.00444500017166138),
(0.0727619400024414,0.00828749370574951,0.00825500011444092),(0.0728130187988281,
0.00821693706512451,0.00444500017166138),(0.0728130187988281,0.00821693706512451,
0.00825500011444092),(0.0728753967285156,0.00815614223480225,0.00444500017166138),
(0.0728753967285156,0.00815614223480225,0.00825500011444092),(0.0729472427368164,
0.00810689735412598,0.00444500017166138),(0.0729472427368164,0.00810689735412598,
0.00825500011444092),(0.0730264511108398,0.00807065010070801,0.00444500017166138),
(0.0730264511108398,0.00807065010070801,0.00825500011444092),(0.0731106796264649,
0.0080484676361084,0.00444500017166138),(0.0731106796264649,0.0080484676361084,
0.00825500011444092),(0.0731974639892578,0.00804100036621094,0.00444500017166138),
(0.0731974639892578,0.00804100036621094,0.00825500011444092),(0.0736145401000976,
0.00804100036621094,0.00444500017166138),(0.0736145401000977,0.00804100036621094,
0.00825500011444092),(0.0737013244628906,0.0080484676361084,0.00444500017166138),
(0.0737013244628906,0.0080484676361084,0.00825500011444092),(0.0737855606079102,
0.00807065010070801,0.00444500017166138),(0.0737855606079102,0.00807065010070801,
0.00825500011444092),(0.0738647613525391,0.00810689735412598,0.00444500017166138),
(0.0738647613525391,0.00810689735412598,0.00825500011444092),(0.0739366073608399,
0.00815614223480225,0.00444500017166138),(0.0739366073608399,0.00815614223480225,
0.00825500011444092),(0.0739989852905273,0.00821693706512451,0.00444500017166138),
(0.0739989852905273,0.00821693706512451,0.00825500011444092),(0.0740500640869141,
0.00828749370574951,0.00444500017166138),(0.0740500640869141,0.00828749370574951,
0.00825500011444092),(0.0740883331298828,0.00836573886871338,0.00444500017166138),
(0.0740883331298828,0.00836573886871338,0.00825500011444092),(0.074112678527832,
0.00844937324523926,0.00444500017166138),(0.074112678527832,0.00844937324523926,
0.00825500011444092),(0.0743731231689453,0.00975162696838379,0.00444500017166138),
(0.0743731231689453,0.00975162696838379,0.00825500011444092),(0.0743974685668945,
0.00983526039123535,0.00444500017166138),(0.0743974685668945,0.00983526039123535,
0.00825500011444092),(0.0744357376098633,0.00991350555419922,0.00444500017166138),
(0.0744357376098633,0.00991350555419922,0.00825500011444092),(0.07448681640625,
0.00998406314849854,0.00444500017166138),(0.07448681640625,0.00998406314849854,
0.00825500011444092),(0.0745491943359375,0.0100448579788208,0.00444500017166138),
(0.0745491943359375,0.0100448579788208,0.00825500011444092),(0.0746210403442383,
0.0100941028594971,0.00444500017166138),(0.0746210403442383,0.0100941028594971,
0.00825500011444092),(0.0747002410888672,0.0101303491592407,0.00444500017166138),
(0.0747002410888672,0.0101303491592407,0.00825500011444092),(0.0747844772338867,
0.0101525325775146,0.00444500017166138),(0.0747844772338867,0.0101525325775146,
0.00825500011444092),(0.0748712539672852,0.0101599998474121,0.00444500017166138),
(0.0748712539672852,0.0101599998474121,0.00825500011444092),(0.0752427444458008,
0.0101599998474121,0.00444500017166138),(0.0752427444458008,0.0101599998474121,
0.00825500011444092),(0.0753295211791992,0.0101525325775146,0.00444500017166138),
(0.0753295211791992,0.0101525325775146,0.00825500011444092),(0.0754137573242188,
0.0101303491592407,0.00444500017166138),(0.0754137573242188,0.0101303491592407,
0.00825500011444092),(0.0754929580688477,0.0100941028594971,0.00444500017166138),
(0.0754929580688477,0.0100941028594971,0.00825500011444092),(0.0755648040771484,
0.0100448579788208,0.00444500017166138),(0.0755648040771484,0.0100448579788208,
0.00825500011444092),(0.0756271820068359,0.00998406314849854,0.00444500017166138),
(0.0756271820068359,0.00998406314849854,0.00825500011444092),(0.0756782608032227,
0.00991350555419922,0.00444500017166138),(0.0756782608032227,0.00991350555419922,
0.00825500011444092),(0.0757165298461914,0.00983526039123535,0.00444500017166138),
(0.0757165298461914,0.00983526039123535,0.00825500011444092),(0.0757408752441406,
0.00975162696838379,0.00444500017166138),(0.0757408752441406,0.00975162696838379,
0.00825500011444092),(0.0760013275146484,0.00844937324523926,0.00444500017166138),
(0.0760013275146484,0.00844937324523926,0.00825500011444092),(0.0760256652832031,
0.00836573886871338,0.00444500017166138),(0.0760256652832031,0.00836573886871338,
0.00825500011444092),(0.0760639419555664,0.00828749370574951,0.00444500017166138),
(0.0760639419555664,0.00828749370574951,0.00825500011444092),(0.0761150131225586,
0.00821693706512451,0.00444500017166138),(0.0761150131225586,0.00821693706512451,
0.00825500011444092),(0.0761773986816406,0.00815614223480225,0.00444500017166138),
(0.0761773986816406,0.00815614223480225,0.00825500011444092),(0.0762492446899414,
0.00810689735412598,0.00444500017166138),(0.0762492446899414,0.00810689735412598,
0.00825500011444092),(0.0763284378051758,0.00807065010070801,0.00444500017166138),
(0.0763284378051758,0.00807065010070801,0.00825500011444092),(0.0764126739501953,
0.0080484676361084,0.00444500017166138),(0.0764126739501953,0.0080484676361084,
0.00825500011444092),(0.0764994659423828,0.00804100036621094,0.00444500017166138),
(0.0764994659423828,0.00804100036621094,0.00825500011444092),(0.0769165344238281,
0.00804100036621094,0.00444500017166138),(0.0769165344238281,0.00804100036621094,
0.00825500011444092),(0.0770033187866211,0.0080484676361084,0.00444500017166138),
(0.0770033187866211,0.0080484676361084,0.00825500011444092),(0.0770875549316406,
0.00807065010070801,0.00444500017166138),(0.0770875549316406,0.00807065010070801,
0.00825500011444092),(0.0771667556762695,0.00810689735412598,0.00444500017166138),
(0.0771667556762695,0.00810689735412598,0.00825500011444092),(0.0772386016845703,
0.00815614223480225,0.00444500017166138),(0.0772386016845703,0.00815614223480225,
0.00825500011444092),(0.0773009796142578,0.00821693706512451,0.00444500017166138),
(0.0773009796142578,0.00821693706512451,0.00825500011444092),(0.0773520584106445,
0.00828749370574951,0.00444500017166138),(0.0773520584106445,0.00828749370574951,
0.00825500011444092),(0.0773903350830078,0.00836573886871338,0.00444500017166138),
(0.0773903350830078,0.00836573886871338,0.00825500011444092),(0.0774146728515625,
0.00844937324523926,0.00444500017166138),(0.0774146728515625,0.00844937324523926,
0.00825500011444092),(0.0776751251220703,0.00975162696838379,0.00444500017166138),
(0.0776751251220703,0.00975162696838379,0.00825500011444092),(0.0776994705200195,
0.00983526039123535,0.00444500017166138),(0.0776994705200195,0.00983526039123535,
0.00825500011444092),(0.0777377395629883,0.00991350555419922,0.00444500017166138),
(0.0777377395629883,0.00991350555419922,0.00825500011444092),(0.077788818359375,
0.00998406314849854,0.00444500017166138),(0.077788818359375,0.00998406314849854,
0.00825500011444092),(0.077851188659668,0.0100448579788208,0.00444500017166138),
(0.077851188659668,0.0100448579788208,0.00825500011444092),(0.0779230422973633,
0.0100941028594971,0.00444500017166138),(0.0779230422973633,0.0100941028594971,
0.00825500011444092),(0.0780022430419922,0.0101303491592407,0.00444500017166138),
(0.0780022430419922,0.0101303491592407,0.00825500011444092),(0.0780864791870117,
0.0101525325775146,0.00444500017166138),(0.0780864791870117,0.0101525325775146,
0.00825500011444092),(0.0781732559204102,0.0101599998474121,0.00444500017166138),
(0.0781732559204102,0.0101599998474121,0.00825500011444092),(0.0785447387695313,
0.0101599998474121,0.00444500017166138),(0.0785447387695313,0.0101599998474121,
0.00825500011444092),(0.0786315231323242,0.0101525325775146,0.00444500017166138),
(0.0786315231323242,0.0101525325775146,0.00825500011444092),(0.0787157592773438,
0.0101303491592407,0.00444500017166138),(0.0787157592773438,0.0101303491592407,
0.00825500011444092),(0.0787949523925781,0.0100941028594971,0.00444500017166138),
(0.0787949523925781,0.0100941028594971,0.00825500011444092),(0.0788668060302734,
0.0100448579788208,0.00444500017166138),(0.0788668060302734,0.0100448579788208,
0.00825500011444092),(0.0789291839599609,0.00998406314849854,0.00444500017166138),
(0.0789291839599609,0.00998406314849854,0.00825500011444092),(0.0789802627563477,
0.00991350555419922,0.00444500017166138),(0.0789802627563477,0.00991350555419922,
0.00825500011444092),(0.0790185317993164,0.00983526039123535,0.00444500017166138),
(0.0790185317993164,0.00983526039123535,0.00825500011444092),(0.0790428771972656,
0.00975162696838379,0.00444500017166138),(0.0790428771972657,0.00975162696838379,
0.00825500011444092),(0.0793033218383789,0.00844937324523926,0.00444500017166138),
(0.0793033218383789,0.00844937324523926,0.00825500011444092),(0.0793276672363281,
0.00836573886871338,0.00444500017166138),(0.0793276672363281,0.00836573886871338,
0.00825500011444092),(0.0793659362792969,0.00828749370574951,0.00444500017166138),
(0.0793659362792969,0.00828749370574951,0.00825500011444092),(0.0794170150756836,
0.00821693706512451,0.00444500017166138),(0.0794170150756836,0.00821693706512451,
0.00825500011444092),(0.0794793930053711,0.00815614223480225,0.00444500017166138),
(0.0794793930053711,0.00815614223480225,0.00825500011444092),(0.0795512390136719,
0.00810689735412598,0.00444500017166138),(0.0795512390136719,0.00810689735412598,
0.00825500011444092),(0.0796304473876953,0.00807065010070801,0.00444500017166138),
(0.0796304473876953,0.00807065010070801,0.00825500011444092),(0.0797146759033203,
0.0080484676361084,0.00444500017166138),(0.0797146759033203,0.0080484676361084,
0.00825500011444092),(0.0798014602661133,0.00804100036621094,0.00444500017166138),
(0.0798014602661133,0.00804100036621094,0.00825500011444092),(0.0802185363769531,
0.00804100036621094,0.00444500017166138),(0.0802185363769531,0.00804100036621094,
0.00825500011444092),(0.0803053207397461,0.0080484676361084,0.00444500017166138),
(0.0803053207397461,0.0080484676361084,0.00825500011444092),(0.0803895492553711,
0.00807065010070801,0.00444500017166138),(0.0803895492553711,0.00807065010070801,
0.00825500011444092),(0.0804687576293945,0.00810689735412598,0.00444500017166138),
(0.0804687576293945,0.00810689735412598,0.00825500011444092),(0.0805406036376953,
0.00815614223480225,0.00444500017166138),(0.0805406036376953,0.00815614223480225,
0.00825500011444092),(0.0806029891967773,0.00821693706512451,0.00444500017166138),
(0.0806029891967773,0.00821693706512451,0.00825500011444092),(0.0806540603637695,
0.00828749370574951,0.00444500017166138),(0.0806540603637695,0.00828749370574951,
0.00825500011444092),(0.0806923370361328,0.00836573886871338,0.00444500017166138),
(0.0806923370361328,0.00836573886871338,0.00825500011444092),(0.0807166748046875,
0.00844937324523926,0.00444500017166138),(0.0807166748046875,0.00844937324523926,
0.00825500011444092),(0.0809771270751953,0.00975162696838379,0.00444500017166138),
(0.0809771270751953,0.00975162696838379,0.00825500011444092),(0.08100146484375,
0.00983526039123535,0.00444500017166138),(0.08100146484375,0.00983526039123535,
0.00825500011444092),(0.0810397415161133,0.00991350555419922,0.00444500017166138),
(0.0810397415161133,0.00991350555419922,0.00825500011444092),(0.0810908126831055,
0.00998406314849854,0.00444500017166138),(0.0810908126831055,0.00998406314849854,
0.00825500011444092),(0.081153190612793,0.0100448579788208,0.00444500017166138),
(0.081153190612793,0.0100448579788208,0.00825500011444092),(0.0812250366210938,
0.0100941028594971,0.00444500017166138),(0.0812250366210938,0.0100941028594971,
0.00825500011444092),(0.0813042449951172,0.0101303491592407,0.00444500017166138),
(0.0813042449951172,0.0101303491592407,0.00825500011444092),(0.0813884735107422,
0.0101525325775146,0.00444500017166138),(0.0813884735107422,0.0101525325775146,
0.00825500011444092),(0.0814752578735352,0.0101599998474121,0.00444500017166138),
(0.0814752578735352,0.0101599998474121,0.00825500011444092),(0.0818467330932617,
0.0101599998474121,0.00444500017166138),(0.0818467330932617,0.0101599998474121,
0.00825500011444092),(0.0819335174560547,0.0101525325775146,0.00444500017166138),
(0.0819335174560547,0.0101525325775146,0.00825500011444092),(0.0820177536010742,
0.0101303491592407,0.00444500017166138),(0.0820177536010742,0.0101303491592407,
0.00825500011444092),(0.0820969543457031,0.0100941028594971,0.00825500011444092),
(0.0820969543457031,0.0100941028594971,0.00444500017166138),(0.0821688003540039,
0.0100448579788208,0.00444500017166138),(0.0821688003540039,0.0100448579788208,
0.00825500011444092),(0.0822311859130859,0.00998406314849854,0.00444500017166138),
(0.0822311859130859,0.00998406314849854,0.00825500011444092),(0.0822822570800781,
0.00991350555419922,0.00444500017166138),(0.0822822570800781,0.00991350555419922,
0.00825500011444092),(0.0823205337524414,0.00983526039123535,0.00444500017166138),
(0.0823205337524414,0.00983526039123535,0.00825500011444092),(0.0823448715209961,
0.00975162696838379,0.00444500017166138),(0.0823448715209961,0.00975162696838379,
0.00825500011444092),(0.0826053237915039,0.00844937324523926,0.00444500017166138),
(0.0826053237915039,0.00844937324523926,0.00825500011444092),(0.0826296691894531,
0.00836573886871338,0.00444500017166138),(0.0826296691894531,0.00836573886871338,
0.00825500011444092),(0.0826679382324219,0.00828749370574951,0.00444500017166138),
(0.0826679382324219,0.00828749370574951,0.00825500011444092),(0.0827190093994141,
0.00821693706512451,0.00444500017166138),(0.0827190093994141,0.00821693706512451,
0.00825500011444092),(0.0827813949584961,0.00815614223480225,0.00444500017166138),
(0.0827813949584961,0.00815614223480225,0.00825500011444092),(0.0828532409667969,
0.00810689735412598,0.00444500017166138),(0.0828532409667969,0.00810689735412598,
0.00825500011444092),(0.0829324417114258,0.00807065010070801,0.00444500017166138),
(0.0829324417114258,0.00807065010070801,0.00825500011444092),(0.0830166778564453,
0.0080484676361084,0.00444500017166138),(0.0830166778564453,0.0080484676361084,
0.00825500011444092),(0.0831034622192383,0.00804100036621094,0.00444500017166138),
(0.0831034622192383,0.00804100036621094,0.00825500011444092),(0.0835205383300781,
0.00804100036621094,0.00444500017166138),(0.0835205383300781,0.00804100036621094,
0.00825500011444092),(0.0836073226928711,0.0080484676361084,0.00444500017166138),
(0.0836073226928711,0.0080484676361084,0.00825500011444092),(0.0836915512084961,
0.00807065010070801,0.00444500017166138),(0.0836915512084961,0.00807065010070801,
0.00825500011444092),(0.0837707595825195,0.00810689735412598,0.00444500017166138),
(0.0837707595825195,0.00810689735412598,0.00825500011444092),(0.0838426055908203,
0.00815614223480225,0.00444500017166138),(0.0838426055908203,0.00815614223480225,
0.00825500011444092),(0.0839049835205078,0.00821693706512451,0.00444500017166138),
(0.0839049835205078,0.00821693706512451,0.00825500011444092),(0.0839560623168946,
0.00828749370574951,0.00444500017166138),(0.0839560623168946,0.00828749370574951,
0.00825500011444092),(0.0839943313598633,0.00836573886871338,0.00444500017166138),
(0.0839943313598633,0.00836573886871338,0.00825500011444092),(0.0840186767578125,
0.00844937324523926,0.00444500017166138),(0.0840186767578125,0.00844937324523926,
0.00825500011444092),(0.0842791290283203,0.00975162696838379,0.00444500017166138),
(0.0842791290283203,0.00975162696838379,0.00825500011444092),(0.084303466796875,
0.00983526039123535,0.00444500017166138),(0.084303466796875,0.00983526039123535,
0.00825500011444092),(0.0843417434692383,0.00991350555419922,0.00444500017166138),
(0.0843417434692383,0.00991350555419922,0.00825500011444092),(0.0843928146362305,
0.00998406314849854,0.00444500017166138),(0.0843928146362305,0.00998406314849854,
0.00825500011444092),(0.084455192565918,0.0100448579788208,0.00444500017166138),
(0.084455192565918,0.0100448579788208,0.00825500011444092),(0.0845270385742188,
0.0100941028594971,0.00444500017166138),(0.0845270385742188,0.0100941028594971,
0.00825500011444092),(0.0846062469482422,0.0101303491592407,0.00444500017166138),
(0.0846062469482422,0.0101303491592407,0.00825500011444092),(0.0846904754638672,
0.0101525325775146,0.00444500017166138),(0.0846904754638672,0.0101525325775146,
0.00825500011444092),(0.0847772598266602,0.0101599998474121,0.00444500017166138),
(0.0847772598266602,0.0101599998474121,0.00825500011444092),(0.0851487350463867,
0.0101599998474121,0.00444500017166138),(0.0851487350463867,0.0101599998474121,
0.00825500011444092),(0.0852355194091797,0.0101525325775146,0.00444500017166138),
(0.0852355194091797,0.0101525325775146,0.00825500011444092),(0.0853197555541992,
0.0101303491592407,0.00444500017166138),(0.0853197555541992,0.0101303491592407,
0.00825500011444092),(0.0853989562988281,0.0100941028594971,0.00825500011444092),
(0.0853989562988281,0.0100941028594971,0.00444500017166138),(0.0854708023071289,
0.0100448579788208,0.00444500017166138),(0.0854708023071289,0.0100448579788208,
0.00825500011444092),(0.0855331878662109,0.00998406314849854,0.00444500017166138),
(0.0855331878662109,0.00998406314849854,0.00825500011444092),(0.0855842590332031,
0.00991350555419922,0.00444500017166138),(0.0855842590332031,0.00991350555419922,
0.00825500011444092),(0.0856225357055664,0.00983526039123535,0.00444500017166138),
(0.0856225357055664,0.00983526039123535,0.00825500011444092),(0.0856468734741211,
0.00975162696838379,0.00444500017166138),(0.0856468734741211,0.00975162696838379,
0.00825500011444092),(0.0859073257446289,0.00844937324523926,0.00444500017166138),
(0.0859073257446289,0.00844937324523926,0.00825500011444092),(0.0859316635131836,
0.00836573886871338,0.00444500017166138),(0.0859316635131836,0.00836573886871338,
0.00825500011444092),(0.0859699401855469,0.00828749370574951,0.00444500017166138),
(0.0859699401855469,0.00828749370574951,0.00825500011444092),(0.0860210113525391,
0.00821693706512451,0.00444500017166138),(0.0860210113525391,0.00821693706512451,
0.00825500011444092),(0.0860833969116211,0.00815614223480225,0.00444500017166138),
(0.0860833969116211,0.00815614223480225,0.00825500011444092),(0.0861552429199219,
0.00810689735412598,0.00444500017166138),(0.0861552429199219,0.00810689735412598,
0.00825500011444092),(0.0862344436645508,0.00807065010070801,0.00444500017166138),
(0.0862344436645508,0.00807065010070801,0.00825500011444092),(0.0863186798095703,
0.0080484676361084,0.00444500017166138),(0.0863186798095703,0.0080484676361084,
0.00825500011444092),(0.0864054641723633,0.00804100036621094,0.00444500017166138),
(0.0864054641723633,0.00804100036621094,0.00825500011444092),(0.0868225402832031,
0.00804100036621094,0.00444500017166138),(0.0868225402832031,0.00804100036621094,
0.00825500011444092),(0.0869093246459961,0.0080484676361084,0.00444500017166138),
(0.0869093246459961,0.0080484676361084,0.00825500011444092),(0.0869935531616211,
0.00807065010070801,0.00444500017166138),(0.0869935531616211,0.00807065010070801,
0.00825500011444092),(0.0870727615356445,0.00810689735412598,0.00444500017166138),
(0.0870727615356445,0.00810689735412598,0.00825500011444092),(0.0871446075439453,
0.00815614223480225,0.00444500017166138),(0.0871446075439453,0.00815614223480225,
0.00825500011444092),(0.0872069854736328,0.00821693706512451,0.00444500017166138),
(0.0872069854736328,0.00821693706512451,0.00825500011444092),(0.0872580642700195,
0.00828749370574951,0.00444500017166138),(0.0872580642700195,0.00828749370574951,
0.00825500011444092),(0.0872963256835938,0.00836573886871338,0.00444500017166138),
(0.0872963256835938,0.00836573886871338,0.00825500011444092),(0.0873206787109375,
0.00844937324523926,0.00444500017166138),(0.0873206787109375,0.00844937324523926,
0.00825500011444092),(0.0875811309814453,0.00975162696838379,0.00444500017166138),
(0.0875811309814453,0.00975162696838379,0.00825500011444092),(0.08760546875,
0.00983526039123535,0.00444500017166138),(0.08760546875,0.00983526039123535,
0.00825500011444092),(0.0876437454223633,0.00991350555419922,0.00444500017166138),
(0.0876437454223633,0.00991350555419922,0.00825500011444092),(0.0876948165893555,
0.00998406314849854,0.00444500017166138),(0.0876948165893555,0.00998406314849854,
0.00825500011444092),(0.087757194519043,0.0100448579788208,0.00444500017166138),
(0.087757194519043,0.0100448579788208,0.00825500011444092),(0.0878290405273438,
0.0100941028594971,0.00444500017166138),(0.0878290405273438,0.0100941028594971,
0.00825500011444092),(0.0879082489013672,0.0101303491592407,0.00444500017166138),
(0.0879082489013672,0.0101303491592407,0.00825500011444092),(0.0879924774169922,
0.0101525325775146,0.00444500017166138),(0.0879924774169922,0.0101525325775146,
0.00825500011444092),(0.0880792617797852,0.0101599998474121,0.00444500017166138),
(0.0880792617797852,0.0101599998474121,0.00825500011444092),(0.0884507369995117,
0.0101599998474121,0.00444500017166138),(0.0884507369995117,0.0101599998474121,
0.00825500011444092),(0.0885375213623047,0.0101525325775146,0.00444500017166138),
(0.0885375213623047,0.0101525325775146,0.00825500011444092),(0.0886217575073242,
0.0101303491592407,0.00444500017166138),(0.0886217575073242,0.0101303491592407,
0.00825500011444092),(0.0887009582519531,0.0100941028594971,0.00825500011444092),
(0.0887009582519531,0.0100941028594971,0.00444500017166138),(0.0887728042602539,
0.0100448579788208,0.00444500017166138),(0.0887728042602539,0.0100448579788208,
0.00825500011444092),(0.0888351898193359,0.00998406314849854,0.00444500017166138),
(0.0888351898193359,0.00998406314849854,0.00825500011444092),(0.0888862609863281,
0.00991350555419922,0.00444500017166138),(0.0888862609863281,0.00991350555419922,
0.00825500011444092),(0.0889245376586914,0.00983526039123535,0.00444500017166138),
(0.0889245376586914,0.00983526039123535,0.00825500011444092),(0.0889488754272461,
0.00975162696838379,0.00444500017166138),(0.0889488754272461,0.00975162696838379,
0.00825500011444092),(0.0892093276977539,0.00844937324523926,0.00444500017166138),
(0.0892093276977539,0.00844937324523926,0.00825500011444092),(0.0892336654663086,
0.00836573886871338,0.00444500017166138),(0.0892336654663086,0.00836573886871338,
0.00825500011444092),(0.0892719421386719,0.00828749370574951,0.00444500017166138),
(0.0892719421386719,0.00828749370574951,0.00825500011444092),(0.0893230133056641,
0.00821693706512451,0.00444500017166138),(0.0893230133056641,0.00821693706512451,
0.00825500011444092),(0.0893853912353516,0.00815614223480225,0.00444500017166138),
(0.0893853912353516,0.00815614223480225,0.00825500011444092),(0.0894572448730469,
0.00810689735412598,0.00444500017166138),(0.0894572448730469,0.00810689735412598,
0.00825500011444092),(0.0895364456176758,0.00807065010070801,0.00444500017166138),
(0.0895364456176758,0.00807065010070801,0.00825500011444092),(0.0896206817626953,
0.0080484676361084,0.00444500017166138),(0.0896206817626953,0.0080484676361084,
0.00825500011444092),(0.0897074661254883,0.00804100036621094,0.00444500017166138),
(0.0897074661254883,0.00804100036621094,0.00825500011444092),(0.0901245422363281,
0.00804100036621094,0.00444500017166138),(0.0901245422363281,0.00804100036621094,
0.00825500011444092),(0.0902113265991211,0.0080484676361084,0.00444500017166138),
(0.0902113265991211,0.0080484676361084,0.00825500011444092),(0.0902955551147461,
0.00807065010070801,0.00444500017166138),(0.0902955551147461,0.00807065010070801,
0.00825500011444092),(0.0903747634887695,0.00810689735412598,0.00444500017166138),
(0.0903747634887695,0.00810689735412598,0.00825500011444092),(0.0904466094970703,
0.00815614223480225,0.00444500017166138),(0.0904466094970703,0.00815614223480225,
0.00825500011444092),(0.0905089797973633,0.00821693706512451,0.00444500017166138),
(0.0905089797973633,0.00821693706512451,0.00825500011444092),(0.0905600662231445,
0.00828749370574951,0.00444500017166138),(0.0905600662231445,0.00828749370574951,
0.00825500011444092),(0.0905983276367188,0.00836573886871338,0.00444500017166138),
(0.0905983276367188,0.00836573886871338,0.00825500011444092),(0.090622673034668,
0.00844937324523926,0.00444500017166138),(0.090622673034668,0.00844937324523926,
0.00825500011444092),(0.0908831253051757,0.00975162696838379,0.00444500017166138),
(0.0908831253051758,0.00975162696838379,0.00825500011444092),(0.090907470703125,
0.00983526039123535,0.00444500017166138),(0.090907470703125,0.00983526039123535,
0.00825500011444092),(0.0909457321166992,0.00991350555419922,0.00444500017166138),
(0.0909457321166992,0.00991350555419922,0.00825500011444092),(0.0909968185424804,
0.00998406314849854,0.00444500017166138),(0.0909968185424805,0.00998406314849854,
0.00825500011444092),(0.091059196472168,0.0100448579788208,0.00444500017166138),
(0.091059196472168,0.0100448579788208,0.00825500011444092),(0.0911310424804688,
0.0100941028594971,0.00444500017166138),(0.0911310424804688,0.0100941028594971,
0.00825500011444092),(0.0912102432250977,0.0101303491592407,0.00444500017166138),
(0.0912102432250977,0.0101303491592407,0.00825500011444092),(0.0912944717407227,
0.0101525325775146,0.00444500017166138),(0.0912944717407227,0.0101525325775146,
0.00825500011444092),(0.0913812561035156,0.0101599998474121,0.00444500017166138),
(0.0913812561035156,0.0101599998474121,0.00825500011444092),(0.0917527389526367,
0.0101599998474121,0.00444500017166138),(0.0917527389526367,0.0101599998474121,
0.00825500011444092),(0.0918395233154297,0.0101525325775146,0.00444500017166138),
(0.0918395233154297,0.0101525325775146,0.00825500011444092),(0.0919237518310547,
0.0101303491592407,0.00444500017166138),(0.0919237518310547,0.0101303491592407,
0.00825500011444092),(0.0920029602050781,0.0100941028594971,0.00825500011444092),
(0.0920029602050781,0.0100941028594971,0.00444500017166138),(0.0920748062133789,
0.0100448579788208,0.00444500017166138),(0.0920748062133789,0.0100448579788208,
0.00825500011444092),(0.0921371841430664,0.00998406314849854,0.00444500017166138),
(0.0921371841430664,0.00998406314849854,0.00825500011444092),(0.0921882629394531,
0.00991350555419922,0.00444500017166138),(0.0921882629394531,0.00991350555419922,
0.00825500011444092),(0.0922265319824219,0.00983526039123535,0.00444500017166138),
(0.0922265319824219,0.00983526039123535,0.00825500011444092),(0.0922508773803711,
0.00975162696838379,0.00444500017166138),(0.0922508773803711,0.00975162696838379,
0.00825500011444092),(0.0925113296508789,0.00844937324523926,0.00444500017166138),
(0.0925113296508789,0.00844937324523926,0.00825500011444092),(0.0925356674194336,
0.00836573886871338,0.00444500017166138),(0.0925356674194336,0.00836573886871338,
0.00825500011444092),(0.0925739440917969,0.00828749370574951,0.00444500017166138),
(0.0925739440917969,0.00828749370574951,0.00825500011444092),(0.0926250152587891,
0.00821693706512451,0.00444500017166138),(0.0926250152587891,0.00821693706512451,
0.00825500011444092),(0.0926873931884765,0.00815614223480225,0.00825500011444092),
(0.0926873931884766,0.00815614223480225,0.00444500017166138),(0.0927592468261719,
0.00810689735412598,0.00444500017166138),(0.0927592468261719,0.00810689735412598,
0.00825500011444092),(0.0928384475708008,0.00807065010070801,0.00444500017166138),
(0.0928384475708008,0.00807065010070801,0.00825500011444092),(0.0929226837158203,
0.0080484676361084,0.00444500017166138),(0.0929226837158203,0.0080484676361084,
0.00825500011444092),(0.0930094604492187,0.00804100036621094,0.00444500017166138),
(0.0930094604492187,0.00804100036621094,0.00825500011444092),(0.0934265441894531,
0.00804100036621094,0.00444500017166138),(0.0934265441894532,0.00804100036621094,
0.00825500011444092),(0.0935133285522461,0.0080484676361084,0.00444500017166138),
(0.0935133285522461,0.0080484676361084,0.00825500011444092),(0.0935975570678711,
0.00807065010070801,0.00444500017166138),(0.0935975570678711,0.00807065010070801,
0.00825500011444092),(0.0936767578125,0.00810689735412598,0.00444500017166138),
(0.0936767578125,0.00810689735412598,0.00825500011444092),(0.0937486038208008,
0.00815614223480225,0.00444500017166138),(0.0937486038208008,0.00815614223480225,
0.00825500011444092),(0.0938109817504883,0.00821693706512451,0.00444500017166138),
(0.0938109817504883,0.00821693706512451,0.00825500011444092),(0.093862060546875,
0.00828749370574951,0.00444500017166138),(0.093862060546875,0.00828749370574951,
0.00825500011444092),(0.0939003295898437,0.00836573886871338,0.00444500017166138),
(0.0939003295898437,0.00836573886871338,0.00825500011444092),(0.093924674987793,
0.00844937324523926,0.00444500017166138),(0.093924674987793,0.00844937324523926,
0.00825500011444092),(0.0941851272583008,0.00975162696838379,0.00444500017166138),
(0.0941851272583008,0.00975162696838379,0.00825500011444092),(0.09420947265625,
0.00983526039123535,0.00444500017166138),(0.09420947265625,0.00983526039123535,
0.00825500011444092),(0.0942477340698242,0.00991350555419922,0.00444500017166138),
(0.0942477340698242,0.00991350555419922,0.00825500011444092),(0.0942988204956055,
0.00998406314849854,0.00444500017166138),(0.0942988204956055,0.00998406314849854,
0.00825500011444092),(0.0943611907958984,0.0100448579788208,0.00444500017166138),
(0.0943611907958984,0.0100448579788208,0.00825500011444092),(0.0944330368041992,
0.0100941028594971,0.00444500017166138),(0.0944330368041992,0.0100941028594971,
0.00825500011444092),(0.0945122451782227,0.0101303491592407,0.00444500017166138),
(0.0945122451782227,0.0101303491592407,0.00825500011444092),(0.0945964736938477,
0.0101525325775146,0.00444500017166138),(0.0945964736938477,0.0101525325775146,
0.00825500011444092),(0.0946832580566406,0.0101599998474121,0.00444500017166138),
(0.0946832580566406,0.0101599998474121,0.00825500011444092),(0.0950547409057617,
0.0101599998474121,0.00444500017166138),(0.0950547409057617,0.0101599998474121,
0.00825500011444092),(0.0951415252685547,0.0101525325775146,0.00444500017166138),
(0.0951415252685547,0.0101525325775146,0.00825500011444092),(0.0952257537841797,
0.0101303491592407,0.00444500017166138),(0.0952257537841797,0.0101303491592407,
0.00825500011444092),(0.0953049621582032,0.0100941028594971,0.00444500017166138),
(0.0953049621582032,0.0100941028594971,0.00825500011444092),(0.0953768081665039,
0.0100448579788208,0.00444500017166138),(0.0953768081665039,0.0100448579788208,
0.00825500011444092),(0.0954391784667969,0.00998406314849854,0.00444500017166138),
(0.0954391784667969,0.00998406314849854,0.00825500011444092),(0.0954902648925781,
0.00991350555419922,0.00444500017166138),(0.0954902648925782,0.00991350555419922,
0.00825500011444092),(0.0955285339355469,0.00983526039123535,0.00444500017166138),
(0.0955285339355469,0.00983526039123535,0.00825500011444092),(0.0955528793334961,
0.00975162696838379,0.00444500017166138),(0.0955528793334961,0.00975162696838379,
0.00825500011444092),(0.0958133239746094,0.00844937324523926,0.00444500017166138),
(0.0958133239746094,0.00844937324523926,0.00825500011444092),(0.0958376693725586,
0.00836573886871338,0.00444500017166138),(0.0958376693725586,0.00836573886871338,
0.00825500011444092),(0.0958759384155273,0.00828749370574951,0.00444500017166138),
(0.0958759384155273,0.00828749370574951,0.00825500011444092),(0.0959270172119141,
0.00821693706512451,0.00444500017166138),(0.0959270172119141,0.00821693706512451,
0.00825500011444092),(0.095989387512207,0.00815614223480225,0.00444500017166138),
(0.095989387512207,0.00815614223480225,0.00825500011444092),(0.0960612411499023,
0.00810689735412598,0.00444500017166138),(0.0960612411499023,0.00810689735412598,
0.00825500011444092),(0.0961404418945312,0.00807065010070801,0.00444500017166138),
(0.0961404418945312,0.00807065010070801,0.00825500011444092),(0.0962246780395508,
0.0080484676361084,0.00444500017166138),(0.0962246780395508,0.0080484676361084,
0.00825500011444092),(0.0963114547729492,0.00804100036621094,0.00444500017166138),
(0.0963114547729492,0.00804100036621094,0.00825500011444092),(0.0967285385131836,
0.00804100036621094,0.00444500017166138),(0.0967285385131836,0.00804100036621094,
0.00825500011444092),(0.0968153228759766,0.0080484676361084,0.00444500017166138),
(0.0968153228759766,0.0080484676361084,0.00825500011444092),(0.0968995513916016,
0.00807065010070801,0.00444500017166138),(0.0968995513916016,0.00807065010070801,
0.00825500011444092),(0.096978759765625,0.00810689735412598,0.00444500017166138),
(0.096978759765625,0.00810689735412598,0.00825500011444092),(0.0970506057739258,
0.00815614223480225,0.00444500017166138),(0.0970506057739258,0.00815614223480225,
0.00825500011444092),(0.0971129837036133,0.00821693706512451,0.00444500017166138),
(0.0971129837036133,0.00821693706512451,0.00825500011444092),(0.0971640625,
0.00828749370574951,0.00444500017166138),(0.0971640625,0.00828749370574951,
0.00825500011444092),(0.0972023315429688,0.00836573886871338,0.00444500017166138),
(0.0972023315429688,0.00836573886871338,0.00825500011444092),(0.0972266693115234,
0.00844937324523926,0.00444500017166138),(0.0972266693115234,0.00844937324523926,
0.00825500011444092),(0.0974871215820312,0.00975162696838379,0.00444500017166138),
(0.0974871215820313,0.00975162696838379,0.00825500011444092),(0.0975114669799805,
0.00983526039123535,0.00444500017166138),(0.0975114669799805,0.00983526039123535,
0.00825500011444092),(0.0975497360229492,0.00991350555419922,0.00444500017166138),
(0.0975497360229492,0.00991350555419922,0.00825500011444092),(0.0976008148193359,
0.00998406314849854,0.00444500017166138),(0.0976008148193359,0.00998406314849854,
0.00825500011444092),(0.0976631927490234,0.0100448579788208,0.00444500017166138),
(0.0976631927490234,0.0100448579788208,0.00825500011444092),(0.0977350387573242,
0.0100941028594971,0.00444500017166138),(0.0977350387573242,0.0100941028594971,
0.00825500011444092),(0.0978142471313477,0.0101303491592407,0.00444500017166138),
(0.0978142471313477,0.0101303491592407,0.00825500011444092),(0.0978984756469726,
0.0101525325775146,0.00444500017166138),(0.0978984756469726,0.0101525325775146,
0.00825500011444092),(0.0979852600097656,0.0101599998474121,0.00444500017166138),
(0.0979852600097656,0.0101599998474121,0.00825500011444092),(0.0983567352294922,
0.0101599998474121,0.00444500017166138),(0.0983567352294922,0.0101599998474121,
0.00825500011444092),(0.0984435195922852,0.0101525325775146,0.00444500017166138),
(0.0984435195922852,0.0101525325775146,0.00825500011444092),(0.0985277481079102,
0.0101303491592407,0.00444500017166138),(0.0985277481079102,0.0101303491592407,
0.00825500011444092),(0.0986069564819336,0.0100941028594971,0.00444500017166138),
(0.0986069564819336,0.0100941028594971,0.00825500011444092),(0.0986788024902344,
0.0100448579788208,0.00444500017166138),(0.0986788024902344,0.0100448579788208,
0.00825500011444092),(0.0987411880493164,0.00998406314849854,0.00444500017166138),
(0.0987411880493164,0.00998406314849854,0.00825500011444092),(0.0987922592163086,
0.00991350555419922,0.00444500017166138),(0.0987922592163086,0.00991350555419922,
0.00825500011444092),(0.0988305358886719,0.00983526039123535,0.00444500017166138),
(0.0988305358886719,0.00983526039123535,0.00825500011444092),(0.0988548736572266,
0.00975162696838379,0.00444500017166138),(0.0988548736572266,0.00975162696838379,
0.00825500011444092),(0.0991153259277344,0.00844937324523926,0.00444500017166138),
(0.0991153259277344,0.00844937324523926,0.00825500011444092),(0.0991396713256836,
0.00836573886871338,0.00444500017166138),(0.0991396713256836,0.00836573886871338,
0.00825500011444092),(0.0991779403686524,0.00828749370574951,0.00444500017166138),
(0.0991779403686524,0.00828749370574951,0.00825500011444092),(0.0992290191650391,
0.00821693706512451,0.00444500017166138),(0.0992290191650391,0.00821693706512451,
0.00825500011444092),(0.099291389465332,0.00815614223480225,0.00444500017166138),
(0.099291389465332,0.00815614223480225,0.00825500011444092),(0.0993632354736328,
0.00810689735412598,0.00444500017166138),(0.0993632354736328,0.00810689735412598,
0.00825500011444092),(0.0994424438476563,0.00807065010070801,0.00444500017166138),
(0.0994424438476563,0.00807065010070801,0.00825500011444092),(0.0995266723632813,
0.0080484676361084,0.00444500017166138),(0.0995266723632813,0.0080484676361084,
0.00825500011444092),(0.0996134567260742,0.00804100036621094,0.00444500017166138),
(0.0996134567260742,0.00804100036621094,0.00825500011444092),(0.100030540466309,
0.00804100036621094,0.00444500017166138),(0.100030540466309,0.00804100036621094,
0.00825500011444092),(0.100117324829102,0.0080484676361084,0.00444500017166138),
(0.100117324829102,0.0080484676361084,0.00825500011444092),(0.100201553344727,
0.00807065010070801,0.00444500017166138),(0.100201553344727,0.00807065010070801,
0.00825500011444092),(0.10028076171875,0.00810689735412598,0.00444500017166138),
(0.10028076171875,0.00810689735412598,0.00825500011444092),(0.100352607727051,
0.00815614223480225,0.00444500017166138),(0.100352607727051,0.00815614223480225,
0.00825500011444092),(0.100414985656738,0.00821693706512451,0.00444500017166138),
(0.100414985656738,0.00821693706512451,0.00825500011444092),(0.10046605682373,
0.00828749370574951,0.00444500017166138),(0.10046605682373,0.00828749370574951,
0.00825500011444092),(0.100504333496094,0.00836573886871338,0.00444500017166138),
(0.100504333496094,0.00836573886871338,0.00825500011444092),(0.100528671264648,
0.00844937324523926,0.00444500017166138),(0.100528671264648,0.00844937324523926,
0.00825500011444092),(0.100789123535156,0.00975162696838379,0.00444500017166138),
(0.100789123535156,0.00975162696838379,0.00825500011444092),(0.100813461303711,
0.00983526039123535,0.00444500017166138),(0.100813461303711,0.00983526039123535,
0.00825500011444092),(0.100851737976074,0.00991350555419922,0.00444500017166138),
(0.100851737976074,0.00991350555419922,0.00825500011444092),(0.100902816772461,
0.00998406314849854,0.00444500017166138),(0.100902816772461,0.00998406314849854,
0.00825500011444092),(0.100965194702148,0.0100448579788208,0.00444500017166138),
(0.100965194702148,0.0100448579788208,0.00825500011444092),(0.101037040710449,
0.0100941028594971,0.00444500017166138),(0.101037040710449,0.0100941028594971,
0.00825500011444092),(0.101116249084473,0.0101303491592407,0.00444500017166138),
(0.101116249084473,0.0101303491592407,0.00825500011444092),(0.101200477600098,
0.0101525325775146,0.00444500017166138),(0.101200477600098,0.0101525325775146,
0.00825500011444092),(0.101287261962891,0.0101599998474121,0.00444500017166138),
(0.101287261962891,0.0101599998474121,0.00825500011444092),(0.101658737182617,
0.0101599998474121,0.00444500017166138),(0.101658737182617,0.0101599998474121,
0.00825500011444092),(0.10174552154541,0.0101525325775146,0.00444500017166138),
(0.10174552154541,0.0101525325775146,0.00825500011444092),(0.101829750061035,
0.0101303491592407,0.00444500017166138),(0.101829750061035,0.0101303491592407,
0.00825500011444092),(0.101908958435059,0.0100941028594971,0.00444500017166138),
(0.101908958435059,0.0100941028594971,0.00825500011444092),(0.101980804443359,
0.0100448579788208,0.00444500017166138),(0.101980804443359,0.0100448579788208,
0.00825500011444092),(0.102043182373047,0.00998406314849854,0.00444500017166138),
(0.102043182373047,0.00998406314849854,0.00825500011444092),(0.102094261169434,
0.00991350555419922,0.00444500017166138),(0.102094261169434,0.00991350555419922,
0.00825500011444092),(0.102132530212402,0.00983526039123535,0.00444500017166138),
(0.102132530212402,0.00983526039123535,0.00825500011444092),(0.102156875610352,
0.00975162696838379,0.00444500017166138),(0.102156875610352,0.00975162696838379,
0.00825500011444092),(0.102417327880859,0.00844937324523926,0.00444500017166138),
(0.102417327880859,0.00844937324523926,0.00825500011444092),(0.102441665649414,
0.00836573886871338,0.00444500017166138),(0.102441665649414,0.00836573886871338,
0.00825500011444092),(0.102479942321777,0.00828749370574951,0.00444500017166138),
(0.102479942321777,0.00828749370574951,0.00825500011444092),(0.102531013488769,
0.00821693706512451,0.00444500017166138),(0.102531013488769,0.00821693706512451,
0.00825500011444092),(0.102593391418457,0.00815614223480225,0.00444500017166138),
(0.102593391418457,0.00815614223480225,0.00825500011444092),(0.102665245056152,
0.00810689735412598,0.00444500017166138),(0.102665245056152,0.00810689735412598,
0.00825500011444092),(0.102744445800781,0.00807065010070801,0.00444500017166138),
(0.102744445800781,0.00807065010070801,0.00825500011444092),(0.102828674316406,
0.0080484676361084,0.00444500017166138),(0.102828674316406,0.0080484676361084,
0.00825500011444092),(0.102915458679199,0.00804100036621094,0.00444500017166138),
(0.102915458679199,0.00804100036621094,0.00825500011444092),(0.103332542419434,
0.00804100036621094,0.00444500017166138),(0.103332542419434,0.00804100036621094,
0.00825500011444092),(0.103419319152832,0.0080484676361084,0.00444500017166138),
(0.103419319152832,0.0080484676361084,0.00825500011444092),(0.103503555297852,
0.00807065010070801,0.00444500017166138),(0.103503555297852,0.00807065010070801,
0.00825500011444092),(0.10358275604248,0.00810689735412598,0.00444500017166138),
(0.10358275604248,0.00810689735412598,0.00825500011444092),(0.103654609680176,
0.00815614223480225,0.00444500017166138),(0.103654609680176,0.00815614223480225,
0.00825500011444092),(0.103716987609863,0.00821693706512451,0.00444500017166138),
(0.103716987609863,0.00821693706512451,0.00825500011444092),(0.103768058776855,
0.00828749370574951,0.00444500017166138),(0.103768058776855,0.00828749370574951,
0.00825500011444092),(0.103806335449219,0.00836573886871338,0.00444500017166138),
(0.103806335449219,0.00836573886871338,0.00825500011444092),(0.103830673217773,
0.00844937324523926,0.00444500017166138),(0.103830673217773,0.00844937324523926,
0.00825500011444092),(0.104091125488281,0.00975162696838379,0.00444500017166138),
(0.104091125488281,0.00975162696838379,0.00825500011444092),(0.10411547088623,
0.00983526039123535,0.00444500017166138),(0.10411547088623,0.00983526039123535,
0.00825500011444092),(0.104153739929199,0.00991350555419922,0.00444500017166138),
(0.104153739929199,0.00991350555419922,0.00825500011444092),(0.104204818725586,
0.00998406314849854,0.00444500017166138),(0.104204818725586,0.00998406314849854,
0.00825500011444092),(0.104267196655273,0.0100448579788208,0.00444500017166138),
(0.104267196655273,0.0100448579788208,0.00825500011444092),(0.104339042663574,
0.0100941028594971,0.00444500017166138),(0.104339042663574,0.0100941028594971,
0.00825500011444092),(0.104418251037598,0.0101303491592407,0.00444500017166138),
(0.104418251037598,0.0101303491592407,0.00825500011444092),(0.104502479553223,
0.0101525325775146,0.00444500017166138),(0.104502479553223,0.0101525325775146,
0.00825500011444092),(0.104589263916016,0.0101599998474121,0.00444500017166138),
(0.104589263916016,0.0101599998474121,0.00825500011444092),(0.104960739135742,
0.0101599998474121,0.00444500017166138),(0.104960739135742,0.0101599998474121,
0.00825500011444092),(0.105047523498535,0.0101525325775146,0.00444500017166138),
(0.105047523498535,0.0101525325775146,0.00825500011444092),(0.10513175201416,
0.0101303491592407,0.00444500017166138),(0.10513175201416,0.0101303491592407,
0.00825500011444092),(0.105210960388184,0.0100941028594971,0.00444500017166138),
(0.105210960388184,0.0100941028594971,0.00825500011444092),(0.105282806396484,
0.0100448579788208,0.00444500017166138),(0.105282806396484,0.0100448579788208,
0.00825500011444092),(0.105345184326172,0.00998406314849854,0.00444500017166138),
(0.105345184326172,0.00998406314849854,0.00825500011444092),(0.105396263122559,
0.00991350555419922,0.00444500017166138),(0.105396263122559,0.00991350555419922,
0.00825500011444092),(0.105434539794922,0.00983526039123535,0.00444500017166138),
(0.105434539794922,0.00983526039123535,0.00825500011444092),(0.105458869934082,
0.00975162696838379,0.00444500017166138),(0.105458869934082,0.00975162696838379,
0.00825500011444092),(0.105719329833984,0.00844937324523926,0.00444500017166138),
(0.105719329833984,0.00844937324523926,0.00825500011444092),(0.105743667602539,
0.00836573886871338,0.00444500017166138),(0.105743667602539,0.00836573886871338,
0.00825500011444092),(0.105781944274902,0.00828749370574951,0.00444500017166138),
(0.105781944274902,0.00828749370574951,0.00825500011444092),(0.105833015441894,
0.00821693706512451,0.00444500017166138),(0.105833015441894,0.00821693706512451,
0.00825500011444092),(0.105895393371582,0.00815614223480225,0.00444500017166138),
(0.105895393371582,0.00815614223480225,0.00825500011444092),(0.105967239379883,
0.00810689735412598,0.00444500017166138),(0.105967239379883,0.00810689735412598,
0.00825500011444092),(0.106046447753906,0.00807065010070801,0.00444500017166138),
(0.106046447753906,0.00807065010070801,0.00825500011444092),(0.106130676269531,
0.0080484676361084,0.00444500017166138),(0.106130676269531,0.0080484676361084,
0.00825500011444092),(0.106217460632324,0.00804100036621094,0.00444500017166138),
(0.106217460632324,0.00804100036621094,0.00825500011444092),(0.106634544372559,
0.00804100036621094,0.00444500017166138),(0.106634544372559,0.00804100036621094,
0.00825500011444092),(0.106721328735352,0.0080484676361084,0.00444500017166138),
(0.106721328735352,0.0080484676361084,0.00825500011444092),(0.106805557250976,
0.00807065010070801,0.00444500017166138),(0.106805557250977,0.00807065010070801,
0.00825500011444092),(0.106884765625,0.00810689735412598,0.00444500017166138),
(0.106884765625,0.00810689735412598,0.00825500011444092),(0.106956611633301,
0.00815614223480225,0.00444500017166138),(0.106956611633301,0.00815614223480225,
0.00825500011444092),(0.107018981933594,0.00821693706512451,0.00444500017166138),
(0.107018981933594,0.00821693706512451,0.00825500011444092),(0.10707006072998,
0.00828749370574951,0.00444500017166138),(0.10707006072998,0.00828749370574951,
0.00825500011444092),(0.107108329772949,0.00836573886871338,0.00444500017166138),
(0.107108329772949,0.00836573886871338,0.00825500011444092),(0.107132675170898,
0.00844937324523926,0.00444500017166138),(0.107132675170898,0.00844937324523926,
0.00825500011444092),(0.107393119812012,0.00975162696838379,0.00444500017166138),
(0.107393119812012,0.00975162696838379,0.00825500011444092),(0.107417465209961,
0.00983526039123535,0.00444500017166138),(0.107417465209961,0.00983526039123535,
0.00825500011444092),(0.10745573425293,0.00991350555419922,0.00444500017166138),
(0.10745573425293,0.00991350555419922,0.00825500011444092),(0.107506813049316,
0.00998406314849854,0.00444500017166138),(0.107506813049316,0.00998406314849854,
0.00825500011444092),(0.107569198608398,0.0100448579788208,0.00444500017166138),
(0.107569198608398,0.0100448579788208,0.00825500011444092),(0.107641044616699,
0.0100941028594971,0.00444500017166138),(0.107641044616699,0.0100941028594971,
0.00825500011444092),(0.107720237731934,0.0101303491592407,0.00444500017166138),
(0.107720237731934,0.0101303491592407,0.00825500011444092),(0.107804473876953,
0.0101525325775146,0.00444500017166138),(0.107804473876953,0.0101525325775146,
0.00825500011444092),(0.107891258239746,0.0101599998474121,0.00444500017166138),
(0.107891258239746,0.0101599998474121,0.00825500011444092),(0.108262741088867,
0.0101599998474121,0.00444500017166138),(0.108262741088867,0.0101599998474121,
0.00825500011444092),(0.10834952545166,0.0101525325775146,0.00444500017166138),
(0.10834952545166,0.0101525325775146,0.00825500011444092),(0.108433753967285,
0.0101303491592407,0.00444500017166138),(0.108433753967285,0.0101303491592407,
0.00825500011444092),(0.108512962341309,0.0100941028594971,0.00444500017166138),
(0.108512962341309,0.0100941028594971,0.00825500011444092),(0.108584808349609,
0.0100448579788208,0.00444500017166138),(0.108584808349609,0.0100448579788208,
0.00825500011444092),(0.108647186279297,0.00998406314849854,0.00444500017166138),
(0.108647186279297,0.00998406314849854,0.00825500011444092),(0.108698265075684,
0.00991350555419922,0.00444500017166138),(0.108698265075684,0.00991350555419922,
0.00825500011444092),(0.108736526489258,0.00983526039123535,0.00444500017166138),
(0.108736526489258,0.00983526039123535,0.00825500011444092),(0.108760879516601,
0.00975162696838379,0.00825500011444092),(0.108760879516602,0.00975162696838379,
0.00444500017166138),(0.109021324157715,0.00844937324523926,0.00444500017166138),
(0.109021324157715,0.00844937324523926,0.00825500011444092),(0.109045669555664,
0.00836573886871338,0.00444500017166138),(0.109045669555664,0.00836573886871338,
0.00825500011444092),(0.109083938598633,0.00828749370574951,0.00444500017166138),
(0.109083938598633,0.00828749370574951,0.00825500011444092),(0.109135017395019,
0.00821693706512451,0.00825500011444092),(0.10913501739502,0.00821693706512451,
0.00444500017166138),(0.109197395324707,0.00815614223480225,0.00444500017166138),
(0.109197395324707,0.00815614223480225,0.00825500011444092),(0.109269241333008,
0.00810689735412598,0.00825500011444092),(0.109269241333008,0.00810689735412598,
0.00444500017166138),(0.109348449707031,0.00807065010070801,0.00444500017166138),
(0.109348449707031,0.00807065010070801,0.00825500011444092),(0.109432678222656,
0.0080484676361084,0.00444500017166138),(0.109432678222656,0.0080484676361084,
0.00825500011444092),(0.109519462585449,0.00804100036621094,0.00444500017166138),
(0.109519462585449,0.00804100036621094,0.00825500011444092),(0.109936538696289,
0.00804100036621094,0.00444500017166138),(0.109936538696289,0.00804100036621094,
0.00825500011444092),(0.110023323059082,0.0080484676361084,0.00444500017166138),
(0.110023323059082,0.0080484676361084,0.00825500011444092),(0.110107559204102,
0.00807065010070801,0.00444500017166138),(0.110107559204102,0.00807065010070801,
0.00825500011444092),(0.110186752319336,0.00810689735412598,0.00444500017166138),
(0.110186752319336,0.00810689735412598,0.00825500011444092),(0.110258605957031,
0.00815614223480225,0.00444500017166138),(0.110258605957031,0.00815614223480225,
0.00825500011444092),(0.110320983886719,0.00821693706512451,0.00444500017166138),
(0.110320983886719,0.00821693706512451,0.00825500011444092),(0.110372062683105,
0.00828749370574951,0.00444500017166138),(0.110372062683105,0.00828749370574951,
0.00825500011444092),(0.110410331726074,0.00836573886871338,0.00444500017166138),
(0.110410331726074,0.00836573886871338,0.00825500011444092),(0.110434677124023,
0.00844937324523926,0.00444500017166138),(0.110434677124023,0.00844937324523926,
0.00825500011444092),(0.110695121765137,0.00975162696838379,0.00444500017166138),
(0.110695121765137,0.00975162696838379,0.00825500011444092),(0.110719467163086,
0.00983526039123535,0.00444500017166138),(0.110719467163086,0.00983526039123535,
0.00825500011444092),(0.110757736206055,0.00991350555419922,0.00444500017166138),
(0.110757736206055,0.00991350555419922,0.00825500011444092),(0.110808822631836,
0.00998406314849854,0.00444500017166138),(0.110808822631836,0.00998406314849854,
0.00825500011444092),(0.110871192932129,0.0100448579788208,0.00444500017166138),
(0.110871192932129,0.0100448579788208,0.00825500011444092),(0.11094303894043,
0.0100941028594971,0.00444500017166138),(0.11094303894043,0.0100941028594971,
0.00825500011444092),(0.111022247314453,0.0101303491592407,0.00444500017166138),
(0.111022247314453,0.0101303491592407,0.00825500011444092),(0.111106475830078,
0.0101525325775146,0.00444500017166138),(0.111106475830078,0.0101525325775146,
0.00825500011444092),(0.111193260192871,0.0101599998474121,0.00444500017166138),
(0.111193260192871,0.0101599998474121,0.00825500011444092),(0.111759994506836,
0.0101599998474121,0.00444500017166138),(0.111759994506836,0.0101599998474121,
0.00825500011444092),(0.111759994506836,0.0114300003051758,0.00444500017166138),
(0.111759994506836,0.0114300003051758,0.00825500011444092),(0.111759994506836,
0.0126999998092651,0.00317500019073486),(0.111759994506836,0.0126999998092651,
0.00952500057220459),(0.111759994506836,0.0152399997711182,0.00317500019073486),
(0.111759994506836,0.0152399997711182,0.00952500057220459)));
#113=TESSELLATED_SHELL('Part 1',(#111),$);
#114=SHAPE_DEFINITION_REPRESENTATION(#209,#118);
#115=SHAPE_DEFINITION_REPRESENTATION(#79,#119);
#116=SHAPE_DEFINITION_REPRESENTATION(#80,#120);
#117=SHAPE_DEFINITION_REPRESENTATION(#81,#121);
#118=SHAPE_REPRESENTATION('Part 1',(#122),#204);
#119=SHAPE_REPRESENTATION($,(#113),$);
#120=SHAPE_REPRESENTATION($,(#65),$);
#121=SHAPE_REPRESENTATION($,(#66),$);
#122=AXIS2_PLACEMENT_3D('',#137,#127,#128);
#123=AXIS2_PLACEMENT_3D('',#138,#129,#130);
#124=AXIS2_PLACEMENT_3D('',#162,#131,#132);
#125=AXIS2_PLACEMENT_3D('',#168,#133,#134);
#126=AXIS2_PLACEMENT_3D('',#178,#135,#136);
#127=DIRECTION('',(0.,0.,1.));
#128=DIRECTION('',(1.,0.,0.));
#129=DIRECTION('',(-1.,0.,0.));
#130=DIRECTION('',(0.,0.,1.));
#131=DIRECTION('',(1.,0.,0.));
#132=DIRECTION('',(0.,0.,-1.));
#133=DIRECTION('',(1.,0.,0.));
#134=DIRECTION('',(0.,1.,0.));
#135=DIRECTION('',(-1.,0.,0.));
#136=DIRECTION('',(0.,0.,1.));
#137=CARTESIAN_POINT('',(0.,0.,0.));
#138=CARTESIAN_POINT('',(0.0406,0.0116296506524086,0.0050583491101861));
#139=CARTESIAN_POINT('',(0.0367599983215332,0.0121812024371722,0.00436425184220788));
#140=CARTESIAN_POINT('',(0.0367599983215332,0.012510457544581,0.00495755423237755));
#141=CARTESIAN_POINT('',(0.0367599983215332,0.0123237479203868,0.00560990089494973));
#142=CARTESIAN_POINT('',(0.0367599983215332,0.0117304455302171,0.00593915600235846));
#143=CARTESIAN_POINT('',(0.0367599983215332,0.011078098867645,0.00575244637816432));
#144=CARTESIAN_POINT('',(0.0367599983215332,0.0107488437602362,0.00515914398799465));
#145=CARTESIAN_POINT('',(0.0367599983215332,0.0109355533844304,0.00450679732542247));
#146=CARTESIAN_POINT('',(0.0367599983215332,0.0115288557746001,0.00417754221801374));
#147=CARTESIAN_POINT('',(0.0367599983215332,0.0121812024371722,0.00436425184220788));
#148=CARTESIAN_POINT('',(0.0367599983215332,0.012510457544581,0.00495755423237755));
#149=CARTESIAN_POINT('',(0.0367599983215332,0.0123237479203868,0.00560990089494973));
#150=CARTESIAN_POINT('',(0.0367599983215332,0.0124244634226471,0.00496739494444464));
#151=CARTESIAN_POINT('',(0.0405699996948243,0.0116165439229318,0.00425845648386528));
#152=CARTESIAN_POINT('',(0.0405699996948243,0.0114350353260435,0.0042614306131407));
#153=CARTESIAN_POINT('',(0.0405699996948243,0.0112552118246231,0.00432845200755044));
#154=CARTESIAN_POINT('',(0.0405699996948243,0.0111160330129037,0.00444500017166138));
#155=CARTESIAN_POINT('',(0.0405699996948243,0.0116165439229318,0.00425845648386528));
#156=CARTESIAN_POINT('',(0.0405699996948243,0.0111160330129037,0.00444500017166138));
#157=CARTESIAN_POINT('',(0.0406,0.0116165439229318,0.00425845648386528));
#158=CARTESIAN_POINT('',(0.0405899998982748,0.0116165439229318,0.00425845648386528));
#159=CARTESIAN_POINT('',(0.0405799997965495,0.0116165439229318,0.00425845648386528));
#160=CARTESIAN_POINT('',(0.0405699996948243,0.0116165439229318,0.00425845648386528));
#161=CARTESIAN_POINT('',(0.0406,0.0116165439229318,0.00425845648386528));
#162=CARTESIAN_POINT('',(0.0406,0.0116296506524086,0.0050583491101861));
#163=CARTESIAN_POINT('',(0.0406,0.0111160330027605,0.00444500017166138));
#164=CARTESIAN_POINT('',(0.0405699996948243,0.0111160330129037,0.00444500017166138));
#165=CARTESIAN_POINT('',(0.0405799997965495,0.0111160330129037,0.00444500017166138));
#166=CARTESIAN_POINT('',(0.0405899998982748,0.0111160330129037,0.00444500017166138));
#167=CARTESIAN_POINT('',(0.0406,0.0111160330129037,0.00444500017166138));
#168=CARTESIAN_POINT('',(0.0406,0.0166296506524086,0.00506917455509305));
#169=CARTESIAN_POINT('',(0.0406,0.0114300003051758,0.00444500017166138));
#170=CARTESIAN_POINT('',(0.0406,0.011325344537704,0.00444500017166138));
#171=CARTESIAN_POINT('',(0.0406,0.0112206887702322,0.00444500017166138));
#172=CARTESIAN_POINT('',(0.0406,0.0111160330027605,0.00444500017166138));
#173=CARTESIAN_POINT('',(0.0406,0.0114300003051758,0.00444500017166138));
#174=CARTESIAN_POINT('',(0.0406,0.0116165439229318,0.00425845648386531));
#175=CARTESIAN_POINT('',(0.0406,0.0115543627170131,0.00432063771313067));
#176=CARTESIAN_POINT('',(0.0406,0.0114921815110952,0.00438281894239608));
#177=CARTESIAN_POINT('',(0.0406,0.0114300003051758,0.00444500017166138));
#178=CARTESIAN_POINT('',(0.0406,0.0216296506524086,0.00508));
#179=CARTESIAN_POINT('',(0.0405699996948242,0.0214023890582127,0.00593693206060591));
#180=CARTESIAN_POINT('',(0.0405699996948242,0.02207489490912,0.00584664068542982));
#181=CARTESIAN_POINT('',(0.0405699996948242,0.0224865827130145,0.00530726159419595));
#182=CARTESIAN_POINT('',(0.0405699996948242,0.0223962913378384,0.00463475574328863));
#183=CARTESIAN_POINT('',(0.0405699996948242,0.0218569122466046,0.00422306793939409));
#184=CARTESIAN_POINT('',(0.0405699996948242,0.0211844063956972,0.00431335931457018));
#185=CARTESIAN_POINT('',(0.0405699996948242,0.0207727185918027,0.00485273840580405));
#186=CARTESIAN_POINT('',(0.0405699996948242,0.0208630099669788,0.00552524425671138));
#187=CARTESIAN_POINT('',(0.0405699996948242,0.0214023890582127,0.00593693206060591));
#188=CARTESIAN_POINT('',(0.0405699996948242,0.02207489490912,0.00584664068542982));
#189=CARTESIAN_POINT('',(0.0405699996948242,0.0224865827130145,0.00530726159419595));
#190=CARTESIAN_POINT('',(0.0405699996948242,0.0220314252346178,0.00577179273275353));
#191=CARTESIAN_POINT('',(0.0367599983215332,0.0207432815353823,0.00506182922476006));
#192=CARTESIAN_POINT('',(0.0367599983215332,0.0210157417175166,0.00444039370832481));
#193=CARTESIAN_POINT('',(0.0367599983215332,0.0216478214276485,0.00419363088297372));
#194=CARTESIAN_POINT('',(0.0367599983215332,0.0222692569440838,0.00446609106510796));
#195=CARTESIAN_POINT('',(0.0367599983215332,0.0225160197694349,0.00509817077523994));
#196=CARTESIAN_POINT('',(0.0367599983215332,0.0222435595873006,0.0057196062916752));
#197=CARTESIAN_POINT('',(0.0367599983215332,0.0216114798771687,0.00596636911702628));
#198=CARTESIAN_POINT('',(0.0367599983215332,0.0209900443607334,0.00569390893489204));
#199=CARTESIAN_POINT('',(0.0367599983215332,0.0207432815353823,0.00506182922476006));
#200=CARTESIAN_POINT('',(0.0367599983215332,0.0210157417175166,0.00444039370832481));
#201=CARTESIAN_POINT('',(0.0367599983215332,0.0216478214276485,0.00419363088297372));
#202=CARTESIAN_POINT('',(0.0367599983215332,0.0210756783055162,0.00450283915683884));
#203=MECHANICAL_DESIGN_GEOMETRIC_PRESENTATION_REPRESENTATION('',(#82,#83,
#84,#85),#204);
#204=(
GEOMETRIC_REPRESENTATION_CONTEXT(3)
GLOBAL_UNCERTAINTY_ASSIGNED_CONTEXT((#205))
GLOBAL_UNIT_ASSIGNED_CONTEXT((#208,#207,#206))
REPRESENTATION_CONTEXT('Part 1','TOP_LEVEL_ASSEMBLY_PART')
);
#205=UNCERTAINTY_MEASURE_WITH_UNIT(LENGTH_MEASURE(2.E-5),#208,
'DISTANCE_ACCURACY_VALUE','Maximum Tolerance applied to model');
#206=(
NAMED_UNIT(*)
SI_UNIT($,.STERADIAN.)
SOLID_ANGLE_UNIT()
);
#207=(
NAMED_UNIT(*)
PLANE_ANGLE_UNIT()
SI_UNIT($,.RADIAN.)
);
#208=(
LENGTH_UNIT()
NAMED_UNIT(*)
SI_UNIT($,.METRE.)
);
#209=PRODUCT_DEFINITION_SHAPE('','',#210);
#210=PRODUCT_DEFINITION('','',#212,#211);
#211=PRODUCT_DEFINITION_CONTEXT('',#218,'design');
#212=PRODUCT_DEFINITION_FORMATION_WITH_SPECIFIED_SOURCE('','',#214,
 .NOT_KNOWN.);
#213=PRODUCT_RELATED_PRODUCT_CATEGORY('','',(#214));
#214=PRODUCT('Part 1','Part 1','Part 1',(#216));
#215=PRODUCT_CATEGORY('','');
#216=PRODUCT_CONTEXT('',#218,'mechanical');
#217=APPLICATION_PROTOCOL_DEFINITION('international standard',
'ap242_managed_model_based_3d_engineering',2020,#218);
#218=APPLICATION_CONTEXT('managed model based 3d engineering');
ENDSEC;
END-ISO-10303-21;
