ISO-10303-21;
HEADER;
/* Generated by software containing ST-Developer
 * from STEP Tools, Inc. (www.steptools.com) 
 */
/* OPTION: using custom renumber hook */

FILE_DESCRIPTION(
/* description */ ('STEP AP242 Edition 2',
'CAx-IF Rec.Pracs.---Representation and Presentation of Product Manufa
cturing Information (PMI)---4.0---2014-10-13',
'CAx-IF Rec.Pracs.---3D Tessellated Geometry---0.4---2014-09-14','2;1',
'CAx-IF Rec.Pracs.---User Defined Attributes---1.5---2016-08-15'),
/* implementation_level */ '2;1');

FILE_NAME(
/* name */ 'Stamp',
/* time_stamp */ '2026-06-13T20:25:10Z',
/* author */ (''),
/* organization */ (''),
/* preprocessor_version */ 'ST-DEVELOPER v20',
/* originating_system */ 'ONSHAPE BY PTC INC, 1.216',
/* authorisation */ '  ');

FILE_SCHEMA (('AP242_MANAGED_MODEL_BASED_3D_ENGINEERING_MIM_LF { 1 0 10303 442 3 1 4 }'));
ENDSEC;

DATA;
#10=SHAPE_REPRESENTATION_RELATIONSHIP('','',#8313,#11);
#11=ADVANCED_BREP_SHAPE_REPRESENTATION('',(#8311),#14135);
#12=B_SPLINE_SURFACE_WITH_KNOTS('',3,1,((#11131,#11132),(#11133,#11134),
(#11135,#11136),(#11137,#11138)),.SURF_OF_LINEAR_EXTRUSION.,.F.,.F.,.F.,
(4,4),(2,2),(0.,1.),(0.,1.),.PIECEWISE_BEZIER_KNOTS.);
#13=B_SPLINE_SURFACE_WITH_KNOTS('',3,1,((#11144,#11145),(#11146,#11147),
(#11148,#11149),(#11150,#11151)),.SURF_OF_LINEAR_EXTRUSION.,.F.,.F.,.F.,
(4,4),(2,2),(0.,1.),(0.,1.),.PIECEWISE_BEZIER_KNOTS.);
#14=B_SPLINE_SURFACE_WITH_KNOTS('',3,1,((#11157,#11158),(#11159,#11160),
(#11161,#11162),(#11163,#11164)),.SURF_OF_LINEAR_EXTRUSION.,.F.,.F.,.F.,
(4,4),(2,2),(0.,1.),(0.,1.),.PIECEWISE_BEZIER_KNOTS.);
#15=B_SPLINE_SURFACE_WITH_KNOTS('',3,1,((#11206,#11207),(#11208,#11209),
(#11210,#11211),(#11212,#11213)),.SURF_OF_LINEAR_EXTRUSION.,.F.,.F.,.F.,
(4,4),(2,2),(0.,1.),(0.,1.),.PIECEWISE_BEZIER_KNOTS.);
#16=B_SPLINE_SURFACE_WITH_KNOTS('',3,1,((#11219,#11220),(#11221,#11222),
(#11223,#11224),(#11225,#11226)),.SURF_OF_LINEAR_EXTRUSION.,.F.,.F.,.F.,
(4,4),(2,2),(0.,1.),(0.,1.),.PIECEWISE_BEZIER_KNOTS.);
#17=B_SPLINE_SURFACE_WITH_KNOTS('',3,1,((#11232,#11233),(#11234,#11235),
(#11236,#11237),(#11238,#11239)),.SURF_OF_LINEAR_EXTRUSION.,.F.,.F.,.F.,
(4,4),(2,2),(0.,1.),(0.,1.),.PIECEWISE_BEZIER_KNOTS.);
#18=B_SPLINE_SURFACE_WITH_KNOTS('',3,1,((#11274,#11275),(#11276,#11277),
(#11278,#11279),(#11280,#11281)),.SURF_OF_LINEAR_EXTRUSION.,.F.,.F.,.F.,
(4,4),(2,2),(0.,1.),(0.,1.),.PIECEWISE_BEZIER_KNOTS.);
#19=B_SPLINE_SURFACE_WITH_KNOTS('',3,1,((#11287,#11288),(#11289,#11290),
(#11291,#11292),(#11293,#11294)),.SURF_OF_LINEAR_EXTRUSION.,.F.,.F.,.F.,
(4,4),(2,2),(0.,1.),(0.,1.),.PIECEWISE_BEZIER_KNOTS.);
#20=B_SPLINE_SURFACE_WITH_KNOTS('',3,1,((#11300,#11301),(#11302,#11303),
(#11304,#11305),(#11306,#11307)),.SURF_OF_LINEAR_EXTRUSION.,.F.,.F.,.F.,
(4,4),(2,2),(0.,1.),(0.,1.),.PIECEWISE_BEZIER_KNOTS.);
#21=B_SPLINE_SURFACE_WITH_KNOTS('',3,1,((#11365,#11366),(#11367,#11368),
(#11369,#11370),(#11371,#11372)),.SURF_OF_LINEAR_EXTRUSION.,.F.,.F.,.F.,
(4,4),(2,2),(0.,1.),(0.,1.),.PIECEWISE_BEZIER_KNOTS.);
#22=B_SPLINE_SURFACE_WITH_KNOTS('',3,1,((#11378,#11379),(#11380,#11381),
(#11382,#11383),(#11384,#11385)),.SURF_OF_LINEAR_EXTRUSION.,.F.,.F.,.F.,
(4,4),(2,2),(0.,1.),(0.,1.),.PIECEWISE_BEZIER_KNOTS.);
#23=B_SPLINE_SURFACE_WITH_KNOTS('',3,1,((#11391,#11392),(#11393,#11394),
(#11395,#11396),(#11397,#11398)),.SURF_OF_LINEAR_EXTRUSION.,.F.,.F.,.F.,
(4,4),(2,2),(0.,1.),(0.,1.),.PIECEWISE_BEZIER_KNOTS.);
#24=B_SPLINE_SURFACE_WITH_KNOTS('',3,1,((#11512,#11513),(#11514,#11515),
(#11516,#11517),(#11518,#11519)),.SURF_OF_LINEAR_EXTRUSION.,.F.,.F.,.F.,
(4,4),(2,2),(0.,1.),(0.,1.),.PIECEWISE_BEZIER_KNOTS.);
#25=B_SPLINE_SURFACE_WITH_KNOTS('',3,1,((#11538,#11539),(#11540,#11541),
(#11542,#11543),(#11544,#11545)),.SURF_OF_LINEAR_EXTRUSION.,.F.,.F.,.F.,
(4,4),(2,2),(0.,1.),(0.,1.),.PIECEWISE_BEZIER_KNOTS.);
#26=B_SPLINE_SURFACE_WITH_KNOTS('',3,1,((#11555,#11556),(#11557,#11558),
(#11559,#11560),(#11561,#11562)),.SURF_OF_LINEAR_EXTRUSION.,.F.,.F.,.F.,
(4,4),(2,2),(0.,1.),(0.,1.),.PIECEWISE_BEZIER_KNOTS.);
#27=B_SPLINE_SURFACE_WITH_KNOTS('',3,1,((#11600,#11601),(#11602,#11603),
(#11604,#11605),(#11606,#11607)),.SURF_OF_LINEAR_EXTRUSION.,.F.,.F.,.F.,
(4,4),(2,2),(0.,1.),(0.,1.),.PIECEWISE_BEZIER_KNOTS.);
#28=B_SPLINE_SURFACE_WITH_KNOTS('',3,1,((#11613,#11614),(#11615,#11616),
(#11617,#11618),(#11619,#11620)),.SURF_OF_LINEAR_EXTRUSION.,.F.,.F.,.F.,
(4,4),(2,2),(0.,1.),(0.,1.),.PIECEWISE_BEZIER_KNOTS.);
#29=B_SPLINE_SURFACE_WITH_KNOTS('',3,1,((#11626,#11627),(#11628,#11629),
(#11630,#11631),(#11632,#11633)),.SURF_OF_LINEAR_EXTRUSION.,.F.,.F.,.F.,
(4,4),(2,2),(0.,1.),(0.,1.),.PIECEWISE_BEZIER_KNOTS.);
#30=B_SPLINE_SURFACE_WITH_KNOTS('',3,1,((#11643,#11644),(#11645,#11646),
(#11647,#11648),(#11649,#11650)),.SURF_OF_LINEAR_EXTRUSION.,.F.,.F.,.F.,
(4,4),(2,2),(0.,1.),(0.,1.),.PIECEWISE_BEZIER_KNOTS.);
#31=B_SPLINE_SURFACE_WITH_KNOTS('',3,1,((#11656,#11657),(#11658,#11659),
(#11660,#11661),(#11662,#11663)),.SURF_OF_LINEAR_EXTRUSION.,.F.,.F.,.F.,
(4,4),(2,2),(0.,1.),(0.,1.),.PIECEWISE_BEZIER_KNOTS.);
#32=B_SPLINE_SURFACE_WITH_KNOTS('',3,1,((#11669,#11670),(#11671,#11672),
(#11673,#11674),(#11675,#11676)),.SURF_OF_LINEAR_EXTRUSION.,.F.,.F.,.F.,
(4,4),(2,2),(0.,1.),(0.,1.),.PIECEWISE_BEZIER_KNOTS.);
#33=B_SPLINE_SURFACE_WITH_KNOTS('',3,1,((#11682,#11683),(#11684,#11685),
(#11686,#11687),(#11688,#11689)),.SURF_OF_LINEAR_EXTRUSION.,.F.,.F.,.F.,
(4,4),(2,2),(0.,1.),(0.,1.),.PIECEWISE_BEZIER_KNOTS.);
#34=B_SPLINE_SURFACE_WITH_KNOTS('',3,1,((#11695,#11696),(#11697,#11698),
(#11699,#11700),(#11701,#11702)),.SURF_OF_LINEAR_EXTRUSION.,.F.,.F.,.F.,
(4,4),(2,2),(0.,1.),(0.,1.),.PIECEWISE_BEZIER_KNOTS.);
#35=B_SPLINE_SURFACE_WITH_KNOTS('',3,1,((#11732,#11733),(#11734,#11735),
(#11736,#11737),(#11738,#11739)),.SURF_OF_LINEAR_EXTRUSION.,.F.,.F.,.F.,
(4,4),(2,2),(0.,1.),(0.,1.),.PIECEWISE_BEZIER_KNOTS.);
#36=B_SPLINE_SURFACE_WITH_KNOTS('',3,1,((#11745,#11746),(#11747,#11748),
(#11749,#11750),(#11751,#11752)),.SURF_OF_LINEAR_EXTRUSION.,.F.,.F.,.F.,
(4,4),(2,2),(0.,1.),(0.,1.),.PIECEWISE_BEZIER_KNOTS.);
#37=B_SPLINE_SURFACE_WITH_KNOTS('',3,1,((#11758,#11759),(#11760,#11761),
(#11762,#11763),(#11764,#11765)),.SURF_OF_LINEAR_EXTRUSION.,.F.,.F.,.F.,
(4,4),(2,2),(0.,1.),(0.,1.),.PIECEWISE_BEZIER_KNOTS.);
#38=B_SPLINE_SURFACE_WITH_KNOTS('',3,1,((#11769,#11770),(#11771,#11772),
(#11773,#11774),(#11775,#11776)),.SURF_OF_LINEAR_EXTRUSION.,.F.,.F.,.F.,
(4,4),(2,2),(0.,1.),(0.,1.),.PIECEWISE_BEZIER_KNOTS.);
#39=B_SPLINE_SURFACE_WITH_KNOTS('',3,1,((#11815,#11816),(#11817,#11818),
(#11819,#11820),(#11821,#11822)),.SURF_OF_LINEAR_EXTRUSION.,.F.,.F.,.F.,
(4,4),(2,2),(0.,1.),(0.,1.),.PIECEWISE_BEZIER_KNOTS.);
#40=B_SPLINE_SURFACE_WITH_KNOTS('',3,1,((#11828,#11829),(#11830,#11831),
(#11832,#11833),(#11834,#11835)),.SURF_OF_LINEAR_EXTRUSION.,.F.,.F.,.F.,
(4,4),(2,2),(0.,1.),(0.,1.),.PIECEWISE_BEZIER_KNOTS.);
#41=B_SPLINE_SURFACE_WITH_KNOTS('',3,1,((#11841,#11842),(#11843,#11844),
(#11845,#11846),(#11847,#11848)),.SURF_OF_LINEAR_EXTRUSION.,.F.,.F.,.F.,
(4,4),(2,2),(0.,1.),(0.,1.),.PIECEWISE_BEZIER_KNOTS.);
#42=B_SPLINE_SURFACE_WITH_KNOTS('',3,1,((#11890,#11891),(#11892,#11893),
(#11894,#11895),(#11896,#11897)),.SURF_OF_LINEAR_EXTRUSION.,.F.,.F.,.F.,
(4,4),(2,2),(0.,1.),(0.,1.),.PIECEWISE_BEZIER_KNOTS.);
#43=B_SPLINE_SURFACE_WITH_KNOTS('',3,1,((#11903,#11904),(#11905,#11906),
(#11907,#11908),(#11909,#11910)),.SURF_OF_LINEAR_EXTRUSION.,.F.,.F.,.F.,
(4,4),(2,2),(0.,1.),(0.,1.),.PIECEWISE_BEZIER_KNOTS.);
#44=B_SPLINE_SURFACE_WITH_KNOTS('',3,1,((#11916,#11917),(#11918,#11919),
(#11920,#11921),(#11922,#11923)),.SURF_OF_LINEAR_EXTRUSION.,.F.,.F.,.F.,
(4,4),(2,2),(0.,1.),(0.,1.),.PIECEWISE_BEZIER_KNOTS.);
#45=B_SPLINE_SURFACE_WITH_KNOTS('',3,1,((#11990,#11991),(#11992,#11993),
(#11994,#11995),(#11996,#11997)),.SURF_OF_LINEAR_EXTRUSION.,.F.,.F.,.F.,
(4,4),(2,2),(0.,1.),(0.,1.),.PIECEWISE_BEZIER_KNOTS.);
#46=B_SPLINE_SURFACE_WITH_KNOTS('',3,1,((#12003,#12004),(#12005,#12006),
(#12007,#12008),(#12009,#12010)),.SURF_OF_LINEAR_EXTRUSION.,.F.,.F.,.F.,
(4,4),(2,2),(0.,1.),(0.,1.),.PIECEWISE_BEZIER_KNOTS.);
#47=B_SPLINE_SURFACE_WITH_KNOTS('',3,1,((#12016,#12017),(#12018,#12019),
(#12020,#12021),(#12022,#12023)),.SURF_OF_LINEAR_EXTRUSION.,.F.,.F.,.F.,
(4,4),(2,2),(0.,1.),(0.,1.),.PIECEWISE_BEZIER_KNOTS.);
#48=B_SPLINE_SURFACE_WITH_KNOTS('',3,1,((#12065,#12066),(#12067,#12068),
(#12069,#12070),(#12071,#12072)),.SURF_OF_LINEAR_EXTRUSION.,.F.,.F.,.F.,
(4,4),(2,2),(0.,1.),(0.,1.),.PIECEWISE_BEZIER_KNOTS.);
#49=B_SPLINE_SURFACE_WITH_KNOTS('',3,1,((#12078,#12079),(#12080,#12081),
(#12082,#12083),(#12084,#12085)),.SURF_OF_LINEAR_EXTRUSION.,.F.,.F.,.F.,
(4,4),(2,2),(0.,1.),(0.,1.),.PIECEWISE_BEZIER_KNOTS.);
#50=B_SPLINE_SURFACE_WITH_KNOTS('',3,1,((#12091,#12092),(#12093,#12094),
(#12095,#12096),(#12097,#12098)),.SURF_OF_LINEAR_EXTRUSION.,.F.,.F.,.F.,
(4,4),(2,2),(0.,1.),(0.,1.),.PIECEWISE_BEZIER_KNOTS.);
#51=B_SPLINE_SURFACE_WITH_KNOTS('',3,1,((#12135,#12136),(#12137,#12138),
(#12139,#12140),(#12141,#12142)),.SURF_OF_LINEAR_EXTRUSION.,.F.,.F.,.F.,
(4,4),(2,2),(0.,1.),(0.,1.),.PIECEWISE_BEZIER_KNOTS.);
#52=B_SPLINE_SURFACE_WITH_KNOTS('',3,1,((#12161,#12162),(#12163,#12164),
(#12165,#12166),(#12167,#12168)),.SURF_OF_LINEAR_EXTRUSION.,.F.,.F.,.F.,
(4,4),(2,2),(0.,1.),(0.,1.),.PIECEWISE_BEZIER_KNOTS.);
#53=B_SPLINE_SURFACE_WITH_KNOTS('',3,1,((#12178,#12179),(#12180,#12181),
(#12182,#12183),(#12184,#12185)),.SURF_OF_LINEAR_EXTRUSION.,.F.,.F.,.F.,
(4,4),(2,2),(0.,1.),(0.,1.),.PIECEWISE_BEZIER_KNOTS.);
#54=B_SPLINE_SURFACE_WITH_KNOTS('',3,1,((#12223,#12224),(#12225,#12226),
(#12227,#12228),(#12229,#12230)),.SURF_OF_LINEAR_EXTRUSION.,.F.,.F.,.F.,
(4,4),(2,2),(0.,1.),(0.,1.),.PIECEWISE_BEZIER_KNOTS.);
#55=B_SPLINE_SURFACE_WITH_KNOTS('',3,1,((#12236,#12237),(#12238,#12239),
(#12240,#12241),(#12242,#12243)),.SURF_OF_LINEAR_EXTRUSION.,.F.,.F.,.F.,
(4,4),(2,2),(0.,1.),(0.,1.),.PIECEWISE_BEZIER_KNOTS.);
#56=B_SPLINE_SURFACE_WITH_KNOTS('',3,1,((#12249,#12250),(#12251,#12252),
(#12253,#12254),(#12255,#12256)),.SURF_OF_LINEAR_EXTRUSION.,.F.,.F.,.F.,
(4,4),(2,2),(0.,1.),(0.,1.),.PIECEWISE_BEZIER_KNOTS.);
#57=B_SPLINE_SURFACE_WITH_KNOTS('',3,1,((#12266,#12267),(#12268,#12269),
(#12270,#12271),(#12272,#12273)),.SURF_OF_LINEAR_EXTRUSION.,.F.,.F.,.F.,
(4,4),(2,2),(0.,1.),(0.,1.),.PIECEWISE_BEZIER_KNOTS.);
#58=B_SPLINE_SURFACE_WITH_KNOTS('',3,1,((#12279,#12280),(#12281,#12282),
(#12283,#12284),(#12285,#12286)),.SURF_OF_LINEAR_EXTRUSION.,.F.,.F.,.F.,
(4,4),(2,2),(0.,1.),(0.,1.),.PIECEWISE_BEZIER_KNOTS.);
#59=B_SPLINE_SURFACE_WITH_KNOTS('',3,1,((#12292,#12293),(#12294,#12295),
(#12296,#12297),(#12298,#12299)),.SURF_OF_LINEAR_EXTRUSION.,.F.,.F.,.F.,
(4,4),(2,2),(0.,1.),(0.,1.),.PIECEWISE_BEZIER_KNOTS.);
#60=B_SPLINE_SURFACE_WITH_KNOTS('',3,1,((#12305,#12306),(#12307,#12308),
(#12309,#12310),(#12311,#12312)),.SURF_OF_LINEAR_EXTRUSION.,.F.,.F.,.F.,
(4,4),(2,2),(0.,1.),(0.,1.),.PIECEWISE_BEZIER_KNOTS.);
#61=B_SPLINE_SURFACE_WITH_KNOTS('',3,1,((#12318,#12319),(#12320,#12321),
(#12322,#12323),(#12324,#12325)),.SURF_OF_LINEAR_EXTRUSION.,.F.,.F.,.F.,
(4,4),(2,2),(0.,1.),(0.,1.),.PIECEWISE_BEZIER_KNOTS.);
#62=B_SPLINE_SURFACE_WITH_KNOTS('',3,1,((#12355,#12356),(#12357,#12358),
(#12359,#12360),(#12361,#12362)),.SURF_OF_LINEAR_EXTRUSION.,.F.,.F.,.F.,
(4,4),(2,2),(0.,1.),(0.,1.),.PIECEWISE_BEZIER_KNOTS.);
#63=B_SPLINE_SURFACE_WITH_KNOTS('',3,1,((#12368,#12369),(#12370,#12371),
(#12372,#12373),(#12374,#12375)),.SURF_OF_LINEAR_EXTRUSION.,.F.,.F.,.F.,
(4,4),(2,2),(0.,1.),(0.,1.),.PIECEWISE_BEZIER_KNOTS.);
#64=B_SPLINE_SURFACE_WITH_KNOTS('',3,1,((#12381,#12382),(#12383,#12384),
(#12385,#12386),(#12387,#12388)),.SURF_OF_LINEAR_EXTRUSION.,.F.,.F.,.F.,
(4,4),(2,2),(0.,1.),(0.,1.),.PIECEWISE_BEZIER_KNOTS.);
#65=B_SPLINE_SURFACE_WITH_KNOTS('',3,1,((#12392,#12393),(#12394,#12395),
(#12396,#12397),(#12398,#12399)),.SURF_OF_LINEAR_EXTRUSION.,.F.,.F.,.F.,
(4,4),(2,2),(0.,1.),(0.,1.),.PIECEWISE_BEZIER_KNOTS.);
#66=B_SPLINE_SURFACE_WITH_KNOTS('',3,1,((#12516,#12517),(#12518,#12519),
(#12520,#12521),(#12522,#12523)),.SURF_OF_LINEAR_EXTRUSION.,.F.,.F.,.F.,
(4,4),(2,2),(0.,1.),(0.,1.),.PIECEWISE_BEZIER_KNOTS.);
#67=B_SPLINE_SURFACE_WITH_KNOTS('',3,1,((#12536,#12537),(#12538,#12539),
(#12540,#12541),(#12542,#12543)),.SURF_OF_LINEAR_EXTRUSION.,.F.,.F.,.F.,
(4,4),(2,2),(0.,1.),(0.,1.),.PIECEWISE_BEZIER_KNOTS.);
#68=B_SPLINE_SURFACE_WITH_KNOTS('',3,1,((#12553,#12554),(#12555,#12556),
(#12557,#12558),(#12559,#12560)),.SURF_OF_LINEAR_EXTRUSION.,.F.,.F.,.F.,
(4,4),(2,2),(0.,1.),(0.,1.),.PIECEWISE_BEZIER_KNOTS.);
#69=B_SPLINE_SURFACE_WITH_KNOTS('',3,1,((#12582,#12583),(#12584,#12585),
(#12586,#12587),(#12588,#12589)),.SURF_OF_LINEAR_EXTRUSION.,.F.,.F.,.F.,
(4,4),(2,2),(0.,1.),(0.,1.),.PIECEWISE_BEZIER_KNOTS.);
#70=B_SPLINE_SURFACE_WITH_KNOTS('',3,1,((#12599,#12600),(#12601,#12602),
(#12603,#12604),(#12605,#12606)),.SURF_OF_LINEAR_EXTRUSION.,.F.,.F.,.F.,
(4,4),(2,2),(0.,1.),(0.,1.),.PIECEWISE_BEZIER_KNOTS.);
#71=B_SPLINE_SURFACE_WITH_KNOTS('',3,1,((#12658,#12659),(#12660,#12661),
(#12662,#12663),(#12664,#12665)),.SURF_OF_LINEAR_EXTRUSION.,.F.,.F.,.F.,
(4,4),(2,2),(0.,1.),(0.,1.),.PIECEWISE_BEZIER_KNOTS.);
#72=B_SPLINE_SURFACE_WITH_KNOTS('',3,1,((#12671,#12672),(#12673,#12674),
(#12675,#12676),(#12677,#12678)),.SURF_OF_LINEAR_EXTRUSION.,.F.,.F.,.F.,
(4,4),(2,2),(0.,1.),(0.,1.),.PIECEWISE_BEZIER_KNOTS.);
#73=B_SPLINE_SURFACE_WITH_KNOTS('',3,1,((#12684,#12685),(#12686,#12687),
(#12688,#12689),(#12690,#12691)),.SURF_OF_LINEAR_EXTRUSION.,.F.,.F.,.F.,
(4,4),(2,2),(0.,1.),(0.,1.),.PIECEWISE_BEZIER_KNOTS.);
#74=B_SPLINE_SURFACE_WITH_KNOTS('',3,1,((#12697,#12698),(#12699,#12700),
(#12701,#12702),(#12703,#12704)),.SURF_OF_LINEAR_EXTRUSION.,.F.,.F.,.F.,
(4,4),(2,2),(0.,1.),(0.,1.),.PIECEWISE_BEZIER_KNOTS.);
#75=B_SPLINE_SURFACE_WITH_KNOTS('',3,1,((#12710,#12711),(#12712,#12713),
(#12714,#12715),(#12716,#12717)),.SURF_OF_LINEAR_EXTRUSION.,.F.,.F.,.F.,
(4,4),(2,2),(0.,1.),(0.,1.),.PIECEWISE_BEZIER_KNOTS.);
#76=B_SPLINE_SURFACE_WITH_KNOTS('',3,1,((#12741,#12742),(#12743,#12744),
(#12745,#12746),(#12747,#12748)),.SURF_OF_LINEAR_EXTRUSION.,.F.,.F.,.F.,
(4,4),(2,2),(0.,1.),(0.,1.),.PIECEWISE_BEZIER_KNOTS.);
#77=B_SPLINE_SURFACE_WITH_KNOTS('',3,1,((#12757,#12758),(#12759,#12760),
(#12761,#12762),(#12763,#12764)),.SURF_OF_LINEAR_EXTRUSION.,.F.,.F.,.F.,
(4,4),(2,2),(0.,1.),(0.,1.),.PIECEWISE_BEZIER_KNOTS.);
#78=B_SPLINE_SURFACE_WITH_KNOTS('',3,1,((#12777,#12778),(#12779,#12780),
(#12781,#12782),(#12783,#12784)),.SURF_OF_LINEAR_EXTRUSION.,.F.,.F.,.F.,
(4,4),(2,2),(0.,1.),(0.,1.),.PIECEWISE_BEZIER_KNOTS.);
#79=B_SPLINE_SURFACE_WITH_KNOTS('',3,1,((#12794,#12795),(#12796,#12797),
(#12798,#12799),(#12800,#12801)),.SURF_OF_LINEAR_EXTRUSION.,.F.,.F.,.F.,
(4,4),(2,2),(0.,1.),(0.,1.),.PIECEWISE_BEZIER_KNOTS.);
#80=B_SPLINE_SURFACE_WITH_KNOTS('',3,1,((#12823,#12824),(#12825,#12826),
(#12827,#12828),(#12829,#12830)),.SURF_OF_LINEAR_EXTRUSION.,.F.,.F.,.F.,
(4,4),(2,2),(0.,1.),(0.,1.),.PIECEWISE_BEZIER_KNOTS.);
#81=B_SPLINE_SURFACE_WITH_KNOTS('',3,1,((#12840,#12841),(#12842,#12843),
(#12844,#12845),(#12846,#12847)),.SURF_OF_LINEAR_EXTRUSION.,.F.,.F.,.F.,
(4,4),(2,2),(0.,1.),(0.,1.),.PIECEWISE_BEZIER_KNOTS.);
#82=B_SPLINE_SURFACE_WITH_KNOTS('',3,1,((#12899,#12900),(#12901,#12902),
(#12903,#12904),(#12905,#12906)),.SURF_OF_LINEAR_EXTRUSION.,.F.,.F.,.F.,
(4,4),(2,2),(0.,1.),(0.,1.),.PIECEWISE_BEZIER_KNOTS.);
#83=B_SPLINE_SURFACE_WITH_KNOTS('',3,1,((#12912,#12913),(#12914,#12915),
(#12916,#12917),(#12918,#12919)),.SURF_OF_LINEAR_EXTRUSION.,.F.,.F.,.F.,
(4,4),(2,2),(0.,1.),(0.,1.),.PIECEWISE_BEZIER_KNOTS.);
#84=B_SPLINE_SURFACE_WITH_KNOTS('',3,1,((#12925,#12926),(#12927,#12928),
(#12929,#12930),(#12931,#12932)),.SURF_OF_LINEAR_EXTRUSION.,.F.,.F.,.F.,
(4,4),(2,2),(0.,1.),(0.,1.),.PIECEWISE_BEZIER_KNOTS.);
#85=B_SPLINE_SURFACE_WITH_KNOTS('',3,1,((#12938,#12939),(#12940,#12941),
(#12942,#12943),(#12944,#12945)),.SURF_OF_LINEAR_EXTRUSION.,.F.,.F.,.F.,
(4,4),(2,2),(0.,1.),(0.,1.),.PIECEWISE_BEZIER_KNOTS.);
#86=B_SPLINE_SURFACE_WITH_KNOTS('',3,1,((#12951,#12952),(#12953,#12954),
(#12955,#12956),(#12957,#12958)),.SURF_OF_LINEAR_EXTRUSION.,.F.,.F.,.F.,
(4,4),(2,2),(0.,1.),(0.,1.),.PIECEWISE_BEZIER_KNOTS.);
#87=B_SPLINE_SURFACE_WITH_KNOTS('',3,1,((#12982,#12983),(#12984,#12985),
(#12986,#12987),(#12988,#12989)),.SURF_OF_LINEAR_EXTRUSION.,.F.,.F.,.F.,
(4,4),(2,2),(0.,1.),(0.,1.),.PIECEWISE_BEZIER_KNOTS.);
#88=B_SPLINE_SURFACE_WITH_KNOTS('',3,1,((#13056,#13057),(#13058,#13059),
(#13060,#13061),(#13062,#13063)),.SURF_OF_LINEAR_EXTRUSION.,.F.,.F.,.F.,
(4,4),(2,2),(0.,1.),(0.,1.),.PIECEWISE_BEZIER_KNOTS.);
#89=B_SPLINE_SURFACE_WITH_KNOTS('',3,1,((#13073,#13074),(#13075,#13076),
(#13077,#13078),(#13079,#13080)),.SURF_OF_LINEAR_EXTRUSION.,.F.,.F.,.F.,
(4,4),(2,2),(0.,1.),(0.,1.),.PIECEWISE_BEZIER_KNOTS.);
#90=B_SPLINE_SURFACE_WITH_KNOTS('',3,1,((#13102,#13103),(#13104,#13105),
(#13106,#13107),(#13108,#13109)),.SURF_OF_LINEAR_EXTRUSION.,.F.,.F.,.F.,
(4,4),(2,2),(0.,1.),(0.,1.),.PIECEWISE_BEZIER_KNOTS.);
#91=B_SPLINE_SURFACE_WITH_KNOTS('',3,1,((#13115,#13116),(#13117,#13118),
(#13119,#13120),(#13121,#13122)),.SURF_OF_LINEAR_EXTRUSION.,.F.,.F.,.F.,
(4,4),(2,2),(0.,1.),(0.,1.),.PIECEWISE_BEZIER_KNOTS.);
#92=B_SPLINE_SURFACE_WITH_KNOTS('',3,1,((#13131,#13132),(#13133,#13134),
(#13135,#13136),(#13137,#13138)),.SURF_OF_LINEAR_EXTRUSION.,.F.,.F.,.F.,
(4,4),(2,2),(0.,1.),(0.,1.),.PIECEWISE_BEZIER_KNOTS.);
#93=B_SPLINE_SURFACE_WITH_KNOTS('',3,1,((#13146,#13147),(#13148,#13149),
(#13150,#13151),(#13152,#13153)),.SURF_OF_LINEAR_EXTRUSION.,.F.,.F.,.F.,
(4,4),(2,2),(0.,1.),(0.,1.),.PIECEWISE_BEZIER_KNOTS.);
#94=B_SPLINE_SURFACE_WITH_KNOTS('',3,1,((#13159,#13160),(#13161,#13162),
(#13163,#13164),(#13165,#13166)),.SURF_OF_LINEAR_EXTRUSION.,.F.,.F.,.F.,
(4,4),(2,2),(0.,1.),(0.,1.),.PIECEWISE_BEZIER_KNOTS.);
#95=B_SPLINE_SURFACE_WITH_KNOTS('',3,1,((#13172,#13173),(#13174,#13175),
(#13176,#13177),(#13178,#13179)),.SURF_OF_LINEAR_EXTRUSION.,.F.,.F.,.F.,
(4,4),(2,2),(0.,1.),(0.,1.),.PIECEWISE_BEZIER_KNOTS.);
#96=B_SPLINE_SURFACE_WITH_KNOTS('',3,1,((#13185,#13186),(#13187,#13188),
(#13189,#13190),(#13191,#13192)),.SURF_OF_LINEAR_EXTRUSION.,.F.,.F.,.F.,
(4,4),(2,2),(0.,1.),(0.,1.),.PIECEWISE_BEZIER_KNOTS.);
#97=B_SPLINE_SURFACE_WITH_KNOTS('',3,1,((#13198,#13199),(#13200,#13201),
(#13202,#13203),(#13204,#13205)),.SURF_OF_LINEAR_EXTRUSION.,.F.,.F.,.F.,
(4,4),(2,2),(0.,1.),(0.,1.),.PIECEWISE_BEZIER_KNOTS.);
#98=B_SPLINE_SURFACE_WITH_KNOTS('',3,1,((#13211,#13212),(#13213,#13214),
(#13215,#13216),(#13217,#13218)),.SURF_OF_LINEAR_EXTRUSION.,.F.,.F.,.F.,
(4,4),(2,2),(0.,1.),(0.,1.),.PIECEWISE_BEZIER_KNOTS.);
#99=B_SPLINE_SURFACE_WITH_KNOTS('',3,1,((#13224,#13225),(#13226,#13227),
(#13228,#13229),(#13230,#13231)),.SURF_OF_LINEAR_EXTRUSION.,.F.,.F.,.F.,
(4,4),(2,2),(0.,1.),(0.,1.),.PIECEWISE_BEZIER_KNOTS.);
#100=B_SPLINE_SURFACE_WITH_KNOTS('',3,1,((#13244,#13245),(#13246,#13247),
(#13248,#13249),(#13250,#13251)),.SURF_OF_LINEAR_EXTRUSION.,.F.,.F.,.F.,
(4,4),(2,2),(0.,1.),(0.,1.),.PIECEWISE_BEZIER_KNOTS.);
#101=B_SPLINE_SURFACE_WITH_KNOTS('',3,1,((#13261,#13262),(#13263,#13264),
(#13265,#13266),(#13267,#13268)),.SURF_OF_LINEAR_EXTRUSION.,.F.,.F.,.F.,
(4,4),(2,2),(0.,1.),(0.,1.),.PIECEWISE_BEZIER_KNOTS.);
#102=B_SPLINE_SURFACE_WITH_KNOTS('',3,1,((#13278,#13279),(#13280,#13281),
(#13282,#13283),(#13284,#13285)),.SURF_OF_LINEAR_EXTRUSION.,.F.,.F.,.F.,
(4,4),(2,2),(0.,1.),(0.,1.),.PIECEWISE_BEZIER_KNOTS.);
#103=B_SPLINE_SURFACE_WITH_KNOTS('',3,1,((#13295,#13296),(#13297,#13298),
(#13299,#13300),(#13301,#13302)),.SURF_OF_LINEAR_EXTRUSION.,.F.,.F.,.F.,
(4,4),(2,2),(0.,1.),(0.,1.),.PIECEWISE_BEZIER_KNOTS.);
#104=B_SPLINE_SURFACE_WITH_KNOTS('',3,1,((#13309,#13310),(#13311,#13312),
(#13313,#13314),(#13315,#13316)),.SURF_OF_LINEAR_EXTRUSION.,.F.,.F.,.F.,
(4,4),(2,2),(0.,1.),(0.,1.),.PIECEWISE_BEZIER_KNOTS.);
#105=B_SPLINE_SURFACE_WITH_KNOTS('',3,1,((#13400,#13401),(#13402,#13403),
(#13404,#13405),(#13406,#13407)),.SURF_OF_LINEAR_EXTRUSION.,.F.,.F.,.F.,
(4,4),(2,2),(0.,1.),(0.,1.),.PIECEWISE_BEZIER_KNOTS.);
#106=B_SPLINE_SURFACE_WITH_KNOTS('',3,1,((#13417,#13418),(#13419,#13420),
(#13421,#13422),(#13423,#13424)),.SURF_OF_LINEAR_EXTRUSION.,.F.,.F.,.F.,
(4,4),(2,2),(0.,1.),(0.,1.),.PIECEWISE_BEZIER_KNOTS.);
#107=B_SPLINE_SURFACE_WITH_KNOTS('',3,1,((#13434,#13435),(#13436,#13437),
(#13438,#13439),(#13440,#13441)),.SURF_OF_LINEAR_EXTRUSION.,.F.,.F.,.F.,
(4,4),(2,2),(0.,1.),(0.,1.),.PIECEWISE_BEZIER_KNOTS.);
#108=B_SPLINE_SURFACE_WITH_KNOTS('',3,1,((#13449,#13450),(#13451,#13452),
(#13453,#13454),(#13455,#13456)),.SURF_OF_LINEAR_EXTRUSION.,.F.,.F.,.F.,
(4,4),(2,2),(0.,1.),(0.,1.),.PIECEWISE_BEZIER_KNOTS.);
#109=B_SPLINE_SURFACE_WITH_KNOTS('',3,1,((#13482,#13483),(#13484,#13485),
(#13486,#13487),(#13488,#13489)),.SURF_OF_LINEAR_EXTRUSION.,.F.,.F.,.F.,
(4,4),(2,2),(0.,1.),(0.,1.),.PIECEWISE_BEZIER_KNOTS.);
#110=B_SPLINE_SURFACE_WITH_KNOTS('',3,1,((#13495,#13496),(#13497,#13498),
(#13499,#13500),(#13501,#13502)),.SURF_OF_LINEAR_EXTRUSION.,.F.,.F.,.F.,
(4,4),(2,2),(0.,1.),(0.,1.),.PIECEWISE_BEZIER_KNOTS.);
#111=B_SPLINE_SURFACE_WITH_KNOTS('',3,1,((#13508,#13509),(#13510,#13511),
(#13512,#13513),(#13514,#13515)),.SURF_OF_LINEAR_EXTRUSION.,.F.,.F.,.F.,
(4,4),(2,2),(0.,1.),(0.,1.),.PIECEWISE_BEZIER_KNOTS.);
#112=B_SPLINE_SURFACE_WITH_KNOTS('',3,1,((#13529,#13530),(#13531,#13532),
(#13533,#13534),(#13535,#13536)),.SURF_OF_LINEAR_EXTRUSION.,.F.,.F.,.F.,
(4,4),(2,2),(0.,1.),(0.,1.),.PIECEWISE_BEZIER_KNOTS.);
#113=B_SPLINE_SURFACE_WITH_KNOTS('',3,1,((#13542,#13543),(#13544,#13545),
(#13546,#13547),(#13548,#13549)),.SURF_OF_LINEAR_EXTRUSION.,.F.,.F.,.F.,
(4,4),(2,2),(0.,1.),(0.,1.),.PIECEWISE_BEZIER_KNOTS.);
#114=B_SPLINE_SURFACE_WITH_KNOTS('',3,1,((#13555,#13556),(#13557,#13558),
(#13559,#13560),(#13561,#13562)),.SURF_OF_LINEAR_EXTRUSION.,.F.,.F.,.F.,
(4,4),(2,2),(0.,1.),(0.,1.),.PIECEWISE_BEZIER_KNOTS.);
#115=B_SPLINE_SURFACE_WITH_KNOTS('',3,1,((#13568,#13569),(#13570,#13571),
(#13572,#13573),(#13574,#13575)),.SURF_OF_LINEAR_EXTRUSION.,.F.,.F.,.F.,
(4,4),(2,2),(0.,1.),(0.,1.),.PIECEWISE_BEZIER_KNOTS.);
#116=B_SPLINE_SURFACE_WITH_KNOTS('',3,1,((#13581,#13582),(#13583,#13584),
(#13585,#13586),(#13587,#13588)),.SURF_OF_LINEAR_EXTRUSION.,.F.,.F.,.F.,
(4,4),(2,2),(0.,1.),(0.,1.),.PIECEWISE_BEZIER_KNOTS.);
#117=B_SPLINE_SURFACE_WITH_KNOTS('',3,1,((#13592,#13593),(#13594,#13595),
(#13596,#13597),(#13598,#13599)),.SURF_OF_LINEAR_EXTRUSION.,.F.,.F.,.F.,
(4,4),(2,2),(0.,1.),(0.,1.),.PIECEWISE_BEZIER_KNOTS.);
#118=B_SPLINE_SURFACE_WITH_KNOTS('',3,1,((#13608,#13609),(#13610,#13611),
(#13612,#13613),(#13614,#13615)),.SURF_OF_LINEAR_EXTRUSION.,.F.,.F.,.F.,
(4,4),(2,2),(0.,1.),(0.,1.),.PIECEWISE_BEZIER_KNOTS.);
#119=B_SPLINE_SURFACE_WITH_KNOTS('',3,1,((#13628,#13629),(#13630,#13631),
(#13632,#13633),(#13634,#13635)),.SURF_OF_LINEAR_EXTRUSION.,.F.,.F.,.F.,
(4,4),(2,2),(0.,1.),(0.,1.),.PIECEWISE_BEZIER_KNOTS.);
#120=B_SPLINE_SURFACE_WITH_KNOTS('',3,1,((#13645,#13646),(#13647,#13648),
(#13649,#13650),(#13651,#13652)),.SURF_OF_LINEAR_EXTRUSION.,.F.,.F.,.F.,
(4,4),(2,2),(0.,1.),(0.,1.),.PIECEWISE_BEZIER_KNOTS.);
#121=B_SPLINE_SURFACE_WITH_KNOTS('',3,1,((#13674,#13675),(#13676,#13677),
(#13678,#13679),(#13680,#13681)),.SURF_OF_LINEAR_EXTRUSION.,.F.,.F.,.F.,
(4,4),(2,2),(0.,1.),(0.,1.),.PIECEWISE_BEZIER_KNOTS.);
#122=B_SPLINE_SURFACE_WITH_KNOTS('',3,1,((#13691,#13692),(#13693,#13694),
(#13695,#13696),(#13697,#13698)),.SURF_OF_LINEAR_EXTRUSION.,.F.,.F.,.F.,
(4,4),(2,2),(0.,1.),(0.,1.),.PIECEWISE_BEZIER_KNOTS.);
#123=B_SPLINE_SURFACE_WITH_KNOTS('',3,1,((#13762,#13763),(#13764,#13765),
(#13766,#13767),(#13768,#13769)),.SURF_OF_LINEAR_EXTRUSION.,.F.,.F.,.F.,
(4,4),(2,2),(0.,1.),(0.,1.),.PIECEWISE_BEZIER_KNOTS.);
#124=B_SPLINE_SURFACE_WITH_KNOTS('',3,1,((#13775,#13776),(#13777,#13778),
(#13779,#13780),(#13781,#13782)),.SURF_OF_LINEAR_EXTRUSION.,.F.,.F.,.F.,
(4,4),(2,2),(0.,1.),(0.,1.),.PIECEWISE_BEZIER_KNOTS.);
#125=B_SPLINE_SURFACE_WITH_KNOTS('',3,1,((#13788,#13789),(#13790,#13791),
(#13792,#13793),(#13794,#13795)),.SURF_OF_LINEAR_EXTRUSION.,.F.,.F.,.F.,
(4,4),(2,2),(0.,1.),(0.,1.),.PIECEWISE_BEZIER_KNOTS.);
#126=B_SPLINE_SURFACE_WITH_KNOTS('',3,1,((#13801,#13802),(#13803,#13804),
(#13805,#13806),(#13807,#13808)),.SURF_OF_LINEAR_EXTRUSION.,.F.,.F.,.F.,
(4,4),(2,2),(0.,1.),(0.,1.),.PIECEWISE_BEZIER_KNOTS.);
#127=B_SPLINE_SURFACE_WITH_KNOTS('',3,1,((#13814,#13815),(#13816,#13817),
(#13818,#13819),(#13820,#13821)),.SURF_OF_LINEAR_EXTRUSION.,.F.,.F.,.F.,
(4,4),(2,2),(0.,1.),(0.,1.),.PIECEWISE_BEZIER_KNOTS.);
#128=B_SPLINE_SURFACE_WITH_KNOTS('',3,1,((#13825,#13826),(#13827,#13828),
(#13829,#13830),(#13831,#13832)),.SURF_OF_LINEAR_EXTRUSION.,.F.,.F.,.F.,
(4,4),(2,2),(0.,1.),(0.,1.),.PIECEWISE_BEZIER_KNOTS.);
#129=B_SPLINE_SURFACE_WITH_KNOTS('',3,1,((#14045,#14046),(#14047,#14048),
(#14049,#14050),(#14051,#14052),(#14053,#14054),(#14055,#14056),(#14057,
#14058)),.SURF_OF_LINEAR_EXTRUSION.,.T.,.F.,.F.,(1,3,1,1,1,3,1),(2,2),(-0.242374333329591,
0.,0.263037105031264,0.521352490422723,0.757625666670409,1.,1.26303710503126),
(0.,1.),.UNSPECIFIED.);
#130=B_SPLINE_SURFACE_WITH_KNOTS('',3,1,((#14070,#14071),(#14072,#14073),
(#14074,#14075),(#14076,#14077)),.SURF_OF_LINEAR_EXTRUSION.,.F.,.F.,.F.,
(4,4),(2,2),(1.75888186332076E-17,1.),(0.,1.),.PIECEWISE_BEZIER_KNOTS.);
#131=B_SPLINE_SURFACE_WITH_KNOTS('',3,1,((#14078,#14079),(#14080,#14081),
(#14082,#14083),(#14084,#14085)),.SURF_OF_LINEAR_EXTRUSION.,.F.,.F.,.F.,
(4,4),(2,2),(2.20334867499282E-16,1.),(0.,1.),.PIECEWISE_BEZIER_KNOTS.);
#132=B_SPLINE_SURFACE_WITH_KNOTS('',3,1,((#14086,#14087),(#14088,#14089),
(#14090,#14091),(#14092,#14093)),.SURF_OF_LINEAR_EXTRUSION.,.F.,.F.,.F.,
(4,4),(2,2),(2.30644952363395E-16,1.),(0.,1.),.PIECEWISE_BEZIER_KNOTS.);
#133=B_SPLINE_SURFACE_WITH_KNOTS('',3,1,((#14094,#14095),(#14096,#14097),
(#14098,#14099),(#14100,#14101)),.SURF_OF_LINEAR_EXTRUSION.,.F.,.F.,.F.,
(4,4),(2,2),(1.20952490981833E-16,1.),(0.,1.),.PIECEWISE_BEZIER_KNOTS.);
#134=B_SPLINE_SURFACE_WITH_KNOTS('',3,1,((#14102,#14103),(#14104,#14105),
(#14106,#14107),(#14108,#14109)),.SURF_OF_LINEAR_EXTRUSION.,.F.,.F.,.F.,
(4,4),(2,2),(-7.90731817559457E-16,1.),(0.,1.),.PIECEWISE_BEZIER_KNOTS.);
#135=B_SPLINE_SURFACE_WITH_KNOTS('',3,1,((#14110,#14111),(#14112,#14113),
(#14114,#14115),(#14116,#14117)),.SURF_OF_LINEAR_EXTRUSION.,.F.,.F.,.F.,
(4,4),(2,2),(-7.90730123467687E-16,1.),(0.,1.),.PIECEWISE_BEZIER_KNOTS.);
#136=B_SPLINE_SURFACE_WITH_KNOTS('',3,1,((#14118,#14119),(#14120,#14121),
(#14122,#14123),(#14124,#14125)),.SURF_OF_LINEAR_EXTRUSION.,.F.,.F.,.F.,
(4,4),(2,2),(-7.90730123467687E-16,1.),(0.,1.),.PIECEWISE_BEZIER_KNOTS.);
#137=B_SPLINE_SURFACE_WITH_KNOTS('',3,1,((#14126,#14127),(#14128,#14129),
(#14130,#14131),(#14132,#14133)),.SURF_OF_LINEAR_EXTRUSION.,.F.,.F.,.F.,
(4,4),(2,2),(-7.90731817559457E-16,1.),(0.,1.),.PIECEWISE_BEZIER_KNOTS.);
#138=CYLINDRICAL_SURFACE('',#8336,0.0027870278767969);
#139=CYLINDRICAL_SURFACE('',#8347,0.105607775147332);
#140=CYLINDRICAL_SURFACE('',#8399,0.000562203858818702);
#141=CYLINDRICAL_SURFACE('',#8467,0.000562203858818708);
#142=CYLINDRICAL_SURFACE('',#8522,0.00276421706875141);
#143=CYLINDRICAL_SURFACE('',#8542,0.002764217068749);
#144=CYLINDRICAL_SURFACE('',#8565,0.000589915806288554);
#145=CYLINDRICAL_SURFACE('',#8570,0.00288619334023601);
#146=CYLINDRICAL_SURFACE('',#8601,0.00393079639590634);
#147=CYLINDRICAL_SURFACE('',#8619,0.00271348612894849);
#148=CYLINDRICAL_SURFACE('',#8635,0.0065);
#149=CYLINDRICAL_SURFACE('',#8638,0.00755952018432946);
#150=CYLINDRICAL_SURFACE('',#8644,0.00125);
#151=CYLINDRICAL_SURFACE('',#8647,0.00125);
#152=CYLINDRICAL_SURFACE('',#8651,0.00085);
#153=CYLINDRICAL_SURFACE('',#8652,0.00085);
#154=B_SPLINE_CURVE_WITH_KNOTS('',3,(#10238,#10239,#10240,#10241),
 .UNSPECIFIED.,.F.,.F.,(4,4),(0.,1.),.UNSPECIFIED.);
#155=B_SPLINE_CURVE_WITH_KNOTS('',3,(#10245,#10246,#10247,#10248),
 .UNSPECIFIED.,.F.,.F.,(4,4),(0.,1.),.UNSPECIFIED.);
#156=B_SPLINE_CURVE_WITH_KNOTS('',3,(#10252,#10253,#10254,#10255),
 .UNSPECIFIED.,.F.,.F.,(4,4),(0.,1.),.UNSPECIFIED.);
#157=B_SPLINE_CURVE_WITH_KNOTS('',3,(#10259,#10260,#10261,#10262),
 .UNSPECIFIED.,.F.,.F.,(4,4),(0.,1.),.UNSPECIFIED.);
#158=B_SPLINE_CURVE_WITH_KNOTS('',2,(#10266,#10267,#10268),
 .UNSPECIFIED.,.F.,.F.,(3,3),(0.,1.),.PIECEWISE_BEZIER_KNOTS.);
#159=B_SPLINE_CURVE_WITH_KNOTS('',2,(#10270,#10271,#10272),
 .UNSPECIFIED.,.F.,.F.,(3,3),(0.,1.),.PIECEWISE_BEZIER_KNOTS.);
#160=B_SPLINE_CURVE_WITH_KNOTS('',2,(#10274,#10275,#10276),
 .UNSPECIFIED.,.F.,.F.,(3,3),(0.,1.),.PIECEWISE_BEZIER_KNOTS.);
#161=B_SPLINE_CURVE_WITH_KNOTS('',2,(#10278,#10279,#10280),
 .UNSPECIFIED.,.F.,.F.,(3,3),(0.,1.),.PIECEWISE_BEZIER_KNOTS.);
#162=B_SPLINE_CURVE_WITH_KNOTS('',2,(#10282,#10283,#10284),
 .UNSPECIFIED.,.F.,.F.,(3,3),(0.,1.),.PIECEWISE_BEZIER_KNOTS.);
#163=B_SPLINE_CURVE_WITH_KNOTS('',2,(#10309,#10310,#10311),
 .UNSPECIFIED.,.F.,.F.,(3,3),(0.,1.),.PIECEWISE_BEZIER_KNOTS.);
#164=B_SPLINE_CURVE_WITH_KNOTS('',2,(#10314,#10315,#10316),
 .UNSPECIFIED.,.F.,.F.,(3,3),(0.,1.),.PIECEWISE_BEZIER_KNOTS.);
#165=B_SPLINE_CURVE_WITH_KNOTS('',2,(#10318,#10319,#10320),
 .UNSPECIFIED.,.F.,.F.,(3,3),(0.,1.),.PIECEWISE_BEZIER_KNOTS.);
#166=B_SPLINE_CURVE_WITH_KNOTS('',2,(#10322,#10323,#10324),
 .UNSPECIFIED.,.F.,.F.,(3,3),(0.,1.),.PIECEWISE_BEZIER_KNOTS.);
#167=B_SPLINE_CURVE_WITH_KNOTS('',2,(#10326,#10327,#10328),
 .UNSPECIFIED.,.F.,.F.,(3,3),(0.,1.),.PIECEWISE_BEZIER_KNOTS.);
#168=B_SPLINE_CURVE_WITH_KNOTS('',2,(#10330,#10331,#10332),
 .UNSPECIFIED.,.F.,.F.,(3,3),(0.,1.),.PIECEWISE_BEZIER_KNOTS.);
#169=B_SPLINE_CURVE_WITH_KNOTS('',2,(#10338,#10339,#10340),
 .UNSPECIFIED.,.F.,.F.,(3,3),(0.,1.),.PIECEWISE_BEZIER_KNOTS.);
#170=B_SPLINE_CURVE_WITH_KNOTS('',2,(#10342,#10343,#10344),
 .UNSPECIFIED.,.F.,.F.,(3,3),(0.,1.),.PIECEWISE_BEZIER_KNOTS.);
#171=B_SPLINE_CURVE_WITH_KNOTS('',2,(#10346,#10347,#10348),
 .UNSPECIFIED.,.F.,.F.,(3,3),(0.,1.),.PIECEWISE_BEZIER_KNOTS.);
#172=B_SPLINE_CURVE_WITH_KNOTS('',2,(#10360,#10361,#10362),
 .UNSPECIFIED.,.F.,.F.,(3,3),(0.,1.),.PIECEWISE_BEZIER_KNOTS.);
#173=B_SPLINE_CURVE_WITH_KNOTS('',2,(#10397,#10398,#10399),
 .UNSPECIFIED.,.F.,.F.,(3,3),(0.,1.),.PIECEWISE_BEZIER_KNOTS.);
#174=B_SPLINE_CURVE_WITH_KNOTS('',2,(#10402,#10403,#10404),
 .UNSPECIFIED.,.F.,.F.,(3,3),(0.,1.),.PIECEWISE_BEZIER_KNOTS.);
#175=B_SPLINE_CURVE_WITH_KNOTS('',2,(#10406,#10407,#10408),
 .UNSPECIFIED.,.F.,.F.,(3,3),(0.,1.),.PIECEWISE_BEZIER_KNOTS.);
#176=B_SPLINE_CURVE_WITH_KNOTS('',2,(#10410,#10411,#10412),
 .UNSPECIFIED.,.F.,.F.,(3,3),(0.,1.),.PIECEWISE_BEZIER_KNOTS.);
#177=B_SPLINE_CURVE_WITH_KNOTS('',2,(#10414,#10415,#10416),
 .UNSPECIFIED.,.F.,.F.,(3,3),(0.,1.),.PIECEWISE_BEZIER_KNOTS.);
#178=B_SPLINE_CURVE_WITH_KNOTS('',2,(#10418,#10419,#10420),
 .UNSPECIFIED.,.F.,.F.,(3,3),(0.,1.),.PIECEWISE_BEZIER_KNOTS.);
#179=B_SPLINE_CURVE_WITH_KNOTS('',2,(#10422,#10423,#10424),
 .UNSPECIFIED.,.F.,.F.,(3,3),(0.,1.),.PIECEWISE_BEZIER_KNOTS.);
#180=B_SPLINE_CURVE_WITH_KNOTS('',2,(#10426,#10427,#10428),
 .UNSPECIFIED.,.F.,.F.,(3,3),(0.,1.),.PIECEWISE_BEZIER_KNOTS.);
#181=B_SPLINE_CURVE_WITH_KNOTS('',2,(#10434,#10435,#10436),
 .UNSPECIFIED.,.F.,.F.,(3,3),(0.,1.),.PIECEWISE_BEZIER_KNOTS.);
#182=B_SPLINE_CURVE_WITH_KNOTS('',2,(#10438,#10439,#10440),
 .UNSPECIFIED.,.F.,.F.,(3,3),(0.,1.),.PIECEWISE_BEZIER_KNOTS.);
#183=B_SPLINE_CURVE_WITH_KNOTS('',2,(#10450,#10451,#10452),
 .UNSPECIFIED.,.F.,.F.,(3,3),(0.,1.),.PIECEWISE_BEZIER_KNOTS.);
#184=B_SPLINE_CURVE_WITH_KNOTS('',2,(#10456,#10457,#10458),
 .UNSPECIFIED.,.F.,.F.,(3,3),(0.,1.),.PIECEWISE_BEZIER_KNOTS.);
#185=B_SPLINE_CURVE_WITH_KNOTS('',2,(#10498,#10499,#10500),
 .UNSPECIFIED.,.F.,.F.,(3,3),(0.,1.),.PIECEWISE_BEZIER_KNOTS.);
#186=B_SPLINE_CURVE_WITH_KNOTS('',2,(#10502,#10503,#10504),
 .UNSPECIFIED.,.F.,.F.,(3,3),(0.,1.),.PIECEWISE_BEZIER_KNOTS.);
#187=B_SPLINE_CURVE_WITH_KNOTS('',2,(#10506,#10507,#10508),
 .UNSPECIFIED.,.F.,.F.,(3,3),(0.,1.),.PIECEWISE_BEZIER_KNOTS.);
#188=B_SPLINE_CURVE_WITH_KNOTS('',2,(#10510,#10511,#10512),
 .UNSPECIFIED.,.F.,.F.,(3,3),(0.,1.),.PIECEWISE_BEZIER_KNOTS.);
#189=B_SPLINE_CURVE_WITH_KNOTS('',2,(#10514,#10515,#10516),
 .UNSPECIFIED.,.F.,.F.,(3,3),(0.,1.),.PIECEWISE_BEZIER_KNOTS.);
#190=B_SPLINE_CURVE_WITH_KNOTS('',2,(#10548,#10549,#10550),
 .UNSPECIFIED.,.F.,.F.,(3,3),(0.,1.),.PIECEWISE_BEZIER_KNOTS.);
#191=B_SPLINE_CURVE_WITH_KNOTS('',2,(#10552,#10553,#10554),
 .UNSPECIFIED.,.F.,.F.,(3,3),(0.,1.),.PIECEWISE_BEZIER_KNOTS.);
#192=B_SPLINE_CURVE_WITH_KNOTS('',2,(#10556,#10557,#10558),
 .UNSPECIFIED.,.F.,.F.,(3,3),(0.,1.),.PIECEWISE_BEZIER_KNOTS.);
#193=B_SPLINE_CURVE_WITH_KNOTS('',2,(#10560,#10561,#10562),
 .UNSPECIFIED.,.F.,.F.,(3,3),(0.,1.),.PIECEWISE_BEZIER_KNOTS.);
#194=B_SPLINE_CURVE_WITH_KNOTS('',2,(#10564,#10565,#10566),
 .UNSPECIFIED.,.F.,.F.,(3,3),(0.,1.),.PIECEWISE_BEZIER_KNOTS.);
#195=B_SPLINE_CURVE_WITH_KNOTS('',2,(#10632,#10633,#10634),
 .UNSPECIFIED.,.F.,.F.,(3,3),(0.,1.),.PIECEWISE_BEZIER_KNOTS.);
#196=B_SPLINE_CURVE_WITH_KNOTS('',2,(#10636,#10637,#10638),
 .UNSPECIFIED.,.F.,.F.,(3,3),(0.,1.),.PIECEWISE_BEZIER_KNOTS.);
#197=B_SPLINE_CURVE_WITH_KNOTS('',2,(#10640,#10641,#10642),
 .UNSPECIFIED.,.F.,.F.,(3,3),(0.,1.),.PIECEWISE_BEZIER_KNOTS.);
#198=B_SPLINE_CURVE_WITH_KNOTS('',2,(#10656,#10657,#10658),
 .UNSPECIFIED.,.F.,.F.,(3,3),(0.,1.),.PIECEWISE_BEZIER_KNOTS.);
#199=B_SPLINE_CURVE_WITH_KNOTS('',2,(#10660,#10661,#10662),
 .UNSPECIFIED.,.F.,.F.,(3,3),(0.,1.),.PIECEWISE_BEZIER_KNOTS.);
#200=B_SPLINE_CURVE_WITH_KNOTS('',2,(#10664,#10665,#10666),
 .UNSPECIFIED.,.F.,.F.,(3,3),(0.,1.),.PIECEWISE_BEZIER_KNOTS.);
#201=B_SPLINE_CURVE_WITH_KNOTS('',2,(#10668,#10669,#10670),
 .UNSPECIFIED.,.F.,.F.,(3,3),(0.,1.),.PIECEWISE_BEZIER_KNOTS.);
#202=B_SPLINE_CURVE_WITH_KNOTS('',2,(#10672,#10673,#10674),
 .UNSPECIFIED.,.F.,.F.,(3,3),(0.,1.),.PIECEWISE_BEZIER_KNOTS.);
#203=B_SPLINE_CURVE_WITH_KNOTS('',2,(#10678,#10679,#10680),
 .UNSPECIFIED.,.F.,.F.,(3,3),(0.,1.),.PIECEWISE_BEZIER_KNOTS.);
#204=B_SPLINE_CURVE_WITH_KNOTS('',2,(#10682,#10683,#10684),
 .UNSPECIFIED.,.F.,.F.,(3,3),(0.,1.),.PIECEWISE_BEZIER_KNOTS.);
#205=B_SPLINE_CURVE_WITH_KNOTS('',2,(#10686,#10687,#10688),
 .UNSPECIFIED.,.F.,.F.,(3,3),(0.,1.),.PIECEWISE_BEZIER_KNOTS.);
#206=B_SPLINE_CURVE_WITH_KNOTS('',2,(#10716,#10717,#10718),
 .UNSPECIFIED.,.F.,.F.,(3,3),(0.,1.),.PIECEWISE_BEZIER_KNOTS.);
#207=B_SPLINE_CURVE_WITH_KNOTS('',2,(#10720,#10721,#10722),
 .UNSPECIFIED.,.F.,.F.,(3,3),(0.,1.),.PIECEWISE_BEZIER_KNOTS.);
#208=B_SPLINE_CURVE_WITH_KNOTS('',2,(#10724,#10725,#10726),
 .UNSPECIFIED.,.F.,.F.,(3,3),(0.,1.),.PIECEWISE_BEZIER_KNOTS.);
#209=B_SPLINE_CURVE_WITH_KNOTS('',2,(#10746,#10747,#10748),
 .UNSPECIFIED.,.F.,.F.,(3,3),(0.,1.),.PIECEWISE_BEZIER_KNOTS.);
#210=B_SPLINE_CURVE_WITH_KNOTS('',2,(#10750,#10751,#10752),
 .UNSPECIFIED.,.F.,.F.,(3,3),(0.,1.),.PIECEWISE_BEZIER_KNOTS.);
#211=B_SPLINE_CURVE_WITH_KNOTS('',2,(#10754,#10755,#10756),
 .UNSPECIFIED.,.F.,.F.,(3,3),(0.,1.),.PIECEWISE_BEZIER_KNOTS.);
#212=B_SPLINE_CURVE_WITH_KNOTS('',2,(#10788,#10789,#10790),
 .UNSPECIFIED.,.F.,.F.,(3,3),(0.,1.),.PIECEWISE_BEZIER_KNOTS.);
#213=B_SPLINE_CURVE_WITH_KNOTS('',2,(#10792,#10793,#10794),
 .UNSPECIFIED.,.F.,.F.,(3,3),(0.,1.),.PIECEWISE_BEZIER_KNOTS.);
#214=B_SPLINE_CURVE_WITH_KNOTS('',2,(#10796,#10797,#10798),
 .UNSPECIFIED.,.F.,.F.,(3,3),(0.,1.),.PIECEWISE_BEZIER_KNOTS.);
#215=B_SPLINE_CURVE_WITH_KNOTS('',2,(#10818,#10819,#10820),
 .UNSPECIFIED.,.F.,.F.,(3,3),(0.,1.),.PIECEWISE_BEZIER_KNOTS.);
#216=B_SPLINE_CURVE_WITH_KNOTS('',2,(#10822,#10823,#10824),
 .UNSPECIFIED.,.F.,.F.,(3,3),(0.,1.),.PIECEWISE_BEZIER_KNOTS.);
#217=B_SPLINE_CURVE_WITH_KNOTS('',2,(#10826,#10827,#10828),
 .UNSPECIFIED.,.F.,.F.,(3,3),(0.,1.),.PIECEWISE_BEZIER_KNOTS.);
#218=B_SPLINE_CURVE_WITH_KNOTS('',2,(#10844,#10845,#10846),
 .UNSPECIFIED.,.F.,.F.,(3,3),(0.,1.),.PIECEWISE_BEZIER_KNOTS.);
#219=B_SPLINE_CURVE_WITH_KNOTS('',2,(#10848,#10849,#10850),
 .UNSPECIFIED.,.F.,.F.,(3,3),(0.,1.),.PIECEWISE_BEZIER_KNOTS.);
#220=B_SPLINE_CURVE_WITH_KNOTS('',2,(#10852,#10853,#10854),
 .UNSPECIFIED.,.F.,.F.,(3,3),(0.,1.),.PIECEWISE_BEZIER_KNOTS.);
#221=B_SPLINE_CURVE_WITH_KNOTS('',2,(#10868,#10869,#10870),
 .UNSPECIFIED.,.F.,.F.,(3,3),(0.,1.),.PIECEWISE_BEZIER_KNOTS.);
#222=B_SPLINE_CURVE_WITH_KNOTS('',2,(#10872,#10873,#10874),
 .UNSPECIFIED.,.F.,.F.,(3,3),(0.,1.),.PIECEWISE_BEZIER_KNOTS.);
#223=B_SPLINE_CURVE_WITH_KNOTS('',2,(#10876,#10877,#10878),
 .UNSPECIFIED.,.F.,.F.,(3,3),(0.,1.),.PIECEWISE_BEZIER_KNOTS.);
#224=B_SPLINE_CURVE_WITH_KNOTS('',2,(#10880,#10881,#10882),
 .UNSPECIFIED.,.F.,.F.,(3,3),(0.,1.),.PIECEWISE_BEZIER_KNOTS.);
#225=B_SPLINE_CURVE_WITH_KNOTS('',2,(#10884,#10885,#10886),
 .UNSPECIFIED.,.F.,.F.,(3,3),(0.,1.),.PIECEWISE_BEZIER_KNOTS.);
#226=B_SPLINE_CURVE_WITH_KNOTS('',2,(#10890,#10891,#10892),
 .UNSPECIFIED.,.F.,.F.,(3,3),(0.,1.),.PIECEWISE_BEZIER_KNOTS.);
#227=B_SPLINE_CURVE_WITH_KNOTS('',2,(#10894,#10895,#10896),
 .UNSPECIFIED.,.F.,.F.,(3,3),(0.,1.),.PIECEWISE_BEZIER_KNOTS.);
#228=B_SPLINE_CURVE_WITH_KNOTS('',2,(#10898,#10899,#10900),
 .UNSPECIFIED.,.F.,.F.,(3,3),(0.,1.),.PIECEWISE_BEZIER_KNOTS.);
#229=B_SPLINE_CURVE_WITH_KNOTS('',2,(#10966,#10967,#10968),
 .UNSPECIFIED.,.F.,.F.,(3,3),(0.,1.),.PIECEWISE_BEZIER_KNOTS.);
#230=B_SPLINE_CURVE_WITH_KNOTS('',2,(#10970,#10971,#10972),
 .UNSPECIFIED.,.F.,.F.,(3,3),(0.,1.),.PIECEWISE_BEZIER_KNOTS.);
#231=B_SPLINE_CURVE_WITH_KNOTS('',2,(#10974,#10975,#10976),
 .UNSPECIFIED.,.F.,.F.,(3,3),(0.,1.),.PIECEWISE_BEZIER_KNOTS.);
#232=B_SPLINE_CURVE_WITH_KNOTS('',2,(#11004,#11005,#11006),
 .UNSPECIFIED.,.F.,.F.,(3,3),(0.,1.),.PIECEWISE_BEZIER_KNOTS.);
#233=B_SPLINE_CURVE_WITH_KNOTS('',2,(#11008,#11009,#11010),
 .UNSPECIFIED.,.F.,.F.,(3,3),(0.,1.),.PIECEWISE_BEZIER_KNOTS.);
#234=B_SPLINE_CURVE_WITH_KNOTS('',2,(#11012,#11013,#11014),
 .UNSPECIFIED.,.F.,.F.,(3,3),(0.,1.),.PIECEWISE_BEZIER_KNOTS.);
#235=B_SPLINE_CURVE_WITH_KNOTS('',2,(#11032,#11033,#11034),
 .UNSPECIFIED.,.F.,.F.,(3,3),(0.,1.),.PIECEWISE_BEZIER_KNOTS.);
#236=B_SPLINE_CURVE_WITH_KNOTS('',2,(#11036,#11037,#11038),
 .UNSPECIFIED.,.F.,.F.,(3,3),(0.,1.),.PIECEWISE_BEZIER_KNOTS.);
#237=B_SPLINE_CURVE_WITH_KNOTS('',2,(#11040,#11041,#11042),
 .UNSPECIFIED.,.F.,.F.,(3,3),(0.,1.),.PIECEWISE_BEZIER_KNOTS.);
#238=B_SPLINE_CURVE_WITH_KNOTS('',2,(#11062,#11063,#11064),
 .UNSPECIFIED.,.F.,.F.,(3,3),(0.,1.),.PIECEWISE_BEZIER_KNOTS.);
#239=B_SPLINE_CURVE_WITH_KNOTS('',2,(#11066,#11067,#11068),
 .UNSPECIFIED.,.F.,.F.,(3,3),(0.,1.),.PIECEWISE_BEZIER_KNOTS.);
#240=B_SPLINE_CURVE_WITH_KNOTS('',2,(#11070,#11071,#11072),
 .UNSPECIFIED.,.F.,.F.,(3,3),(0.,1.),.PIECEWISE_BEZIER_KNOTS.);
#241=B_SPLINE_CURVE_WITH_KNOTS('',2,(#11141,#11142,#11143),
 .UNSPECIFIED.,.F.,.F.,(3,3),(0.,1.),.PIECEWISE_BEZIER_KNOTS.);
#242=B_SPLINE_CURVE_WITH_KNOTS('',2,(#11154,#11155,#11156),
 .UNSPECIFIED.,.F.,.F.,(3,3),(0.,1.),.PIECEWISE_BEZIER_KNOTS.);
#243=B_SPLINE_CURVE_WITH_KNOTS('',2,(#11167,#11168,#11169),
 .UNSPECIFIED.,.F.,.F.,(3,3),(0.,1.),.PIECEWISE_BEZIER_KNOTS.);
#244=B_SPLINE_CURVE_WITH_KNOTS('',2,(#11216,#11217,#11218),
 .UNSPECIFIED.,.F.,.F.,(3,3),(0.,1.),.PIECEWISE_BEZIER_KNOTS.);
#245=B_SPLINE_CURVE_WITH_KNOTS('',2,(#11229,#11230,#11231),
 .UNSPECIFIED.,.F.,.F.,(3,3),(0.,1.),.PIECEWISE_BEZIER_KNOTS.);
#246=B_SPLINE_CURVE_WITH_KNOTS('',2,(#11242,#11243,#11244),
 .UNSPECIFIED.,.F.,.F.,(3,3),(0.,1.),.PIECEWISE_BEZIER_KNOTS.);
#247=B_SPLINE_CURVE_WITH_KNOTS('',2,(#11284,#11285,#11286),
 .UNSPECIFIED.,.F.,.F.,(3,3),(0.,1.),.PIECEWISE_BEZIER_KNOTS.);
#248=B_SPLINE_CURVE_WITH_KNOTS('',2,(#11297,#11298,#11299),
 .UNSPECIFIED.,.F.,.F.,(3,3),(0.,1.),.PIECEWISE_BEZIER_KNOTS.);
#249=B_SPLINE_CURVE_WITH_KNOTS('',2,(#11310,#11311,#11312),
 .UNSPECIFIED.,.F.,.F.,(3,3),(0.,1.),.PIECEWISE_BEZIER_KNOTS.);
#250=B_SPLINE_CURVE_WITH_KNOTS('',2,(#11375,#11376,#11377),
 .UNSPECIFIED.,.F.,.F.,(3,3),(0.,1.),.PIECEWISE_BEZIER_KNOTS.);
#251=B_SPLINE_CURVE_WITH_KNOTS('',2,(#11388,#11389,#11390),
 .UNSPECIFIED.,.F.,.F.,(3,3),(0.,1.),.PIECEWISE_BEZIER_KNOTS.);
#252=B_SPLINE_CURVE_WITH_KNOTS('',2,(#11401,#11402,#11403),
 .UNSPECIFIED.,.F.,.F.,(3,3),(0.,1.),.PIECEWISE_BEZIER_KNOTS.);
#253=B_SPLINE_CURVE_WITH_KNOTS('',2,(#11520,#11521,#11522),
 .UNSPECIFIED.,.F.,.F.,(3,3),(0.,1.),.PIECEWISE_BEZIER_KNOTS.);
#254=B_SPLINE_CURVE_WITH_KNOTS('',2,(#11527,#11528,#11529),
 .UNSPECIFIED.,.F.,.F.,(3,3),(0.,1.),.PIECEWISE_BEZIER_KNOTS.);
#255=B_SPLINE_CURVE_WITH_KNOTS('',2,(#11546,#11547,#11548),
 .UNSPECIFIED.,.F.,.F.,(3,3),(0.,1.),.PIECEWISE_BEZIER_KNOTS.);
#256=B_SPLINE_CURVE_WITH_KNOTS('',2,(#11552,#11553,#11554),
 .UNSPECIFIED.,.F.,.F.,(3,3),(0.,1.),.PIECEWISE_BEZIER_KNOTS.);
#257=B_SPLINE_CURVE_WITH_KNOTS('',2,(#11563,#11564,#11565),
 .UNSPECIFIED.,.F.,.F.,(3,3),(0.,1.),.PIECEWISE_BEZIER_KNOTS.);
#258=B_SPLINE_CURVE_WITH_KNOTS('',2,(#11569,#11570,#11571),
 .UNSPECIFIED.,.F.,.F.,(3,3),(0.,1.),.PIECEWISE_BEZIER_KNOTS.);
#259=B_SPLINE_CURVE_WITH_KNOTS('',2,(#11610,#11611,#11612),
 .UNSPECIFIED.,.F.,.F.,(3,3),(0.,1.),.PIECEWISE_BEZIER_KNOTS.);
#260=B_SPLINE_CURVE_WITH_KNOTS('',2,(#11623,#11624,#11625),
 .UNSPECIFIED.,.F.,.F.,(3,3),(0.,1.),.PIECEWISE_BEZIER_KNOTS.);
#261=B_SPLINE_CURVE_WITH_KNOTS('',2,(#11636,#11637,#11638),
 .UNSPECIFIED.,.F.,.F.,(3,3),(0.,1.),.PIECEWISE_BEZIER_KNOTS.);
#262=B_SPLINE_CURVE_WITH_KNOTS('',2,(#11653,#11654,#11655),
 .UNSPECIFIED.,.F.,.F.,(3,3),(0.,1.),.PIECEWISE_BEZIER_KNOTS.);
#263=B_SPLINE_CURVE_WITH_KNOTS('',2,(#11666,#11667,#11668),
 .UNSPECIFIED.,.F.,.F.,(3,3),(0.,1.),.PIECEWISE_BEZIER_KNOTS.);
#264=B_SPLINE_CURVE_WITH_KNOTS('',2,(#11679,#11680,#11681),
 .UNSPECIFIED.,.F.,.F.,(3,3),(0.,1.),.PIECEWISE_BEZIER_KNOTS.);
#265=B_SPLINE_CURVE_WITH_KNOTS('',2,(#11692,#11693,#11694),
 .UNSPECIFIED.,.F.,.F.,(3,3),(0.,1.),.PIECEWISE_BEZIER_KNOTS.);
#266=B_SPLINE_CURVE_WITH_KNOTS('',2,(#11705,#11706,#11707),
 .UNSPECIFIED.,.F.,.F.,(3,3),(0.,1.),.PIECEWISE_BEZIER_KNOTS.);
#267=B_SPLINE_CURVE_WITH_KNOTS('',2,(#11742,#11743,#11744),
 .UNSPECIFIED.,.F.,.F.,(3,3),(0.,1.),.PIECEWISE_BEZIER_KNOTS.);
#268=B_SPLINE_CURVE_WITH_KNOTS('',2,(#11755,#11756,#11757),
 .UNSPECIFIED.,.F.,.F.,(3,3),(0.,1.),.PIECEWISE_BEZIER_KNOTS.);
#269=B_SPLINE_CURVE_WITH_KNOTS('',2,(#11766,#11767,#11768),
 .UNSPECIFIED.,.F.,.F.,(3,3),(0.,1.),.PIECEWISE_BEZIER_KNOTS.);
#270=B_SPLINE_CURVE_WITH_KNOTS('',2,(#11777,#11778,#11779),
 .UNSPECIFIED.,.F.,.F.,(3,3),(0.,1.),.PIECEWISE_BEZIER_KNOTS.);
#271=B_SPLINE_CURVE_WITH_KNOTS('',2,(#11780,#11781,#11782),
 .UNSPECIFIED.,.F.,.F.,(3,3),(0.,1.),.PIECEWISE_BEZIER_KNOTS.);
#272=B_SPLINE_CURVE_WITH_KNOTS('',2,(#11825,#11826,#11827),
 .UNSPECIFIED.,.F.,.F.,(3,3),(0.,1.),.PIECEWISE_BEZIER_KNOTS.);
#273=B_SPLINE_CURVE_WITH_KNOTS('',2,(#11838,#11839,#11840),
 .UNSPECIFIED.,.F.,.F.,(3,3),(0.,1.),.PIECEWISE_BEZIER_KNOTS.);
#274=B_SPLINE_CURVE_WITH_KNOTS('',2,(#11851,#11852,#11853),
 .UNSPECIFIED.,.F.,.F.,(3,3),(0.,1.),.PIECEWISE_BEZIER_KNOTS.);
#275=B_SPLINE_CURVE_WITH_KNOTS('',2,(#11900,#11901,#11902),
 .UNSPECIFIED.,.F.,.F.,(3,3),(0.,1.),.PIECEWISE_BEZIER_KNOTS.);
#276=B_SPLINE_CURVE_WITH_KNOTS('',2,(#11913,#11914,#11915),
 .UNSPECIFIED.,.F.,.F.,(3,3),(0.,1.),.PIECEWISE_BEZIER_KNOTS.);
#277=B_SPLINE_CURVE_WITH_KNOTS('',2,(#11926,#11927,#11928),
 .UNSPECIFIED.,.F.,.F.,(3,3),(0.,1.),.PIECEWISE_BEZIER_KNOTS.);
#278=B_SPLINE_CURVE_WITH_KNOTS('',2,(#12000,#12001,#12002),
 .UNSPECIFIED.,.F.,.F.,(3,3),(0.,1.),.PIECEWISE_BEZIER_KNOTS.);
#279=B_SPLINE_CURVE_WITH_KNOTS('',2,(#12013,#12014,#12015),
 .UNSPECIFIED.,.F.,.F.,(3,3),(0.,1.),.PIECEWISE_BEZIER_KNOTS.);
#280=B_SPLINE_CURVE_WITH_KNOTS('',2,(#12026,#12027,#12028),
 .UNSPECIFIED.,.F.,.F.,(3,3),(0.,1.),.PIECEWISE_BEZIER_KNOTS.);
#281=B_SPLINE_CURVE_WITH_KNOTS('',2,(#12075,#12076,#12077),
 .UNSPECIFIED.,.F.,.F.,(3,3),(0.,1.),.PIECEWISE_BEZIER_KNOTS.);
#282=B_SPLINE_CURVE_WITH_KNOTS('',2,(#12088,#12089,#12090),
 .UNSPECIFIED.,.F.,.F.,(3,3),(0.,1.),.PIECEWISE_BEZIER_KNOTS.);
#283=B_SPLINE_CURVE_WITH_KNOTS('',2,(#12101,#12102,#12103),
 .UNSPECIFIED.,.F.,.F.,(3,3),(0.,1.),.PIECEWISE_BEZIER_KNOTS.);
#284=B_SPLINE_CURVE_WITH_KNOTS('',2,(#12143,#12144,#12145),
 .UNSPECIFIED.,.F.,.F.,(3,3),(0.,1.),.PIECEWISE_BEZIER_KNOTS.);
#285=B_SPLINE_CURVE_WITH_KNOTS('',2,(#12150,#12151,#12152),
 .UNSPECIFIED.,.F.,.F.,(3,3),(0.,1.),.PIECEWISE_BEZIER_KNOTS.);
#286=B_SPLINE_CURVE_WITH_KNOTS('',2,(#12169,#12170,#12171),
 .UNSPECIFIED.,.F.,.F.,(3,3),(0.,1.),.PIECEWISE_BEZIER_KNOTS.);
#287=B_SPLINE_CURVE_WITH_KNOTS('',2,(#12175,#12176,#12177),
 .UNSPECIFIED.,.F.,.F.,(3,3),(0.,1.),.PIECEWISE_BEZIER_KNOTS.);
#288=B_SPLINE_CURVE_WITH_KNOTS('',2,(#12186,#12187,#12188),
 .UNSPECIFIED.,.F.,.F.,(3,3),(0.,1.),.PIECEWISE_BEZIER_KNOTS.);
#289=B_SPLINE_CURVE_WITH_KNOTS('',2,(#12192,#12193,#12194),
 .UNSPECIFIED.,.F.,.F.,(3,3),(0.,1.),.PIECEWISE_BEZIER_KNOTS.);
#290=B_SPLINE_CURVE_WITH_KNOTS('',2,(#12233,#12234,#12235),
 .UNSPECIFIED.,.F.,.F.,(3,3),(0.,1.),.PIECEWISE_BEZIER_KNOTS.);
#291=B_SPLINE_CURVE_WITH_KNOTS('',2,(#12246,#12247,#12248),
 .UNSPECIFIED.,.F.,.F.,(3,3),(0.,1.),.PIECEWISE_BEZIER_KNOTS.);
#292=B_SPLINE_CURVE_WITH_KNOTS('',2,(#12259,#12260,#12261),
 .UNSPECIFIED.,.F.,.F.,(3,3),(0.,1.),.PIECEWISE_BEZIER_KNOTS.);
#293=B_SPLINE_CURVE_WITH_KNOTS('',2,(#12276,#12277,#12278),
 .UNSPECIFIED.,.F.,.F.,(3,3),(0.,1.),.PIECEWISE_BEZIER_KNOTS.);
#294=B_SPLINE_CURVE_WITH_KNOTS('',2,(#12289,#12290,#12291),
 .UNSPECIFIED.,.F.,.F.,(3,3),(0.,1.),.PIECEWISE_BEZIER_KNOTS.);
#295=B_SPLINE_CURVE_WITH_KNOTS('',2,(#12302,#12303,#12304),
 .UNSPECIFIED.,.F.,.F.,(3,3),(0.,1.),.PIECEWISE_BEZIER_KNOTS.);
#296=B_SPLINE_CURVE_WITH_KNOTS('',2,(#12315,#12316,#12317),
 .UNSPECIFIED.,.F.,.F.,(3,3),(0.,1.),.PIECEWISE_BEZIER_KNOTS.);
#297=B_SPLINE_CURVE_WITH_KNOTS('',2,(#12328,#12329,#12330),
 .UNSPECIFIED.,.F.,.F.,(3,3),(0.,1.),.PIECEWISE_BEZIER_KNOTS.);
#298=B_SPLINE_CURVE_WITH_KNOTS('',2,(#12365,#12366,#12367),
 .UNSPECIFIED.,.F.,.F.,(3,3),(0.,1.),.PIECEWISE_BEZIER_KNOTS.);
#299=B_SPLINE_CURVE_WITH_KNOTS('',2,(#12378,#12379,#12380),
 .UNSPECIFIED.,.F.,.F.,(3,3),(0.,1.),.PIECEWISE_BEZIER_KNOTS.);
#300=B_SPLINE_CURVE_WITH_KNOTS('',2,(#12389,#12390,#12391),
 .UNSPECIFIED.,.F.,.F.,(3,3),(0.,1.),.PIECEWISE_BEZIER_KNOTS.);
#301=B_SPLINE_CURVE_WITH_KNOTS('',2,(#12400,#12401,#12402),
 .UNSPECIFIED.,.F.,.F.,(3,3),(0.,1.),.PIECEWISE_BEZIER_KNOTS.);
#302=B_SPLINE_CURVE_WITH_KNOTS('',2,(#12403,#12404,#12405),
 .UNSPECIFIED.,.F.,.F.,(3,3),(0.,1.),.PIECEWISE_BEZIER_KNOTS.);
#303=B_SPLINE_CURVE_WITH_KNOTS('',2,(#12524,#12525,#12526),
 .UNSPECIFIED.,.F.,.F.,(3,3),(0.,1.),.PIECEWISE_BEZIER_KNOTS.);
#304=B_SPLINE_CURVE_WITH_KNOTS('',2,(#12531,#12532,#12533),
 .UNSPECIFIED.,.F.,.F.,(3,3),(0.,1.),.PIECEWISE_BEZIER_KNOTS.);
#305=B_SPLINE_CURVE_WITH_KNOTS('',2,(#12544,#12545,#12546),
 .UNSPECIFIED.,.F.,.F.,(3,3),(0.,1.),.PIECEWISE_BEZIER_KNOTS.);
#306=B_SPLINE_CURVE_WITH_KNOTS('',2,(#12550,#12551,#12552),
 .UNSPECIFIED.,.F.,.F.,(3,3),(0.,1.),.PIECEWISE_BEZIER_KNOTS.);
#307=B_SPLINE_CURVE_WITH_KNOTS('',2,(#12561,#12562,#12563),
 .UNSPECIFIED.,.F.,.F.,(3,3),(0.,1.),.PIECEWISE_BEZIER_KNOTS.);
#308=B_SPLINE_CURVE_WITH_KNOTS('',2,(#12567,#12568,#12569),
 .UNSPECIFIED.,.F.,.F.,(3,3),(0.,1.),.PIECEWISE_BEZIER_KNOTS.);
#309=B_SPLINE_CURVE_WITH_KNOTS('',2,(#12590,#12591,#12592),
 .UNSPECIFIED.,.F.,.F.,(3,3),(0.,1.),.PIECEWISE_BEZIER_KNOTS.);
#310=B_SPLINE_CURVE_WITH_KNOTS('',2,(#12596,#12597,#12598),
 .UNSPECIFIED.,.F.,.F.,(3,3),(0.,1.),.PIECEWISE_BEZIER_KNOTS.);
#311=B_SPLINE_CURVE_WITH_KNOTS('',2,(#12607,#12608,#12609),
 .UNSPECIFIED.,.F.,.F.,(3,3),(0.,1.),.PIECEWISE_BEZIER_KNOTS.);
#312=B_SPLINE_CURVE_WITH_KNOTS('',2,(#12613,#12614,#12615),
 .UNSPECIFIED.,.F.,.F.,(3,3),(0.,1.),.PIECEWISE_BEZIER_KNOTS.);
#313=B_SPLINE_CURVE_WITH_KNOTS('',2,(#12668,#12669,#12670),
 .UNSPECIFIED.,.F.,.F.,(3,3),(0.,1.),.PIECEWISE_BEZIER_KNOTS.);
#314=B_SPLINE_CURVE_WITH_KNOTS('',2,(#12681,#12682,#12683),
 .UNSPECIFIED.,.F.,.F.,(3,3),(0.,1.),.PIECEWISE_BEZIER_KNOTS.);
#315=B_SPLINE_CURVE_WITH_KNOTS('',2,(#12694,#12695,#12696),
 .UNSPECIFIED.,.F.,.F.,(3,3),(0.,1.),.PIECEWISE_BEZIER_KNOTS.);
#316=B_SPLINE_CURVE_WITH_KNOTS('',2,(#12707,#12708,#12709),
 .UNSPECIFIED.,.F.,.F.,(3,3),(0.,1.),.PIECEWISE_BEZIER_KNOTS.);
#317=B_SPLINE_CURVE_WITH_KNOTS('',2,(#12720,#12721,#12722),
 .UNSPECIFIED.,.F.,.F.,(3,3),(0.,1.),.PIECEWISE_BEZIER_KNOTS.);
#318=B_SPLINE_CURVE_WITH_KNOTS('',2,(#12749,#12750,#12751),
 .UNSPECIFIED.,.F.,.F.,(3,3),(0.,1.),.PIECEWISE_BEZIER_KNOTS.);
#319=B_SPLINE_CURVE_WITH_KNOTS('',2,(#12752,#12753,#12754),
 .UNSPECIFIED.,.F.,.F.,(3,3),(0.,1.),.PIECEWISE_BEZIER_KNOTS.);
#320=B_SPLINE_CURVE_WITH_KNOTS('',2,(#12765,#12766,#12767),
 .UNSPECIFIED.,.F.,.F.,(3,3),(0.,1.),.PIECEWISE_BEZIER_KNOTS.);
#321=B_SPLINE_CURVE_WITH_KNOTS('',2,(#12772,#12773,#12774),
 .UNSPECIFIED.,.F.,.F.,(3,3),(0.,1.),.PIECEWISE_BEZIER_KNOTS.);
#322=B_SPLINE_CURVE_WITH_KNOTS('',2,(#12785,#12786,#12787),
 .UNSPECIFIED.,.F.,.F.,(3,3),(0.,1.),.PIECEWISE_BEZIER_KNOTS.);
#323=B_SPLINE_CURVE_WITH_KNOTS('',2,(#12791,#12792,#12793),
 .UNSPECIFIED.,.F.,.F.,(3,3),(0.,1.),.PIECEWISE_BEZIER_KNOTS.);
#324=B_SPLINE_CURVE_WITH_KNOTS('',2,(#12802,#12803,#12804),
 .UNSPECIFIED.,.F.,.F.,(3,3),(0.,1.),.PIECEWISE_BEZIER_KNOTS.);
#325=B_SPLINE_CURVE_WITH_KNOTS('',2,(#12808,#12809,#12810),
 .UNSPECIFIED.,.F.,.F.,(3,3),(0.,1.),.PIECEWISE_BEZIER_KNOTS.);
#326=B_SPLINE_CURVE_WITH_KNOTS('',2,(#12831,#12832,#12833),
 .UNSPECIFIED.,.F.,.F.,(3,3),(0.,1.),.PIECEWISE_BEZIER_KNOTS.);
#327=B_SPLINE_CURVE_WITH_KNOTS('',2,(#12837,#12838,#12839),
 .UNSPECIFIED.,.F.,.F.,(3,3),(0.,1.),.PIECEWISE_BEZIER_KNOTS.);
#328=B_SPLINE_CURVE_WITH_KNOTS('',2,(#12848,#12849,#12850),
 .UNSPECIFIED.,.F.,.F.,(3,3),(0.,1.),.PIECEWISE_BEZIER_KNOTS.);
#329=B_SPLINE_CURVE_WITH_KNOTS('',2,(#12854,#12855,#12856),
 .UNSPECIFIED.,.F.,.F.,(3,3),(0.,1.),.PIECEWISE_BEZIER_KNOTS.);
#330=B_SPLINE_CURVE_WITH_KNOTS('',2,(#12909,#12910,#12911),
 .UNSPECIFIED.,.F.,.F.,(3,3),(0.,1.),.PIECEWISE_BEZIER_KNOTS.);
#331=B_SPLINE_CURVE_WITH_KNOTS('',2,(#12922,#12923,#12924),
 .UNSPECIFIED.,.F.,.F.,(3,3),(0.,1.),.PIECEWISE_BEZIER_KNOTS.);
#332=B_SPLINE_CURVE_WITH_KNOTS('',2,(#12935,#12936,#12937),
 .UNSPECIFIED.,.F.,.F.,(3,3),(0.,1.),.PIECEWISE_BEZIER_KNOTS.);
#333=B_SPLINE_CURVE_WITH_KNOTS('',2,(#12948,#12949,#12950),
 .UNSPECIFIED.,.F.,.F.,(3,3),(0.,1.),.PIECEWISE_BEZIER_KNOTS.);
#334=B_SPLINE_CURVE_WITH_KNOTS('',2,(#12961,#12962,#12963),
 .UNSPECIFIED.,.F.,.F.,(3,3),(0.,1.),.PIECEWISE_BEZIER_KNOTS.);
#335=B_SPLINE_CURVE_WITH_KNOTS('',2,(#12990,#12991,#12992),
 .UNSPECIFIED.,.F.,.F.,(3,3),(0.,1.),.PIECEWISE_BEZIER_KNOTS.);
#336=B_SPLINE_CURVE_WITH_KNOTS('',2,(#12993,#12994,#12995),
 .UNSPECIFIED.,.F.,.F.,(3,3),(0.,1.),.PIECEWISE_BEZIER_KNOTS.);
#337=B_SPLINE_CURVE_WITH_KNOTS('',2,(#13066,#13067,#13068),
 .UNSPECIFIED.,.F.,.F.,(3,3),(0.,1.),.PIECEWISE_BEZIER_KNOTS.);
#338=B_SPLINE_CURVE_WITH_KNOTS('',2,(#13083,#13084,#13085),
 .UNSPECIFIED.,.F.,.F.,(3,3),(0.,1.),.PIECEWISE_BEZIER_KNOTS.);
#339=B_SPLINE_CURVE_WITH_KNOTS('',2,(#13112,#13113,#13114),
 .UNSPECIFIED.,.F.,.F.,(3,3),(0.,1.),.PIECEWISE_BEZIER_KNOTS.);
#340=B_SPLINE_CURVE_WITH_KNOTS('',2,(#13125,#13126,#13127),
 .UNSPECIFIED.,.F.,.F.,(3,3),(0.,1.),.PIECEWISE_BEZIER_KNOTS.);
#341=B_SPLINE_CURVE_WITH_KNOTS('',2,(#13141,#13142,#13143),
 .UNSPECIFIED.,.F.,.F.,(3,3),(0.,1.),.PIECEWISE_BEZIER_KNOTS.);
#342=B_SPLINE_CURVE_WITH_KNOTS('',2,(#13156,#13157,#13158),
 .UNSPECIFIED.,.F.,.F.,(3,3),(0.,1.),.PIECEWISE_BEZIER_KNOTS.);
#343=B_SPLINE_CURVE_WITH_KNOTS('',2,(#13169,#13170,#13171),
 .UNSPECIFIED.,.F.,.F.,(3,3),(0.,1.),.PIECEWISE_BEZIER_KNOTS.);
#344=B_SPLINE_CURVE_WITH_KNOTS('',2,(#13182,#13183,#13184),
 .UNSPECIFIED.,.F.,.F.,(3,3),(0.,1.),.PIECEWISE_BEZIER_KNOTS.);
#345=B_SPLINE_CURVE_WITH_KNOTS('',2,(#13195,#13196,#13197),
 .UNSPECIFIED.,.F.,.F.,(3,3),(0.,1.),.PIECEWISE_BEZIER_KNOTS.);
#346=B_SPLINE_CURVE_WITH_KNOTS('',2,(#13208,#13209,#13210),
 .UNSPECIFIED.,.F.,.F.,(3,3),(0.,1.),.PIECEWISE_BEZIER_KNOTS.);
#347=B_SPLINE_CURVE_WITH_KNOTS('',2,(#13221,#13222,#13223),
 .UNSPECIFIED.,.F.,.F.,(3,3),(0.,1.),.PIECEWISE_BEZIER_KNOTS.);
#348=B_SPLINE_CURVE_WITH_KNOTS('',2,(#13232,#13233,#13234),
 .UNSPECIFIED.,.F.,.F.,(3,3),(0.,1.),.PIECEWISE_BEZIER_KNOTS.);
#349=B_SPLINE_CURVE_WITH_KNOTS('',2,(#13239,#13240,#13241),
 .UNSPECIFIED.,.F.,.F.,(3,3),(0.,1.),.PIECEWISE_BEZIER_KNOTS.);
#350=B_SPLINE_CURVE_WITH_KNOTS('',2,(#13252,#13253,#13254),
 .UNSPECIFIED.,.F.,.F.,(3,3),(0.,1.),.PIECEWISE_BEZIER_KNOTS.);
#351=B_SPLINE_CURVE_WITH_KNOTS('',2,(#13258,#13259,#13260),
 .UNSPECIFIED.,.F.,.F.,(3,3),(0.,1.),.PIECEWISE_BEZIER_KNOTS.);
#352=B_SPLINE_CURVE_WITH_KNOTS('',2,(#13269,#13270,#13271),
 .UNSPECIFIED.,.F.,.F.,(3,3),(0.,1.),.PIECEWISE_BEZIER_KNOTS.);
#353=B_SPLINE_CURVE_WITH_KNOTS('',2,(#13275,#13276,#13277),
 .UNSPECIFIED.,.F.,.F.,(3,3),(0.,1.),.PIECEWISE_BEZIER_KNOTS.);
#354=B_SPLINE_CURVE_WITH_KNOTS('',2,(#13286,#13287,#13288),
 .UNSPECIFIED.,.F.,.F.,(3,3),(0.,1.),.PIECEWISE_BEZIER_KNOTS.);
#355=B_SPLINE_CURVE_WITH_KNOTS('',2,(#13292,#13293,#13294),
 .UNSPECIFIED.,.F.,.F.,(3,3),(0.,1.),.PIECEWISE_BEZIER_KNOTS.);
#356=B_SPLINE_CURVE_WITH_KNOTS('',2,(#13303,#13304,#13305),
 .UNSPECIFIED.,.F.,.F.,(3,3),(0.,1.),.PIECEWISE_BEZIER_KNOTS.);
#357=B_SPLINE_CURVE_WITH_KNOTS('',2,(#13306,#13307,#13308),
 .UNSPECIFIED.,.F.,.F.,(3,3),(0.,1.),.PIECEWISE_BEZIER_KNOTS.);
#358=B_SPLINE_CURVE_WITH_KNOTS('',2,(#13317,#13318,#13319),
 .UNSPECIFIED.,.F.,.F.,(3,3),(0.,1.),.PIECEWISE_BEZIER_KNOTS.);
#359=B_SPLINE_CURVE_WITH_KNOTS('',2,(#13408,#13409,#13410),
 .UNSPECIFIED.,.F.,.F.,(3,3),(0.,1.),.PIECEWISE_BEZIER_KNOTS.);
#360=B_SPLINE_CURVE_WITH_KNOTS('',2,(#13414,#13415,#13416),
 .UNSPECIFIED.,.F.,.F.,(3,3),(0.,1.),.PIECEWISE_BEZIER_KNOTS.);
#361=B_SPLINE_CURVE_WITH_KNOTS('',2,(#13425,#13426,#13427),
 .UNSPECIFIED.,.F.,.F.,(3,3),(0.,1.),.PIECEWISE_BEZIER_KNOTS.);
#362=B_SPLINE_CURVE_WITH_KNOTS('',2,(#13431,#13432,#13433),
 .UNSPECIFIED.,.F.,.F.,(3,3),(0.,1.),.PIECEWISE_BEZIER_KNOTS.);
#363=B_SPLINE_CURVE_WITH_KNOTS('',2,(#13444,#13445,#13446),
 .UNSPECIFIED.,.F.,.F.,(3,3),(0.,1.),.PIECEWISE_BEZIER_KNOTS.);
#364=B_SPLINE_CURVE_WITH_KNOTS('',2,(#13459,#13460,#13461),
 .UNSPECIFIED.,.F.,.F.,(3,3),(0.,1.),.PIECEWISE_BEZIER_KNOTS.);
#365=B_SPLINE_CURVE_WITH_KNOTS('',2,(#13492,#13493,#13494),
 .UNSPECIFIED.,.F.,.F.,(3,3),(0.,1.),.PIECEWISE_BEZIER_KNOTS.);
#366=B_SPLINE_CURVE_WITH_KNOTS('',2,(#13505,#13506,#13507),
 .UNSPECIFIED.,.F.,.F.,(3,3),(0.,1.),.PIECEWISE_BEZIER_KNOTS.);
#367=B_SPLINE_CURVE_WITH_KNOTS('',2,(#13518,#13519,#13520),
 .UNSPECIFIED.,.F.,.F.,(3,3),(0.,1.),.PIECEWISE_BEZIER_KNOTS.);
#368=B_SPLINE_CURVE_WITH_KNOTS('',2,(#13539,#13540,#13541),
 .UNSPECIFIED.,.F.,.F.,(3,3),(0.,1.),.PIECEWISE_BEZIER_KNOTS.);
#369=B_SPLINE_CURVE_WITH_KNOTS('',2,(#13552,#13553,#13554),
 .UNSPECIFIED.,.F.,.F.,(3,3),(0.,1.),.PIECEWISE_BEZIER_KNOTS.);
#370=B_SPLINE_CURVE_WITH_KNOTS('',2,(#13565,#13566,#13567),
 .UNSPECIFIED.,.F.,.F.,(3,3),(0.,1.),.PIECEWISE_BEZIER_KNOTS.);
#371=B_SPLINE_CURVE_WITH_KNOTS('',2,(#13578,#13579,#13580),
 .UNSPECIFIED.,.F.,.F.,(3,3),(0.,1.),.PIECEWISE_BEZIER_KNOTS.);
#372=B_SPLINE_CURVE_WITH_KNOTS('',2,(#13589,#13590,#13591),
 .UNSPECIFIED.,.F.,.F.,(3,3),(0.,1.),.PIECEWISE_BEZIER_KNOTS.);
#373=B_SPLINE_CURVE_WITH_KNOTS('',2,(#13600,#13601,#13602),
 .UNSPECIFIED.,.F.,.F.,(3,3),(0.,1.),.PIECEWISE_BEZIER_KNOTS.);
#374=B_SPLINE_CURVE_WITH_KNOTS('',2,(#13603,#13604,#13605),
 .UNSPECIFIED.,.F.,.F.,(3,3),(0.,1.),.PIECEWISE_BEZIER_KNOTS.);
#375=B_SPLINE_CURVE_WITH_KNOTS('',2,(#13616,#13617,#13618),
 .UNSPECIFIED.,.F.,.F.,(3,3),(0.,1.),.PIECEWISE_BEZIER_KNOTS.);
#376=B_SPLINE_CURVE_WITH_KNOTS('',2,(#13623,#13624,#13625),
 .UNSPECIFIED.,.F.,.F.,(3,3),(0.,1.),.PIECEWISE_BEZIER_KNOTS.);
#377=B_SPLINE_CURVE_WITH_KNOTS('',2,(#13636,#13637,#13638),
 .UNSPECIFIED.,.F.,.F.,(3,3),(0.,1.),.PIECEWISE_BEZIER_KNOTS.);
#378=B_SPLINE_CURVE_WITH_KNOTS('',2,(#13642,#13643,#13644),
 .UNSPECIFIED.,.F.,.F.,(3,3),(0.,1.),.PIECEWISE_BEZIER_KNOTS.);
#379=B_SPLINE_CURVE_WITH_KNOTS('',2,(#13653,#13654,#13655),
 .UNSPECIFIED.,.F.,.F.,(3,3),(0.,1.),.PIECEWISE_BEZIER_KNOTS.);
#380=B_SPLINE_CURVE_WITH_KNOTS('',2,(#13659,#13660,#13661),
 .UNSPECIFIED.,.F.,.F.,(3,3),(0.,1.),.PIECEWISE_BEZIER_KNOTS.);
#381=B_SPLINE_CURVE_WITH_KNOTS('',2,(#13682,#13683,#13684),
 .UNSPECIFIED.,.F.,.F.,(3,3),(0.,1.),.PIECEWISE_BEZIER_KNOTS.);
#382=B_SPLINE_CURVE_WITH_KNOTS('',2,(#13688,#13689,#13690),
 .UNSPECIFIED.,.F.,.F.,(3,3),(0.,1.),.PIECEWISE_BEZIER_KNOTS.);
#383=B_SPLINE_CURVE_WITH_KNOTS('',2,(#13699,#13700,#13701),
 .UNSPECIFIED.,.F.,.F.,(3,3),(0.,1.),.PIECEWISE_BEZIER_KNOTS.);
#384=B_SPLINE_CURVE_WITH_KNOTS('',2,(#13705,#13706,#13707),
 .UNSPECIFIED.,.F.,.F.,(3,3),(0.,1.),.PIECEWISE_BEZIER_KNOTS.);
#385=B_SPLINE_CURVE_WITH_KNOTS('',2,(#13772,#13773,#13774),
 .UNSPECIFIED.,.F.,.F.,(3,3),(0.,1.),.PIECEWISE_BEZIER_KNOTS.);
#386=B_SPLINE_CURVE_WITH_KNOTS('',2,(#13785,#13786,#13787),
 .UNSPECIFIED.,.F.,.F.,(3,3),(0.,1.),.PIECEWISE_BEZIER_KNOTS.);
#387=B_SPLINE_CURVE_WITH_KNOTS('',2,(#13798,#13799,#13800),
 .UNSPECIFIED.,.F.,.F.,(3,3),(0.,1.),.PIECEWISE_BEZIER_KNOTS.);
#388=B_SPLINE_CURVE_WITH_KNOTS('',2,(#13811,#13812,#13813),
 .UNSPECIFIED.,.F.,.F.,(3,3),(0.,1.),.PIECEWISE_BEZIER_KNOTS.);
#389=B_SPLINE_CURVE_WITH_KNOTS('',2,(#13822,#13823,#13824),
 .UNSPECIFIED.,.F.,.F.,(3,3),(0.,1.),.PIECEWISE_BEZIER_KNOTS.);
#390=B_SPLINE_CURVE_WITH_KNOTS('',2,(#13833,#13834,#13835),
 .UNSPECIFIED.,.F.,.F.,(3,3),(0.,1.),.PIECEWISE_BEZIER_KNOTS.);
#391=B_SPLINE_CURVE_WITH_KNOTS('',2,(#13836,#13837,#13838),
 .UNSPECIFIED.,.F.,.F.,(3,3),(0.,1.),.PIECEWISE_BEZIER_KNOTS.);
#392=B_SPLINE_CURVE_WITH_KNOTS('',3,(#13845,#13846,#13847,#13848),
 .UNSPECIFIED.,.F.,.F.,(4,4),(0.,1.),.UNSPECIFIED.);
#393=B_SPLINE_CURVE_WITH_KNOTS('',3,(#13849,#13850,#13851,#13852),
 .UNSPECIFIED.,.F.,.F.,(4,4),(0.,1.),.UNSPECIFIED.);
#394=B_SPLINE_CURVE_WITH_KNOTS('',3,(#13854,#13855,#13856,#13857),
 .UNSPECIFIED.,.F.,.F.,(4,4),(0.,1.),.UNSPECIFIED.);
#395=B_SPLINE_CURVE_WITH_KNOTS('',3,(#13861,#13862,#13863,#13864),
 .UNSPECIFIED.,.F.,.F.,(4,4),(0.,1.),.UNSPECIFIED.);
#396=B_SPLINE_CURVE_WITH_KNOTS('',3,(#13866,#13867,#13868,#13869),
 .UNSPECIFIED.,.F.,.F.,(4,4),(0.,1.),.UNSPECIFIED.);
#397=B_SPLINE_CURVE_WITH_KNOTS('',3,(#13873,#13874,#13875,#13876),
 .UNSPECIFIED.,.F.,.F.,(4,4),(0.,1.),.UNSPECIFIED.);
#398=B_SPLINE_CURVE_WITH_KNOTS('',3,(#13881,#13882,#13883,#13884),
 .UNSPECIFIED.,.F.,.F.,(4,4),(0.,1.),.UNSPECIFIED.);
#399=B_SPLINE_CURVE_WITH_KNOTS('',3,(#13885,#13886,#13887,#13888),
 .UNSPECIFIED.,.F.,.F.,(4,4),(0.,1.),.UNSPECIFIED.);
#400=B_SPLINE_CURVE_WITH_KNOTS('',3,(#13890,#13891,#13892,#13893,#13894,
#13895,#13896),.UNSPECIFIED.,.F.,.F.,(4,1,1,1,4),(0.,0.00281130328972973,
0.00562260657945945,0.00843390986918918,0.0112452131589189),
 .UNSPECIFIED.);
#401=B_SPLINE_CURVE_WITH_KNOTS('',3,(#13897,#13898,#13899,#13900,#13901,
#13902,#13903),.UNSPECIFIED.,.F.,.F.,(4,1,1,1,4),(0.,0.00281130328972973,
0.00562260657945946,0.00843390986918918,0.0112452131589189),
 .UNSPECIFIED.);
#402=B_SPLINE_CURVE_WITH_KNOTS('',3,(#13904,#13905,#13906,#13907,#13908,
#13909,#13910),.UNSPECIFIED.,.F.,.F.,(4,1,1,1,4),(0.,0.00281130328972973,
0.00562260657945945,0.00843390986918918,0.0112452131589189),
 .UNSPECIFIED.);
#403=B_SPLINE_CURVE_WITH_KNOTS('',3,(#13911,#13912,#13913,#13914,#13915,
#13916,#13917),.UNSPECIFIED.,.F.,.F.,(4,1,1,1,4),(0.,0.00281130328972973,
0.00562260657945946,0.00843390986918918,0.0112452131589189),
 .UNSPECIFIED.);
#404=B_SPLINE_CURVE_WITH_KNOTS('',3,(#13921,#13922,#13923,#13924),
 .UNSPECIFIED.,.F.,.F.,(4,4),(0.,1.),.UNSPECIFIED.);
#405=B_SPLINE_CURVE_WITH_KNOTS('',3,(#13928,#13929,#13930,#13931),
 .UNSPECIFIED.,.F.,.F.,(4,4),(0.,1.),.UNSPECIFIED.);
#406=B_SPLINE_CURVE_WITH_KNOTS('',3,(#13935,#13936,#13937,#13938),
 .UNSPECIFIED.,.F.,.F.,(4,4),(0.,1.),.UNSPECIFIED.);
#407=B_SPLINE_CURVE_WITH_KNOTS('',3,(#13942,#13943,#13944,#13945),
 .UNSPECIFIED.,.F.,.F.,(4,4),(0.,1.),.UNSPECIFIED.);
#408=B_SPLINE_CURVE_WITH_KNOTS('',3,(#13954,#13955,#13956,#13957),
 .UNSPECIFIED.,.F.,.F.,(4,4),(0.,1.),.UNSPECIFIED.);
#409=B_SPLINE_CURVE_WITH_KNOTS('',3,(#13961,#13962,#13963,#13964),
 .UNSPECIFIED.,.F.,.F.,(4,4),(0.,1.),.UNSPECIFIED.);
#410=B_SPLINE_CURVE_WITH_KNOTS('',3,(#13968,#13969,#13970,#13971),
 .UNSPECIFIED.,.F.,.F.,(4,4),(0.,1.),.UNSPECIFIED.);
#411=B_SPLINE_CURVE_WITH_KNOTS('',3,(#13975,#13976,#13977,#13978),
 .UNSPECIFIED.,.F.,.F.,(4,4),(0.,1.),.UNSPECIFIED.);
#412=B_SPLINE_CURVE_WITH_KNOTS('',3,(#13980,#13981,#13982,#13983),
 .UNSPECIFIED.,.F.,.F.,(4,4),(0.,1.),.UNSPECIFIED.);
#413=B_SPLINE_CURVE_WITH_KNOTS('',3,(#13984,#13985,#13986,#13987),
 .UNSPECIFIED.,.F.,.F.,(4,4),(0.,1.),.UNSPECIFIED.);
#414=B_SPLINE_CURVE_WITH_KNOTS('',3,(#13989,#13990,#13991,#13992),
 .UNSPECIFIED.,.F.,.F.,(4,4),(0.,1.),.UNSPECIFIED.);
#415=B_SPLINE_CURVE_WITH_KNOTS('',3,(#13993,#13994,#13995,#13996),
 .UNSPECIFIED.,.F.,.F.,(4,4),(0.,1.),.UNSPECIFIED.);
#416=B_SPLINE_CURVE_WITH_KNOTS('',3,(#13998,#13999,#14000,#14001),
 .UNSPECIFIED.,.F.,.F.,(4,4),(0.,1.),.UNSPECIFIED.);
#417=B_SPLINE_CURVE_WITH_KNOTS('',3,(#14002,#14003,#14004,#14005),
 .UNSPECIFIED.,.F.,.F.,(4,4),(0.,1.),.UNSPECIFIED.);
#418=B_SPLINE_CURVE_WITH_KNOTS('',3,(#14007,#14008,#14009,#14010),
 .UNSPECIFIED.,.F.,.F.,(4,4),(0.,1.),.UNSPECIFIED.);
#419=B_SPLINE_CURVE_WITH_KNOTS('',3,(#14011,#14012,#14013,#14014),
 .UNSPECIFIED.,.F.,.F.,(4,4),(0.,1.),.UNSPECIFIED.);
#420=B_SPLINE_CURVE_WITH_KNOTS('',3,(#14025,#14026,#14027,#14028,#14029,
#14030,#14031),.UNSPECIFIED.,.T.,.F.,(1,3,1,1,1,3,1),(-0.242374333329591,
0.,0.263037105031264,0.521352490422723,0.757625666670409,1.,1.26303710503126),
 .UNSPECIFIED.);
#421=B_SPLINE_CURVE_WITH_KNOTS('',3,(#14059,#14060,#14061,#14062,#14063,
#14064,#14065),.UNSPECIFIED.,.T.,.F.,(1,3,1,1,1,3,1),(-0.242374333329591,
0.,0.263037105031264,0.521352490422723,0.757625666670409,1.,1.26303710503126),
 .UNSPECIFIED.);
#422=LINE('',#10235,#1318);
#423=LINE('',#10243,#1319);
#424=LINE('',#10250,#1320);
#425=LINE('',#10257,#1321);
#426=LINE('',#10263,#1322);
#427=LINE('',#10288,#1323);
#428=LINE('',#10290,#1324);
#429=LINE('',#10292,#1325);
#430=LINE('',#10294,#1326);
#431=LINE('',#10296,#1327);
#432=LINE('',#10298,#1328);
#433=LINE('',#10300,#1329);
#434=LINE('',#10302,#1330);
#435=LINE('',#10304,#1331);
#436=LINE('',#10306,#1332);
#437=LINE('',#10308,#1333);
#438=LINE('',#10336,#1334);
#439=LINE('',#10350,#1335);
#440=LINE('',#10352,#1336);
#441=LINE('',#10354,#1337);
#442=LINE('',#10356,#1338);
#443=LINE('',#10358,#1339);
#444=LINE('',#10363,#1340);
#445=LINE('',#10366,#1341);
#446=LINE('',#10368,#1342);
#447=LINE('',#10370,#1343);
#448=LINE('',#10372,#1344);
#449=LINE('',#10374,#1345);
#450=LINE('',#10376,#1346);
#451=LINE('',#10378,#1347);
#452=LINE('',#10380,#1348);
#453=LINE('',#10382,#1349);
#454=LINE('',#10384,#1350);
#455=LINE('',#10386,#1351);
#456=LINE('',#10388,#1352);
#457=LINE('',#10390,#1353);
#458=LINE('',#10392,#1354);
#459=LINE('',#10394,#1355);
#460=LINE('',#10396,#1356);
#461=LINE('',#10429,#1357);
#462=LINE('',#10432,#1358);
#463=LINE('',#10444,#1359);
#464=LINE('',#10446,#1360);
#465=LINE('',#10448,#1361);
#466=LINE('',#10460,#1362);
#467=LINE('',#10462,#1363);
#468=LINE('',#10464,#1364);
#469=LINE('',#10466,#1365);
#470=LINE('',#10468,#1366);
#471=LINE('',#10470,#1367);
#472=LINE('',#10472,#1368);
#473=LINE('',#10474,#1369);
#474=LINE('',#10476,#1370);
#475=LINE('',#10478,#1371);
#476=LINE('',#10480,#1372);
#477=LINE('',#10482,#1373);
#478=LINE('',#10484,#1374);
#479=LINE('',#10485,#1375);
#480=LINE('',#10488,#1376);
#481=LINE('',#10490,#1377);
#482=LINE('',#10492,#1378);
#483=LINE('',#10494,#1379);
#484=LINE('',#10496,#1380);
#485=LINE('',#10520,#1381);
#486=LINE('',#10522,#1382);
#487=LINE('',#10524,#1383);
#488=LINE('',#10526,#1384);
#489=LINE('',#10528,#1385);
#490=LINE('',#10530,#1386);
#491=LINE('',#10532,#1387);
#492=LINE('',#10534,#1388);
#493=LINE('',#10535,#1389);
#494=LINE('',#10538,#1390);
#495=LINE('',#10540,#1391);
#496=LINE('',#10542,#1392);
#497=LINE('',#10544,#1393);
#498=LINE('',#10546,#1394);
#499=LINE('',#10570,#1395);
#500=LINE('',#10572,#1396);
#501=LINE('',#10574,#1397);
#502=LINE('',#10576,#1398);
#503=LINE('',#10578,#1399);
#504=LINE('',#10580,#1400);
#505=LINE('',#10582,#1401);
#506=LINE('',#10584,#1402);
#507=LINE('',#10585,#1403);
#508=LINE('',#10588,#1404);
#509=LINE('',#10590,#1405);
#510=LINE('',#10592,#1406);
#511=LINE('',#10594,#1407);
#512=LINE('',#10596,#1408);
#513=LINE('',#10598,#1409);
#514=LINE('',#10600,#1410);
#515=LINE('',#10602,#1411);
#516=LINE('',#10604,#1412);
#517=LINE('',#10606,#1413);
#518=LINE('',#10608,#1414);
#519=LINE('',#10610,#1415);
#520=LINE('',#10612,#1416);
#521=LINE('',#10614,#1417);
#522=LINE('',#10616,#1418);
#523=LINE('',#10618,#1419);
#524=LINE('',#10620,#1420);
#525=LINE('',#10622,#1421);
#526=LINE('',#10624,#1422);
#527=LINE('',#10626,#1423);
#528=LINE('',#10628,#1424);
#529=LINE('',#10629,#1425);
#530=LINE('',#10644,#1426);
#531=LINE('',#10646,#1427);
#532=LINE('',#10648,#1428);
#533=LINE('',#10650,#1429);
#534=LINE('',#10652,#1430);
#535=LINE('',#10654,#1431);
#536=LINE('',#10676,#1432);
#537=LINE('',#10690,#1433);
#538=LINE('',#10692,#1434);
#539=LINE('',#10694,#1435);
#540=LINE('',#10696,#1436);
#541=LINE('',#10697,#1437);
#542=LINE('',#10700,#1438);
#543=LINE('',#10702,#1439);
#544=LINE('',#10704,#1440);
#545=LINE('',#10706,#1441);
#546=LINE('',#10708,#1442);
#547=LINE('',#10710,#1443);
#548=LINE('',#10712,#1444);
#549=LINE('',#10714,#1445);
#550=LINE('',#10728,#1446);
#551=LINE('',#10730,#1447);
#552=LINE('',#10732,#1448);
#553=LINE('',#10734,#1449);
#554=LINE('',#10736,#1450);
#555=LINE('',#10738,#1451);
#556=LINE('',#10740,#1452);
#557=LINE('',#10742,#1453);
#558=LINE('',#10744,#1454);
#559=LINE('',#10758,#1455);
#560=LINE('',#10760,#1456);
#561=LINE('',#10762,#1457);
#562=LINE('',#10764,#1458);
#563=LINE('',#10766,#1459);
#564=LINE('',#10768,#1460);
#565=LINE('',#10769,#1461);
#566=LINE('',#10772,#1462);
#567=LINE('',#10774,#1463);
#568=LINE('',#10776,#1464);
#569=LINE('',#10778,#1465);
#570=LINE('',#10780,#1466);
#571=LINE('',#10782,#1467);
#572=LINE('',#10784,#1468);
#573=LINE('',#10786,#1469);
#574=LINE('',#10800,#1470);
#575=LINE('',#10802,#1471);
#576=LINE('',#10804,#1472);
#577=LINE('',#10806,#1473);
#578=LINE('',#10808,#1474);
#579=LINE('',#10810,#1475);
#580=LINE('',#10812,#1476);
#581=LINE('',#10814,#1477);
#582=LINE('',#10816,#1478);
#583=LINE('',#10830,#1479);
#584=LINE('',#10832,#1480);
#585=LINE('',#10834,#1481);
#586=LINE('',#10836,#1482);
#587=LINE('',#10838,#1483);
#588=LINE('',#10840,#1484);
#589=LINE('',#10841,#1485);
#590=LINE('',#10856,#1486);
#591=LINE('',#10858,#1487);
#592=LINE('',#10860,#1488);
#593=LINE('',#10862,#1489);
#594=LINE('',#10864,#1490);
#595=LINE('',#10866,#1491);
#596=LINE('',#10888,#1492);
#597=LINE('',#10902,#1493);
#598=LINE('',#10904,#1494);
#599=LINE('',#10906,#1495);
#600=LINE('',#10908,#1496);
#601=LINE('',#10909,#1497);
#602=LINE('',#10912,#1498);
#603=LINE('',#10914,#1499);
#604=LINE('',#10916,#1500);
#605=LINE('',#10918,#1501);
#606=LINE('',#10920,#1502);
#607=LINE('',#10922,#1503);
#608=LINE('',#10924,#1504);
#609=LINE('',#10926,#1505);
#610=LINE('',#10928,#1506);
#611=LINE('',#10930,#1507);
#612=LINE('',#10932,#1508);
#613=LINE('',#10934,#1509);
#614=LINE('',#10936,#1510);
#615=LINE('',#10938,#1511);
#616=LINE('',#10940,#1512);
#617=LINE('',#10942,#1513);
#618=LINE('',#10944,#1514);
#619=LINE('',#10946,#1515);
#620=LINE('',#10948,#1516);
#621=LINE('',#10950,#1517);
#622=LINE('',#10952,#1518);
#623=LINE('',#10953,#1519);
#624=LINE('',#10956,#1520);
#625=LINE('',#10958,#1521);
#626=LINE('',#10960,#1522);
#627=LINE('',#10962,#1523);
#628=LINE('',#10964,#1524);
#629=LINE('',#10978,#1525);
#630=LINE('',#10980,#1526);
#631=LINE('',#10982,#1527);
#632=LINE('',#10984,#1528);
#633=LINE('',#10986,#1529);
#634=LINE('',#10988,#1530);
#635=LINE('',#10990,#1531);
#636=LINE('',#10992,#1532);
#637=LINE('',#10994,#1533);
#638=LINE('',#10996,#1534);
#639=LINE('',#10998,#1535);
#640=LINE('',#11000,#1536);
#641=LINE('',#11002,#1537);
#642=LINE('',#11016,#1538);
#643=LINE('',#11017,#1539);
#644=LINE('',#11020,#1540);
#645=LINE('',#11022,#1541);
#646=LINE('',#11024,#1542);
#647=LINE('',#11026,#1543);
#648=LINE('',#11028,#1544);
#649=LINE('',#11044,#1545);
#650=LINE('',#11046,#1546);
#651=LINE('',#11048,#1547);
#652=LINE('',#11050,#1548);
#653=LINE('',#11052,#1549);
#654=LINE('',#11054,#1550);
#655=LINE('',#11056,#1551);
#656=LINE('',#11058,#1552);
#657=LINE('',#11060,#1553);
#658=LINE('',#11076,#1554);
#659=LINE('',#11078,#1555);
#660=LINE('',#11080,#1556);
#661=LINE('',#11082,#1557);
#662=LINE('',#11084,#1558);
#663=LINE('',#11086,#1559);
#664=LINE('',#11088,#1560);
#665=LINE('',#11090,#1561);
#666=LINE('',#11092,#1562);
#667=LINE('',#11094,#1563);
#668=LINE('',#11096,#1564);
#669=LINE('',#11098,#1565);
#670=LINE('',#11100,#1566);
#671=LINE('',#11102,#1567);
#672=LINE('',#11104,#1568);
#673=LINE('',#11106,#1569);
#674=LINE('',#11108,#1570);
#675=LINE('',#11110,#1571);
#676=LINE('',#11112,#1572);
#677=LINE('',#11114,#1573);
#678=LINE('',#11116,#1574);
#679=LINE('',#11118,#1575);
#680=LINE('',#11120,#1576);
#681=LINE('',#11122,#1577);
#682=LINE('',#11124,#1578);
#683=LINE('',#11126,#1579);
#684=LINE('',#11128,#1580);
#685=LINE('',#11139,#1581);
#686=LINE('',#11152,#1582);
#687=LINE('',#11165,#1583);
#688=LINE('',#11171,#1584);
#689=LINE('',#11173,#1585);
#690=LINE('',#11175,#1586);
#691=LINE('',#11177,#1587);
#692=LINE('',#11179,#1588);
#693=LINE('',#11181,#1589);
#694=LINE('',#11183,#1590);
#695=LINE('',#11185,#1591);
#696=LINE('',#11187,#1592);
#697=LINE('',#11189,#1593);
#698=LINE('',#11191,#1594);
#699=LINE('',#11193,#1595);
#700=LINE('',#11195,#1596);
#701=LINE('',#11197,#1597);
#702=LINE('',#11199,#1598);
#703=LINE('',#11201,#1599);
#704=LINE('',#11203,#1600);
#705=LINE('',#11205,#1601);
#706=LINE('',#11214,#1602);
#707=LINE('',#11227,#1603);
#708=LINE('',#11240,#1604);
#709=LINE('',#11246,#1605);
#710=LINE('',#11250,#1606);
#711=LINE('',#11252,#1607);
#712=LINE('',#11254,#1608);
#713=LINE('',#11256,#1609);
#714=LINE('',#11258,#1610);
#715=LINE('',#11260,#1611);
#716=LINE('',#11262,#1612);
#717=LINE('',#11265,#1613);
#718=LINE('',#11267,#1614);
#719=LINE('',#11269,#1615);
#720=LINE('',#11271,#1616);
#721=LINE('',#11273,#1617);
#722=LINE('',#11282,#1618);
#723=LINE('',#11295,#1619);
#724=LINE('',#11308,#1620);
#725=LINE('',#11314,#1621);
#726=LINE('',#11316,#1622);
#727=LINE('',#11318,#1623);
#728=LINE('',#11320,#1624);
#729=LINE('',#11322,#1625);
#730=LINE('',#11324,#1626);
#731=LINE('',#11326,#1627);
#732=LINE('',#11328,#1628);
#733=LINE('',#11330,#1629);
#734=LINE('',#11332,#1630);
#735=LINE('',#11334,#1631);
#736=LINE('',#11336,#1632);
#737=LINE('',#11338,#1633);
#738=LINE('',#11340,#1634);
#739=LINE('',#11342,#1635);
#740=LINE('',#11344,#1636);
#741=LINE('',#11346,#1637);
#742=LINE('',#11348,#1638);
#743=LINE('',#11350,#1639);
#744=LINE('',#11352,#1640);
#745=LINE('',#11354,#1641);
#746=LINE('',#11356,#1642);
#747=LINE('',#11358,#1643);
#748=LINE('',#11360,#1644);
#749=LINE('',#11362,#1645);
#750=LINE('',#11364,#1646);
#751=LINE('',#11373,#1647);
#752=LINE('',#11386,#1648);
#753=LINE('',#11399,#1649);
#754=LINE('',#11405,#1650);
#755=LINE('',#11407,#1651);
#756=LINE('',#11409,#1652);
#757=LINE('',#11411,#1653);
#758=LINE('',#11413,#1654);
#759=LINE('',#11415,#1655);
#760=LINE('',#11417,#1656);
#761=LINE('',#11419,#1657);
#762=LINE('',#11421,#1658);
#763=LINE('',#11424,#1659);
#764=LINE('',#11426,#1660);
#765=LINE('',#11428,#1661);
#766=LINE('',#11430,#1662);
#767=LINE('',#11432,#1663);
#768=LINE('',#11434,#1664);
#769=LINE('',#11436,#1665);
#770=LINE('',#11438,#1666);
#771=LINE('',#11440,#1667);
#772=LINE('',#11442,#1668);
#773=LINE('',#11444,#1669);
#774=LINE('',#11446,#1670);
#775=LINE('',#11448,#1671);
#776=LINE('',#11450,#1672);
#777=LINE('',#11452,#1673);
#778=LINE('',#11454,#1674);
#779=LINE('',#11456,#1675);
#780=LINE('',#11458,#1676);
#781=LINE('',#11460,#1677);
#782=LINE('',#11462,#1678);
#783=LINE('',#11464,#1679);
#784=LINE('',#11466,#1680);
#785=LINE('',#11468,#1681);
#786=LINE('',#11470,#1682);
#787=LINE('',#11472,#1683);
#788=LINE('',#11474,#1684);
#789=LINE('',#11476,#1685);
#790=LINE('',#11478,#1686);
#791=LINE('',#11480,#1687);
#792=LINE('',#11482,#1688);
#793=LINE('',#11484,#1689);
#794=LINE('',#11486,#1690);
#795=LINE('',#11488,#1691);
#796=LINE('',#11490,#1692);
#797=LINE('',#11492,#1693);
#798=LINE('',#11494,#1694);
#799=LINE('',#11496,#1695);
#800=LINE('',#11498,#1696);
#801=LINE('',#11500,#1697);
#802=LINE('',#11502,#1698);
#803=LINE('',#11504,#1699);
#804=LINE('',#11506,#1700);
#805=LINE('',#11508,#1701);
#806=LINE('',#11510,#1702);
#807=LINE('',#11525,#1703);
#808=LINE('',#11531,#1704);
#809=LINE('',#11533,#1705);
#810=LINE('',#11535,#1706);
#811=LINE('',#11537,#1707);
#812=LINE('',#11550,#1708);
#813=LINE('',#11567,#1709);
#814=LINE('',#11575,#1710);
#815=LINE('',#11579,#1711);
#816=LINE('',#11581,#1712);
#817=LINE('',#11583,#1713);
#818=LINE('',#11585,#1714);
#819=LINE('',#11587,#1715);
#820=LINE('',#11589,#1716);
#821=LINE('',#11591,#1717);
#822=LINE('',#11593,#1718);
#823=LINE('',#11595,#1719);
#824=LINE('',#11597,#1720);
#825=LINE('',#11599,#1721);
#826=LINE('',#11608,#1722);
#827=LINE('',#11621,#1723);
#828=LINE('',#11634,#1724);
#829=LINE('',#11640,#1725);
#830=LINE('',#11642,#1726);
#831=LINE('',#11651,#1727);
#832=LINE('',#11664,#1728);
#833=LINE('',#11677,#1729);
#834=LINE('',#11690,#1730);
#835=LINE('',#11703,#1731);
#836=LINE('',#11709,#1732);
#837=LINE('',#11711,#1733);
#838=LINE('',#11713,#1734);
#839=LINE('',#11715,#1735);
#840=LINE('',#11717,#1736);
#841=LINE('',#11719,#1737);
#842=LINE('',#11721,#1738);
#843=LINE('',#11723,#1739);
#844=LINE('',#11725,#1740);
#845=LINE('',#11727,#1741);
#846=LINE('',#11729,#1742);
#847=LINE('',#11731,#1743);
#848=LINE('',#11740,#1744);
#849=LINE('',#11753,#1745);
#850=LINE('',#11786,#1746);
#851=LINE('',#11788,#1747);
#852=LINE('',#11790,#1748);
#853=LINE('',#11792,#1749);
#854=LINE('',#11794,#1750);
#855=LINE('',#11796,#1751);
#856=LINE('',#11798,#1752);
#857=LINE('',#11800,#1753);
#858=LINE('',#11802,#1754);
#859=LINE('',#11804,#1755);
#860=LINE('',#11806,#1756);
#861=LINE('',#11808,#1757);
#862=LINE('',#11810,#1758);
#863=LINE('',#11812,#1759);
#864=LINE('',#11814,#1760);
#865=LINE('',#11823,#1761);
#866=LINE('',#11836,#1762);
#867=LINE('',#11849,#1763);
#868=LINE('',#11855,#1764);
#869=LINE('',#11857,#1765);
#870=LINE('',#11859,#1766);
#871=LINE('',#11861,#1767);
#872=LINE('',#11863,#1768);
#873=LINE('',#11865,#1769);
#874=LINE('',#11867,#1770);
#875=LINE('',#11869,#1771);
#876=LINE('',#11871,#1772);
#877=LINE('',#11873,#1773);
#878=LINE('',#11875,#1774);
#879=LINE('',#11877,#1775);
#880=LINE('',#11879,#1776);
#881=LINE('',#11881,#1777);
#882=LINE('',#11883,#1778);
#883=LINE('',#11885,#1779);
#884=LINE('',#11887,#1780);
#885=LINE('',#11889,#1781);
#886=LINE('',#11898,#1782);
#887=LINE('',#11911,#1783);
#888=LINE('',#11924,#1784);
#889=LINE('',#11930,#1785);
#890=LINE('',#11932,#1786);
#891=LINE('',#11934,#1787);
#892=LINE('',#11936,#1788);
#893=LINE('',#11938,#1789);
#894=LINE('',#11940,#1790);
#895=LINE('',#11942,#1791);
#896=LINE('',#11944,#1792);
#897=LINE('',#11946,#1793);
#898=LINE('',#11948,#1794);
#899=LINE('',#11950,#1795);
#900=LINE('',#11952,#1796);
#901=LINE('',#11954,#1797);
#902=LINE('',#11956,#1798);
#903=LINE('',#11958,#1799);
#904=LINE('',#11961,#1800);
#905=LINE('',#11963,#1801);
#906=LINE('',#11965,#1802);
#907=LINE('',#11967,#1803);
#908=LINE('',#11969,#1804);
#909=LINE('',#11971,#1805);
#910=LINE('',#11973,#1806);
#911=LINE('',#11975,#1807);
#912=LINE('',#11977,#1808);
#913=LINE('',#11979,#1809);
#914=LINE('',#11981,#1810);
#915=LINE('',#11983,#1811);
#916=LINE('',#11985,#1812);
#917=LINE('',#11987,#1813);
#918=LINE('',#11989,#1814);
#919=LINE('',#11998,#1815);
#920=LINE('',#12011,#1816);
#921=LINE('',#12024,#1817);
#922=LINE('',#12030,#1818);
#923=LINE('',#12032,#1819);
#924=LINE('',#12034,#1820);
#925=LINE('',#12036,#1821);
#926=LINE('',#12038,#1822);
#927=LINE('',#12040,#1823);
#928=LINE('',#12042,#1824);
#929=LINE('',#12044,#1825);
#930=LINE('',#12046,#1826);
#931=LINE('',#12048,#1827);
#932=LINE('',#12050,#1828);
#933=LINE('',#12052,#1829);
#934=LINE('',#12054,#1830);
#935=LINE('',#12056,#1831);
#936=LINE('',#12058,#1832);
#937=LINE('',#12060,#1833);
#938=LINE('',#12062,#1834);
#939=LINE('',#12064,#1835);
#940=LINE('',#12073,#1836);
#941=LINE('',#12086,#1837);
#942=LINE('',#12099,#1838);
#943=LINE('',#12105,#1839);
#944=LINE('',#12107,#1840);
#945=LINE('',#12109,#1841);
#946=LINE('',#12111,#1842);
#947=LINE('',#12113,#1843);
#948=LINE('',#12115,#1844);
#949=LINE('',#12117,#1845);
#950=LINE('',#12119,#1846);
#951=LINE('',#12121,#1847);
#952=LINE('',#12123,#1848);
#953=LINE('',#12125,#1849);
#954=LINE('',#12127,#1850);
#955=LINE('',#12129,#1851);
#956=LINE('',#12131,#1852);
#957=LINE('',#12133,#1853);
#958=LINE('',#12148,#1854);
#959=LINE('',#12154,#1855);
#960=LINE('',#12156,#1856);
#961=LINE('',#12158,#1857);
#962=LINE('',#12160,#1858);
#963=LINE('',#12173,#1859);
#964=LINE('',#12190,#1860);
#965=LINE('',#12198,#1861);
#966=LINE('',#12202,#1862);
#967=LINE('',#12204,#1863);
#968=LINE('',#12206,#1864);
#969=LINE('',#12208,#1865);
#970=LINE('',#12210,#1866);
#971=LINE('',#12212,#1867);
#972=LINE('',#12214,#1868);
#973=LINE('',#12216,#1869);
#974=LINE('',#12218,#1870);
#975=LINE('',#12220,#1871);
#976=LINE('',#12222,#1872);
#977=LINE('',#12231,#1873);
#978=LINE('',#12244,#1874);
#979=LINE('',#12257,#1875);
#980=LINE('',#12263,#1876);
#981=LINE('',#12265,#1877);
#982=LINE('',#12274,#1878);
#983=LINE('',#12287,#1879);
#984=LINE('',#12300,#1880);
#985=LINE('',#12313,#1881);
#986=LINE('',#12326,#1882);
#987=LINE('',#12332,#1883);
#988=LINE('',#12334,#1884);
#989=LINE('',#12336,#1885);
#990=LINE('',#12338,#1886);
#991=LINE('',#12340,#1887);
#992=LINE('',#12342,#1888);
#993=LINE('',#12344,#1889);
#994=LINE('',#12346,#1890);
#995=LINE('',#12348,#1891);
#996=LINE('',#12350,#1892);
#997=LINE('',#12352,#1893);
#998=LINE('',#12354,#1894);
#999=LINE('',#12363,#1895);
#1000=LINE('',#12376,#1896);
#1001=LINE('',#12409,#1897);
#1002=LINE('',#12412,#1898);
#1003=LINE('',#12414,#1899);
#1004=LINE('',#12416,#1900);
#1005=LINE('',#12418,#1901);
#1006=LINE('',#12420,#1902);
#1007=LINE('',#12422,#1903);
#1008=LINE('',#12424,#1904);
#1009=LINE('',#12426,#1905);
#1010=LINE('',#12428,#1906);
#1011=LINE('',#12430,#1907);
#1012=LINE('',#12432,#1908);
#1013=LINE('',#12434,#1909);
#1014=LINE('',#12436,#1910);
#1015=LINE('',#12438,#1911);
#1016=LINE('',#12440,#1912);
#1017=LINE('',#12442,#1913);
#1018=LINE('',#12444,#1914);
#1019=LINE('',#12446,#1915);
#1020=LINE('',#12448,#1916);
#1021=LINE('',#12450,#1917);
#1022=LINE('',#12452,#1918);
#1023=LINE('',#12454,#1919);
#1024=LINE('',#12456,#1920);
#1025=LINE('',#12458,#1921);
#1026=LINE('',#12460,#1922);
#1027=LINE('',#12462,#1923);
#1028=LINE('',#12464,#1924);
#1029=LINE('',#12466,#1925);
#1030=LINE('',#12468,#1926);
#1031=LINE('',#12470,#1927);
#1032=LINE('',#12472,#1928);
#1033=LINE('',#12474,#1929);
#1034=LINE('',#12476,#1930);
#1035=LINE('',#12478,#1931);
#1036=LINE('',#12480,#1932);
#1037=LINE('',#12482,#1933);
#1038=LINE('',#12484,#1934);
#1039=LINE('',#12486,#1935);
#1040=LINE('',#12488,#1936);
#1041=LINE('',#12490,#1937);
#1042=LINE('',#12492,#1938);
#1043=LINE('',#12494,#1939);
#1044=LINE('',#12496,#1940);
#1045=LINE('',#12498,#1941);
#1046=LINE('',#12500,#1942);
#1047=LINE('',#12502,#1943);
#1048=LINE('',#12504,#1944);
#1049=LINE('',#12506,#1945);
#1050=LINE('',#12508,#1946);
#1051=LINE('',#12510,#1947);
#1052=LINE('',#12512,#1948);
#1053=LINE('',#12513,#1949);
#1054=LINE('',#12529,#1950);
#1055=LINE('',#12535,#1951);
#1056=LINE('',#12548,#1952);
#1057=LINE('',#12565,#1953);
#1058=LINE('',#12571,#1954);
#1059=LINE('',#12573,#1955);
#1060=LINE('',#12575,#1956);
#1061=LINE('',#12577,#1957);
#1062=LINE('',#12579,#1958);
#1063=LINE('',#12581,#1959);
#1064=LINE('',#12594,#1960);
#1065=LINE('',#12611,#1961);
#1066=LINE('',#12617,#1962);
#1067=LINE('',#12619,#1963);
#1068=LINE('',#12621,#1964);
#1069=LINE('',#12623,#1965);
#1070=LINE('',#12625,#1966);
#1071=LINE('',#12627,#1967);
#1072=LINE('',#12629,#1968);
#1073=LINE('',#12631,#1969);
#1074=LINE('',#12633,#1970);
#1075=LINE('',#12635,#1971);
#1076=LINE('',#12637,#1972);
#1077=LINE('',#12639,#1973);
#1078=LINE('',#12641,#1974);
#1079=LINE('',#12643,#1975);
#1080=LINE('',#12645,#1976);
#1081=LINE('',#12647,#1977);
#1082=LINE('',#12649,#1978);
#1083=LINE('',#12651,#1979);
#1084=LINE('',#12653,#1980);
#1085=LINE('',#12655,#1981);
#1086=LINE('',#12666,#1982);
#1087=LINE('',#12679,#1983);
#1088=LINE('',#12692,#1984);
#1089=LINE('',#12705,#1985);
#1090=LINE('',#12718,#1986);
#1091=LINE('',#12724,#1987);
#1092=LINE('',#12726,#1988);
#1093=LINE('',#12728,#1989);
#1094=LINE('',#12730,#1990);
#1095=LINE('',#12732,#1991);
#1096=LINE('',#12734,#1992);
#1097=LINE('',#12736,#1993);
#1098=LINE('',#12738,#1994);
#1099=LINE('',#12740,#1995);
#1100=LINE('',#12770,#1996);
#1101=LINE('',#12776,#1997);
#1102=LINE('',#12789,#1998);
#1103=LINE('',#12806,#1999);
#1104=LINE('',#12812,#2000);
#1105=LINE('',#12814,#2001);
#1106=LINE('',#12816,#2002);
#1107=LINE('',#12818,#2003);
#1108=LINE('',#12820,#2004);
#1109=LINE('',#12822,#2005);
#1110=LINE('',#12835,#2006);
#1111=LINE('',#12852,#2007);
#1112=LINE('',#12858,#2008);
#1113=LINE('',#12860,#2009);
#1114=LINE('',#12862,#2010);
#1115=LINE('',#12864,#2011);
#1116=LINE('',#12866,#2012);
#1117=LINE('',#12868,#2013);
#1118=LINE('',#12870,#2014);
#1119=LINE('',#12872,#2015);
#1120=LINE('',#12874,#2016);
#1121=LINE('',#12876,#2017);
#1122=LINE('',#12878,#2018);
#1123=LINE('',#12880,#2019);
#1124=LINE('',#12882,#2020);
#1125=LINE('',#12884,#2021);
#1126=LINE('',#12886,#2022);
#1127=LINE('',#12888,#2023);
#1128=LINE('',#12890,#2024);
#1129=LINE('',#12892,#2025);
#1130=LINE('',#12894,#2026);
#1131=LINE('',#12896,#2027);
#1132=LINE('',#12907,#2028);
#1133=LINE('',#12920,#2029);
#1134=LINE('',#12933,#2030);
#1135=LINE('',#12946,#2031);
#1136=LINE('',#12959,#2032);
#1137=LINE('',#12965,#2033);
#1138=LINE('',#12967,#2034);
#1139=LINE('',#12969,#2035);
#1140=LINE('',#12971,#2036);
#1141=LINE('',#12973,#2037);
#1142=LINE('',#12975,#2038);
#1143=LINE('',#12977,#2039);
#1144=LINE('',#12979,#2040);
#1145=LINE('',#12981,#2041);
#1146=LINE('',#12999,#2042);
#1147=LINE('',#13001,#2043);
#1148=LINE('',#13003,#2044);
#1149=LINE('',#13005,#2045);
#1150=LINE('',#13007,#2046);
#1151=LINE('',#13009,#2047);
#1152=LINE('',#13011,#2048);
#1153=LINE('',#13013,#2049);
#1154=LINE('',#13015,#2050);
#1155=LINE('',#13017,#2051);
#1156=LINE('',#13019,#2052);
#1157=LINE('',#13021,#2053);
#1158=LINE('',#13023,#2054);
#1159=LINE('',#13025,#2055);
#1160=LINE('',#13027,#2056);
#1161=LINE('',#13029,#2057);
#1162=LINE('',#13031,#2058);
#1163=LINE('',#13033,#2059);
#1164=LINE('',#13035,#2060);
#1165=LINE('',#13037,#2061);
#1166=LINE('',#13039,#2062);
#1167=LINE('',#13041,#2063);
#1168=LINE('',#13043,#2064);
#1169=LINE('',#13045,#2065);
#1170=LINE('',#13047,#2066);
#1171=LINE('',#13049,#2067);
#1172=LINE('',#13051,#2068);
#1173=LINE('',#13053,#2069);
#1174=LINE('',#13055,#2070);
#1175=LINE('',#13064,#2071);
#1176=LINE('',#13070,#2072);
#1177=LINE('',#13081,#2073);
#1178=LINE('',#13087,#2074);
#1179=LINE('',#13089,#2075);
#1180=LINE('',#13091,#2076);
#1181=LINE('',#13093,#2077);
#1182=LINE('',#13095,#2078);
#1183=LINE('',#13097,#2079);
#1184=LINE('',#13099,#2080);
#1185=LINE('',#13110,#2081);
#1186=LINE('',#13123,#2082);
#1187=LINE('',#13129,#2083);
#1188=LINE('',#13139,#2084);
#1189=LINE('',#13145,#2085);
#1190=LINE('',#13154,#2086);
#1191=LINE('',#13167,#2087);
#1192=LINE('',#13180,#2088);
#1193=LINE('',#13193,#2089);
#1194=LINE('',#13206,#2090);
#1195=LINE('',#13219,#2091);
#1196=LINE('',#13237,#2092);
#1197=LINE('',#13243,#2093);
#1198=LINE('',#13256,#2094);
#1199=LINE('',#13273,#2095);
#1200=LINE('',#13290,#2096);
#1201=LINE('',#13323,#2097);
#1202=LINE('',#13325,#2098);
#1203=LINE('',#13327,#2099);
#1204=LINE('',#13329,#2100);
#1205=LINE('',#13331,#2101);
#1206=LINE('',#13333,#2102);
#1207=LINE('',#13335,#2103);
#1208=LINE('',#13337,#2104);
#1209=LINE('',#13339,#2105);
#1210=LINE('',#13341,#2106);
#1211=LINE('',#13343,#2107);
#1212=LINE('',#13345,#2108);
#1213=LINE('',#13347,#2109);
#1214=LINE('',#13349,#2110);
#1215=LINE('',#13351,#2111);
#1216=LINE('',#13353,#2112);
#1217=LINE('',#13355,#2113);
#1218=LINE('',#13357,#2114);
#1219=LINE('',#13359,#2115);
#1220=LINE('',#13361,#2116);
#1221=LINE('',#13363,#2117);
#1222=LINE('',#13365,#2118);
#1223=LINE('',#13367,#2119);
#1224=LINE('',#13369,#2120);
#1225=LINE('',#13371,#2121);
#1226=LINE('',#13373,#2122);
#1227=LINE('',#13375,#2123);
#1228=LINE('',#13377,#2124);
#1229=LINE('',#13379,#2125);
#1230=LINE('',#13381,#2126);
#1231=LINE('',#13383,#2127);
#1232=LINE('',#13385,#2128);
#1233=LINE('',#13387,#2129);
#1234=LINE('',#13389,#2130);
#1235=LINE('',#13392,#2131);
#1236=LINE('',#13395,#2132);
#1237=LINE('',#13397,#2133);
#1238=LINE('',#13399,#2134);
#1239=LINE('',#13412,#2135);
#1240=LINE('',#13429,#2136);
#1241=LINE('',#13442,#2137);
#1242=LINE('',#13448,#2138);
#1243=LINE('',#13457,#2139);
#1244=LINE('',#13463,#2140);
#1245=LINE('',#13465,#2141);
#1246=LINE('',#13467,#2142);
#1247=LINE('',#13469,#2143);
#1248=LINE('',#13471,#2144);
#1249=LINE('',#13473,#2145);
#1250=LINE('',#13475,#2146);
#1251=LINE('',#13477,#2147);
#1252=LINE('',#13479,#2148);
#1253=LINE('',#13481,#2149);
#1254=LINE('',#13490,#2150);
#1255=LINE('',#13503,#2151);
#1256=LINE('',#13516,#2152);
#1257=LINE('',#13522,#2153);
#1258=LINE('',#13524,#2154);
#1259=LINE('',#13526,#2155);
#1260=LINE('',#13537,#2156);
#1261=LINE('',#13550,#2157);
#1262=LINE('',#13563,#2158);
#1263=LINE('',#13576,#2159);
#1264=LINE('',#13621,#2160);
#1265=LINE('',#13627,#2161);
#1266=LINE('',#13640,#2162);
#1267=LINE('',#13657,#2163);
#1268=LINE('',#13663,#2164);
#1269=LINE('',#13665,#2165);
#1270=LINE('',#13667,#2166);
#1271=LINE('',#13669,#2167);
#1272=LINE('',#13671,#2168);
#1273=LINE('',#13673,#2169);
#1274=LINE('',#13686,#2170);
#1275=LINE('',#13703,#2171);
#1276=LINE('',#13709,#2172);
#1277=LINE('',#13711,#2173);
#1278=LINE('',#13713,#2174);
#1279=LINE('',#13715,#2175);
#1280=LINE('',#13717,#2176);
#1281=LINE('',#13719,#2177);
#1282=LINE('',#13721,#2178);
#1283=LINE('',#13723,#2179);
#1284=LINE('',#13725,#2180);
#1285=LINE('',#13727,#2181);
#1286=LINE('',#13729,#2182);
#1287=LINE('',#13731,#2183);
#1288=LINE('',#13733,#2184);
#1289=LINE('',#13735,#2185);
#1290=LINE('',#13737,#2186);
#1291=LINE('',#13739,#2187);
#1292=LINE('',#13741,#2188);
#1293=LINE('',#13743,#2189);
#1294=LINE('',#13745,#2190);
#1295=LINE('',#13747,#2191);
#1296=LINE('',#13749,#2192);
#1297=LINE('',#13751,#2193);
#1298=LINE('',#13753,#2194);
#1299=LINE('',#13755,#2195);
#1300=LINE('',#13757,#2196);
#1301=LINE('',#13759,#2197);
#1302=LINE('',#13770,#2198);
#1303=LINE('',#13783,#2199);
#1304=LINE('',#13796,#2200);
#1305=LINE('',#13809,#2201);
#1306=LINE('',#13842,#2202);
#1307=LINE('',#13859,#2203);
#1308=LINE('',#13871,#2204);
#1309=LINE('',#13878,#2205);
#1310=LINE('',#13918,#2206);
#1311=LINE('',#13926,#2207);
#1312=LINE('',#13933,#2208);
#1313=LINE('',#13940,#2209);
#1314=LINE('',#13951,#2210);
#1315=LINE('',#13959,#2211);
#1316=LINE('',#13966,#2212);
#1317=LINE('',#13973,#2213);
#1318=VECTOR('',#8663,1.);
#1319=VECTOR('',#8664,1.);
#1320=VECTOR('',#8665,1.);
#1321=VECTOR('',#8666,1.);
#1322=VECTOR('',#8667,1.);
#1323=VECTOR('',#8670,1.);
#1324=VECTOR('',#8671,1.);
#1325=VECTOR('',#8672,1.);
#1326=VECTOR('',#8673,1.);
#1327=VECTOR('',#8674,1.);
#1328=VECTOR('',#8675,1.);
#1329=VECTOR('',#8676,1.);
#1330=VECTOR('',#8677,1.);
#1331=VECTOR('',#8678,1.);
#1332=VECTOR('',#8679,1.);
#1333=VECTOR('',#8680,1.);
#1334=VECTOR('',#8683,1.);
#1335=VECTOR('',#8684,1.);
#1336=VECTOR('',#8685,1.);
#1337=VECTOR('',#8686,1.);
#1338=VECTOR('',#8687,1.);
#1339=VECTOR('',#8688,1.);
#1340=VECTOR('',#8689,1.);
#1341=VECTOR('',#8690,1.);
#1342=VECTOR('',#8691,1.);
#1343=VECTOR('',#8692,1.);
#1344=VECTOR('',#8693,1.);
#1345=VECTOR('',#8694,1.);
#1346=VECTOR('',#8695,1.);
#1347=VECTOR('',#8696,1.);
#1348=VECTOR('',#8697,1.);
#1349=VECTOR('',#8698,1.);
#1350=VECTOR('',#8699,1.);
#1351=VECTOR('',#8700,1.);
#1352=VECTOR('',#8701,1.);
#1353=VECTOR('',#8702,1.);
#1354=VECTOR('',#8703,1.);
#1355=VECTOR('',#8704,1.);
#1356=VECTOR('',#8705,1.);
#1357=VECTOR('',#8706,1.);
#1358=VECTOR('',#8707,1.);
#1359=VECTOR('',#8710,1.);
#1360=VECTOR('',#8711,1.);
#1361=VECTOR('',#8712,1.);
#1362=VECTOR('',#8715,1.);
#1363=VECTOR('',#8716,1.);
#1364=VECTOR('',#8717,1.);
#1365=VECTOR('',#8718,1.);
#1366=VECTOR('',#8719,1.);
#1367=VECTOR('',#8720,1.);
#1368=VECTOR('',#8721,1.);
#1369=VECTOR('',#8722,1.);
#1370=VECTOR('',#8723,1.);
#1371=VECTOR('',#8724,1.);
#1372=VECTOR('',#8725,1.);
#1373=VECTOR('',#8726,1.);
#1374=VECTOR('',#8727,1.);
#1375=VECTOR('',#8728,1.);
#1376=VECTOR('',#8729,1.);
#1377=VECTOR('',#8730,1.);
#1378=VECTOR('',#8731,1.);
#1379=VECTOR('',#8732,1.);
#1380=VECTOR('',#8733,1.);
#1381=VECTOR('',#8736,1.);
#1382=VECTOR('',#8737,1.);
#1383=VECTOR('',#8738,1.);
#1384=VECTOR('',#8739,1.);
#1385=VECTOR('',#8740,1.);
#1386=VECTOR('',#8741,1.);
#1387=VECTOR('',#8742,1.);
#1388=VECTOR('',#8743,1.);
#1389=VECTOR('',#8744,1.);
#1390=VECTOR('',#8745,1.);
#1391=VECTOR('',#8746,1.);
#1392=VECTOR('',#8747,1.);
#1393=VECTOR('',#8748,1.);
#1394=VECTOR('',#8749,1.);
#1395=VECTOR('',#8752,1.);
#1396=VECTOR('',#8753,1.);
#1397=VECTOR('',#8754,1.);
#1398=VECTOR('',#8755,1.);
#1399=VECTOR('',#8756,1.);
#1400=VECTOR('',#8757,1.);
#1401=VECTOR('',#8758,1.);
#1402=VECTOR('',#8759,1.);
#1403=VECTOR('',#8760,1.);
#1404=VECTOR('',#8761,1.);
#1405=VECTOR('',#8762,1.);
#1406=VECTOR('',#8763,1.);
#1407=VECTOR('',#8764,1.);
#1408=VECTOR('',#8765,1.);
#1409=VECTOR('',#8766,1.);
#1410=VECTOR('',#8767,1.);
#1411=VECTOR('',#8768,1.);
#1412=VECTOR('',#8769,1.);
#1413=VECTOR('',#8770,1.);
#1414=VECTOR('',#8771,1.);
#1415=VECTOR('',#8772,1.);
#1416=VECTOR('',#8773,1.);
#1417=VECTOR('',#8774,1.);
#1418=VECTOR('',#8775,1.);
#1419=VECTOR('',#8776,1.);
#1420=VECTOR('',#8777,1.);
#1421=VECTOR('',#8778,1.);
#1422=VECTOR('',#8779,1.);
#1423=VECTOR('',#8780,1.);
#1424=VECTOR('',#8781,1.);
#1425=VECTOR('',#8782,1.);
#1426=VECTOR('',#8783,1.);
#1427=VECTOR('',#8784,1.);
#1428=VECTOR('',#8785,1.);
#1429=VECTOR('',#8786,1.);
#1430=VECTOR('',#8787,1.);
#1431=VECTOR('',#8788,1.);
#1432=VECTOR('',#8789,1.);
#1433=VECTOR('',#8790,1.);
#1434=VECTOR('',#8791,1.);
#1435=VECTOR('',#8792,1.);
#1436=VECTOR('',#8793,1.);
#1437=VECTOR('',#8794,1.);
#1438=VECTOR('',#8795,1.);
#1439=VECTOR('',#8796,1.);
#1440=VECTOR('',#8797,1.);
#1441=VECTOR('',#8798,1.);
#1442=VECTOR('',#8799,1.);
#1443=VECTOR('',#8800,1.);
#1444=VECTOR('',#8801,1.);
#1445=VECTOR('',#8802,1.);
#1446=VECTOR('',#8803,1.);
#1447=VECTOR('',#8804,1.);
#1448=VECTOR('',#8805,1.);
#1449=VECTOR('',#8806,1.);
#1450=VECTOR('',#8807,1.);
#1451=VECTOR('',#8808,1.);
#1452=VECTOR('',#8809,1.);
#1453=VECTOR('',#8810,1.);
#1454=VECTOR('',#8811,1.);
#1455=VECTOR('',#8812,1.);
#1456=VECTOR('',#8813,1.);
#1457=VECTOR('',#8814,1.);
#1458=VECTOR('',#8815,1.);
#1459=VECTOR('',#8816,1.);
#1460=VECTOR('',#8817,1.);
#1461=VECTOR('',#8818,1.);
#1462=VECTOR('',#8819,1.);
#1463=VECTOR('',#8820,1.);
#1464=VECTOR('',#8821,1.);
#1465=VECTOR('',#8822,1.);
#1466=VECTOR('',#8823,1.);
#1467=VECTOR('',#8824,1.);
#1468=VECTOR('',#8825,1.);
#1469=VECTOR('',#8826,1.);
#1470=VECTOR('',#8827,1.);
#1471=VECTOR('',#8828,1.);
#1472=VECTOR('',#8829,1.);
#1473=VECTOR('',#8830,1.);
#1474=VECTOR('',#8831,1.);
#1475=VECTOR('',#8832,1.);
#1476=VECTOR('',#8833,1.);
#1477=VECTOR('',#8834,1.);
#1478=VECTOR('',#8835,1.);
#1479=VECTOR('',#8836,1.);
#1480=VECTOR('',#8837,1.);
#1481=VECTOR('',#8838,1.);
#1482=VECTOR('',#8839,1.);
#1483=VECTOR('',#8840,1.);
#1484=VECTOR('',#8841,1.);
#1485=VECTOR('',#8842,1.);
#1486=VECTOR('',#8843,1.);
#1487=VECTOR('',#8844,1.);
#1488=VECTOR('',#8845,1.);
#1489=VECTOR('',#8846,1.);
#1490=VECTOR('',#8847,1.);
#1491=VECTOR('',#8848,1.);
#1492=VECTOR('',#8849,1.);
#1493=VECTOR('',#8850,1.);
#1494=VECTOR('',#8851,1.);
#1495=VECTOR('',#8852,1.);
#1496=VECTOR('',#8853,1.);
#1497=VECTOR('',#8854,1.);
#1498=VECTOR('',#8855,1.);
#1499=VECTOR('',#8856,1.);
#1500=VECTOR('',#8857,1.);
#1501=VECTOR('',#8858,1.);
#1502=VECTOR('',#8859,1.);
#1503=VECTOR('',#8860,1.);
#1504=VECTOR('',#8861,1.);
#1505=VECTOR('',#8862,1.);
#1506=VECTOR('',#8863,1.);
#1507=VECTOR('',#8864,1.);
#1508=VECTOR('',#8865,1.);
#1509=VECTOR('',#8866,1.);
#1510=VECTOR('',#8867,1.);
#1511=VECTOR('',#8868,1.);
#1512=VECTOR('',#8869,1.);
#1513=VECTOR('',#8870,1.);
#1514=VECTOR('',#8871,1.);
#1515=VECTOR('',#8872,1.);
#1516=VECTOR('',#8873,1.);
#1517=VECTOR('',#8874,1.);
#1518=VECTOR('',#8875,1.);
#1519=VECTOR('',#8876,1.);
#1520=VECTOR('',#8877,1.);
#1521=VECTOR('',#8878,1.);
#1522=VECTOR('',#8879,1.);
#1523=VECTOR('',#8880,1.);
#1524=VECTOR('',#8881,1.);
#1525=VECTOR('',#8882,1.);
#1526=VECTOR('',#8883,1.);
#1527=VECTOR('',#8884,1.);
#1528=VECTOR('',#8885,1.);
#1529=VECTOR('',#8886,1.);
#1530=VECTOR('',#8887,1.);
#1531=VECTOR('',#8888,1.);
#1532=VECTOR('',#8889,1.);
#1533=VECTOR('',#8890,1.);
#1534=VECTOR('',#8891,1.);
#1535=VECTOR('',#8892,1.);
#1536=VECTOR('',#8893,1.);
#1537=VECTOR('',#8894,1.);
#1538=VECTOR('',#8895,1.);
#1539=VECTOR('',#8896,1.);
#1540=VECTOR('',#8897,1.);
#1541=VECTOR('',#8898,1.);
#1542=VECTOR('',#8899,1.);
#1543=VECTOR('',#8900,1.);
#1544=VECTOR('',#8901,1.);
#1545=VECTOR('',#8904,1.);
#1546=VECTOR('',#8905,1.);
#1547=VECTOR('',#8906,1.);
#1548=VECTOR('',#8907,1.);
#1549=VECTOR('',#8908,1.);
#1550=VECTOR('',#8909,1.);
#1551=VECTOR('',#8910,1.);
#1552=VECTOR('',#8911,1.);
#1553=VECTOR('',#8912,1.);
#1554=VECTOR('',#8915,1.);
#1555=VECTOR('',#8916,1.);
#1556=VECTOR('',#8917,1.);
#1557=VECTOR('',#8918,1.);
#1558=VECTOR('',#8919,1.);
#1559=VECTOR('',#8920,1.);
#1560=VECTOR('',#8921,1.);
#1561=VECTOR('',#8924,1.);
#1562=VECTOR('',#8925,1.);
#1563=VECTOR('',#8926,1.);
#1564=VECTOR('',#8929,1.);
#1565=VECTOR('',#8930,1.);
#1566=VECTOR('',#8933,1.);
#1567=VECTOR('',#8934,1.);
#1568=VECTOR('',#8937,1.);
#1569=VECTOR('',#8938,1.);
#1570=VECTOR('',#8941,1.);
#1571=VECTOR('',#8942,1.);
#1572=VECTOR('',#8945,1.);
#1573=VECTOR('',#8946,1.);
#1574=VECTOR('',#8949,1.);
#1575=VECTOR('',#8950,1.);
#1576=VECTOR('',#8953,1.);
#1577=VECTOR('',#8954,1.);
#1578=VECTOR('',#8957,1.);
#1579=VECTOR('',#8958,1.);
#1580=VECTOR('',#8961,1.);
#1581=VECTOR('',#8964,1.);
#1582=VECTOR('',#8965,1.);
#1583=VECTOR('',#8966,1.);
#1584=VECTOR('',#8969,1.);
#1585=VECTOR('',#8970,1.);
#1586=VECTOR('',#8973,1.);
#1587=VECTOR('',#8974,1.);
#1588=VECTOR('',#8977,1.);
#1589=VECTOR('',#8978,1.);
#1590=VECTOR('',#8981,1.);
#1591=VECTOR('',#8982,1.);
#1592=VECTOR('',#8985,1.);
#1593=VECTOR('',#8986,1.);
#1594=VECTOR('',#8989,1.);
#1595=VECTOR('',#8990,1.);
#1596=VECTOR('',#8993,1.);
#1597=VECTOR('',#8994,1.);
#1598=VECTOR('',#8997,1.);
#1599=VECTOR('',#8998,1.);
#1600=VECTOR('',#9001,1.);
#1601=VECTOR('',#9002,1.);
#1602=VECTOR('',#9003,1.);
#1603=VECTOR('',#9004,1.);
#1604=VECTOR('',#9005,1.);
#1605=VECTOR('',#9008,1.);
#1606=VECTOR('',#9013,1.);
#1607=VECTOR('',#9014,1.);
#1608=VECTOR('',#9017,1.);
#1609=VECTOR('',#9018,1.);
#1610=VECTOR('',#9021,1.);
#1611=VECTOR('',#9022,1.);
#1612=VECTOR('',#9025,1.);
#1613=VECTOR('',#9030,1.);
#1614=VECTOR('',#9031,1.);
#1615=VECTOR('',#9032,1.);
#1616=VECTOR('',#9035,1.);
#1617=VECTOR('',#9036,1.);
#1618=VECTOR('',#9037,1.);
#1619=VECTOR('',#9038,1.);
#1620=VECTOR('',#9039,1.);
#1621=VECTOR('',#9042,1.);
#1622=VECTOR('',#9043,1.);
#1623=VECTOR('',#9046,1.);
#1624=VECTOR('',#9047,1.);
#1625=VECTOR('',#9050,1.);
#1626=VECTOR('',#9051,1.);
#1627=VECTOR('',#9054,1.);
#1628=VECTOR('',#9055,1.);
#1629=VECTOR('',#9058,1.);
#1630=VECTOR('',#9059,1.);
#1631=VECTOR('',#9062,1.);
#1632=VECTOR('',#9063,1.);
#1633=VECTOR('',#9066,1.);
#1634=VECTOR('',#9067,1.);
#1635=VECTOR('',#9070,1.);
#1636=VECTOR('',#9071,1.);
#1637=VECTOR('',#9074,1.);
#1638=VECTOR('',#9075,1.);
#1639=VECTOR('',#9078,1.);
#1640=VECTOR('',#9079,1.);
#1641=VECTOR('',#9082,1.);
#1642=VECTOR('',#9083,1.);
#1643=VECTOR('',#9086,1.);
#1644=VECTOR('',#9087,1.);
#1645=VECTOR('',#9090,1.);
#1646=VECTOR('',#9091,1.);
#1647=VECTOR('',#9092,1.);
#1648=VECTOR('',#9093,1.);
#1649=VECTOR('',#9094,1.);
#1650=VECTOR('',#9097,1.);
#1651=VECTOR('',#9098,1.);
#1652=VECTOR('',#9101,1.);
#1653=VECTOR('',#9102,1.);
#1654=VECTOR('',#9105,1.);
#1655=VECTOR('',#9106,1.);
#1656=VECTOR('',#9109,1.);
#1657=VECTOR('',#9110,1.);
#1658=VECTOR('',#9113,1.);
#1659=VECTOR('',#9118,1.);
#1660=VECTOR('',#9119,1.);
#1661=VECTOR('',#9120,1.);
#1662=VECTOR('',#9123,1.);
#1663=VECTOR('',#9124,1.);
#1664=VECTOR('',#9127,1.);
#1665=VECTOR('',#9128,1.);
#1666=VECTOR('',#9131,1.);
#1667=VECTOR('',#9132,1.);
#1668=VECTOR('',#9135,1.);
#1669=VECTOR('',#9136,1.);
#1670=VECTOR('',#9139,1.);
#1671=VECTOR('',#9140,1.);
#1672=VECTOR('',#9143,1.);
#1673=VECTOR('',#9144,1.);
#1674=VECTOR('',#9147,1.);
#1675=VECTOR('',#9148,1.);
#1676=VECTOR('',#9151,1.);
#1677=VECTOR('',#9152,1.);
#1678=VECTOR('',#9155,1.);
#1679=VECTOR('',#9156,1.);
#1680=VECTOR('',#9159,1.);
#1681=VECTOR('',#9160,1.);
#1682=VECTOR('',#9163,1.);
#1683=VECTOR('',#9164,1.);
#1684=VECTOR('',#9167,1.);
#1685=VECTOR('',#9168,1.);
#1686=VECTOR('',#9171,1.);
#1687=VECTOR('',#9172,1.);
#1688=VECTOR('',#9175,1.);
#1689=VECTOR('',#9176,1.);
#1690=VECTOR('',#9179,1.);
#1691=VECTOR('',#9180,1.);
#1692=VECTOR('',#9183,1.);
#1693=VECTOR('',#9184,1.);
#1694=VECTOR('',#9187,1.);
#1695=VECTOR('',#9188,1.);
#1696=VECTOR('',#9191,1.);
#1697=VECTOR('',#9192,1.);
#1698=VECTOR('',#9195,1.);
#1699=VECTOR('',#9196,1.);
#1700=VECTOR('',#9199,1.);
#1701=VECTOR('',#9200,1.);
#1702=VECTOR('',#9203,1.);
#1703=VECTOR('',#9206,1.);
#1704=VECTOR('',#9207,1.);
#1705=VECTOR('',#9210,1.);
#1706=VECTOR('',#9211,1.);
#1707=VECTOR('',#9212,1.);
#1708=VECTOR('',#9213,1.);
#1709=VECTOR('',#9214,1.);
#1710=VECTOR('',#9219,1.);
#1711=VECTOR('',#9224,1.);
#1712=VECTOR('',#9225,1.);
#1713=VECTOR('',#9226,1.);
#1714=VECTOR('',#9229,1.);
#1715=VECTOR('',#9230,1.);
#1716=VECTOR('',#9233,1.);
#1717=VECTOR('',#9234,1.);
#1718=VECTOR('',#9237,1.);
#1719=VECTOR('',#9238,1.);
#1720=VECTOR('',#9241,1.);
#1721=VECTOR('',#9242,1.);
#1722=VECTOR('',#9243,1.);
#1723=VECTOR('',#9244,1.);
#1724=VECTOR('',#9245,1.);
#1725=VECTOR('',#9248,1.);
#1726=VECTOR('',#9249,1.);
#1727=VECTOR('',#9250,1.);
#1728=VECTOR('',#9251,1.);
#1729=VECTOR('',#9252,1.);
#1730=VECTOR('',#9253,1.);
#1731=VECTOR('',#9254,1.);
#1732=VECTOR('',#9257,1.);
#1733=VECTOR('',#9258,1.);
#1734=VECTOR('',#9261,1.);
#1735=VECTOR('',#9262,1.);
#1736=VECTOR('',#9265,1.);
#1737=VECTOR('',#9266,1.);
#1738=VECTOR('',#9269,1.);
#1739=VECTOR('',#9270,1.);
#1740=VECTOR('',#9273,1.);
#1741=VECTOR('',#9274,1.);
#1742=VECTOR('',#9277,1.);
#1743=VECTOR('',#9278,1.);
#1744=VECTOR('',#9279,1.);
#1745=VECTOR('',#9280,1.);
#1746=VECTOR('',#9287,1.);
#1747=VECTOR('',#9288,1.);
#1748=VECTOR('',#9289,1.);
#1749=VECTOR('',#9292,1.);
#1750=VECTOR('',#9293,1.);
#1751=VECTOR('',#9296,1.);
#1752=VECTOR('',#9297,1.);
#1753=VECTOR('',#9300,1.);
#1754=VECTOR('',#9301,1.);
#1755=VECTOR('',#9304,1.);
#1756=VECTOR('',#9305,1.);
#1757=VECTOR('',#9308,1.);
#1758=VECTOR('',#9309,1.);
#1759=VECTOR('',#9312,1.);
#1760=VECTOR('',#9313,1.);
#1761=VECTOR('',#9314,1.);
#1762=VECTOR('',#9315,1.);
#1763=VECTOR('',#9316,1.);
#1764=VECTOR('',#9319,1.);
#1765=VECTOR('',#9320,1.);
#1766=VECTOR('',#9323,1.);
#1767=VECTOR('',#9324,1.);
#1768=VECTOR('',#9327,1.);
#1769=VECTOR('',#9328,1.);
#1770=VECTOR('',#9331,1.);
#1771=VECTOR('',#9332,1.);
#1772=VECTOR('',#9335,1.);
#1773=VECTOR('',#9336,1.);
#1774=VECTOR('',#9339,1.);
#1775=VECTOR('',#9340,1.);
#1776=VECTOR('',#9343,1.);
#1777=VECTOR('',#9344,1.);
#1778=VECTOR('',#9347,1.);
#1779=VECTOR('',#9348,1.);
#1780=VECTOR('',#9351,1.);
#1781=VECTOR('',#9352,1.);
#1782=VECTOR('',#9353,1.);
#1783=VECTOR('',#9354,1.);
#1784=VECTOR('',#9355,1.);
#1785=VECTOR('',#9358,1.);
#1786=VECTOR('',#9359,1.);
#1787=VECTOR('',#9362,1.);
#1788=VECTOR('',#9363,1.);
#1789=VECTOR('',#9366,1.);
#1790=VECTOR('',#9367,1.);
#1791=VECTOR('',#9370,1.);
#1792=VECTOR('',#9371,1.);
#1793=VECTOR('',#9374,1.);
#1794=VECTOR('',#9375,1.);
#1795=VECTOR('',#9378,1.);
#1796=VECTOR('',#9379,1.);
#1797=VECTOR('',#9382,1.);
#1798=VECTOR('',#9383,1.);
#1799=VECTOR('',#9386,1.);
#1800=VECTOR('',#9391,1.);
#1801=VECTOR('',#9392,1.);
#1802=VECTOR('',#9393,1.);
#1803=VECTOR('',#9396,1.);
#1804=VECTOR('',#9397,1.);
#1805=VECTOR('',#9400,1.);
#1806=VECTOR('',#9401,1.);
#1807=VECTOR('',#9404,1.);
#1808=VECTOR('',#9405,1.);
#1809=VECTOR('',#9408,1.);
#1810=VECTOR('',#9409,1.);
#1811=VECTOR('',#9412,1.);
#1812=VECTOR('',#9413,1.);
#1813=VECTOR('',#9416,1.);
#1814=VECTOR('',#9417,1.);
#1815=VECTOR('',#9418,1.);
#1816=VECTOR('',#9419,1.);
#1817=VECTOR('',#9420,1.);
#1818=VECTOR('',#9423,1.);
#1819=VECTOR('',#9424,1.);
#1820=VECTOR('',#9427,1.);
#1821=VECTOR('',#9428,1.);
#1822=VECTOR('',#9431,1.);
#1823=VECTOR('',#9432,1.);
#1824=VECTOR('',#9435,1.);
#1825=VECTOR('',#9436,1.);
#1826=VECTOR('',#9439,1.);
#1827=VECTOR('',#9440,1.);
#1828=VECTOR('',#9443,1.);
#1829=VECTOR('',#9444,1.);
#1830=VECTOR('',#9447,1.);
#1831=VECTOR('',#9448,1.);
#1832=VECTOR('',#9451,1.);
#1833=VECTOR('',#9452,1.);
#1834=VECTOR('',#9455,1.);
#1835=VECTOR('',#9456,1.);
#1836=VECTOR('',#9457,1.);
#1837=VECTOR('',#9458,1.);
#1838=VECTOR('',#9459,1.);
#1839=VECTOR('',#9462,1.);
#1840=VECTOR('',#9463,1.);
#1841=VECTOR('',#9466,1.);
#1842=VECTOR('',#9467,1.);
#1843=VECTOR('',#9470,1.);
#1844=VECTOR('',#9471,1.);
#1845=VECTOR('',#9474,1.);
#1846=VECTOR('',#9475,1.);
#1847=VECTOR('',#9478,1.);
#1848=VECTOR('',#9479,1.);
#1849=VECTOR('',#9482,1.);
#1850=VECTOR('',#9483,1.);
#1851=VECTOR('',#9486,1.);
#1852=VECTOR('',#9487,1.);
#1853=VECTOR('',#9490,1.);
#1854=VECTOR('',#9493,1.);
#1855=VECTOR('',#9494,1.);
#1856=VECTOR('',#9497,1.);
#1857=VECTOR('',#9498,1.);
#1858=VECTOR('',#9499,1.);
#1859=VECTOR('',#9500,1.);
#1860=VECTOR('',#9501,1.);
#1861=VECTOR('',#9506,1.);
#1862=VECTOR('',#9511,1.);
#1863=VECTOR('',#9512,1.);
#1864=VECTOR('',#9513,1.);
#1865=VECTOR('',#9516,1.);
#1866=VECTOR('',#9517,1.);
#1867=VECTOR('',#9520,1.);
#1868=VECTOR('',#9521,1.);
#1869=VECTOR('',#9524,1.);
#1870=VECTOR('',#9525,1.);
#1871=VECTOR('',#9528,1.);
#1872=VECTOR('',#9529,1.);
#1873=VECTOR('',#9530,1.);
#1874=VECTOR('',#9531,1.);
#1875=VECTOR('',#9532,1.);
#1876=VECTOR('',#9535,1.);
#1877=VECTOR('',#9536,1.);
#1878=VECTOR('',#9537,1.);
#1879=VECTOR('',#9538,1.);
#1880=VECTOR('',#9539,1.);
#1881=VECTOR('',#9540,1.);
#1882=VECTOR('',#9541,1.);
#1883=VECTOR('',#9544,1.);
#1884=VECTOR('',#9545,1.);
#1885=VECTOR('',#9548,1.);
#1886=VECTOR('',#9549,1.);
#1887=VECTOR('',#9552,1.);
#1888=VECTOR('',#9553,1.);
#1889=VECTOR('',#9556,1.);
#1890=VECTOR('',#9557,1.);
#1891=VECTOR('',#9560,1.);
#1892=VECTOR('',#9561,1.);
#1893=VECTOR('',#9564,1.);
#1894=VECTOR('',#9565,1.);
#1895=VECTOR('',#9566,1.);
#1896=VECTOR('',#9567,1.);
#1897=VECTOR('',#9574,1.);
#1898=VECTOR('',#9575,1.);
#1899=VECTOR('',#9576,1.);
#1900=VECTOR('',#9577,1.);
#1901=VECTOR('',#9580,1.);
#1902=VECTOR('',#9581,1.);
#1903=VECTOR('',#9582,1.);
#1904=VECTOR('',#9585,1.);
#1905=VECTOR('',#9586,1.);
#1906=VECTOR('',#9587,1.);
#1907=VECTOR('',#9590,1.);
#1908=VECTOR('',#9591,1.);
#1909=VECTOR('',#9594,1.);
#1910=VECTOR('',#9595,1.);
#1911=VECTOR('',#9598,1.);
#1912=VECTOR('',#9599,1.);
#1913=VECTOR('',#9602,1.);
#1914=VECTOR('',#9603,1.);
#1915=VECTOR('',#9606,1.);
#1916=VECTOR('',#9607,1.);
#1917=VECTOR('',#9610,1.);
#1918=VECTOR('',#9611,1.);
#1919=VECTOR('',#9614,1.);
#1920=VECTOR('',#9615,1.);
#1921=VECTOR('',#9618,1.);
#1922=VECTOR('',#9619,1.);
#1923=VECTOR('',#9622,1.);
#1924=VECTOR('',#9623,1.);
#1925=VECTOR('',#9626,1.);
#1926=VECTOR('',#9627,1.);
#1927=VECTOR('',#9630,1.);
#1928=VECTOR('',#9631,1.);
#1929=VECTOR('',#9634,1.);
#1930=VECTOR('',#9635,1.);
#1931=VECTOR('',#9638,1.);
#1932=VECTOR('',#9639,1.);
#1933=VECTOR('',#9642,1.);
#1934=VECTOR('',#9643,1.);
#1935=VECTOR('',#9646,1.);
#1936=VECTOR('',#9647,1.);
#1937=VECTOR('',#9650,1.);
#1938=VECTOR('',#9651,1.);
#1939=VECTOR('',#9654,1.);
#1940=VECTOR('',#9655,1.);
#1941=VECTOR('',#9658,1.);
#1942=VECTOR('',#9659,1.);
#1943=VECTOR('',#9662,1.);
#1944=VECTOR('',#9663,1.);
#1945=VECTOR('',#9666,1.);
#1946=VECTOR('',#9667,1.);
#1947=VECTOR('',#9670,1.);
#1948=VECTOR('',#9673,1.);
#1949=VECTOR('',#9674,1.);
#1950=VECTOR('',#9679,1.);
#1951=VECTOR('',#9680,1.);
#1952=VECTOR('',#9681,1.);
#1953=VECTOR('',#9682,1.);
#1954=VECTOR('',#9685,1.);
#1955=VECTOR('',#9686,1.);
#1956=VECTOR('',#9687,1.);
#1957=VECTOR('',#9690,1.);
#1958=VECTOR('',#9691,1.);
#1959=VECTOR('',#9692,1.);
#1960=VECTOR('',#9693,1.);
#1961=VECTOR('',#9694,1.);
#1962=VECTOR('',#9697,1.);
#1963=VECTOR('',#9698,1.);
#1964=VECTOR('',#9699,1.);
#1965=VECTOR('',#9702,1.);
#1966=VECTOR('',#9703,1.);
#1967=VECTOR('',#9706,1.);
#1968=VECTOR('',#9707,1.);
#1969=VECTOR('',#9710,1.);
#1970=VECTOR('',#9711,1.);
#1971=VECTOR('',#9714,1.);
#1972=VECTOR('',#9715,1.);
#1973=VECTOR('',#9718,1.);
#1974=VECTOR('',#9719,1.);
#1975=VECTOR('',#9722,1.);
#1976=VECTOR('',#9723,1.);
#1977=VECTOR('',#9726,1.);
#1978=VECTOR('',#9727,1.);
#1979=VECTOR('',#9730,1.);
#1980=VECTOR('',#9731,1.);
#1981=VECTOR('',#9734,1.);
#1982=VECTOR('',#9737,1.);
#1983=VECTOR('',#9738,1.);
#1984=VECTOR('',#9739,1.);
#1985=VECTOR('',#9740,1.);
#1986=VECTOR('',#9741,1.);
#1987=VECTOR('',#9744,1.);
#1988=VECTOR('',#9745,1.);
#1989=VECTOR('',#9748,1.);
#1990=VECTOR('',#9749,1.);
#1991=VECTOR('',#9752,1.);
#1992=VECTOR('',#9753,1.);
#1993=VECTOR('',#9756,1.);
#1994=VECTOR('',#9757,1.);
#1995=VECTOR('',#9760,1.);
#1996=VECTOR('',#9765,1.);
#1997=VECTOR('',#9766,1.);
#1998=VECTOR('',#9767,1.);
#1999=VECTOR('',#9768,1.);
#2000=VECTOR('',#9771,1.);
#2001=VECTOR('',#9772,1.);
#2002=VECTOR('',#9773,1.);
#2003=VECTOR('',#9776,1.);
#2004=VECTOR('',#9777,1.);
#2005=VECTOR('',#9778,1.);
#2006=VECTOR('',#9779,1.);
#2007=VECTOR('',#9780,1.);
#2008=VECTOR('',#9783,1.);
#2009=VECTOR('',#9784,1.);
#2010=VECTOR('',#9785,1.);
#2011=VECTOR('',#9788,1.);
#2012=VECTOR('',#9789,1.);
#2013=VECTOR('',#9792,1.);
#2014=VECTOR('',#9793,1.);
#2015=VECTOR('',#9796,1.);
#2016=VECTOR('',#9797,1.);
#2017=VECTOR('',#9800,1.);
#2018=VECTOR('',#9801,1.);
#2019=VECTOR('',#9804,1.);
#2020=VECTOR('',#9805,1.);
#2021=VECTOR('',#9808,1.);
#2022=VECTOR('',#9809,1.);
#2023=VECTOR('',#9812,1.);
#2024=VECTOR('',#9813,1.);
#2025=VECTOR('',#9816,1.);
#2026=VECTOR('',#9817,1.);
#2027=VECTOR('',#9820,1.);
#2028=VECTOR('',#9823,1.);
#2029=VECTOR('',#9824,1.);
#2030=VECTOR('',#9825,1.);
#2031=VECTOR('',#9826,1.);
#2032=VECTOR('',#9827,1.);
#2033=VECTOR('',#9830,1.);
#2034=VECTOR('',#9831,1.);
#2035=VECTOR('',#9834,1.);
#2036=VECTOR('',#9835,1.);
#2037=VECTOR('',#9838,1.);
#2038=VECTOR('',#9839,1.);
#2039=VECTOR('',#9842,1.);
#2040=VECTOR('',#9843,1.);
#2041=VECTOR('',#9846,1.);
#2042=VECTOR('',#9853,1.);
#2043=VECTOR('',#9854,1.);
#2044=VECTOR('',#9855,1.);
#2045=VECTOR('',#9858,1.);
#2046=VECTOR('',#9859,1.);
#2047=VECTOR('',#9862,1.);
#2048=VECTOR('',#9863,1.);
#2049=VECTOR('',#9866,1.);
#2050=VECTOR('',#9867,1.);
#2051=VECTOR('',#9870,1.);
#2052=VECTOR('',#9871,1.);
#2053=VECTOR('',#9874,1.);
#2054=VECTOR('',#9875,1.);
#2055=VECTOR('',#9878,1.);
#2056=VECTOR('',#9879,1.);
#2057=VECTOR('',#9882,1.);
#2058=VECTOR('',#9883,1.);
#2059=VECTOR('',#9886,1.);
#2060=VECTOR('',#9887,1.);
#2061=VECTOR('',#9890,1.);
#2062=VECTOR('',#9891,1.);
#2063=VECTOR('',#9894,1.);
#2064=VECTOR('',#9895,1.);
#2065=VECTOR('',#9898,1.);
#2066=VECTOR('',#9899,1.);
#2067=VECTOR('',#9902,1.);
#2068=VECTOR('',#9903,1.);
#2069=VECTOR('',#9906,1.);
#2070=VECTOR('',#9907,1.);
#2071=VECTOR('',#9908,1.);
#2072=VECTOR('',#9911,1.);
#2073=VECTOR('',#9914,1.);
#2074=VECTOR('',#9917,1.);
#2075=VECTOR('',#9918,1.);
#2076=VECTOR('',#9921,1.);
#2077=VECTOR('',#9922,1.);
#2078=VECTOR('',#9925,1.);
#2079=VECTOR('',#9926,1.);
#2080=VECTOR('',#9929,1.);
#2081=VECTOR('',#9932,1.);
#2082=VECTOR('',#9933,1.);
#2083=VECTOR('',#9936,1.);
#2084=VECTOR('',#9939,1.);
#2085=VECTOR('',#9940,1.);
#2086=VECTOR('',#9941,1.);
#2087=VECTOR('',#9942,1.);
#2088=VECTOR('',#9943,1.);
#2089=VECTOR('',#9944,1.);
#2090=VECTOR('',#9945,1.);
#2091=VECTOR('',#9946,1.);
#2092=VECTOR('',#9947,1.);
#2093=VECTOR('',#9948,1.);
#2094=VECTOR('',#9949,1.);
#2095=VECTOR('',#9950,1.);
#2096=VECTOR('',#9951,1.);
#2097=VECTOR('',#9958,1.);
#2098=VECTOR('',#9959,1.);
#2099=VECTOR('',#9960,1.);
#2100=VECTOR('',#9963,1.);
#2101=VECTOR('',#9964,1.);
#2102=VECTOR('',#9967,1.);
#2103=VECTOR('',#9968,1.);
#2104=VECTOR('',#9971,1.);
#2105=VECTOR('',#9972,1.);
#2106=VECTOR('',#9975,1.);
#2107=VECTOR('',#9976,1.);
#2108=VECTOR('',#9979,1.);
#2109=VECTOR('',#9980,1.);
#2110=VECTOR('',#9983,1.);
#2111=VECTOR('',#9984,1.);
#2112=VECTOR('',#9987,1.);
#2113=VECTOR('',#9988,1.);
#2114=VECTOR('',#9991,1.);
#2115=VECTOR('',#9992,1.);
#2116=VECTOR('',#9995,1.);
#2117=VECTOR('',#9996,1.);
#2118=VECTOR('',#9999,1.);
#2119=VECTOR('',#10000,1.);
#2120=VECTOR('',#10003,1.);
#2121=VECTOR('',#10004,1.);
#2122=VECTOR('',#10007,1.);
#2123=VECTOR('',#10008,1.);
#2124=VECTOR('',#10011,1.);
#2125=VECTOR('',#10012,1.);
#2126=VECTOR('',#10015,1.);
#2127=VECTOR('',#10016,1.);
#2128=VECTOR('',#10019,1.);
#2129=VECTOR('',#10020,1.);
#2130=VECTOR('',#10023,1.);
#2131=VECTOR('',#10028,1.);
#2132=VECTOR('',#10029,1.);
#2133=VECTOR('',#10030,1.);
#2134=VECTOR('',#10031,1.);
#2135=VECTOR('',#10032,1.);
#2136=VECTOR('',#10033,1.);
#2137=VECTOR('',#10034,1.);
#2138=VECTOR('',#10035,1.);
#2139=VECTOR('',#10036,1.);
#2140=VECTOR('',#10039,1.);
#2141=VECTOR('',#10040,1.);
#2142=VECTOR('',#10043,1.);
#2143=VECTOR('',#10044,1.);
#2144=VECTOR('',#10047,1.);
#2145=VECTOR('',#10048,1.);
#2146=VECTOR('',#10051,1.);
#2147=VECTOR('',#10052,1.);
#2148=VECTOR('',#10055,1.);
#2149=VECTOR('',#10056,1.);
#2150=VECTOR('',#10057,1.);
#2151=VECTOR('',#10058,1.);
#2152=VECTOR('',#10059,1.);
#2153=VECTOR('',#10062,1.);
#2154=VECTOR('',#10063,1.);
#2155=VECTOR('',#10066,1.);
#2156=VECTOR('',#10069,1.);
#2157=VECTOR('',#10070,1.);
#2158=VECTOR('',#10071,1.);
#2159=VECTOR('',#10072,1.);
#2160=VECTOR('',#10077,1.);
#2161=VECTOR('',#10078,1.);
#2162=VECTOR('',#10079,1.);
#2163=VECTOR('',#10080,1.);
#2164=VECTOR('',#10083,1.);
#2165=VECTOR('',#10084,1.);
#2166=VECTOR('',#10085,1.);
#2167=VECTOR('',#10088,1.);
#2168=VECTOR('',#10089,1.);
#2169=VECTOR('',#10090,1.);
#2170=VECTOR('',#10091,1.);
#2171=VECTOR('',#10092,1.);
#2172=VECTOR('',#10095,1.);
#2173=VECTOR('',#10096,1.);
#2174=VECTOR('',#10097,1.);
#2175=VECTOR('',#10100,1.);
#2176=VECTOR('',#10101,1.);
#2177=VECTOR('',#10104,1.);
#2178=VECTOR('',#10105,1.);
#2179=VECTOR('',#10108,1.);
#2180=VECTOR('',#10109,1.);
#2181=VECTOR('',#10112,1.);
#2182=VECTOR('',#10113,1.);
#2183=VECTOR('',#10116,1.);
#2184=VECTOR('',#10117,1.);
#2185=VECTOR('',#10120,1.);
#2186=VECTOR('',#10121,1.);
#2187=VECTOR('',#10124,1.);
#2188=VECTOR('',#10125,1.);
#2189=VECTOR('',#10128,1.);
#2190=VECTOR('',#10129,1.);
#2191=VECTOR('',#10132,1.);
#2192=VECTOR('',#10133,1.);
#2193=VECTOR('',#10136,1.);
#2194=VECTOR('',#10137,1.);
#2195=VECTOR('',#10140,1.);
#2196=VECTOR('',#10141,1.);
#2197=VECTOR('',#10144,1.);
#2198=VECTOR('',#10147,1.);
#2199=VECTOR('',#10148,1.);
#2200=VECTOR('',#10149,1.);
#2201=VECTOR('',#10150,1.);
#2202=VECTOR('',#10157,1.);
#2203=VECTOR('',#10160,1.);
#2204=VECTOR('',#10163,1.);
#2205=VECTOR('',#10166,1.);
#2206=VECTOR('',#10169,1.);
#2207=VECTOR('',#10170,1.);
#2208=VECTOR('',#10171,1.);
#2209=VECTOR('',#10172,1.);
#2210=VECTOR('',#10179,1.);
#2211=VECTOR('',#10180,1.);
#2212=VECTOR('',#10181,1.);
#2213=VECTOR('',#10182,1.);
#2214=ORIENTED_EDGE('',*,*,#4606,.F.);
#2215=ORIENTED_EDGE('',*,*,#4607,.F.);
#2216=ORIENTED_EDGE('',*,*,#4608,.F.);
#2217=ORIENTED_EDGE('',*,*,#4609,.T.);
#2218=ORIENTED_EDGE('',*,*,#4610,.T.);
#2219=ORIENTED_EDGE('',*,*,#4611,.F.);
#2220=ORIENTED_EDGE('',*,*,#4612,.T.);
#2221=ORIENTED_EDGE('',*,*,#4613,.F.);
#2222=ORIENTED_EDGE('',*,*,#4614,.T.);
#2223=ORIENTED_EDGE('',*,*,#4615,.T.);
#2224=ORIENTED_EDGE('',*,*,#4616,.T.);
#2225=ORIENTED_EDGE('',*,*,#4617,.T.);
#2226=ORIENTED_EDGE('',*,*,#4618,.T.);
#2227=ORIENTED_EDGE('',*,*,#4619,.T.);
#2228=ORIENTED_EDGE('',*,*,#4620,.T.);
#2229=ORIENTED_EDGE('',*,*,#4621,.T.);
#2230=ORIENTED_EDGE('',*,*,#4622,.T.);
#2231=ORIENTED_EDGE('',*,*,#4623,.T.);
#2232=ORIENTED_EDGE('',*,*,#4624,.T.);
#2233=ORIENTED_EDGE('',*,*,#4625,.T.);
#2234=ORIENTED_EDGE('',*,*,#4626,.T.);
#2235=ORIENTED_EDGE('',*,*,#4627,.T.);
#2236=ORIENTED_EDGE('',*,*,#4628,.T.);
#2237=ORIENTED_EDGE('',*,*,#4629,.T.);
#2238=ORIENTED_EDGE('',*,*,#4630,.T.);
#2239=ORIENTED_EDGE('',*,*,#4631,.T.);
#2240=ORIENTED_EDGE('',*,*,#4632,.T.);
#2241=ORIENTED_EDGE('',*,*,#4633,.T.);
#2242=ORIENTED_EDGE('',*,*,#4634,.T.);
#2243=ORIENTED_EDGE('',*,*,#4635,.T.);
#2244=ORIENTED_EDGE('',*,*,#4636,.T.);
#2245=ORIENTED_EDGE('',*,*,#4637,.T.);
#2246=ORIENTED_EDGE('',*,*,#4638,.T.);
#2247=ORIENTED_EDGE('',*,*,#4639,.T.);
#2248=ORIENTED_EDGE('',*,*,#4640,.T.);
#2249=ORIENTED_EDGE('',*,*,#4641,.T.);
#2250=ORIENTED_EDGE('',*,*,#4642,.T.);
#2251=ORIENTED_EDGE('',*,*,#4643,.T.);
#2252=ORIENTED_EDGE('',*,*,#4644,.T.);
#2253=ORIENTED_EDGE('',*,*,#4645,.T.);
#2254=ORIENTED_EDGE('',*,*,#4646,.T.);
#2255=ORIENTED_EDGE('',*,*,#4647,.T.);
#2256=ORIENTED_EDGE('',*,*,#4648,.T.);
#2257=ORIENTED_EDGE('',*,*,#4649,.T.);
#2258=ORIENTED_EDGE('',*,*,#4650,.T.);
#2259=ORIENTED_EDGE('',*,*,#4651,.T.);
#2260=ORIENTED_EDGE('',*,*,#4652,.T.);
#2261=ORIENTED_EDGE('',*,*,#4653,.T.);
#2262=ORIENTED_EDGE('',*,*,#4654,.T.);
#2263=ORIENTED_EDGE('',*,*,#4655,.T.);
#2264=ORIENTED_EDGE('',*,*,#4656,.T.);
#2265=ORIENTED_EDGE('',*,*,#4657,.T.);
#2266=ORIENTED_EDGE('',*,*,#4658,.T.);
#2267=ORIENTED_EDGE('',*,*,#4659,.T.);
#2268=ORIENTED_EDGE('',*,*,#4660,.T.);
#2269=ORIENTED_EDGE('',*,*,#4661,.T.);
#2270=ORIENTED_EDGE('',*,*,#4662,.T.);
#2271=ORIENTED_EDGE('',*,*,#4663,.T.);
#2272=ORIENTED_EDGE('',*,*,#4664,.T.);
#2273=ORIENTED_EDGE('',*,*,#4665,.T.);
#2274=ORIENTED_EDGE('',*,*,#4666,.T.);
#2275=ORIENTED_EDGE('',*,*,#4667,.T.);
#2276=ORIENTED_EDGE('',*,*,#4668,.T.);
#2277=ORIENTED_EDGE('',*,*,#4669,.T.);
#2278=ORIENTED_EDGE('',*,*,#4670,.T.);
#2279=ORIENTED_EDGE('',*,*,#4671,.T.);
#2280=ORIENTED_EDGE('',*,*,#4672,.T.);
#2281=ORIENTED_EDGE('',*,*,#4673,.T.);
#2282=ORIENTED_EDGE('',*,*,#4674,.T.);
#2283=ORIENTED_EDGE('',*,*,#4675,.T.);
#2284=ORIENTED_EDGE('',*,*,#4676,.T.);
#2285=ORIENTED_EDGE('',*,*,#4677,.T.);
#2286=ORIENTED_EDGE('',*,*,#4678,.T.);
#2287=ORIENTED_EDGE('',*,*,#4679,.T.);
#2288=ORIENTED_EDGE('',*,*,#4680,.T.);
#2289=ORIENTED_EDGE('',*,*,#4681,.T.);
#2290=ORIENTED_EDGE('',*,*,#4682,.T.);
#2291=ORIENTED_EDGE('',*,*,#4683,.T.);
#2292=ORIENTED_EDGE('',*,*,#4684,.T.);
#2293=ORIENTED_EDGE('',*,*,#4685,.T.);
#2294=ORIENTED_EDGE('',*,*,#4686,.T.);
#2295=ORIENTED_EDGE('',*,*,#4687,.T.);
#2296=ORIENTED_EDGE('',*,*,#4688,.T.);
#2297=ORIENTED_EDGE('',*,*,#4689,.T.);
#2298=ORIENTED_EDGE('',*,*,#4690,.T.);
#2299=ORIENTED_EDGE('',*,*,#4691,.T.);
#2300=ORIENTED_EDGE('',*,*,#4692,.T.);
#2301=ORIENTED_EDGE('',*,*,#4693,.T.);
#2302=ORIENTED_EDGE('',*,*,#4694,.T.);
#2303=ORIENTED_EDGE('',*,*,#4695,.T.);
#2304=ORIENTED_EDGE('',*,*,#4696,.T.);
#2305=ORIENTED_EDGE('',*,*,#4697,.T.);
#2306=ORIENTED_EDGE('',*,*,#4698,.T.);
#2307=ORIENTED_EDGE('',*,*,#4699,.T.);
#2308=ORIENTED_EDGE('',*,*,#4700,.T.);
#2309=ORIENTED_EDGE('',*,*,#4701,.T.);
#2310=ORIENTED_EDGE('',*,*,#4702,.T.);
#2311=ORIENTED_EDGE('',*,*,#4703,.T.);
#2312=ORIENTED_EDGE('',*,*,#4704,.T.);
#2313=ORIENTED_EDGE('',*,*,#4705,.T.);
#2314=ORIENTED_EDGE('',*,*,#4706,.T.);
#2315=ORIENTED_EDGE('',*,*,#4707,.T.);
#2316=ORIENTED_EDGE('',*,*,#4708,.T.);
#2317=ORIENTED_EDGE('',*,*,#4709,.T.);
#2318=ORIENTED_EDGE('',*,*,#4710,.T.);
#2319=ORIENTED_EDGE('',*,*,#4711,.T.);
#2320=ORIENTED_EDGE('',*,*,#4712,.T.);
#2321=ORIENTED_EDGE('',*,*,#4713,.T.);
#2322=ORIENTED_EDGE('',*,*,#4714,.T.);
#2323=ORIENTED_EDGE('',*,*,#4715,.T.);
#2324=ORIENTED_EDGE('',*,*,#4716,.T.);
#2325=ORIENTED_EDGE('',*,*,#4717,.T.);
#2326=ORIENTED_EDGE('',*,*,#4718,.T.);
#2327=ORIENTED_EDGE('',*,*,#4719,.T.);
#2328=ORIENTED_EDGE('',*,*,#4720,.T.);
#2329=ORIENTED_EDGE('',*,*,#4721,.T.);
#2330=ORIENTED_EDGE('',*,*,#4722,.T.);
#2331=ORIENTED_EDGE('',*,*,#4723,.T.);
#2332=ORIENTED_EDGE('',*,*,#4724,.T.);
#2333=ORIENTED_EDGE('',*,*,#4725,.T.);
#2334=ORIENTED_EDGE('',*,*,#4726,.T.);
#2335=ORIENTED_EDGE('',*,*,#4727,.T.);
#2336=ORIENTED_EDGE('',*,*,#4728,.T.);
#2337=ORIENTED_EDGE('',*,*,#4729,.T.);
#2338=ORIENTED_EDGE('',*,*,#4730,.T.);
#2339=ORIENTED_EDGE('',*,*,#4731,.T.);
#2340=ORIENTED_EDGE('',*,*,#4732,.T.);
#2341=ORIENTED_EDGE('',*,*,#4733,.T.);
#2342=ORIENTED_EDGE('',*,*,#4734,.T.);
#2343=ORIENTED_EDGE('',*,*,#4735,.T.);
#2344=ORIENTED_EDGE('',*,*,#4736,.T.);
#2345=ORIENTED_EDGE('',*,*,#4737,.T.);
#2346=ORIENTED_EDGE('',*,*,#4738,.T.);
#2347=ORIENTED_EDGE('',*,*,#4739,.T.);
#2348=ORIENTED_EDGE('',*,*,#4740,.T.);
#2349=ORIENTED_EDGE('',*,*,#4741,.T.);
#2350=ORIENTED_EDGE('',*,*,#4742,.T.);
#2351=ORIENTED_EDGE('',*,*,#4743,.T.);
#2352=ORIENTED_EDGE('',*,*,#4744,.T.);
#2353=ORIENTED_EDGE('',*,*,#4745,.T.);
#2354=ORIENTED_EDGE('',*,*,#4746,.T.);
#2355=ORIENTED_EDGE('',*,*,#4747,.T.);
#2356=ORIENTED_EDGE('',*,*,#4748,.T.);
#2357=ORIENTED_EDGE('',*,*,#4749,.T.);
#2358=ORIENTED_EDGE('',*,*,#4750,.T.);
#2359=ORIENTED_EDGE('',*,*,#4751,.T.);
#2360=ORIENTED_EDGE('',*,*,#4752,.T.);
#2361=ORIENTED_EDGE('',*,*,#4753,.T.);
#2362=ORIENTED_EDGE('',*,*,#4754,.T.);
#2363=ORIENTED_EDGE('',*,*,#4755,.T.);
#2364=ORIENTED_EDGE('',*,*,#4756,.T.);
#2365=ORIENTED_EDGE('',*,*,#4757,.T.);
#2366=ORIENTED_EDGE('',*,*,#4758,.T.);
#2367=ORIENTED_EDGE('',*,*,#4759,.T.);
#2368=ORIENTED_EDGE('',*,*,#4760,.T.);
#2369=ORIENTED_EDGE('',*,*,#4761,.T.);
#2370=ORIENTED_EDGE('',*,*,#4762,.T.);
#2371=ORIENTED_EDGE('',*,*,#4763,.T.);
#2372=ORIENTED_EDGE('',*,*,#4764,.T.);
#2373=ORIENTED_EDGE('',*,*,#4765,.T.);
#2374=ORIENTED_EDGE('',*,*,#4766,.T.);
#2375=ORIENTED_EDGE('',*,*,#4767,.T.);
#2376=ORIENTED_EDGE('',*,*,#4768,.T.);
#2377=ORIENTED_EDGE('',*,*,#4769,.T.);
#2378=ORIENTED_EDGE('',*,*,#4770,.T.);
#2379=ORIENTED_EDGE('',*,*,#4771,.T.);
#2380=ORIENTED_EDGE('',*,*,#4772,.T.);
#2381=ORIENTED_EDGE('',*,*,#4773,.T.);
#2382=ORIENTED_EDGE('',*,*,#4774,.T.);
#2383=ORIENTED_EDGE('',*,*,#4775,.T.);
#2384=ORIENTED_EDGE('',*,*,#4776,.T.);
#2385=ORIENTED_EDGE('',*,*,#4777,.T.);
#2386=ORIENTED_EDGE('',*,*,#4778,.T.);
#2387=ORIENTED_EDGE('',*,*,#4779,.T.);
#2388=ORIENTED_EDGE('',*,*,#4780,.T.);
#2389=ORIENTED_EDGE('',*,*,#4781,.T.);
#2390=ORIENTED_EDGE('',*,*,#4782,.T.);
#2391=ORIENTED_EDGE('',*,*,#4783,.T.);
#2392=ORIENTED_EDGE('',*,*,#4784,.T.);
#2393=ORIENTED_EDGE('',*,*,#4785,.T.);
#2394=ORIENTED_EDGE('',*,*,#4786,.T.);
#2395=ORIENTED_EDGE('',*,*,#4787,.T.);
#2396=ORIENTED_EDGE('',*,*,#4788,.T.);
#2397=ORIENTED_EDGE('',*,*,#4789,.T.);
#2398=ORIENTED_EDGE('',*,*,#4790,.T.);
#2399=ORIENTED_EDGE('',*,*,#4791,.T.);
#2400=ORIENTED_EDGE('',*,*,#4792,.T.);
#2401=ORIENTED_EDGE('',*,*,#4793,.T.);
#2402=ORIENTED_EDGE('',*,*,#4794,.T.);
#2403=ORIENTED_EDGE('',*,*,#4795,.T.);
#2404=ORIENTED_EDGE('',*,*,#4796,.T.);
#2405=ORIENTED_EDGE('',*,*,#4797,.T.);
#2406=ORIENTED_EDGE('',*,*,#4798,.T.);
#2407=ORIENTED_EDGE('',*,*,#4799,.T.);
#2408=ORIENTED_EDGE('',*,*,#4800,.T.);
#2409=ORIENTED_EDGE('',*,*,#4801,.T.);
#2410=ORIENTED_EDGE('',*,*,#4802,.T.);
#2411=ORIENTED_EDGE('',*,*,#4803,.T.);
#2412=ORIENTED_EDGE('',*,*,#4804,.T.);
#2413=ORIENTED_EDGE('',*,*,#4805,.T.);
#2414=ORIENTED_EDGE('',*,*,#4806,.T.);
#2415=ORIENTED_EDGE('',*,*,#4807,.T.);
#2416=ORIENTED_EDGE('',*,*,#4808,.T.);
#2417=ORIENTED_EDGE('',*,*,#4809,.T.);
#2418=ORIENTED_EDGE('',*,*,#4810,.T.);
#2419=ORIENTED_EDGE('',*,*,#4811,.T.);
#2420=ORIENTED_EDGE('',*,*,#4812,.T.);
#2421=ORIENTED_EDGE('',*,*,#4813,.T.);
#2422=ORIENTED_EDGE('',*,*,#4814,.T.);
#2423=ORIENTED_EDGE('',*,*,#4815,.T.);
#2424=ORIENTED_EDGE('',*,*,#4816,.T.);
#2425=ORIENTED_EDGE('',*,*,#4817,.T.);
#2426=ORIENTED_EDGE('',*,*,#4818,.T.);
#2427=ORIENTED_EDGE('',*,*,#4819,.T.);
#2428=ORIENTED_EDGE('',*,*,#4820,.T.);
#2429=ORIENTED_EDGE('',*,*,#4821,.T.);
#2430=ORIENTED_EDGE('',*,*,#4822,.T.);
#2431=ORIENTED_EDGE('',*,*,#4823,.T.);
#2432=ORIENTED_EDGE('',*,*,#4824,.T.);
#2433=ORIENTED_EDGE('',*,*,#4825,.T.);
#2434=ORIENTED_EDGE('',*,*,#4826,.T.);
#2435=ORIENTED_EDGE('',*,*,#4827,.T.);
#2436=ORIENTED_EDGE('',*,*,#4828,.T.);
#2437=ORIENTED_EDGE('',*,*,#4829,.T.);
#2438=ORIENTED_EDGE('',*,*,#4830,.T.);
#2439=ORIENTED_EDGE('',*,*,#4831,.T.);
#2440=ORIENTED_EDGE('',*,*,#4832,.T.);
#2441=ORIENTED_EDGE('',*,*,#4833,.T.);
#2442=ORIENTED_EDGE('',*,*,#4834,.T.);
#2443=ORIENTED_EDGE('',*,*,#4835,.T.);
#2444=ORIENTED_EDGE('',*,*,#4836,.T.);
#2445=ORIENTED_EDGE('',*,*,#4837,.T.);
#2446=ORIENTED_EDGE('',*,*,#4838,.T.);
#2447=ORIENTED_EDGE('',*,*,#4839,.T.);
#2448=ORIENTED_EDGE('',*,*,#4840,.T.);
#2449=ORIENTED_EDGE('',*,*,#4841,.T.);
#2450=ORIENTED_EDGE('',*,*,#4842,.T.);
#2451=ORIENTED_EDGE('',*,*,#4843,.T.);
#2452=ORIENTED_EDGE('',*,*,#4844,.T.);
#2453=ORIENTED_EDGE('',*,*,#4845,.T.);
#2454=ORIENTED_EDGE('',*,*,#4846,.T.);
#2455=ORIENTED_EDGE('',*,*,#4847,.T.);
#2456=ORIENTED_EDGE('',*,*,#4848,.T.);
#2457=ORIENTED_EDGE('',*,*,#4849,.T.);
#2458=ORIENTED_EDGE('',*,*,#4850,.T.);
#2459=ORIENTED_EDGE('',*,*,#4851,.T.);
#2460=ORIENTED_EDGE('',*,*,#4852,.T.);
#2461=ORIENTED_EDGE('',*,*,#4853,.T.);
#2462=ORIENTED_EDGE('',*,*,#4854,.T.);
#2463=ORIENTED_EDGE('',*,*,#4855,.T.);
#2464=ORIENTED_EDGE('',*,*,#4856,.T.);
#2465=ORIENTED_EDGE('',*,*,#4857,.T.);
#2466=ORIENTED_EDGE('',*,*,#4858,.T.);
#2467=ORIENTED_EDGE('',*,*,#4859,.T.);
#2468=ORIENTED_EDGE('',*,*,#4860,.T.);
#2469=ORIENTED_EDGE('',*,*,#4861,.T.);
#2470=ORIENTED_EDGE('',*,*,#4862,.T.);
#2471=ORIENTED_EDGE('',*,*,#4863,.T.);
#2472=ORIENTED_EDGE('',*,*,#4864,.T.);
#2473=ORIENTED_EDGE('',*,*,#4865,.T.);
#2474=ORIENTED_EDGE('',*,*,#4866,.T.);
#2475=ORIENTED_EDGE('',*,*,#4867,.T.);
#2476=ORIENTED_EDGE('',*,*,#4868,.T.);
#2477=ORIENTED_EDGE('',*,*,#4869,.T.);
#2478=ORIENTED_EDGE('',*,*,#4870,.T.);
#2479=ORIENTED_EDGE('',*,*,#4871,.T.);
#2480=ORIENTED_EDGE('',*,*,#4872,.T.);
#2481=ORIENTED_EDGE('',*,*,#4873,.T.);
#2482=ORIENTED_EDGE('',*,*,#4874,.T.);
#2483=ORIENTED_EDGE('',*,*,#4875,.T.);
#2484=ORIENTED_EDGE('',*,*,#4876,.T.);
#2485=ORIENTED_EDGE('',*,*,#4877,.T.);
#2486=ORIENTED_EDGE('',*,*,#4878,.T.);
#2487=ORIENTED_EDGE('',*,*,#4879,.T.);
#2488=ORIENTED_EDGE('',*,*,#4880,.T.);
#2489=ORIENTED_EDGE('',*,*,#4881,.T.);
#2490=ORIENTED_EDGE('',*,*,#4882,.T.);
#2491=ORIENTED_EDGE('',*,*,#4883,.T.);
#2492=ORIENTED_EDGE('',*,*,#4884,.T.);
#2493=ORIENTED_EDGE('',*,*,#4885,.T.);
#2494=ORIENTED_EDGE('',*,*,#4886,.T.);
#2495=ORIENTED_EDGE('',*,*,#4887,.T.);
#2496=ORIENTED_EDGE('',*,*,#4888,.T.);
#2497=ORIENTED_EDGE('',*,*,#4889,.T.);
#2498=ORIENTED_EDGE('',*,*,#4890,.T.);
#2499=ORIENTED_EDGE('',*,*,#4891,.T.);
#2500=ORIENTED_EDGE('',*,*,#4892,.T.);
#2501=ORIENTED_EDGE('',*,*,#4893,.T.);
#2502=ORIENTED_EDGE('',*,*,#4894,.T.);
#2503=ORIENTED_EDGE('',*,*,#4895,.T.);
#2504=ORIENTED_EDGE('',*,*,#4896,.T.);
#2505=ORIENTED_EDGE('',*,*,#4897,.T.);
#2506=ORIENTED_EDGE('',*,*,#4898,.T.);
#2507=ORIENTED_EDGE('',*,*,#4899,.T.);
#2508=ORIENTED_EDGE('',*,*,#4900,.T.);
#2509=ORIENTED_EDGE('',*,*,#4901,.T.);
#2510=ORIENTED_EDGE('',*,*,#4902,.T.);
#2511=ORIENTED_EDGE('',*,*,#4903,.T.);
#2512=ORIENTED_EDGE('',*,*,#4904,.T.);
#2513=ORIENTED_EDGE('',*,*,#4905,.T.);
#2514=ORIENTED_EDGE('',*,*,#4906,.T.);
#2515=ORIENTED_EDGE('',*,*,#4907,.T.);
#2516=ORIENTED_EDGE('',*,*,#4908,.T.);
#2517=ORIENTED_EDGE('',*,*,#4909,.T.);
#2518=ORIENTED_EDGE('',*,*,#4910,.T.);
#2519=ORIENTED_EDGE('',*,*,#4911,.T.);
#2520=ORIENTED_EDGE('',*,*,#4912,.T.);
#2521=ORIENTED_EDGE('',*,*,#4913,.T.);
#2522=ORIENTED_EDGE('',*,*,#4914,.T.);
#2523=ORIENTED_EDGE('',*,*,#4915,.T.);
#2524=ORIENTED_EDGE('',*,*,#4916,.T.);
#2525=ORIENTED_EDGE('',*,*,#4917,.T.);
#2526=ORIENTED_EDGE('',*,*,#4918,.T.);
#2527=ORIENTED_EDGE('',*,*,#4919,.T.);
#2528=ORIENTED_EDGE('',*,*,#4920,.T.);
#2529=ORIENTED_EDGE('',*,*,#4921,.T.);
#2530=ORIENTED_EDGE('',*,*,#4922,.T.);
#2531=ORIENTED_EDGE('',*,*,#4923,.T.);
#2532=ORIENTED_EDGE('',*,*,#4924,.T.);
#2533=ORIENTED_EDGE('',*,*,#4925,.T.);
#2534=ORIENTED_EDGE('',*,*,#4926,.T.);
#2535=ORIENTED_EDGE('',*,*,#4927,.T.);
#2536=ORIENTED_EDGE('',*,*,#4928,.T.);
#2537=ORIENTED_EDGE('',*,*,#4929,.T.);
#2538=ORIENTED_EDGE('',*,*,#4930,.T.);
#2539=ORIENTED_EDGE('',*,*,#4931,.T.);
#2540=ORIENTED_EDGE('',*,*,#4932,.T.);
#2541=ORIENTED_EDGE('',*,*,#4933,.T.);
#2542=ORIENTED_EDGE('',*,*,#4934,.T.);
#2543=ORIENTED_EDGE('',*,*,#4935,.T.);
#2544=ORIENTED_EDGE('',*,*,#4936,.T.);
#2545=ORIENTED_EDGE('',*,*,#4937,.T.);
#2546=ORIENTED_EDGE('',*,*,#4938,.T.);
#2547=ORIENTED_EDGE('',*,*,#4939,.T.);
#2548=ORIENTED_EDGE('',*,*,#4940,.T.);
#2549=ORIENTED_EDGE('',*,*,#4941,.T.);
#2550=ORIENTED_EDGE('',*,*,#4942,.T.);
#2551=ORIENTED_EDGE('',*,*,#4943,.T.);
#2552=ORIENTED_EDGE('',*,*,#4944,.T.);
#2553=ORIENTED_EDGE('',*,*,#4945,.T.);
#2554=ORIENTED_EDGE('',*,*,#4946,.T.);
#2555=ORIENTED_EDGE('',*,*,#4918,.F.);
#2556=ORIENTED_EDGE('',*,*,#4947,.F.);
#2557=ORIENTED_EDGE('',*,*,#4948,.T.);
#2558=ORIENTED_EDGE('',*,*,#4949,.T.);
#2559=ORIENTED_EDGE('',*,*,#4917,.F.);
#2560=ORIENTED_EDGE('',*,*,#4950,.F.);
#2561=ORIENTED_EDGE('',*,*,#4951,.T.);
#2562=ORIENTED_EDGE('',*,*,#4947,.T.);
#2563=ORIENTED_EDGE('',*,*,#4946,.F.);
#2564=ORIENTED_EDGE('',*,*,#4952,.F.);
#2565=ORIENTED_EDGE('',*,*,#4953,.T.);
#2566=ORIENTED_EDGE('',*,*,#4950,.T.);
#2567=ORIENTED_EDGE('',*,*,#4945,.F.);
#2568=ORIENTED_EDGE('',*,*,#4954,.F.);
#2569=ORIENTED_EDGE('',*,*,#4955,.T.);
#2570=ORIENTED_EDGE('',*,*,#4952,.T.);
#2571=ORIENTED_EDGE('',*,*,#4944,.F.);
#2572=ORIENTED_EDGE('',*,*,#4956,.F.);
#2573=ORIENTED_EDGE('',*,*,#4957,.T.);
#2574=ORIENTED_EDGE('',*,*,#4954,.T.);
#2575=ORIENTED_EDGE('',*,*,#4943,.F.);
#2576=ORIENTED_EDGE('',*,*,#4958,.F.);
#2577=ORIENTED_EDGE('',*,*,#4959,.T.);
#2578=ORIENTED_EDGE('',*,*,#4956,.T.);
#2579=ORIENTED_EDGE('',*,*,#4942,.F.);
#2580=ORIENTED_EDGE('',*,*,#4960,.F.);
#2581=ORIENTED_EDGE('',*,*,#4961,.T.);
#2582=ORIENTED_EDGE('',*,*,#4958,.T.);
#2583=ORIENTED_EDGE('',*,*,#4941,.F.);
#2584=ORIENTED_EDGE('',*,*,#4962,.F.);
#2585=ORIENTED_EDGE('',*,*,#4963,.T.);
#2586=ORIENTED_EDGE('',*,*,#4960,.T.);
#2587=ORIENTED_EDGE('',*,*,#4940,.F.);
#2588=ORIENTED_EDGE('',*,*,#4964,.F.);
#2589=ORIENTED_EDGE('',*,*,#4965,.T.);
#2590=ORIENTED_EDGE('',*,*,#4962,.T.);
#2591=ORIENTED_EDGE('',*,*,#4939,.F.);
#2592=ORIENTED_EDGE('',*,*,#4966,.F.);
#2593=ORIENTED_EDGE('',*,*,#4967,.T.);
#2594=ORIENTED_EDGE('',*,*,#4964,.T.);
#2595=ORIENTED_EDGE('',*,*,#4938,.F.);
#2596=ORIENTED_EDGE('',*,*,#4968,.F.);
#2597=ORIENTED_EDGE('',*,*,#4969,.T.);
#2598=ORIENTED_EDGE('',*,*,#4966,.T.);
#2599=ORIENTED_EDGE('',*,*,#4937,.F.);
#2600=ORIENTED_EDGE('',*,*,#4970,.F.);
#2601=ORIENTED_EDGE('',*,*,#4971,.T.);
#2602=ORIENTED_EDGE('',*,*,#4968,.T.);
#2603=ORIENTED_EDGE('',*,*,#4936,.F.);
#2604=ORIENTED_EDGE('',*,*,#4972,.F.);
#2605=ORIENTED_EDGE('',*,*,#4973,.T.);
#2606=ORIENTED_EDGE('',*,*,#4970,.T.);
#2607=ORIENTED_EDGE('',*,*,#4935,.F.);
#2608=ORIENTED_EDGE('',*,*,#4974,.F.);
#2609=ORIENTED_EDGE('',*,*,#4975,.T.);
#2610=ORIENTED_EDGE('',*,*,#4972,.T.);
#2611=ORIENTED_EDGE('',*,*,#4934,.F.);
#2612=ORIENTED_EDGE('',*,*,#4976,.F.);
#2613=ORIENTED_EDGE('',*,*,#4977,.T.);
#2614=ORIENTED_EDGE('',*,*,#4974,.T.);
#2615=ORIENTED_EDGE('',*,*,#4933,.F.);
#2616=ORIENTED_EDGE('',*,*,#4978,.F.);
#2617=ORIENTED_EDGE('',*,*,#4979,.T.);
#2618=ORIENTED_EDGE('',*,*,#4976,.T.);
#2619=ORIENTED_EDGE('',*,*,#4932,.F.);
#2620=ORIENTED_EDGE('',*,*,#4980,.F.);
#2621=ORIENTED_EDGE('',*,*,#4981,.T.);
#2622=ORIENTED_EDGE('',*,*,#4978,.T.);
#2623=ORIENTED_EDGE('',*,*,#4931,.F.);
#2624=ORIENTED_EDGE('',*,*,#4982,.F.);
#2625=ORIENTED_EDGE('',*,*,#4983,.T.);
#2626=ORIENTED_EDGE('',*,*,#4980,.T.);
#2627=ORIENTED_EDGE('',*,*,#4930,.F.);
#2628=ORIENTED_EDGE('',*,*,#4984,.F.);
#2629=ORIENTED_EDGE('',*,*,#4985,.T.);
#2630=ORIENTED_EDGE('',*,*,#4982,.T.);
#2631=ORIENTED_EDGE('',*,*,#4929,.F.);
#2632=ORIENTED_EDGE('',*,*,#4986,.F.);
#2633=ORIENTED_EDGE('',*,*,#4987,.T.);
#2634=ORIENTED_EDGE('',*,*,#4984,.T.);
#2635=ORIENTED_EDGE('',*,*,#4928,.F.);
#2636=ORIENTED_EDGE('',*,*,#4988,.F.);
#2637=ORIENTED_EDGE('',*,*,#4989,.T.);
#2638=ORIENTED_EDGE('',*,*,#4986,.T.);
#2639=ORIENTED_EDGE('',*,*,#4927,.F.);
#2640=ORIENTED_EDGE('',*,*,#4990,.F.);
#2641=ORIENTED_EDGE('',*,*,#4991,.T.);
#2642=ORIENTED_EDGE('',*,*,#4988,.T.);
#2643=ORIENTED_EDGE('',*,*,#4926,.F.);
#2644=ORIENTED_EDGE('',*,*,#4992,.F.);
#2645=ORIENTED_EDGE('',*,*,#4993,.T.);
#2646=ORIENTED_EDGE('',*,*,#4990,.T.);
#2647=ORIENTED_EDGE('',*,*,#4925,.F.);
#2648=ORIENTED_EDGE('',*,*,#4994,.F.);
#2649=ORIENTED_EDGE('',*,*,#4995,.T.);
#2650=ORIENTED_EDGE('',*,*,#4992,.T.);
#2651=ORIENTED_EDGE('',*,*,#4924,.F.);
#2652=ORIENTED_EDGE('',*,*,#4996,.F.);
#2653=ORIENTED_EDGE('',*,*,#4997,.T.);
#2654=ORIENTED_EDGE('',*,*,#4994,.T.);
#2655=ORIENTED_EDGE('',*,*,#4923,.F.);
#2656=ORIENTED_EDGE('',*,*,#4998,.F.);
#2657=ORIENTED_EDGE('',*,*,#4999,.T.);
#2658=ORIENTED_EDGE('',*,*,#4996,.T.);
#2659=ORIENTED_EDGE('',*,*,#4922,.F.);
#2660=ORIENTED_EDGE('',*,*,#5000,.F.);
#2661=ORIENTED_EDGE('',*,*,#5001,.T.);
#2662=ORIENTED_EDGE('',*,*,#4998,.T.);
#2663=ORIENTED_EDGE('',*,*,#4921,.F.);
#2664=ORIENTED_EDGE('',*,*,#5002,.F.);
#2665=ORIENTED_EDGE('',*,*,#5003,.T.);
#2666=ORIENTED_EDGE('',*,*,#5000,.T.);
#2667=ORIENTED_EDGE('',*,*,#4920,.F.);
#2668=ORIENTED_EDGE('',*,*,#5004,.F.);
#2669=ORIENTED_EDGE('',*,*,#5005,.T.);
#2670=ORIENTED_EDGE('',*,*,#5002,.T.);
#2671=ORIENTED_EDGE('',*,*,#4919,.F.);
#2672=ORIENTED_EDGE('',*,*,#4949,.F.);
#2673=ORIENTED_EDGE('',*,*,#5006,.T.);
#2674=ORIENTED_EDGE('',*,*,#5004,.T.);
#2675=ORIENTED_EDGE('',*,*,#4948,.F.);
#2676=ORIENTED_EDGE('',*,*,#4951,.F.);
#2677=ORIENTED_EDGE('',*,*,#4953,.F.);
#2678=ORIENTED_EDGE('',*,*,#4955,.F.);
#2679=ORIENTED_EDGE('',*,*,#4957,.F.);
#2680=ORIENTED_EDGE('',*,*,#4959,.F.);
#2681=ORIENTED_EDGE('',*,*,#4961,.F.);
#2682=ORIENTED_EDGE('',*,*,#4963,.F.);
#2683=ORIENTED_EDGE('',*,*,#4965,.F.);
#2684=ORIENTED_EDGE('',*,*,#4967,.F.);
#2685=ORIENTED_EDGE('',*,*,#4969,.F.);
#2686=ORIENTED_EDGE('',*,*,#4971,.F.);
#2687=ORIENTED_EDGE('',*,*,#4973,.F.);
#2688=ORIENTED_EDGE('',*,*,#4975,.F.);
#2689=ORIENTED_EDGE('',*,*,#4977,.F.);
#2690=ORIENTED_EDGE('',*,*,#4979,.F.);
#2691=ORIENTED_EDGE('',*,*,#4981,.F.);
#2692=ORIENTED_EDGE('',*,*,#4983,.F.);
#2693=ORIENTED_EDGE('',*,*,#4985,.F.);
#2694=ORIENTED_EDGE('',*,*,#4987,.F.);
#2695=ORIENTED_EDGE('',*,*,#4989,.F.);
#2696=ORIENTED_EDGE('',*,*,#4991,.F.);
#2697=ORIENTED_EDGE('',*,*,#4993,.F.);
#2698=ORIENTED_EDGE('',*,*,#4995,.F.);
#2699=ORIENTED_EDGE('',*,*,#4997,.F.);
#2700=ORIENTED_EDGE('',*,*,#4999,.F.);
#2701=ORIENTED_EDGE('',*,*,#5001,.F.);
#2702=ORIENTED_EDGE('',*,*,#5003,.F.);
#2703=ORIENTED_EDGE('',*,*,#5005,.F.);
#2704=ORIENTED_EDGE('',*,*,#5006,.F.);
#2705=ORIENTED_EDGE('',*,*,#4891,.F.);
#2706=ORIENTED_EDGE('',*,*,#5007,.F.);
#2707=ORIENTED_EDGE('',*,*,#5008,.T.);
#2708=ORIENTED_EDGE('',*,*,#5009,.T.);
#2709=ORIENTED_EDGE('',*,*,#4916,.F.);
#2710=ORIENTED_EDGE('',*,*,#5010,.F.);
#2711=ORIENTED_EDGE('',*,*,#5011,.T.);
#2712=ORIENTED_EDGE('',*,*,#5007,.T.);
#2713=ORIENTED_EDGE('',*,*,#4915,.F.);
#2714=ORIENTED_EDGE('',*,*,#5012,.F.);
#2715=ORIENTED_EDGE('',*,*,#5013,.T.);
#2716=ORIENTED_EDGE('',*,*,#5010,.T.);
#2717=ORIENTED_EDGE('',*,*,#4914,.F.);
#2718=ORIENTED_EDGE('',*,*,#5014,.F.);
#2719=ORIENTED_EDGE('',*,*,#5015,.T.);
#2720=ORIENTED_EDGE('',*,*,#5012,.T.);
#2721=ORIENTED_EDGE('',*,*,#4913,.F.);
#2722=ORIENTED_EDGE('',*,*,#5016,.F.);
#2723=ORIENTED_EDGE('',*,*,#5017,.T.);
#2724=ORIENTED_EDGE('',*,*,#5014,.T.);
#2725=ORIENTED_EDGE('',*,*,#4912,.F.);
#2726=ORIENTED_EDGE('',*,*,#5018,.F.);
#2727=ORIENTED_EDGE('',*,*,#5019,.T.);
#2728=ORIENTED_EDGE('',*,*,#5016,.T.);
#2729=ORIENTED_EDGE('',*,*,#4911,.F.);
#2730=ORIENTED_EDGE('',*,*,#5020,.F.);
#2731=ORIENTED_EDGE('',*,*,#5021,.T.);
#2732=ORIENTED_EDGE('',*,*,#5018,.T.);
#2733=ORIENTED_EDGE('',*,*,#4910,.F.);
#2734=ORIENTED_EDGE('',*,*,#5022,.F.);
#2735=ORIENTED_EDGE('',*,*,#5023,.T.);
#2736=ORIENTED_EDGE('',*,*,#5020,.T.);
#2737=ORIENTED_EDGE('',*,*,#4909,.F.);
#2738=ORIENTED_EDGE('',*,*,#5024,.F.);
#2739=ORIENTED_EDGE('',*,*,#5025,.T.);
#2740=ORIENTED_EDGE('',*,*,#5022,.T.);
#2741=ORIENTED_EDGE('',*,*,#4908,.F.);
#2742=ORIENTED_EDGE('',*,*,#5026,.F.);
#2743=ORIENTED_EDGE('',*,*,#5027,.T.);
#2744=ORIENTED_EDGE('',*,*,#5024,.T.);
#2745=ORIENTED_EDGE('',*,*,#4907,.F.);
#2746=ORIENTED_EDGE('',*,*,#5028,.F.);
#2747=ORIENTED_EDGE('',*,*,#5029,.T.);
#2748=ORIENTED_EDGE('',*,*,#5026,.T.);
#2749=ORIENTED_EDGE('',*,*,#4906,.F.);
#2750=ORIENTED_EDGE('',*,*,#5030,.F.);
#2751=ORIENTED_EDGE('',*,*,#5031,.T.);
#2752=ORIENTED_EDGE('',*,*,#5028,.T.);
#2753=ORIENTED_EDGE('',*,*,#4905,.F.);
#2754=ORIENTED_EDGE('',*,*,#5032,.F.);
#2755=ORIENTED_EDGE('',*,*,#5033,.T.);
#2756=ORIENTED_EDGE('',*,*,#5030,.T.);
#2757=ORIENTED_EDGE('',*,*,#4904,.F.);
#2758=ORIENTED_EDGE('',*,*,#5034,.F.);
#2759=ORIENTED_EDGE('',*,*,#5035,.T.);
#2760=ORIENTED_EDGE('',*,*,#5032,.T.);
#2761=ORIENTED_EDGE('',*,*,#4903,.F.);
#2762=ORIENTED_EDGE('',*,*,#5036,.F.);
#2763=ORIENTED_EDGE('',*,*,#5037,.T.);
#2764=ORIENTED_EDGE('',*,*,#5034,.T.);
#2765=ORIENTED_EDGE('',*,*,#4902,.F.);
#2766=ORIENTED_EDGE('',*,*,#5038,.F.);
#2767=ORIENTED_EDGE('',*,*,#5039,.T.);
#2768=ORIENTED_EDGE('',*,*,#5036,.T.);
#2769=ORIENTED_EDGE('',*,*,#4901,.F.);
#2770=ORIENTED_EDGE('',*,*,#5040,.F.);
#2771=ORIENTED_EDGE('',*,*,#5041,.T.);
#2772=ORIENTED_EDGE('',*,*,#5038,.T.);
#2773=ORIENTED_EDGE('',*,*,#4900,.F.);
#2774=ORIENTED_EDGE('',*,*,#5042,.F.);
#2775=ORIENTED_EDGE('',*,*,#5043,.T.);
#2776=ORIENTED_EDGE('',*,*,#5040,.T.);
#2777=ORIENTED_EDGE('',*,*,#4899,.F.);
#2778=ORIENTED_EDGE('',*,*,#5044,.F.);
#2779=ORIENTED_EDGE('',*,*,#5045,.T.);
#2780=ORIENTED_EDGE('',*,*,#5042,.T.);
#2781=ORIENTED_EDGE('',*,*,#4898,.F.);
#2782=ORIENTED_EDGE('',*,*,#5046,.F.);
#2783=ORIENTED_EDGE('',*,*,#5047,.T.);
#2784=ORIENTED_EDGE('',*,*,#5044,.T.);
#2785=ORIENTED_EDGE('',*,*,#4897,.F.);
#2786=ORIENTED_EDGE('',*,*,#5048,.F.);
#2787=ORIENTED_EDGE('',*,*,#5049,.T.);
#2788=ORIENTED_EDGE('',*,*,#5046,.T.);
#2789=ORIENTED_EDGE('',*,*,#4896,.F.);
#2790=ORIENTED_EDGE('',*,*,#5050,.F.);
#2791=ORIENTED_EDGE('',*,*,#5051,.T.);
#2792=ORIENTED_EDGE('',*,*,#5048,.T.);
#2793=ORIENTED_EDGE('',*,*,#4895,.F.);
#2794=ORIENTED_EDGE('',*,*,#5052,.F.);
#2795=ORIENTED_EDGE('',*,*,#5053,.T.);
#2796=ORIENTED_EDGE('',*,*,#5050,.T.);
#2797=ORIENTED_EDGE('',*,*,#4894,.F.);
#2798=ORIENTED_EDGE('',*,*,#5054,.F.);
#2799=ORIENTED_EDGE('',*,*,#5055,.T.);
#2800=ORIENTED_EDGE('',*,*,#5052,.T.);
#2801=ORIENTED_EDGE('',*,*,#4893,.F.);
#2802=ORIENTED_EDGE('',*,*,#5056,.F.);
#2803=ORIENTED_EDGE('',*,*,#5057,.T.);
#2804=ORIENTED_EDGE('',*,*,#5054,.T.);
#2805=ORIENTED_EDGE('',*,*,#4892,.F.);
#2806=ORIENTED_EDGE('',*,*,#5009,.F.);
#2807=ORIENTED_EDGE('',*,*,#5058,.T.);
#2808=ORIENTED_EDGE('',*,*,#5056,.T.);
#2809=ORIENTED_EDGE('',*,*,#5008,.F.);
#2810=ORIENTED_EDGE('',*,*,#5011,.F.);
#2811=ORIENTED_EDGE('',*,*,#5013,.F.);
#2812=ORIENTED_EDGE('',*,*,#5015,.F.);
#2813=ORIENTED_EDGE('',*,*,#5017,.F.);
#2814=ORIENTED_EDGE('',*,*,#5019,.F.);
#2815=ORIENTED_EDGE('',*,*,#5021,.F.);
#2816=ORIENTED_EDGE('',*,*,#5023,.F.);
#2817=ORIENTED_EDGE('',*,*,#5025,.F.);
#2818=ORIENTED_EDGE('',*,*,#5027,.F.);
#2819=ORIENTED_EDGE('',*,*,#5029,.F.);
#2820=ORIENTED_EDGE('',*,*,#5031,.F.);
#2821=ORIENTED_EDGE('',*,*,#5033,.F.);
#2822=ORIENTED_EDGE('',*,*,#5035,.F.);
#2823=ORIENTED_EDGE('',*,*,#5037,.F.);
#2824=ORIENTED_EDGE('',*,*,#5039,.F.);
#2825=ORIENTED_EDGE('',*,*,#5041,.F.);
#2826=ORIENTED_EDGE('',*,*,#5043,.F.);
#2827=ORIENTED_EDGE('',*,*,#5045,.F.);
#2828=ORIENTED_EDGE('',*,*,#5047,.F.);
#2829=ORIENTED_EDGE('',*,*,#5049,.F.);
#2830=ORIENTED_EDGE('',*,*,#5051,.F.);
#2831=ORIENTED_EDGE('',*,*,#5053,.F.);
#2832=ORIENTED_EDGE('',*,*,#5055,.F.);
#2833=ORIENTED_EDGE('',*,*,#5057,.F.);
#2834=ORIENTED_EDGE('',*,*,#5058,.F.);
#2835=ORIENTED_EDGE('',*,*,#4869,.F.);
#2836=ORIENTED_EDGE('',*,*,#5059,.F.);
#2837=ORIENTED_EDGE('',*,*,#5060,.T.);
#2838=ORIENTED_EDGE('',*,*,#5061,.T.);
#2839=ORIENTED_EDGE('',*,*,#4890,.F.);
#2840=ORIENTED_EDGE('',*,*,#5062,.F.);
#2841=ORIENTED_EDGE('',*,*,#5063,.T.);
#2842=ORIENTED_EDGE('',*,*,#5059,.T.);
#2843=ORIENTED_EDGE('',*,*,#4889,.F.);
#2844=ORIENTED_EDGE('',*,*,#5064,.F.);
#2845=ORIENTED_EDGE('',*,*,#5065,.T.);
#2846=ORIENTED_EDGE('',*,*,#5062,.T.);
#2847=ORIENTED_EDGE('',*,*,#4888,.F.);
#2848=ORIENTED_EDGE('',*,*,#5066,.F.);
#2849=ORIENTED_EDGE('',*,*,#5067,.T.);
#2850=ORIENTED_EDGE('',*,*,#5064,.T.);
#2851=ORIENTED_EDGE('',*,*,#4887,.F.);
#2852=ORIENTED_EDGE('',*,*,#5068,.F.);
#2853=ORIENTED_EDGE('',*,*,#5069,.T.);
#2854=ORIENTED_EDGE('',*,*,#5066,.T.);
#2855=ORIENTED_EDGE('',*,*,#4886,.F.);
#2856=ORIENTED_EDGE('',*,*,#5070,.F.);
#2857=ORIENTED_EDGE('',*,*,#5071,.T.);
#2858=ORIENTED_EDGE('',*,*,#5068,.T.);
#2859=ORIENTED_EDGE('',*,*,#4885,.F.);
#2860=ORIENTED_EDGE('',*,*,#5072,.F.);
#2861=ORIENTED_EDGE('',*,*,#5073,.T.);
#2862=ORIENTED_EDGE('',*,*,#5070,.T.);
#2863=ORIENTED_EDGE('',*,*,#4884,.F.);
#2864=ORIENTED_EDGE('',*,*,#5074,.F.);
#2865=ORIENTED_EDGE('',*,*,#5075,.T.);
#2866=ORIENTED_EDGE('',*,*,#5072,.T.);
#2867=ORIENTED_EDGE('',*,*,#4883,.F.);
#2868=ORIENTED_EDGE('',*,*,#5076,.F.);
#2869=ORIENTED_EDGE('',*,*,#5077,.T.);
#2870=ORIENTED_EDGE('',*,*,#5074,.T.);
#2871=ORIENTED_EDGE('',*,*,#4882,.F.);
#2872=ORIENTED_EDGE('',*,*,#5078,.F.);
#2873=ORIENTED_EDGE('',*,*,#5079,.T.);
#2874=ORIENTED_EDGE('',*,*,#5076,.T.);
#2875=ORIENTED_EDGE('',*,*,#4881,.F.);
#2876=ORIENTED_EDGE('',*,*,#5080,.F.);
#2877=ORIENTED_EDGE('',*,*,#5081,.T.);
#2878=ORIENTED_EDGE('',*,*,#5078,.T.);
#2879=ORIENTED_EDGE('',*,*,#4880,.F.);
#2880=ORIENTED_EDGE('',*,*,#5082,.F.);
#2881=ORIENTED_EDGE('',*,*,#5083,.T.);
#2882=ORIENTED_EDGE('',*,*,#5080,.T.);
#2883=ORIENTED_EDGE('',*,*,#4879,.F.);
#2884=ORIENTED_EDGE('',*,*,#5084,.F.);
#2885=ORIENTED_EDGE('',*,*,#5085,.T.);
#2886=ORIENTED_EDGE('',*,*,#5082,.T.);
#2887=ORIENTED_EDGE('',*,*,#4878,.F.);
#2888=ORIENTED_EDGE('',*,*,#5086,.F.);
#2889=ORIENTED_EDGE('',*,*,#5087,.T.);
#2890=ORIENTED_EDGE('',*,*,#5084,.T.);
#2891=ORIENTED_EDGE('',*,*,#4877,.F.);
#2892=ORIENTED_EDGE('',*,*,#5088,.F.);
#2893=ORIENTED_EDGE('',*,*,#5089,.T.);
#2894=ORIENTED_EDGE('',*,*,#5086,.T.);
#2895=ORIENTED_EDGE('',*,*,#4876,.F.);
#2896=ORIENTED_EDGE('',*,*,#5090,.F.);
#2897=ORIENTED_EDGE('',*,*,#5091,.T.);
#2898=ORIENTED_EDGE('',*,*,#5088,.T.);
#2899=ORIENTED_EDGE('',*,*,#4875,.F.);
#2900=ORIENTED_EDGE('',*,*,#5092,.F.);
#2901=ORIENTED_EDGE('',*,*,#5093,.T.);
#2902=ORIENTED_EDGE('',*,*,#5090,.T.);
#2903=ORIENTED_EDGE('',*,*,#4874,.F.);
#2904=ORIENTED_EDGE('',*,*,#5094,.F.);
#2905=ORIENTED_EDGE('',*,*,#5095,.T.);
#2906=ORIENTED_EDGE('',*,*,#5092,.T.);
#2907=ORIENTED_EDGE('',*,*,#4873,.F.);
#2908=ORIENTED_EDGE('',*,*,#5096,.F.);
#2909=ORIENTED_EDGE('',*,*,#5097,.T.);
#2910=ORIENTED_EDGE('',*,*,#5094,.T.);
#2911=ORIENTED_EDGE('',*,*,#4872,.F.);
#2912=ORIENTED_EDGE('',*,*,#5098,.F.);
#2913=ORIENTED_EDGE('',*,*,#5099,.T.);
#2914=ORIENTED_EDGE('',*,*,#5096,.T.);
#2915=ORIENTED_EDGE('',*,*,#4871,.F.);
#2916=ORIENTED_EDGE('',*,*,#5100,.F.);
#2917=ORIENTED_EDGE('',*,*,#5101,.T.);
#2918=ORIENTED_EDGE('',*,*,#5098,.T.);
#2919=ORIENTED_EDGE('',*,*,#4870,.F.);
#2920=ORIENTED_EDGE('',*,*,#5061,.F.);
#2921=ORIENTED_EDGE('',*,*,#5102,.T.);
#2922=ORIENTED_EDGE('',*,*,#5100,.T.);
#2923=ORIENTED_EDGE('',*,*,#5060,.F.);
#2924=ORIENTED_EDGE('',*,*,#5063,.F.);
#2925=ORIENTED_EDGE('',*,*,#5065,.F.);
#2926=ORIENTED_EDGE('',*,*,#5067,.F.);
#2927=ORIENTED_EDGE('',*,*,#5069,.F.);
#2928=ORIENTED_EDGE('',*,*,#5071,.F.);
#2929=ORIENTED_EDGE('',*,*,#5073,.F.);
#2930=ORIENTED_EDGE('',*,*,#5075,.F.);
#2931=ORIENTED_EDGE('',*,*,#5077,.F.);
#2932=ORIENTED_EDGE('',*,*,#5079,.F.);
#2933=ORIENTED_EDGE('',*,*,#5081,.F.);
#2934=ORIENTED_EDGE('',*,*,#5083,.F.);
#2935=ORIENTED_EDGE('',*,*,#5085,.F.);
#2936=ORIENTED_EDGE('',*,*,#5087,.F.);
#2937=ORIENTED_EDGE('',*,*,#5089,.F.);
#2938=ORIENTED_EDGE('',*,*,#5091,.F.);
#2939=ORIENTED_EDGE('',*,*,#5093,.F.);
#2940=ORIENTED_EDGE('',*,*,#5095,.F.);
#2941=ORIENTED_EDGE('',*,*,#5097,.F.);
#2942=ORIENTED_EDGE('',*,*,#5099,.F.);
#2943=ORIENTED_EDGE('',*,*,#5101,.F.);
#2944=ORIENTED_EDGE('',*,*,#5102,.F.);
#2945=ORIENTED_EDGE('',*,*,#5103,.F.);
#2946=ORIENTED_EDGE('',*,*,#5104,.F.);
#2947=ORIENTED_EDGE('',*,*,#5105,.T.);
#2948=ORIENTED_EDGE('',*,*,#5106,.T.);
#2949=ORIENTED_EDGE('',*,*,#5107,.F.);
#2950=ORIENTED_EDGE('',*,*,#5108,.F.);
#2951=ORIENTED_EDGE('',*,*,#5109,.T.);
#2952=ORIENTED_EDGE('',*,*,#5104,.T.);
#2953=ORIENTED_EDGE('',*,*,#5110,.F.);
#2954=ORIENTED_EDGE('',*,*,#5111,.F.);
#2955=ORIENTED_EDGE('',*,*,#5112,.T.);
#2956=ORIENTED_EDGE('',*,*,#5108,.T.);
#2957=ORIENTED_EDGE('',*,*,#5113,.F.);
#2958=ORIENTED_EDGE('',*,*,#5114,.F.);
#2959=ORIENTED_EDGE('',*,*,#5115,.T.);
#2960=ORIENTED_EDGE('',*,*,#5111,.T.);
#2961=ORIENTED_EDGE('',*,*,#5116,.F.);
#2962=ORIENTED_EDGE('',*,*,#5117,.F.);
#2963=ORIENTED_EDGE('',*,*,#5118,.T.);
#2964=ORIENTED_EDGE('',*,*,#5114,.T.);
#2965=ORIENTED_EDGE('',*,*,#4846,.F.);
#2966=ORIENTED_EDGE('',*,*,#5119,.F.);
#2967=ORIENTED_EDGE('',*,*,#5120,.T.);
#2968=ORIENTED_EDGE('',*,*,#5121,.T.);
#2969=ORIENTED_EDGE('',*,*,#4868,.F.);
#2970=ORIENTED_EDGE('',*,*,#5122,.F.);
#2971=ORIENTED_EDGE('',*,*,#5123,.T.);
#2972=ORIENTED_EDGE('',*,*,#5119,.T.);
#2973=ORIENTED_EDGE('',*,*,#4867,.F.);
#2974=ORIENTED_EDGE('',*,*,#5124,.F.);
#2975=ORIENTED_EDGE('',*,*,#5125,.T.);
#2976=ORIENTED_EDGE('',*,*,#5122,.T.);
#2977=ORIENTED_EDGE('',*,*,#4866,.F.);
#2978=ORIENTED_EDGE('',*,*,#5126,.F.);
#2979=ORIENTED_EDGE('',*,*,#5127,.T.);
#2980=ORIENTED_EDGE('',*,*,#5124,.T.);
#2981=ORIENTED_EDGE('',*,*,#4865,.F.);
#2982=ORIENTED_EDGE('',*,*,#5128,.F.);
#2983=ORIENTED_EDGE('',*,*,#5129,.T.);
#2984=ORIENTED_EDGE('',*,*,#5126,.T.);
#2985=ORIENTED_EDGE('',*,*,#4864,.F.);
#2986=ORIENTED_EDGE('',*,*,#5130,.F.);
#2987=ORIENTED_EDGE('',*,*,#5131,.T.);
#2988=ORIENTED_EDGE('',*,*,#5128,.T.);
#2989=ORIENTED_EDGE('',*,*,#4863,.F.);
#2990=ORIENTED_EDGE('',*,*,#5132,.F.);
#2991=ORIENTED_EDGE('',*,*,#5133,.T.);
#2992=ORIENTED_EDGE('',*,*,#5130,.T.);
#2993=ORIENTED_EDGE('',*,*,#4862,.F.);
#2994=ORIENTED_EDGE('',*,*,#5134,.F.);
#2995=ORIENTED_EDGE('',*,*,#5135,.T.);
#2996=ORIENTED_EDGE('',*,*,#5132,.T.);
#2997=ORIENTED_EDGE('',*,*,#4861,.F.);
#2998=ORIENTED_EDGE('',*,*,#5136,.F.);
#2999=ORIENTED_EDGE('',*,*,#5137,.T.);
#3000=ORIENTED_EDGE('',*,*,#5134,.T.);
#3001=ORIENTED_EDGE('',*,*,#4860,.F.);
#3002=ORIENTED_EDGE('',*,*,#5138,.F.);
#3003=ORIENTED_EDGE('',*,*,#5139,.T.);
#3004=ORIENTED_EDGE('',*,*,#5136,.T.);
#3005=ORIENTED_EDGE('',*,*,#4859,.F.);
#3006=ORIENTED_EDGE('',*,*,#5140,.F.);
#3007=ORIENTED_EDGE('',*,*,#5141,.T.);
#3008=ORIENTED_EDGE('',*,*,#5138,.T.);
#3009=ORIENTED_EDGE('',*,*,#4858,.F.);
#3010=ORIENTED_EDGE('',*,*,#5142,.F.);
#3011=ORIENTED_EDGE('',*,*,#5143,.T.);
#3012=ORIENTED_EDGE('',*,*,#5140,.T.);
#3013=ORIENTED_EDGE('',*,*,#4857,.F.);
#3014=ORIENTED_EDGE('',*,*,#5144,.F.);
#3015=ORIENTED_EDGE('',*,*,#5145,.T.);
#3016=ORIENTED_EDGE('',*,*,#5142,.T.);
#3017=ORIENTED_EDGE('',*,*,#4856,.F.);
#3018=ORIENTED_EDGE('',*,*,#5146,.F.);
#3019=ORIENTED_EDGE('',*,*,#5147,.T.);
#3020=ORIENTED_EDGE('',*,*,#5144,.T.);
#3021=ORIENTED_EDGE('',*,*,#4855,.F.);
#3022=ORIENTED_EDGE('',*,*,#5148,.F.);
#3023=ORIENTED_EDGE('',*,*,#5149,.T.);
#3024=ORIENTED_EDGE('',*,*,#5146,.T.);
#3025=ORIENTED_EDGE('',*,*,#4854,.F.);
#3026=ORIENTED_EDGE('',*,*,#5150,.F.);
#3027=ORIENTED_EDGE('',*,*,#5151,.T.);
#3028=ORIENTED_EDGE('',*,*,#5148,.T.);
#3029=ORIENTED_EDGE('',*,*,#4853,.F.);
#3030=ORIENTED_EDGE('',*,*,#5152,.F.);
#3031=ORIENTED_EDGE('',*,*,#5153,.T.);
#3032=ORIENTED_EDGE('',*,*,#5150,.T.);
#3033=ORIENTED_EDGE('',*,*,#4852,.F.);
#3034=ORIENTED_EDGE('',*,*,#5154,.F.);
#3035=ORIENTED_EDGE('',*,*,#5155,.T.);
#3036=ORIENTED_EDGE('',*,*,#5152,.T.);
#3037=ORIENTED_EDGE('',*,*,#4851,.F.);
#3038=ORIENTED_EDGE('',*,*,#5156,.F.);
#3039=ORIENTED_EDGE('',*,*,#5157,.T.);
#3040=ORIENTED_EDGE('',*,*,#5154,.T.);
#3041=ORIENTED_EDGE('',*,*,#4850,.F.);
#3042=ORIENTED_EDGE('',*,*,#5158,.F.);
#3043=ORIENTED_EDGE('',*,*,#5159,.T.);
#3044=ORIENTED_EDGE('',*,*,#5156,.T.);
#3045=ORIENTED_EDGE('',*,*,#4849,.F.);
#3046=ORIENTED_EDGE('',*,*,#5160,.F.);
#3047=ORIENTED_EDGE('',*,*,#5161,.T.);
#3048=ORIENTED_EDGE('',*,*,#5158,.T.);
#3049=ORIENTED_EDGE('',*,*,#4848,.F.);
#3050=ORIENTED_EDGE('',*,*,#5162,.F.);
#3051=ORIENTED_EDGE('',*,*,#5163,.T.);
#3052=ORIENTED_EDGE('',*,*,#5160,.T.);
#3053=ORIENTED_EDGE('',*,*,#4847,.F.);
#3054=ORIENTED_EDGE('',*,*,#5121,.F.);
#3055=ORIENTED_EDGE('',*,*,#5164,.T.);
#3056=ORIENTED_EDGE('',*,*,#5162,.T.);
#3057=ORIENTED_EDGE('',*,*,#5165,.F.);
#3058=ORIENTED_EDGE('',*,*,#5106,.F.);
#3059=ORIENTED_EDGE('',*,*,#5166,.T.);
#3060=ORIENTED_EDGE('',*,*,#5117,.T.);
#3061=ORIENTED_EDGE('',*,*,#5120,.F.);
#3062=ORIENTED_EDGE('',*,*,#5123,.F.);
#3063=ORIENTED_EDGE('',*,*,#5125,.F.);
#3064=ORIENTED_EDGE('',*,*,#5127,.F.);
#3065=ORIENTED_EDGE('',*,*,#5129,.F.);
#3066=ORIENTED_EDGE('',*,*,#5131,.F.);
#3067=ORIENTED_EDGE('',*,*,#5133,.F.);
#3068=ORIENTED_EDGE('',*,*,#5135,.F.);
#3069=ORIENTED_EDGE('',*,*,#5137,.F.);
#3070=ORIENTED_EDGE('',*,*,#5139,.F.);
#3071=ORIENTED_EDGE('',*,*,#5141,.F.);
#3072=ORIENTED_EDGE('',*,*,#5143,.F.);
#3073=ORIENTED_EDGE('',*,*,#5145,.F.);
#3074=ORIENTED_EDGE('',*,*,#5147,.F.);
#3075=ORIENTED_EDGE('',*,*,#5149,.F.);
#3076=ORIENTED_EDGE('',*,*,#5151,.F.);
#3077=ORIENTED_EDGE('',*,*,#5153,.F.);
#3078=ORIENTED_EDGE('',*,*,#5155,.F.);
#3079=ORIENTED_EDGE('',*,*,#5157,.F.);
#3080=ORIENTED_EDGE('',*,*,#5159,.F.);
#3081=ORIENTED_EDGE('',*,*,#5161,.F.);
#3082=ORIENTED_EDGE('',*,*,#5163,.F.);
#3083=ORIENTED_EDGE('',*,*,#5164,.F.);
#3084=ORIENTED_EDGE('',*,*,#5105,.F.);
#3085=ORIENTED_EDGE('',*,*,#5109,.F.);
#3086=ORIENTED_EDGE('',*,*,#5112,.F.);
#3087=ORIENTED_EDGE('',*,*,#5115,.F.);
#3088=ORIENTED_EDGE('',*,*,#5118,.F.);
#3089=ORIENTED_EDGE('',*,*,#5166,.F.);
#3090=ORIENTED_EDGE('',*,*,#5103,.T.);
#3091=ORIENTED_EDGE('',*,*,#5165,.T.);
#3092=ORIENTED_EDGE('',*,*,#5116,.T.);
#3093=ORIENTED_EDGE('',*,*,#5113,.T.);
#3094=ORIENTED_EDGE('',*,*,#5110,.T.);
#3095=ORIENTED_EDGE('',*,*,#5107,.T.);
#3096=ORIENTED_EDGE('',*,*,#4816,.F.);
#3097=ORIENTED_EDGE('',*,*,#5167,.F.);
#3098=ORIENTED_EDGE('',*,*,#5168,.T.);
#3099=ORIENTED_EDGE('',*,*,#5169,.T.);
#3100=ORIENTED_EDGE('',*,*,#4845,.F.);
#3101=ORIENTED_EDGE('',*,*,#5170,.F.);
#3102=ORIENTED_EDGE('',*,*,#5171,.T.);
#3103=ORIENTED_EDGE('',*,*,#5167,.T.);
#3104=ORIENTED_EDGE('',*,*,#4844,.F.);
#3105=ORIENTED_EDGE('',*,*,#5172,.F.);
#3106=ORIENTED_EDGE('',*,*,#5173,.T.);
#3107=ORIENTED_EDGE('',*,*,#5170,.T.);
#3108=ORIENTED_EDGE('',*,*,#4843,.F.);
#3109=ORIENTED_EDGE('',*,*,#5174,.F.);
#3110=ORIENTED_EDGE('',*,*,#5175,.T.);
#3111=ORIENTED_EDGE('',*,*,#5172,.T.);
#3112=ORIENTED_EDGE('',*,*,#4842,.F.);
#3113=ORIENTED_EDGE('',*,*,#5176,.F.);
#3114=ORIENTED_EDGE('',*,*,#5177,.T.);
#3115=ORIENTED_EDGE('',*,*,#5174,.T.);
#3116=ORIENTED_EDGE('',*,*,#4841,.F.);
#3117=ORIENTED_EDGE('',*,*,#5178,.F.);
#3118=ORIENTED_EDGE('',*,*,#5179,.T.);
#3119=ORIENTED_EDGE('',*,*,#5176,.T.);
#3120=ORIENTED_EDGE('',*,*,#4840,.F.);
#3121=ORIENTED_EDGE('',*,*,#5180,.F.);
#3122=ORIENTED_EDGE('',*,*,#5181,.T.);
#3123=ORIENTED_EDGE('',*,*,#5178,.T.);
#3124=ORIENTED_EDGE('',*,*,#4839,.F.);
#3125=ORIENTED_EDGE('',*,*,#5182,.F.);
#3126=ORIENTED_EDGE('',*,*,#5183,.T.);
#3127=ORIENTED_EDGE('',*,*,#5180,.T.);
#3128=ORIENTED_EDGE('',*,*,#4838,.F.);
#3129=ORIENTED_EDGE('',*,*,#5184,.F.);
#3130=ORIENTED_EDGE('',*,*,#5185,.T.);
#3131=ORIENTED_EDGE('',*,*,#5182,.T.);
#3132=ORIENTED_EDGE('',*,*,#4837,.F.);
#3133=ORIENTED_EDGE('',*,*,#5186,.F.);
#3134=ORIENTED_EDGE('',*,*,#5187,.T.);
#3135=ORIENTED_EDGE('',*,*,#5184,.T.);
#3136=ORIENTED_EDGE('',*,*,#4836,.F.);
#3137=ORIENTED_EDGE('',*,*,#5188,.F.);
#3138=ORIENTED_EDGE('',*,*,#5189,.T.);
#3139=ORIENTED_EDGE('',*,*,#5186,.T.);
#3140=ORIENTED_EDGE('',*,*,#4835,.F.);
#3141=ORIENTED_EDGE('',*,*,#5190,.F.);
#3142=ORIENTED_EDGE('',*,*,#5191,.T.);
#3143=ORIENTED_EDGE('',*,*,#5188,.T.);
#3144=ORIENTED_EDGE('',*,*,#4834,.F.);
#3145=ORIENTED_EDGE('',*,*,#5192,.F.);
#3146=ORIENTED_EDGE('',*,*,#5193,.T.);
#3147=ORIENTED_EDGE('',*,*,#5190,.T.);
#3148=ORIENTED_EDGE('',*,*,#4833,.F.);
#3149=ORIENTED_EDGE('',*,*,#5194,.F.);
#3150=ORIENTED_EDGE('',*,*,#5195,.T.);
#3151=ORIENTED_EDGE('',*,*,#5192,.T.);
#3152=ORIENTED_EDGE('',*,*,#4832,.F.);
#3153=ORIENTED_EDGE('',*,*,#5196,.F.);
#3154=ORIENTED_EDGE('',*,*,#5197,.T.);
#3155=ORIENTED_EDGE('',*,*,#5194,.T.);
#3156=ORIENTED_EDGE('',*,*,#4831,.F.);
#3157=ORIENTED_EDGE('',*,*,#5198,.F.);
#3158=ORIENTED_EDGE('',*,*,#5199,.T.);
#3159=ORIENTED_EDGE('',*,*,#5196,.T.);
#3160=ORIENTED_EDGE('',*,*,#4830,.F.);
#3161=ORIENTED_EDGE('',*,*,#5200,.F.);
#3162=ORIENTED_EDGE('',*,*,#5201,.T.);
#3163=ORIENTED_EDGE('',*,*,#5198,.T.);
#3164=ORIENTED_EDGE('',*,*,#4829,.F.);
#3165=ORIENTED_EDGE('',*,*,#5202,.F.);
#3166=ORIENTED_EDGE('',*,*,#5203,.T.);
#3167=ORIENTED_EDGE('',*,*,#5200,.T.);
#3168=ORIENTED_EDGE('',*,*,#4828,.F.);
#3169=ORIENTED_EDGE('',*,*,#5204,.F.);
#3170=ORIENTED_EDGE('',*,*,#5205,.T.);
#3171=ORIENTED_EDGE('',*,*,#5202,.T.);
#3172=ORIENTED_EDGE('',*,*,#4827,.F.);
#3173=ORIENTED_EDGE('',*,*,#5206,.F.);
#3174=ORIENTED_EDGE('',*,*,#5207,.T.);
#3175=ORIENTED_EDGE('',*,*,#5204,.T.);
#3176=ORIENTED_EDGE('',*,*,#4826,.F.);
#3177=ORIENTED_EDGE('',*,*,#5208,.F.);
#3178=ORIENTED_EDGE('',*,*,#5209,.T.);
#3179=ORIENTED_EDGE('',*,*,#5206,.T.);
#3180=ORIENTED_EDGE('',*,*,#4825,.F.);
#3181=ORIENTED_EDGE('',*,*,#5210,.F.);
#3182=ORIENTED_EDGE('',*,*,#5211,.T.);
#3183=ORIENTED_EDGE('',*,*,#5208,.T.);
#3184=ORIENTED_EDGE('',*,*,#4824,.F.);
#3185=ORIENTED_EDGE('',*,*,#5212,.F.);
#3186=ORIENTED_EDGE('',*,*,#5213,.T.);
#3187=ORIENTED_EDGE('',*,*,#5210,.T.);
#3188=ORIENTED_EDGE('',*,*,#4823,.F.);
#3189=ORIENTED_EDGE('',*,*,#5214,.F.);
#3190=ORIENTED_EDGE('',*,*,#5215,.T.);
#3191=ORIENTED_EDGE('',*,*,#5212,.T.);
#3192=ORIENTED_EDGE('',*,*,#4822,.F.);
#3193=ORIENTED_EDGE('',*,*,#5216,.F.);
#3194=ORIENTED_EDGE('',*,*,#5217,.T.);
#3195=ORIENTED_EDGE('',*,*,#5214,.T.);
#3196=ORIENTED_EDGE('',*,*,#4821,.F.);
#3197=ORIENTED_EDGE('',*,*,#5218,.F.);
#3198=ORIENTED_EDGE('',*,*,#5219,.T.);
#3199=ORIENTED_EDGE('',*,*,#5216,.T.);
#3200=ORIENTED_EDGE('',*,*,#4820,.F.);
#3201=ORIENTED_EDGE('',*,*,#5220,.F.);
#3202=ORIENTED_EDGE('',*,*,#5221,.T.);
#3203=ORIENTED_EDGE('',*,*,#5218,.T.);
#3204=ORIENTED_EDGE('',*,*,#4819,.F.);
#3205=ORIENTED_EDGE('',*,*,#5222,.F.);
#3206=ORIENTED_EDGE('',*,*,#5223,.T.);
#3207=ORIENTED_EDGE('',*,*,#5220,.T.);
#3208=ORIENTED_EDGE('',*,*,#4818,.F.);
#3209=ORIENTED_EDGE('',*,*,#5224,.F.);
#3210=ORIENTED_EDGE('',*,*,#5225,.T.);
#3211=ORIENTED_EDGE('',*,*,#5222,.T.);
#3212=ORIENTED_EDGE('',*,*,#4817,.F.);
#3213=ORIENTED_EDGE('',*,*,#5169,.F.);
#3214=ORIENTED_EDGE('',*,*,#5226,.T.);
#3215=ORIENTED_EDGE('',*,*,#5224,.T.);
#3216=ORIENTED_EDGE('',*,*,#5168,.F.);
#3217=ORIENTED_EDGE('',*,*,#5171,.F.);
#3218=ORIENTED_EDGE('',*,*,#5173,.F.);
#3219=ORIENTED_EDGE('',*,*,#5175,.F.);
#3220=ORIENTED_EDGE('',*,*,#5177,.F.);
#3221=ORIENTED_EDGE('',*,*,#5179,.F.);
#3222=ORIENTED_EDGE('',*,*,#5181,.F.);
#3223=ORIENTED_EDGE('',*,*,#5183,.F.);
#3224=ORIENTED_EDGE('',*,*,#5185,.F.);
#3225=ORIENTED_EDGE('',*,*,#5187,.F.);
#3226=ORIENTED_EDGE('',*,*,#5189,.F.);
#3227=ORIENTED_EDGE('',*,*,#5191,.F.);
#3228=ORIENTED_EDGE('',*,*,#5193,.F.);
#3229=ORIENTED_EDGE('',*,*,#5195,.F.);
#3230=ORIENTED_EDGE('',*,*,#5197,.F.);
#3231=ORIENTED_EDGE('',*,*,#5199,.F.);
#3232=ORIENTED_EDGE('',*,*,#5201,.F.);
#3233=ORIENTED_EDGE('',*,*,#5203,.F.);
#3234=ORIENTED_EDGE('',*,*,#5205,.F.);
#3235=ORIENTED_EDGE('',*,*,#5207,.F.);
#3236=ORIENTED_EDGE('',*,*,#5209,.F.);
#3237=ORIENTED_EDGE('',*,*,#5211,.F.);
#3238=ORIENTED_EDGE('',*,*,#5213,.F.);
#3239=ORIENTED_EDGE('',*,*,#5215,.F.);
#3240=ORIENTED_EDGE('',*,*,#5217,.F.);
#3241=ORIENTED_EDGE('',*,*,#5219,.F.);
#3242=ORIENTED_EDGE('',*,*,#5221,.F.);
#3243=ORIENTED_EDGE('',*,*,#5223,.F.);
#3244=ORIENTED_EDGE('',*,*,#5225,.F.);
#3245=ORIENTED_EDGE('',*,*,#5226,.F.);
#3246=ORIENTED_EDGE('',*,*,#4786,.F.);
#3247=ORIENTED_EDGE('',*,*,#5227,.F.);
#3248=ORIENTED_EDGE('',*,*,#5228,.T.);
#3249=ORIENTED_EDGE('',*,*,#5229,.T.);
#3250=ORIENTED_EDGE('',*,*,#4815,.F.);
#3251=ORIENTED_EDGE('',*,*,#5230,.F.);
#3252=ORIENTED_EDGE('',*,*,#5231,.T.);
#3253=ORIENTED_EDGE('',*,*,#5227,.T.);
#3254=ORIENTED_EDGE('',*,*,#4814,.F.);
#3255=ORIENTED_EDGE('',*,*,#5232,.F.);
#3256=ORIENTED_EDGE('',*,*,#5233,.T.);
#3257=ORIENTED_EDGE('',*,*,#5230,.T.);
#3258=ORIENTED_EDGE('',*,*,#4813,.F.);
#3259=ORIENTED_EDGE('',*,*,#5234,.F.);
#3260=ORIENTED_EDGE('',*,*,#5235,.T.);
#3261=ORIENTED_EDGE('',*,*,#5232,.T.);
#3262=ORIENTED_EDGE('',*,*,#4812,.F.);
#3263=ORIENTED_EDGE('',*,*,#5236,.F.);
#3264=ORIENTED_EDGE('',*,*,#5237,.T.);
#3265=ORIENTED_EDGE('',*,*,#5234,.T.);
#3266=ORIENTED_EDGE('',*,*,#4811,.F.);
#3267=ORIENTED_EDGE('',*,*,#5238,.F.);
#3268=ORIENTED_EDGE('',*,*,#5239,.T.);
#3269=ORIENTED_EDGE('',*,*,#5236,.T.);
#3270=ORIENTED_EDGE('',*,*,#4810,.F.);
#3271=ORIENTED_EDGE('',*,*,#5240,.F.);
#3272=ORIENTED_EDGE('',*,*,#5241,.T.);
#3273=ORIENTED_EDGE('',*,*,#5238,.T.);
#3274=ORIENTED_EDGE('',*,*,#4809,.F.);
#3275=ORIENTED_EDGE('',*,*,#5242,.F.);
#3276=ORIENTED_EDGE('',*,*,#5243,.T.);
#3277=ORIENTED_EDGE('',*,*,#5240,.T.);
#3278=ORIENTED_EDGE('',*,*,#4808,.F.);
#3279=ORIENTED_EDGE('',*,*,#5244,.F.);
#3280=ORIENTED_EDGE('',*,*,#5245,.T.);
#3281=ORIENTED_EDGE('',*,*,#5242,.T.);
#3282=ORIENTED_EDGE('',*,*,#4807,.F.);
#3283=ORIENTED_EDGE('',*,*,#5246,.F.);
#3284=ORIENTED_EDGE('',*,*,#5247,.T.);
#3285=ORIENTED_EDGE('',*,*,#5244,.T.);
#3286=ORIENTED_EDGE('',*,*,#4806,.F.);
#3287=ORIENTED_EDGE('',*,*,#5248,.F.);
#3288=ORIENTED_EDGE('',*,*,#5249,.T.);
#3289=ORIENTED_EDGE('',*,*,#5246,.T.);
#3290=ORIENTED_EDGE('',*,*,#4805,.F.);
#3291=ORIENTED_EDGE('',*,*,#5250,.F.);
#3292=ORIENTED_EDGE('',*,*,#5251,.T.);
#3293=ORIENTED_EDGE('',*,*,#5248,.T.);
#3294=ORIENTED_EDGE('',*,*,#4804,.F.);
#3295=ORIENTED_EDGE('',*,*,#5252,.F.);
#3296=ORIENTED_EDGE('',*,*,#5253,.T.);
#3297=ORIENTED_EDGE('',*,*,#5250,.T.);
#3298=ORIENTED_EDGE('',*,*,#4803,.F.);
#3299=ORIENTED_EDGE('',*,*,#5254,.F.);
#3300=ORIENTED_EDGE('',*,*,#5255,.T.);
#3301=ORIENTED_EDGE('',*,*,#5252,.T.);
#3302=ORIENTED_EDGE('',*,*,#4802,.F.);
#3303=ORIENTED_EDGE('',*,*,#5256,.F.);
#3304=ORIENTED_EDGE('',*,*,#5257,.T.);
#3305=ORIENTED_EDGE('',*,*,#5254,.T.);
#3306=ORIENTED_EDGE('',*,*,#4801,.F.);
#3307=ORIENTED_EDGE('',*,*,#5258,.F.);
#3308=ORIENTED_EDGE('',*,*,#5259,.T.);
#3309=ORIENTED_EDGE('',*,*,#5256,.T.);
#3310=ORIENTED_EDGE('',*,*,#4800,.F.);
#3311=ORIENTED_EDGE('',*,*,#5260,.F.);
#3312=ORIENTED_EDGE('',*,*,#5261,.T.);
#3313=ORIENTED_EDGE('',*,*,#5258,.T.);
#3314=ORIENTED_EDGE('',*,*,#4799,.F.);
#3315=ORIENTED_EDGE('',*,*,#5262,.F.);
#3316=ORIENTED_EDGE('',*,*,#5263,.T.);
#3317=ORIENTED_EDGE('',*,*,#5260,.T.);
#3318=ORIENTED_EDGE('',*,*,#4798,.F.);
#3319=ORIENTED_EDGE('',*,*,#5264,.F.);
#3320=ORIENTED_EDGE('',*,*,#5265,.T.);
#3321=ORIENTED_EDGE('',*,*,#5262,.T.);
#3322=ORIENTED_EDGE('',*,*,#4797,.F.);
#3323=ORIENTED_EDGE('',*,*,#5266,.F.);
#3324=ORIENTED_EDGE('',*,*,#5267,.T.);
#3325=ORIENTED_EDGE('',*,*,#5264,.T.);
#3326=ORIENTED_EDGE('',*,*,#4796,.F.);
#3327=ORIENTED_EDGE('',*,*,#5268,.F.);
#3328=ORIENTED_EDGE('',*,*,#5269,.T.);
#3329=ORIENTED_EDGE('',*,*,#5266,.T.);
#3330=ORIENTED_EDGE('',*,*,#4795,.F.);
#3331=ORIENTED_EDGE('',*,*,#5270,.F.);
#3332=ORIENTED_EDGE('',*,*,#5271,.T.);
#3333=ORIENTED_EDGE('',*,*,#5268,.T.);
#3334=ORIENTED_EDGE('',*,*,#4794,.F.);
#3335=ORIENTED_EDGE('',*,*,#5272,.F.);
#3336=ORIENTED_EDGE('',*,*,#5273,.T.);
#3337=ORIENTED_EDGE('',*,*,#5270,.T.);
#3338=ORIENTED_EDGE('',*,*,#4793,.F.);
#3339=ORIENTED_EDGE('',*,*,#5274,.F.);
#3340=ORIENTED_EDGE('',*,*,#5275,.T.);
#3341=ORIENTED_EDGE('',*,*,#5272,.T.);
#3342=ORIENTED_EDGE('',*,*,#4792,.F.);
#3343=ORIENTED_EDGE('',*,*,#5276,.F.);
#3344=ORIENTED_EDGE('',*,*,#5277,.T.);
#3345=ORIENTED_EDGE('',*,*,#5274,.T.);
#3346=ORIENTED_EDGE('',*,*,#4791,.F.);
#3347=ORIENTED_EDGE('',*,*,#5278,.F.);
#3348=ORIENTED_EDGE('',*,*,#5279,.T.);
#3349=ORIENTED_EDGE('',*,*,#5276,.T.);
#3350=ORIENTED_EDGE('',*,*,#4790,.F.);
#3351=ORIENTED_EDGE('',*,*,#5280,.F.);
#3352=ORIENTED_EDGE('',*,*,#5281,.T.);
#3353=ORIENTED_EDGE('',*,*,#5278,.T.);
#3354=ORIENTED_EDGE('',*,*,#4789,.F.);
#3355=ORIENTED_EDGE('',*,*,#5282,.F.);
#3356=ORIENTED_EDGE('',*,*,#5283,.T.);
#3357=ORIENTED_EDGE('',*,*,#5280,.T.);
#3358=ORIENTED_EDGE('',*,*,#4788,.F.);
#3359=ORIENTED_EDGE('',*,*,#5284,.F.);
#3360=ORIENTED_EDGE('',*,*,#5285,.T.);
#3361=ORIENTED_EDGE('',*,*,#5282,.T.);
#3362=ORIENTED_EDGE('',*,*,#4787,.F.);
#3363=ORIENTED_EDGE('',*,*,#5229,.F.);
#3364=ORIENTED_EDGE('',*,*,#5286,.T.);
#3365=ORIENTED_EDGE('',*,*,#5284,.T.);
#3366=ORIENTED_EDGE('',*,*,#5228,.F.);
#3367=ORIENTED_EDGE('',*,*,#5231,.F.);
#3368=ORIENTED_EDGE('',*,*,#5233,.F.);
#3369=ORIENTED_EDGE('',*,*,#5235,.F.);
#3370=ORIENTED_EDGE('',*,*,#5237,.F.);
#3371=ORIENTED_EDGE('',*,*,#5239,.F.);
#3372=ORIENTED_EDGE('',*,*,#5241,.F.);
#3373=ORIENTED_EDGE('',*,*,#5243,.F.);
#3374=ORIENTED_EDGE('',*,*,#5245,.F.);
#3375=ORIENTED_EDGE('',*,*,#5247,.F.);
#3376=ORIENTED_EDGE('',*,*,#5249,.F.);
#3377=ORIENTED_EDGE('',*,*,#5251,.F.);
#3378=ORIENTED_EDGE('',*,*,#5253,.F.);
#3379=ORIENTED_EDGE('',*,*,#5255,.F.);
#3380=ORIENTED_EDGE('',*,*,#5257,.F.);
#3381=ORIENTED_EDGE('',*,*,#5259,.F.);
#3382=ORIENTED_EDGE('',*,*,#5261,.F.);
#3383=ORIENTED_EDGE('',*,*,#5263,.F.);
#3384=ORIENTED_EDGE('',*,*,#5265,.F.);
#3385=ORIENTED_EDGE('',*,*,#5267,.F.);
#3386=ORIENTED_EDGE('',*,*,#5269,.F.);
#3387=ORIENTED_EDGE('',*,*,#5271,.F.);
#3388=ORIENTED_EDGE('',*,*,#5273,.F.);
#3389=ORIENTED_EDGE('',*,*,#5275,.F.);
#3390=ORIENTED_EDGE('',*,*,#5277,.F.);
#3391=ORIENTED_EDGE('',*,*,#5279,.F.);
#3392=ORIENTED_EDGE('',*,*,#5281,.F.);
#3393=ORIENTED_EDGE('',*,*,#5283,.F.);
#3394=ORIENTED_EDGE('',*,*,#5285,.F.);
#3395=ORIENTED_EDGE('',*,*,#5286,.F.);
#3396=ORIENTED_EDGE('',*,*,#5287,.F.);
#3397=ORIENTED_EDGE('',*,*,#5288,.F.);
#3398=ORIENTED_EDGE('',*,*,#5289,.T.);
#3399=ORIENTED_EDGE('',*,*,#5290,.T.);
#3400=ORIENTED_EDGE('',*,*,#5291,.F.);
#3401=ORIENTED_EDGE('',*,*,#5292,.F.);
#3402=ORIENTED_EDGE('',*,*,#5293,.T.);
#3403=ORIENTED_EDGE('',*,*,#5288,.T.);
#3404=ORIENTED_EDGE('',*,*,#5294,.F.);
#3405=ORIENTED_EDGE('',*,*,#5295,.F.);
#3406=ORIENTED_EDGE('',*,*,#5296,.T.);
#3407=ORIENTED_EDGE('',*,*,#5292,.T.);
#3408=ORIENTED_EDGE('',*,*,#5297,.F.);
#3409=ORIENTED_EDGE('',*,*,#5298,.F.);
#3410=ORIENTED_EDGE('',*,*,#5299,.T.);
#3411=ORIENTED_EDGE('',*,*,#5295,.T.);
#3412=ORIENTED_EDGE('',*,*,#5300,.F.);
#3413=ORIENTED_EDGE('',*,*,#5301,.F.);
#3414=ORIENTED_EDGE('',*,*,#5302,.T.);
#3415=ORIENTED_EDGE('',*,*,#5298,.T.);
#3416=ORIENTED_EDGE('',*,*,#4763,.F.);
#3417=ORIENTED_EDGE('',*,*,#5303,.F.);
#3418=ORIENTED_EDGE('',*,*,#5304,.T.);
#3419=ORIENTED_EDGE('',*,*,#5305,.T.);
#3420=ORIENTED_EDGE('',*,*,#4785,.F.);
#3421=ORIENTED_EDGE('',*,*,#5306,.F.);
#3422=ORIENTED_EDGE('',*,*,#5307,.T.);
#3423=ORIENTED_EDGE('',*,*,#5303,.T.);
#3424=ORIENTED_EDGE('',*,*,#4784,.F.);
#3425=ORIENTED_EDGE('',*,*,#5308,.F.);
#3426=ORIENTED_EDGE('',*,*,#5309,.T.);
#3427=ORIENTED_EDGE('',*,*,#5306,.T.);
#3428=ORIENTED_EDGE('',*,*,#4783,.F.);
#3429=ORIENTED_EDGE('',*,*,#5310,.F.);
#3430=ORIENTED_EDGE('',*,*,#5311,.T.);
#3431=ORIENTED_EDGE('',*,*,#5308,.T.);
#3432=ORIENTED_EDGE('',*,*,#4782,.F.);
#3433=ORIENTED_EDGE('',*,*,#5312,.F.);
#3434=ORIENTED_EDGE('',*,*,#5313,.T.);
#3435=ORIENTED_EDGE('',*,*,#5310,.T.);
#3436=ORIENTED_EDGE('',*,*,#4781,.F.);
#3437=ORIENTED_EDGE('',*,*,#5314,.F.);
#3438=ORIENTED_EDGE('',*,*,#5315,.T.);
#3439=ORIENTED_EDGE('',*,*,#5312,.T.);
#3440=ORIENTED_EDGE('',*,*,#4780,.F.);
#3441=ORIENTED_EDGE('',*,*,#5316,.F.);
#3442=ORIENTED_EDGE('',*,*,#5317,.T.);
#3443=ORIENTED_EDGE('',*,*,#5314,.T.);
#3444=ORIENTED_EDGE('',*,*,#4779,.F.);
#3445=ORIENTED_EDGE('',*,*,#5318,.F.);
#3446=ORIENTED_EDGE('',*,*,#5319,.T.);
#3447=ORIENTED_EDGE('',*,*,#5316,.T.);
#3448=ORIENTED_EDGE('',*,*,#4778,.F.);
#3449=ORIENTED_EDGE('',*,*,#5320,.F.);
#3450=ORIENTED_EDGE('',*,*,#5321,.T.);
#3451=ORIENTED_EDGE('',*,*,#5318,.T.);
#3452=ORIENTED_EDGE('',*,*,#4777,.F.);
#3453=ORIENTED_EDGE('',*,*,#5322,.F.);
#3454=ORIENTED_EDGE('',*,*,#5323,.T.);
#3455=ORIENTED_EDGE('',*,*,#5320,.T.);
#3456=ORIENTED_EDGE('',*,*,#4776,.F.);
#3457=ORIENTED_EDGE('',*,*,#5324,.F.);
#3458=ORIENTED_EDGE('',*,*,#5325,.T.);
#3459=ORIENTED_EDGE('',*,*,#5322,.T.);
#3460=ORIENTED_EDGE('',*,*,#4775,.F.);
#3461=ORIENTED_EDGE('',*,*,#5326,.F.);
#3462=ORIENTED_EDGE('',*,*,#5327,.T.);
#3463=ORIENTED_EDGE('',*,*,#5324,.T.);
#3464=ORIENTED_EDGE('',*,*,#4774,.F.);
#3465=ORIENTED_EDGE('',*,*,#5328,.F.);
#3466=ORIENTED_EDGE('',*,*,#5329,.T.);
#3467=ORIENTED_EDGE('',*,*,#5326,.T.);
#3468=ORIENTED_EDGE('',*,*,#4773,.F.);
#3469=ORIENTED_EDGE('',*,*,#5330,.F.);
#3470=ORIENTED_EDGE('',*,*,#5331,.T.);
#3471=ORIENTED_EDGE('',*,*,#5328,.T.);
#3472=ORIENTED_EDGE('',*,*,#4772,.F.);
#3473=ORIENTED_EDGE('',*,*,#5332,.F.);
#3474=ORIENTED_EDGE('',*,*,#5333,.T.);
#3475=ORIENTED_EDGE('',*,*,#5330,.T.);
#3476=ORIENTED_EDGE('',*,*,#4771,.F.);
#3477=ORIENTED_EDGE('',*,*,#5334,.F.);
#3478=ORIENTED_EDGE('',*,*,#5335,.T.);
#3479=ORIENTED_EDGE('',*,*,#5332,.T.);
#3480=ORIENTED_EDGE('',*,*,#4770,.F.);
#3481=ORIENTED_EDGE('',*,*,#5336,.F.);
#3482=ORIENTED_EDGE('',*,*,#5337,.T.);
#3483=ORIENTED_EDGE('',*,*,#5334,.T.);
#3484=ORIENTED_EDGE('',*,*,#4769,.F.);
#3485=ORIENTED_EDGE('',*,*,#5338,.F.);
#3486=ORIENTED_EDGE('',*,*,#5339,.T.);
#3487=ORIENTED_EDGE('',*,*,#5336,.T.);
#3488=ORIENTED_EDGE('',*,*,#4768,.F.);
#3489=ORIENTED_EDGE('',*,*,#5340,.F.);
#3490=ORIENTED_EDGE('',*,*,#5341,.T.);
#3491=ORIENTED_EDGE('',*,*,#5338,.T.);
#3492=ORIENTED_EDGE('',*,*,#4767,.F.);
#3493=ORIENTED_EDGE('',*,*,#5342,.F.);
#3494=ORIENTED_EDGE('',*,*,#5343,.T.);
#3495=ORIENTED_EDGE('',*,*,#5340,.T.);
#3496=ORIENTED_EDGE('',*,*,#4766,.F.);
#3497=ORIENTED_EDGE('',*,*,#5344,.F.);
#3498=ORIENTED_EDGE('',*,*,#5345,.T.);
#3499=ORIENTED_EDGE('',*,*,#5342,.T.);
#3500=ORIENTED_EDGE('',*,*,#4765,.F.);
#3501=ORIENTED_EDGE('',*,*,#5346,.F.);
#3502=ORIENTED_EDGE('',*,*,#5347,.T.);
#3503=ORIENTED_EDGE('',*,*,#5344,.T.);
#3504=ORIENTED_EDGE('',*,*,#4764,.F.);
#3505=ORIENTED_EDGE('',*,*,#5305,.F.);
#3506=ORIENTED_EDGE('',*,*,#5348,.T.);
#3507=ORIENTED_EDGE('',*,*,#5346,.T.);
#3508=ORIENTED_EDGE('',*,*,#5349,.F.);
#3509=ORIENTED_EDGE('',*,*,#5290,.F.);
#3510=ORIENTED_EDGE('',*,*,#5350,.T.);
#3511=ORIENTED_EDGE('',*,*,#5301,.T.);
#3512=ORIENTED_EDGE('',*,*,#5304,.F.);
#3513=ORIENTED_EDGE('',*,*,#5307,.F.);
#3514=ORIENTED_EDGE('',*,*,#5309,.F.);
#3515=ORIENTED_EDGE('',*,*,#5311,.F.);
#3516=ORIENTED_EDGE('',*,*,#5313,.F.);
#3517=ORIENTED_EDGE('',*,*,#5315,.F.);
#3518=ORIENTED_EDGE('',*,*,#5317,.F.);
#3519=ORIENTED_EDGE('',*,*,#5319,.F.);
#3520=ORIENTED_EDGE('',*,*,#5321,.F.);
#3521=ORIENTED_EDGE('',*,*,#5323,.F.);
#3522=ORIENTED_EDGE('',*,*,#5325,.F.);
#3523=ORIENTED_EDGE('',*,*,#5327,.F.);
#3524=ORIENTED_EDGE('',*,*,#5329,.F.);
#3525=ORIENTED_EDGE('',*,*,#5331,.F.);
#3526=ORIENTED_EDGE('',*,*,#5333,.F.);
#3527=ORIENTED_EDGE('',*,*,#5335,.F.);
#3528=ORIENTED_EDGE('',*,*,#5337,.F.);
#3529=ORIENTED_EDGE('',*,*,#5339,.F.);
#3530=ORIENTED_EDGE('',*,*,#5341,.F.);
#3531=ORIENTED_EDGE('',*,*,#5343,.F.);
#3532=ORIENTED_EDGE('',*,*,#5345,.F.);
#3533=ORIENTED_EDGE('',*,*,#5347,.F.);
#3534=ORIENTED_EDGE('',*,*,#5348,.F.);
#3535=ORIENTED_EDGE('',*,*,#5289,.F.);
#3536=ORIENTED_EDGE('',*,*,#5293,.F.);
#3537=ORIENTED_EDGE('',*,*,#5296,.F.);
#3538=ORIENTED_EDGE('',*,*,#5299,.F.);
#3539=ORIENTED_EDGE('',*,*,#5302,.F.);
#3540=ORIENTED_EDGE('',*,*,#5350,.F.);
#3541=ORIENTED_EDGE('',*,*,#5287,.T.);
#3542=ORIENTED_EDGE('',*,*,#5349,.T.);
#3543=ORIENTED_EDGE('',*,*,#5300,.T.);
#3544=ORIENTED_EDGE('',*,*,#5297,.T.);
#3545=ORIENTED_EDGE('',*,*,#5294,.T.);
#3546=ORIENTED_EDGE('',*,*,#5291,.T.);
#3547=ORIENTED_EDGE('',*,*,#5351,.F.);
#3548=ORIENTED_EDGE('',*,*,#5352,.F.);
#3549=ORIENTED_EDGE('',*,*,#5353,.T.);
#3550=ORIENTED_EDGE('',*,*,#5354,.T.);
#3551=ORIENTED_EDGE('',*,*,#5355,.F.);
#3552=ORIENTED_EDGE('',*,*,#5356,.F.);
#3553=ORIENTED_EDGE('',*,*,#5357,.T.);
#3554=ORIENTED_EDGE('',*,*,#5352,.T.);
#3555=ORIENTED_EDGE('',*,*,#4741,.F.);
#3556=ORIENTED_EDGE('',*,*,#5358,.F.);
#3557=ORIENTED_EDGE('',*,*,#5359,.T.);
#3558=ORIENTED_EDGE('',*,*,#5360,.T.);
#3559=ORIENTED_EDGE('',*,*,#4762,.F.);
#3560=ORIENTED_EDGE('',*,*,#5361,.F.);
#3561=ORIENTED_EDGE('',*,*,#5362,.T.);
#3562=ORIENTED_EDGE('',*,*,#5358,.T.);
#3563=ORIENTED_EDGE('',*,*,#4761,.F.);
#3564=ORIENTED_EDGE('',*,*,#5363,.F.);
#3565=ORIENTED_EDGE('',*,*,#5364,.T.);
#3566=ORIENTED_EDGE('',*,*,#5361,.T.);
#3567=ORIENTED_EDGE('',*,*,#4760,.F.);
#3568=ORIENTED_EDGE('',*,*,#5365,.F.);
#3569=ORIENTED_EDGE('',*,*,#5366,.T.);
#3570=ORIENTED_EDGE('',*,*,#5363,.T.);
#3571=ORIENTED_EDGE('',*,*,#4759,.F.);
#3572=ORIENTED_EDGE('',*,*,#5367,.F.);
#3573=ORIENTED_EDGE('',*,*,#5368,.T.);
#3574=ORIENTED_EDGE('',*,*,#5365,.T.);
#3575=ORIENTED_EDGE('',*,*,#4758,.F.);
#3576=ORIENTED_EDGE('',*,*,#5369,.F.);
#3577=ORIENTED_EDGE('',*,*,#5370,.T.);
#3578=ORIENTED_EDGE('',*,*,#5367,.T.);
#3579=ORIENTED_EDGE('',*,*,#4757,.F.);
#3580=ORIENTED_EDGE('',*,*,#5371,.F.);
#3581=ORIENTED_EDGE('',*,*,#5372,.T.);
#3582=ORIENTED_EDGE('',*,*,#5369,.T.);
#3583=ORIENTED_EDGE('',*,*,#4756,.F.);
#3584=ORIENTED_EDGE('',*,*,#5373,.F.);
#3585=ORIENTED_EDGE('',*,*,#5374,.T.);
#3586=ORIENTED_EDGE('',*,*,#5371,.T.);
#3587=ORIENTED_EDGE('',*,*,#4755,.F.);
#3588=ORIENTED_EDGE('',*,*,#5375,.F.);
#3589=ORIENTED_EDGE('',*,*,#5376,.T.);
#3590=ORIENTED_EDGE('',*,*,#5373,.T.);
#3591=ORIENTED_EDGE('',*,*,#4754,.F.);
#3592=ORIENTED_EDGE('',*,*,#5377,.F.);
#3593=ORIENTED_EDGE('',*,*,#5378,.T.);
#3594=ORIENTED_EDGE('',*,*,#5375,.T.);
#3595=ORIENTED_EDGE('',*,*,#4753,.F.);
#3596=ORIENTED_EDGE('',*,*,#5379,.F.);
#3597=ORIENTED_EDGE('',*,*,#5380,.T.);
#3598=ORIENTED_EDGE('',*,*,#5377,.T.);
#3599=ORIENTED_EDGE('',*,*,#4752,.F.);
#3600=ORIENTED_EDGE('',*,*,#5381,.F.);
#3601=ORIENTED_EDGE('',*,*,#5382,.T.);
#3602=ORIENTED_EDGE('',*,*,#5379,.T.);
#3603=ORIENTED_EDGE('',*,*,#4751,.F.);
#3604=ORIENTED_EDGE('',*,*,#5383,.F.);
#3605=ORIENTED_EDGE('',*,*,#5384,.T.);
#3606=ORIENTED_EDGE('',*,*,#5381,.T.);
#3607=ORIENTED_EDGE('',*,*,#4750,.F.);
#3608=ORIENTED_EDGE('',*,*,#5385,.F.);
#3609=ORIENTED_EDGE('',*,*,#5386,.T.);
#3610=ORIENTED_EDGE('',*,*,#5383,.T.);
#3611=ORIENTED_EDGE('',*,*,#4749,.F.);
#3612=ORIENTED_EDGE('',*,*,#5387,.F.);
#3613=ORIENTED_EDGE('',*,*,#5388,.T.);
#3614=ORIENTED_EDGE('',*,*,#5385,.T.);
#3615=ORIENTED_EDGE('',*,*,#4748,.F.);
#3616=ORIENTED_EDGE('',*,*,#5389,.F.);
#3617=ORIENTED_EDGE('',*,*,#5390,.T.);
#3618=ORIENTED_EDGE('',*,*,#5387,.T.);
#3619=ORIENTED_EDGE('',*,*,#4747,.F.);
#3620=ORIENTED_EDGE('',*,*,#5391,.F.);
#3621=ORIENTED_EDGE('',*,*,#5392,.T.);
#3622=ORIENTED_EDGE('',*,*,#5389,.T.);
#3623=ORIENTED_EDGE('',*,*,#4746,.F.);
#3624=ORIENTED_EDGE('',*,*,#5393,.F.);
#3625=ORIENTED_EDGE('',*,*,#5394,.T.);
#3626=ORIENTED_EDGE('',*,*,#5391,.T.);
#3627=ORIENTED_EDGE('',*,*,#4745,.F.);
#3628=ORIENTED_EDGE('',*,*,#5395,.F.);
#3629=ORIENTED_EDGE('',*,*,#5396,.T.);
#3630=ORIENTED_EDGE('',*,*,#5393,.T.);
#3631=ORIENTED_EDGE('',*,*,#4744,.F.);
#3632=ORIENTED_EDGE('',*,*,#5397,.F.);
#3633=ORIENTED_EDGE('',*,*,#5398,.T.);
#3634=ORIENTED_EDGE('',*,*,#5395,.T.);
#3635=ORIENTED_EDGE('',*,*,#4743,.F.);
#3636=ORIENTED_EDGE('',*,*,#5399,.F.);
#3637=ORIENTED_EDGE('',*,*,#5400,.T.);
#3638=ORIENTED_EDGE('',*,*,#5397,.T.);
#3639=ORIENTED_EDGE('',*,*,#4742,.F.);
#3640=ORIENTED_EDGE('',*,*,#5360,.F.);
#3641=ORIENTED_EDGE('',*,*,#5401,.T.);
#3642=ORIENTED_EDGE('',*,*,#5399,.T.);
#3643=ORIENTED_EDGE('',*,*,#5402,.F.);
#3644=ORIENTED_EDGE('',*,*,#5354,.F.);
#3645=ORIENTED_EDGE('',*,*,#5403,.T.);
#3646=ORIENTED_EDGE('',*,*,#5356,.T.);
#3647=ORIENTED_EDGE('',*,*,#5359,.F.);
#3648=ORIENTED_EDGE('',*,*,#5362,.F.);
#3649=ORIENTED_EDGE('',*,*,#5364,.F.);
#3650=ORIENTED_EDGE('',*,*,#5366,.F.);
#3651=ORIENTED_EDGE('',*,*,#5368,.F.);
#3652=ORIENTED_EDGE('',*,*,#5370,.F.);
#3653=ORIENTED_EDGE('',*,*,#5372,.F.);
#3654=ORIENTED_EDGE('',*,*,#5374,.F.);
#3655=ORIENTED_EDGE('',*,*,#5376,.F.);
#3656=ORIENTED_EDGE('',*,*,#5378,.F.);
#3657=ORIENTED_EDGE('',*,*,#5380,.F.);
#3658=ORIENTED_EDGE('',*,*,#5382,.F.);
#3659=ORIENTED_EDGE('',*,*,#5384,.F.);
#3660=ORIENTED_EDGE('',*,*,#5386,.F.);
#3661=ORIENTED_EDGE('',*,*,#5388,.F.);
#3662=ORIENTED_EDGE('',*,*,#5390,.F.);
#3663=ORIENTED_EDGE('',*,*,#5392,.F.);
#3664=ORIENTED_EDGE('',*,*,#5394,.F.);
#3665=ORIENTED_EDGE('',*,*,#5396,.F.);
#3666=ORIENTED_EDGE('',*,*,#5398,.F.);
#3667=ORIENTED_EDGE('',*,*,#5400,.F.);
#3668=ORIENTED_EDGE('',*,*,#5401,.F.);
#3669=ORIENTED_EDGE('',*,*,#5353,.F.);
#3670=ORIENTED_EDGE('',*,*,#5357,.F.);
#3671=ORIENTED_EDGE('',*,*,#5403,.F.);
#3672=ORIENTED_EDGE('',*,*,#5351,.T.);
#3673=ORIENTED_EDGE('',*,*,#5402,.T.);
#3674=ORIENTED_EDGE('',*,*,#5355,.T.);
#3675=ORIENTED_EDGE('',*,*,#5404,.F.);
#3676=ORIENTED_EDGE('',*,*,#5405,.F.);
#3677=ORIENTED_EDGE('',*,*,#5406,.T.);
#3678=ORIENTED_EDGE('',*,*,#5407,.T.);
#3679=ORIENTED_EDGE('',*,*,#5408,.F.);
#3680=ORIENTED_EDGE('',*,*,#5409,.F.);
#3681=ORIENTED_EDGE('',*,*,#5410,.T.);
#3682=ORIENTED_EDGE('',*,*,#5405,.T.);
#3683=ORIENTED_EDGE('',*,*,#5411,.F.);
#3684=ORIENTED_EDGE('',*,*,#5412,.F.);
#3685=ORIENTED_EDGE('',*,*,#5413,.T.);
#3686=ORIENTED_EDGE('',*,*,#5409,.T.);
#3687=ORIENTED_EDGE('',*,*,#5414,.F.);
#3688=ORIENTED_EDGE('',*,*,#5415,.F.);
#3689=ORIENTED_EDGE('',*,*,#5416,.T.);
#3690=ORIENTED_EDGE('',*,*,#5412,.T.);
#3691=ORIENTED_EDGE('',*,*,#5417,.F.);
#3692=ORIENTED_EDGE('',*,*,#5418,.F.);
#3693=ORIENTED_EDGE('',*,*,#5419,.T.);
#3694=ORIENTED_EDGE('',*,*,#5415,.T.);
#3695=ORIENTED_EDGE('',*,*,#5420,.F.);
#3696=ORIENTED_EDGE('',*,*,#5421,.F.);
#3697=ORIENTED_EDGE('',*,*,#5422,.T.);
#3698=ORIENTED_EDGE('',*,*,#5418,.T.);
#3699=ORIENTED_EDGE('',*,*,#5423,.F.);
#3700=ORIENTED_EDGE('',*,*,#5424,.F.);
#3701=ORIENTED_EDGE('',*,*,#5425,.T.);
#3702=ORIENTED_EDGE('',*,*,#5421,.T.);
#3703=ORIENTED_EDGE('',*,*,#4721,.F.);
#3704=ORIENTED_EDGE('',*,*,#5426,.F.);
#3705=ORIENTED_EDGE('',*,*,#5427,.T.);
#3706=ORIENTED_EDGE('',*,*,#5428,.T.);
#3707=ORIENTED_EDGE('',*,*,#4740,.F.);
#3708=ORIENTED_EDGE('',*,*,#5429,.F.);
#3709=ORIENTED_EDGE('',*,*,#5430,.T.);
#3710=ORIENTED_EDGE('',*,*,#5426,.T.);
#3711=ORIENTED_EDGE('',*,*,#4739,.F.);
#3712=ORIENTED_EDGE('',*,*,#5431,.F.);
#3713=ORIENTED_EDGE('',*,*,#5432,.T.);
#3714=ORIENTED_EDGE('',*,*,#5429,.T.);
#3715=ORIENTED_EDGE('',*,*,#4738,.F.);
#3716=ORIENTED_EDGE('',*,*,#5433,.F.);
#3717=ORIENTED_EDGE('',*,*,#5434,.T.);
#3718=ORIENTED_EDGE('',*,*,#5431,.T.);
#3719=ORIENTED_EDGE('',*,*,#4737,.F.);
#3720=ORIENTED_EDGE('',*,*,#5435,.F.);
#3721=ORIENTED_EDGE('',*,*,#5436,.T.);
#3722=ORIENTED_EDGE('',*,*,#5433,.T.);
#3723=ORIENTED_EDGE('',*,*,#4736,.F.);
#3724=ORIENTED_EDGE('',*,*,#5437,.F.);
#3725=ORIENTED_EDGE('',*,*,#5438,.T.);
#3726=ORIENTED_EDGE('',*,*,#5435,.T.);
#3727=ORIENTED_EDGE('',*,*,#4735,.F.);
#3728=ORIENTED_EDGE('',*,*,#5439,.F.);
#3729=ORIENTED_EDGE('',*,*,#5440,.T.);
#3730=ORIENTED_EDGE('',*,*,#5437,.T.);
#3731=ORIENTED_EDGE('',*,*,#4734,.F.);
#3732=ORIENTED_EDGE('',*,*,#5441,.F.);
#3733=ORIENTED_EDGE('',*,*,#5442,.T.);
#3734=ORIENTED_EDGE('',*,*,#5439,.T.);
#3735=ORIENTED_EDGE('',*,*,#4733,.F.);
#3736=ORIENTED_EDGE('',*,*,#5443,.F.);
#3737=ORIENTED_EDGE('',*,*,#5444,.T.);
#3738=ORIENTED_EDGE('',*,*,#5441,.T.);
#3739=ORIENTED_EDGE('',*,*,#4732,.F.);
#3740=ORIENTED_EDGE('',*,*,#5445,.F.);
#3741=ORIENTED_EDGE('',*,*,#5446,.T.);
#3742=ORIENTED_EDGE('',*,*,#5443,.T.);
#3743=ORIENTED_EDGE('',*,*,#4731,.F.);
#3744=ORIENTED_EDGE('',*,*,#5447,.F.);
#3745=ORIENTED_EDGE('',*,*,#5448,.T.);
#3746=ORIENTED_EDGE('',*,*,#5445,.T.);
#3747=ORIENTED_EDGE('',*,*,#4730,.F.);
#3748=ORIENTED_EDGE('',*,*,#5449,.F.);
#3749=ORIENTED_EDGE('',*,*,#5450,.T.);
#3750=ORIENTED_EDGE('',*,*,#5447,.T.);
#3751=ORIENTED_EDGE('',*,*,#4729,.F.);
#3752=ORIENTED_EDGE('',*,*,#5451,.F.);
#3753=ORIENTED_EDGE('',*,*,#5452,.T.);
#3754=ORIENTED_EDGE('',*,*,#5449,.T.);
#3755=ORIENTED_EDGE('',*,*,#4728,.F.);
#3756=ORIENTED_EDGE('',*,*,#5453,.F.);
#3757=ORIENTED_EDGE('',*,*,#5454,.T.);
#3758=ORIENTED_EDGE('',*,*,#5451,.T.);
#3759=ORIENTED_EDGE('',*,*,#4727,.F.);
#3760=ORIENTED_EDGE('',*,*,#5455,.F.);
#3761=ORIENTED_EDGE('',*,*,#5456,.T.);
#3762=ORIENTED_EDGE('',*,*,#5453,.T.);
#3763=ORIENTED_EDGE('',*,*,#4726,.F.);
#3764=ORIENTED_EDGE('',*,*,#5457,.F.);
#3765=ORIENTED_EDGE('',*,*,#5458,.T.);
#3766=ORIENTED_EDGE('',*,*,#5455,.T.);
#3767=ORIENTED_EDGE('',*,*,#4725,.F.);
#3768=ORIENTED_EDGE('',*,*,#5459,.F.);
#3769=ORIENTED_EDGE('',*,*,#5460,.T.);
#3770=ORIENTED_EDGE('',*,*,#5457,.T.);
#3771=ORIENTED_EDGE('',*,*,#4724,.F.);
#3772=ORIENTED_EDGE('',*,*,#5461,.F.);
#3773=ORIENTED_EDGE('',*,*,#5462,.T.);
#3774=ORIENTED_EDGE('',*,*,#5459,.T.);
#3775=ORIENTED_EDGE('',*,*,#4723,.F.);
#3776=ORIENTED_EDGE('',*,*,#5463,.F.);
#3777=ORIENTED_EDGE('',*,*,#5464,.T.);
#3778=ORIENTED_EDGE('',*,*,#5461,.T.);
#3779=ORIENTED_EDGE('',*,*,#4722,.F.);
#3780=ORIENTED_EDGE('',*,*,#5428,.F.);
#3781=ORIENTED_EDGE('',*,*,#5465,.T.);
#3782=ORIENTED_EDGE('',*,*,#5463,.T.);
#3783=ORIENTED_EDGE('',*,*,#5466,.F.);
#3784=ORIENTED_EDGE('',*,*,#5407,.F.);
#3785=ORIENTED_EDGE('',*,*,#5467,.T.);
#3786=ORIENTED_EDGE('',*,*,#5424,.T.);
#3787=ORIENTED_EDGE('',*,*,#5427,.F.);
#3788=ORIENTED_EDGE('',*,*,#5430,.F.);
#3789=ORIENTED_EDGE('',*,*,#5432,.F.);
#3790=ORIENTED_EDGE('',*,*,#5434,.F.);
#3791=ORIENTED_EDGE('',*,*,#5436,.F.);
#3792=ORIENTED_EDGE('',*,*,#5438,.F.);
#3793=ORIENTED_EDGE('',*,*,#5440,.F.);
#3794=ORIENTED_EDGE('',*,*,#5442,.F.);
#3795=ORIENTED_EDGE('',*,*,#5444,.F.);
#3796=ORIENTED_EDGE('',*,*,#5446,.F.);
#3797=ORIENTED_EDGE('',*,*,#5448,.F.);
#3798=ORIENTED_EDGE('',*,*,#5450,.F.);
#3799=ORIENTED_EDGE('',*,*,#5452,.F.);
#3800=ORIENTED_EDGE('',*,*,#5454,.F.);
#3801=ORIENTED_EDGE('',*,*,#5456,.F.);
#3802=ORIENTED_EDGE('',*,*,#5458,.F.);
#3803=ORIENTED_EDGE('',*,*,#5460,.F.);
#3804=ORIENTED_EDGE('',*,*,#5462,.F.);
#3805=ORIENTED_EDGE('',*,*,#5464,.F.);
#3806=ORIENTED_EDGE('',*,*,#5465,.F.);
#3807=ORIENTED_EDGE('',*,*,#5406,.F.);
#3808=ORIENTED_EDGE('',*,*,#5410,.F.);
#3809=ORIENTED_EDGE('',*,*,#5413,.F.);
#3810=ORIENTED_EDGE('',*,*,#5416,.F.);
#3811=ORIENTED_EDGE('',*,*,#5419,.F.);
#3812=ORIENTED_EDGE('',*,*,#5422,.F.);
#3813=ORIENTED_EDGE('',*,*,#5425,.F.);
#3814=ORIENTED_EDGE('',*,*,#5467,.F.);
#3815=ORIENTED_EDGE('',*,*,#5404,.T.);
#3816=ORIENTED_EDGE('',*,*,#5466,.T.);
#3817=ORIENTED_EDGE('',*,*,#5423,.T.);
#3818=ORIENTED_EDGE('',*,*,#5420,.T.);
#3819=ORIENTED_EDGE('',*,*,#5417,.T.);
#3820=ORIENTED_EDGE('',*,*,#5414,.T.);
#3821=ORIENTED_EDGE('',*,*,#5411,.T.);
#3822=ORIENTED_EDGE('',*,*,#5408,.T.);
#3823=ORIENTED_EDGE('',*,*,#5468,.F.);
#3824=ORIENTED_EDGE('',*,*,#5469,.F.);
#3825=ORIENTED_EDGE('',*,*,#5470,.T.);
#3826=ORIENTED_EDGE('',*,*,#5471,.T.);
#3827=ORIENTED_EDGE('',*,*,#5472,.F.);
#3828=ORIENTED_EDGE('',*,*,#5473,.F.);
#3829=ORIENTED_EDGE('',*,*,#5474,.T.);
#3830=ORIENTED_EDGE('',*,*,#5469,.T.);
#3831=ORIENTED_EDGE('',*,*,#5475,.F.);
#3832=ORIENTED_EDGE('',*,*,#5476,.F.);
#3833=ORIENTED_EDGE('',*,*,#5477,.T.);
#3834=ORIENTED_EDGE('',*,*,#5473,.T.);
#3835=ORIENTED_EDGE('',*,*,#5478,.F.);
#3836=ORIENTED_EDGE('',*,*,#5479,.F.);
#3837=ORIENTED_EDGE('',*,*,#5480,.T.);
#3838=ORIENTED_EDGE('',*,*,#5476,.T.);
#3839=ORIENTED_EDGE('',*,*,#5481,.F.);
#3840=ORIENTED_EDGE('',*,*,#5482,.F.);
#3841=ORIENTED_EDGE('',*,*,#5483,.T.);
#3842=ORIENTED_EDGE('',*,*,#5479,.T.);
#3843=ORIENTED_EDGE('',*,*,#5484,.F.);
#3844=ORIENTED_EDGE('',*,*,#5485,.F.);
#3845=ORIENTED_EDGE('',*,*,#5486,.T.);
#3846=ORIENTED_EDGE('',*,*,#5482,.T.);
#3847=ORIENTED_EDGE('',*,*,#5487,.F.);
#3848=ORIENTED_EDGE('',*,*,#5488,.F.);
#3849=ORIENTED_EDGE('',*,*,#5489,.T.);
#3850=ORIENTED_EDGE('',*,*,#5485,.T.);
#3851=ORIENTED_EDGE('',*,*,#4701,.F.);
#3852=ORIENTED_EDGE('',*,*,#5490,.F.);
#3853=ORIENTED_EDGE('',*,*,#5491,.T.);
#3854=ORIENTED_EDGE('',*,*,#5492,.T.);
#3855=ORIENTED_EDGE('',*,*,#4720,.F.);
#3856=ORIENTED_EDGE('',*,*,#5493,.F.);
#3857=ORIENTED_EDGE('',*,*,#5494,.T.);
#3858=ORIENTED_EDGE('',*,*,#5490,.T.);
#3859=ORIENTED_EDGE('',*,*,#4719,.F.);
#3860=ORIENTED_EDGE('',*,*,#5495,.F.);
#3861=ORIENTED_EDGE('',*,*,#5496,.T.);
#3862=ORIENTED_EDGE('',*,*,#5493,.T.);
#3863=ORIENTED_EDGE('',*,*,#4718,.F.);
#3864=ORIENTED_EDGE('',*,*,#5497,.F.);
#3865=ORIENTED_EDGE('',*,*,#5498,.T.);
#3866=ORIENTED_EDGE('',*,*,#5495,.T.);
#3867=ORIENTED_EDGE('',*,*,#4717,.F.);
#3868=ORIENTED_EDGE('',*,*,#5499,.F.);
#3869=ORIENTED_EDGE('',*,*,#5500,.T.);
#3870=ORIENTED_EDGE('',*,*,#5497,.T.);
#3871=ORIENTED_EDGE('',*,*,#4716,.F.);
#3872=ORIENTED_EDGE('',*,*,#5501,.F.);
#3873=ORIENTED_EDGE('',*,*,#5502,.T.);
#3874=ORIENTED_EDGE('',*,*,#5499,.T.);
#3875=ORIENTED_EDGE('',*,*,#4715,.F.);
#3876=ORIENTED_EDGE('',*,*,#5503,.F.);
#3877=ORIENTED_EDGE('',*,*,#5504,.T.);
#3878=ORIENTED_EDGE('',*,*,#5501,.T.);
#3879=ORIENTED_EDGE('',*,*,#4714,.F.);
#3880=ORIENTED_EDGE('',*,*,#5505,.F.);
#3881=ORIENTED_EDGE('',*,*,#5506,.T.);
#3882=ORIENTED_EDGE('',*,*,#5503,.T.);
#3883=ORIENTED_EDGE('',*,*,#4713,.F.);
#3884=ORIENTED_EDGE('',*,*,#5507,.F.);
#3885=ORIENTED_EDGE('',*,*,#5508,.T.);
#3886=ORIENTED_EDGE('',*,*,#5505,.T.);
#3887=ORIENTED_EDGE('',*,*,#4712,.F.);
#3888=ORIENTED_EDGE('',*,*,#5509,.F.);
#3889=ORIENTED_EDGE('',*,*,#5510,.T.);
#3890=ORIENTED_EDGE('',*,*,#5507,.T.);
#3891=ORIENTED_EDGE('',*,*,#4711,.F.);
#3892=ORIENTED_EDGE('',*,*,#5511,.F.);
#3893=ORIENTED_EDGE('',*,*,#5512,.T.);
#3894=ORIENTED_EDGE('',*,*,#5509,.T.);
#3895=ORIENTED_EDGE('',*,*,#4710,.F.);
#3896=ORIENTED_EDGE('',*,*,#5513,.F.);
#3897=ORIENTED_EDGE('',*,*,#5514,.T.);
#3898=ORIENTED_EDGE('',*,*,#5511,.T.);
#3899=ORIENTED_EDGE('',*,*,#4709,.F.);
#3900=ORIENTED_EDGE('',*,*,#5515,.F.);
#3901=ORIENTED_EDGE('',*,*,#5516,.T.);
#3902=ORIENTED_EDGE('',*,*,#5513,.T.);
#3903=ORIENTED_EDGE('',*,*,#4708,.F.);
#3904=ORIENTED_EDGE('',*,*,#5517,.F.);
#3905=ORIENTED_EDGE('',*,*,#5518,.T.);
#3906=ORIENTED_EDGE('',*,*,#5515,.T.);
#3907=ORIENTED_EDGE('',*,*,#4707,.F.);
#3908=ORIENTED_EDGE('',*,*,#5519,.F.);
#3909=ORIENTED_EDGE('',*,*,#5520,.T.);
#3910=ORIENTED_EDGE('',*,*,#5517,.T.);
#3911=ORIENTED_EDGE('',*,*,#4706,.F.);
#3912=ORIENTED_EDGE('',*,*,#5521,.F.);
#3913=ORIENTED_EDGE('',*,*,#5522,.T.);
#3914=ORIENTED_EDGE('',*,*,#5519,.T.);
#3915=ORIENTED_EDGE('',*,*,#4705,.F.);
#3916=ORIENTED_EDGE('',*,*,#5523,.F.);
#3917=ORIENTED_EDGE('',*,*,#5524,.T.);
#3918=ORIENTED_EDGE('',*,*,#5521,.T.);
#3919=ORIENTED_EDGE('',*,*,#4704,.F.);
#3920=ORIENTED_EDGE('',*,*,#5525,.F.);
#3921=ORIENTED_EDGE('',*,*,#5526,.T.);
#3922=ORIENTED_EDGE('',*,*,#5523,.T.);
#3923=ORIENTED_EDGE('',*,*,#4703,.F.);
#3924=ORIENTED_EDGE('',*,*,#5527,.F.);
#3925=ORIENTED_EDGE('',*,*,#5528,.T.);
#3926=ORIENTED_EDGE('',*,*,#5525,.T.);
#3927=ORIENTED_EDGE('',*,*,#4702,.F.);
#3928=ORIENTED_EDGE('',*,*,#5492,.F.);
#3929=ORIENTED_EDGE('',*,*,#5529,.T.);
#3930=ORIENTED_EDGE('',*,*,#5527,.T.);
#3931=ORIENTED_EDGE('',*,*,#5530,.F.);
#3932=ORIENTED_EDGE('',*,*,#5471,.F.);
#3933=ORIENTED_EDGE('',*,*,#5531,.T.);
#3934=ORIENTED_EDGE('',*,*,#5488,.T.);
#3935=ORIENTED_EDGE('',*,*,#5491,.F.);
#3936=ORIENTED_EDGE('',*,*,#5494,.F.);
#3937=ORIENTED_EDGE('',*,*,#5496,.F.);
#3938=ORIENTED_EDGE('',*,*,#5498,.F.);
#3939=ORIENTED_EDGE('',*,*,#5500,.F.);
#3940=ORIENTED_EDGE('',*,*,#5502,.F.);
#3941=ORIENTED_EDGE('',*,*,#5504,.F.);
#3942=ORIENTED_EDGE('',*,*,#5506,.F.);
#3943=ORIENTED_EDGE('',*,*,#5508,.F.);
#3944=ORIENTED_EDGE('',*,*,#5510,.F.);
#3945=ORIENTED_EDGE('',*,*,#5512,.F.);
#3946=ORIENTED_EDGE('',*,*,#5514,.F.);
#3947=ORIENTED_EDGE('',*,*,#5516,.F.);
#3948=ORIENTED_EDGE('',*,*,#5518,.F.);
#3949=ORIENTED_EDGE('',*,*,#5520,.F.);
#3950=ORIENTED_EDGE('',*,*,#5522,.F.);
#3951=ORIENTED_EDGE('',*,*,#5524,.F.);
#3952=ORIENTED_EDGE('',*,*,#5526,.F.);
#3953=ORIENTED_EDGE('',*,*,#5528,.F.);
#3954=ORIENTED_EDGE('',*,*,#5529,.F.);
#3955=ORIENTED_EDGE('',*,*,#5470,.F.);
#3956=ORIENTED_EDGE('',*,*,#5474,.F.);
#3957=ORIENTED_EDGE('',*,*,#5477,.F.);
#3958=ORIENTED_EDGE('',*,*,#5480,.F.);
#3959=ORIENTED_EDGE('',*,*,#5483,.F.);
#3960=ORIENTED_EDGE('',*,*,#5486,.F.);
#3961=ORIENTED_EDGE('',*,*,#5489,.F.);
#3962=ORIENTED_EDGE('',*,*,#5531,.F.);
#3963=ORIENTED_EDGE('',*,*,#5468,.T.);
#3964=ORIENTED_EDGE('',*,*,#5530,.T.);
#3965=ORIENTED_EDGE('',*,*,#5487,.T.);
#3966=ORIENTED_EDGE('',*,*,#5484,.T.);
#3967=ORIENTED_EDGE('',*,*,#5481,.T.);
#3968=ORIENTED_EDGE('',*,*,#5478,.T.);
#3969=ORIENTED_EDGE('',*,*,#5475,.T.);
#3970=ORIENTED_EDGE('',*,*,#5472,.T.);
#3971=ORIENTED_EDGE('',*,*,#4677,.F.);
#3972=ORIENTED_EDGE('',*,*,#5532,.F.);
#3973=ORIENTED_EDGE('',*,*,#5533,.T.);
#3974=ORIENTED_EDGE('',*,*,#5534,.T.);
#3975=ORIENTED_EDGE('',*,*,#4700,.F.);
#3976=ORIENTED_EDGE('',*,*,#5535,.F.);
#3977=ORIENTED_EDGE('',*,*,#5536,.T.);
#3978=ORIENTED_EDGE('',*,*,#5532,.T.);
#3979=ORIENTED_EDGE('',*,*,#4699,.F.);
#3980=ORIENTED_EDGE('',*,*,#5537,.F.);
#3981=ORIENTED_EDGE('',*,*,#5538,.T.);
#3982=ORIENTED_EDGE('',*,*,#5535,.T.);
#3983=ORIENTED_EDGE('',*,*,#4698,.F.);
#3984=ORIENTED_EDGE('',*,*,#5539,.F.);
#3985=ORIENTED_EDGE('',*,*,#5540,.T.);
#3986=ORIENTED_EDGE('',*,*,#5537,.T.);
#3987=ORIENTED_EDGE('',*,*,#4697,.F.);
#3988=ORIENTED_EDGE('',*,*,#5541,.F.);
#3989=ORIENTED_EDGE('',*,*,#5542,.T.);
#3990=ORIENTED_EDGE('',*,*,#5539,.T.);
#3991=ORIENTED_EDGE('',*,*,#4696,.F.);
#3992=ORIENTED_EDGE('',*,*,#5543,.F.);
#3993=ORIENTED_EDGE('',*,*,#5544,.T.);
#3994=ORIENTED_EDGE('',*,*,#5541,.T.);
#3995=ORIENTED_EDGE('',*,*,#4695,.F.);
#3996=ORIENTED_EDGE('',*,*,#5545,.F.);
#3997=ORIENTED_EDGE('',*,*,#5546,.T.);
#3998=ORIENTED_EDGE('',*,*,#5543,.T.);
#3999=ORIENTED_EDGE('',*,*,#4694,.F.);
#4000=ORIENTED_EDGE('',*,*,#5547,.F.);
#4001=ORIENTED_EDGE('',*,*,#5548,.T.);
#4002=ORIENTED_EDGE('',*,*,#5545,.T.);
#4003=ORIENTED_EDGE('',*,*,#4693,.F.);
#4004=ORIENTED_EDGE('',*,*,#5549,.F.);
#4005=ORIENTED_EDGE('',*,*,#5550,.T.);
#4006=ORIENTED_EDGE('',*,*,#5547,.T.);
#4007=ORIENTED_EDGE('',*,*,#4692,.F.);
#4008=ORIENTED_EDGE('',*,*,#5551,.F.);
#4009=ORIENTED_EDGE('',*,*,#5552,.T.);
#4010=ORIENTED_EDGE('',*,*,#5549,.T.);
#4011=ORIENTED_EDGE('',*,*,#4691,.F.);
#4012=ORIENTED_EDGE('',*,*,#5553,.F.);
#4013=ORIENTED_EDGE('',*,*,#5554,.T.);
#4014=ORIENTED_EDGE('',*,*,#5551,.T.);
#4015=ORIENTED_EDGE('',*,*,#4690,.F.);
#4016=ORIENTED_EDGE('',*,*,#5555,.F.);
#4017=ORIENTED_EDGE('',*,*,#5556,.T.);
#4018=ORIENTED_EDGE('',*,*,#5553,.T.);
#4019=ORIENTED_EDGE('',*,*,#4689,.F.);
#4020=ORIENTED_EDGE('',*,*,#5557,.F.);
#4021=ORIENTED_EDGE('',*,*,#5558,.T.);
#4022=ORIENTED_EDGE('',*,*,#5555,.T.);
#4023=ORIENTED_EDGE('',*,*,#4688,.F.);
#4024=ORIENTED_EDGE('',*,*,#5559,.F.);
#4025=ORIENTED_EDGE('',*,*,#5560,.T.);
#4026=ORIENTED_EDGE('',*,*,#5557,.T.);
#4027=ORIENTED_EDGE('',*,*,#4687,.F.);
#4028=ORIENTED_EDGE('',*,*,#5561,.F.);
#4029=ORIENTED_EDGE('',*,*,#5562,.T.);
#4030=ORIENTED_EDGE('',*,*,#5559,.T.);
#4031=ORIENTED_EDGE('',*,*,#4686,.F.);
#4032=ORIENTED_EDGE('',*,*,#5563,.F.);
#4033=ORIENTED_EDGE('',*,*,#5564,.T.);
#4034=ORIENTED_EDGE('',*,*,#5561,.T.);
#4035=ORIENTED_EDGE('',*,*,#4685,.F.);
#4036=ORIENTED_EDGE('',*,*,#5565,.F.);
#4037=ORIENTED_EDGE('',*,*,#5566,.T.);
#4038=ORIENTED_EDGE('',*,*,#5563,.T.);
#4039=ORIENTED_EDGE('',*,*,#4684,.F.);
#4040=ORIENTED_EDGE('',*,*,#5567,.F.);
#4041=ORIENTED_EDGE('',*,*,#5568,.T.);
#4042=ORIENTED_EDGE('',*,*,#5565,.T.);
#4043=ORIENTED_EDGE('',*,*,#4683,.F.);
#4044=ORIENTED_EDGE('',*,*,#5569,.F.);
#4045=ORIENTED_EDGE('',*,*,#5570,.T.);
#4046=ORIENTED_EDGE('',*,*,#5567,.T.);
#4047=ORIENTED_EDGE('',*,*,#4682,.F.);
#4048=ORIENTED_EDGE('',*,*,#5571,.F.);
#4049=ORIENTED_EDGE('',*,*,#5572,.T.);
#4050=ORIENTED_EDGE('',*,*,#5569,.T.);
#4051=ORIENTED_EDGE('',*,*,#4681,.F.);
#4052=ORIENTED_EDGE('',*,*,#5573,.F.);
#4053=ORIENTED_EDGE('',*,*,#5574,.T.);
#4054=ORIENTED_EDGE('',*,*,#5571,.T.);
#4055=ORIENTED_EDGE('',*,*,#4680,.F.);
#4056=ORIENTED_EDGE('',*,*,#5575,.F.);
#4057=ORIENTED_EDGE('',*,*,#5576,.T.);
#4058=ORIENTED_EDGE('',*,*,#5573,.T.);
#4059=ORIENTED_EDGE('',*,*,#4679,.F.);
#4060=ORIENTED_EDGE('',*,*,#5577,.F.);
#4061=ORIENTED_EDGE('',*,*,#5578,.T.);
#4062=ORIENTED_EDGE('',*,*,#5575,.T.);
#4063=ORIENTED_EDGE('',*,*,#4678,.F.);
#4064=ORIENTED_EDGE('',*,*,#5534,.F.);
#4065=ORIENTED_EDGE('',*,*,#5579,.T.);
#4066=ORIENTED_EDGE('',*,*,#5577,.T.);
#4067=ORIENTED_EDGE('',*,*,#5533,.F.);
#4068=ORIENTED_EDGE('',*,*,#5536,.F.);
#4069=ORIENTED_EDGE('',*,*,#5538,.F.);
#4070=ORIENTED_EDGE('',*,*,#5540,.F.);
#4071=ORIENTED_EDGE('',*,*,#5542,.F.);
#4072=ORIENTED_EDGE('',*,*,#5544,.F.);
#4073=ORIENTED_EDGE('',*,*,#5546,.F.);
#4074=ORIENTED_EDGE('',*,*,#5548,.F.);
#4075=ORIENTED_EDGE('',*,*,#5550,.F.);
#4076=ORIENTED_EDGE('',*,*,#5552,.F.);
#4077=ORIENTED_EDGE('',*,*,#5554,.F.);
#4078=ORIENTED_EDGE('',*,*,#5556,.F.);
#4079=ORIENTED_EDGE('',*,*,#5558,.F.);
#4080=ORIENTED_EDGE('',*,*,#5560,.F.);
#4081=ORIENTED_EDGE('',*,*,#5562,.F.);
#4082=ORIENTED_EDGE('',*,*,#5564,.F.);
#4083=ORIENTED_EDGE('',*,*,#5566,.F.);
#4084=ORIENTED_EDGE('',*,*,#5568,.F.);
#4085=ORIENTED_EDGE('',*,*,#5570,.F.);
#4086=ORIENTED_EDGE('',*,*,#5572,.F.);
#4087=ORIENTED_EDGE('',*,*,#5574,.F.);
#4088=ORIENTED_EDGE('',*,*,#5576,.F.);
#4089=ORIENTED_EDGE('',*,*,#5578,.F.);
#4090=ORIENTED_EDGE('',*,*,#5579,.F.);
#4091=ORIENTED_EDGE('',*,*,#4669,.F.);
#4092=ORIENTED_EDGE('',*,*,#5580,.F.);
#4093=ORIENTED_EDGE('',*,*,#5581,.T.);
#4094=ORIENTED_EDGE('',*,*,#5582,.T.);
#4095=ORIENTED_EDGE('',*,*,#4676,.F.);
#4096=ORIENTED_EDGE('',*,*,#5583,.F.);
#4097=ORIENTED_EDGE('',*,*,#5584,.T.);
#4098=ORIENTED_EDGE('',*,*,#5580,.T.);
#4099=ORIENTED_EDGE('',*,*,#4675,.F.);
#4100=ORIENTED_EDGE('',*,*,#5585,.F.);
#4101=ORIENTED_EDGE('',*,*,#5586,.T.);
#4102=ORIENTED_EDGE('',*,*,#5583,.T.);
#4103=ORIENTED_EDGE('',*,*,#4674,.F.);
#4104=ORIENTED_EDGE('',*,*,#5587,.F.);
#4105=ORIENTED_EDGE('',*,*,#5588,.T.);
#4106=ORIENTED_EDGE('',*,*,#5585,.T.);
#4107=ORIENTED_EDGE('',*,*,#4673,.F.);
#4108=ORIENTED_EDGE('',*,*,#5589,.F.);
#4109=ORIENTED_EDGE('',*,*,#5590,.T.);
#4110=ORIENTED_EDGE('',*,*,#5587,.T.);
#4111=ORIENTED_EDGE('',*,*,#4672,.F.);
#4112=ORIENTED_EDGE('',*,*,#5591,.F.);
#4113=ORIENTED_EDGE('',*,*,#5592,.T.);
#4114=ORIENTED_EDGE('',*,*,#5589,.T.);
#4115=ORIENTED_EDGE('',*,*,#4671,.F.);
#4116=ORIENTED_EDGE('',*,*,#5593,.F.);
#4117=ORIENTED_EDGE('',*,*,#5594,.T.);
#4118=ORIENTED_EDGE('',*,*,#5591,.T.);
#4119=ORIENTED_EDGE('',*,*,#5595,.F.);
#4120=ORIENTED_EDGE('',*,*,#5596,.F.);
#4121=ORIENTED_EDGE('',*,*,#5597,.T.);
#4122=ORIENTED_EDGE('',*,*,#5598,.T.);
#4123=ORIENTED_EDGE('',*,*,#5599,.F.);
#4124=ORIENTED_EDGE('',*,*,#5600,.F.);
#4125=ORIENTED_EDGE('',*,*,#5601,.T.);
#4126=ORIENTED_EDGE('',*,*,#5596,.T.);
#4127=ORIENTED_EDGE('',*,*,#5602,.F.);
#4128=ORIENTED_EDGE('',*,*,#5603,.F.);
#4129=ORIENTED_EDGE('',*,*,#5604,.T.);
#4130=ORIENTED_EDGE('',*,*,#5600,.T.);
#4131=ORIENTED_EDGE('',*,*,#5605,.F.);
#4132=ORIENTED_EDGE('',*,*,#5606,.F.);
#4133=ORIENTED_EDGE('',*,*,#5607,.T.);
#4134=ORIENTED_EDGE('',*,*,#5603,.T.);
#4135=ORIENTED_EDGE('',*,*,#5608,.F.);
#4136=ORIENTED_EDGE('',*,*,#5598,.F.);
#4137=ORIENTED_EDGE('',*,*,#5609,.T.);
#4138=ORIENTED_EDGE('',*,*,#5606,.T.);
#4139=ORIENTED_EDGE('',*,*,#4670,.F.);
#4140=ORIENTED_EDGE('',*,*,#5582,.F.);
#4141=ORIENTED_EDGE('',*,*,#5610,.T.);
#4142=ORIENTED_EDGE('',*,*,#5593,.T.);
#4143=ORIENTED_EDGE('',*,*,#5597,.F.);
#4144=ORIENTED_EDGE('',*,*,#5601,.F.);
#4145=ORIENTED_EDGE('',*,*,#5604,.F.);
#4146=ORIENTED_EDGE('',*,*,#5607,.F.);
#4147=ORIENTED_EDGE('',*,*,#5609,.F.);
#4148=ORIENTED_EDGE('',*,*,#5581,.F.);
#4149=ORIENTED_EDGE('',*,*,#5584,.F.);
#4150=ORIENTED_EDGE('',*,*,#5586,.F.);
#4151=ORIENTED_EDGE('',*,*,#5588,.F.);
#4152=ORIENTED_EDGE('',*,*,#5590,.F.);
#4153=ORIENTED_EDGE('',*,*,#5592,.F.);
#4154=ORIENTED_EDGE('',*,*,#5594,.F.);
#4155=ORIENTED_EDGE('',*,*,#5610,.F.);
#4156=ORIENTED_EDGE('',*,*,#5595,.T.);
#4157=ORIENTED_EDGE('',*,*,#5608,.T.);
#4158=ORIENTED_EDGE('',*,*,#5605,.T.);
#4159=ORIENTED_EDGE('',*,*,#5602,.T.);
#4160=ORIENTED_EDGE('',*,*,#5599,.T.);
#4161=ORIENTED_EDGE('',*,*,#4652,.F.);
#4162=ORIENTED_EDGE('',*,*,#5611,.F.);
#4163=ORIENTED_EDGE('',*,*,#5612,.T.);
#4164=ORIENTED_EDGE('',*,*,#5613,.T.);
#4165=ORIENTED_EDGE('',*,*,#4668,.F.);
#4166=ORIENTED_EDGE('',*,*,#5614,.F.);
#4167=ORIENTED_EDGE('',*,*,#5615,.T.);
#4168=ORIENTED_EDGE('',*,*,#5611,.T.);
#4169=ORIENTED_EDGE('',*,*,#4667,.F.);
#4170=ORIENTED_EDGE('',*,*,#5616,.F.);
#4171=ORIENTED_EDGE('',*,*,#5617,.T.);
#4172=ORIENTED_EDGE('',*,*,#5614,.T.);
#4173=ORIENTED_EDGE('',*,*,#4666,.F.);
#4174=ORIENTED_EDGE('',*,*,#5618,.F.);
#4175=ORIENTED_EDGE('',*,*,#5619,.T.);
#4176=ORIENTED_EDGE('',*,*,#5616,.T.);
#4177=ORIENTED_EDGE('',*,*,#4665,.F.);
#4178=ORIENTED_EDGE('',*,*,#5620,.F.);
#4179=ORIENTED_EDGE('',*,*,#5621,.T.);
#4180=ORIENTED_EDGE('',*,*,#5618,.T.);
#4181=ORIENTED_EDGE('',*,*,#4664,.F.);
#4182=ORIENTED_EDGE('',*,*,#5622,.F.);
#4183=ORIENTED_EDGE('',*,*,#5623,.T.);
#4184=ORIENTED_EDGE('',*,*,#5620,.T.);
#4185=ORIENTED_EDGE('',*,*,#4663,.F.);
#4186=ORIENTED_EDGE('',*,*,#5624,.F.);
#4187=ORIENTED_EDGE('',*,*,#5625,.T.);
#4188=ORIENTED_EDGE('',*,*,#5622,.T.);
#4189=ORIENTED_EDGE('',*,*,#4662,.F.);
#4190=ORIENTED_EDGE('',*,*,#5626,.F.);
#4191=ORIENTED_EDGE('',*,*,#5627,.T.);
#4192=ORIENTED_EDGE('',*,*,#5624,.T.);
#4193=ORIENTED_EDGE('',*,*,#4661,.F.);
#4194=ORIENTED_EDGE('',*,*,#5628,.F.);
#4195=ORIENTED_EDGE('',*,*,#5629,.T.);
#4196=ORIENTED_EDGE('',*,*,#5626,.T.);
#4197=ORIENTED_EDGE('',*,*,#4660,.F.);
#4198=ORIENTED_EDGE('',*,*,#5630,.F.);
#4199=ORIENTED_EDGE('',*,*,#5631,.T.);
#4200=ORIENTED_EDGE('',*,*,#5628,.T.);
#4201=ORIENTED_EDGE('',*,*,#4659,.F.);
#4202=ORIENTED_EDGE('',*,*,#5632,.F.);
#4203=ORIENTED_EDGE('',*,*,#5633,.T.);
#4204=ORIENTED_EDGE('',*,*,#5630,.T.);
#4205=ORIENTED_EDGE('',*,*,#4658,.F.);
#4206=ORIENTED_EDGE('',*,*,#5634,.F.);
#4207=ORIENTED_EDGE('',*,*,#5635,.T.);
#4208=ORIENTED_EDGE('',*,*,#5632,.T.);
#4209=ORIENTED_EDGE('',*,*,#4657,.F.);
#4210=ORIENTED_EDGE('',*,*,#5636,.F.);
#4211=ORIENTED_EDGE('',*,*,#5637,.T.);
#4212=ORIENTED_EDGE('',*,*,#5634,.T.);
#4213=ORIENTED_EDGE('',*,*,#4656,.F.);
#4214=ORIENTED_EDGE('',*,*,#5638,.F.);
#4215=ORIENTED_EDGE('',*,*,#5639,.T.);
#4216=ORIENTED_EDGE('',*,*,#5636,.T.);
#4217=ORIENTED_EDGE('',*,*,#4655,.F.);
#4218=ORIENTED_EDGE('',*,*,#5640,.F.);
#4219=ORIENTED_EDGE('',*,*,#5641,.T.);
#4220=ORIENTED_EDGE('',*,*,#5638,.T.);
#4221=ORIENTED_EDGE('',*,*,#4654,.F.);
#4222=ORIENTED_EDGE('',*,*,#5642,.F.);
#4223=ORIENTED_EDGE('',*,*,#5643,.T.);
#4224=ORIENTED_EDGE('',*,*,#5640,.T.);
#4225=ORIENTED_EDGE('',*,*,#4653,.F.);
#4226=ORIENTED_EDGE('',*,*,#5613,.F.);
#4227=ORIENTED_EDGE('',*,*,#5644,.T.);
#4228=ORIENTED_EDGE('',*,*,#5642,.T.);
#4229=ORIENTED_EDGE('',*,*,#5612,.F.);
#4230=ORIENTED_EDGE('',*,*,#5615,.F.);
#4231=ORIENTED_EDGE('',*,*,#5617,.F.);
#4232=ORIENTED_EDGE('',*,*,#5619,.F.);
#4233=ORIENTED_EDGE('',*,*,#5621,.F.);
#4234=ORIENTED_EDGE('',*,*,#5623,.F.);
#4235=ORIENTED_EDGE('',*,*,#5625,.F.);
#4236=ORIENTED_EDGE('',*,*,#5627,.F.);
#4237=ORIENTED_EDGE('',*,*,#5629,.F.);
#4238=ORIENTED_EDGE('',*,*,#5631,.F.);
#4239=ORIENTED_EDGE('',*,*,#5633,.F.);
#4240=ORIENTED_EDGE('',*,*,#5635,.F.);
#4241=ORIENTED_EDGE('',*,*,#5637,.F.);
#4242=ORIENTED_EDGE('',*,*,#5639,.F.);
#4243=ORIENTED_EDGE('',*,*,#5641,.F.);
#4244=ORIENTED_EDGE('',*,*,#5643,.F.);
#4245=ORIENTED_EDGE('',*,*,#5644,.F.);
#4246=ORIENTED_EDGE('',*,*,#5645,.F.);
#4247=ORIENTED_EDGE('',*,*,#5646,.F.);
#4248=ORIENTED_EDGE('',*,*,#5647,.T.);
#4249=ORIENTED_EDGE('',*,*,#5648,.T.);
#4250=ORIENTED_EDGE('',*,*,#5649,.F.);
#4251=ORIENTED_EDGE('',*,*,#5650,.F.);
#4252=ORIENTED_EDGE('',*,*,#5651,.T.);
#4253=ORIENTED_EDGE('',*,*,#5646,.T.);
#4254=ORIENTED_EDGE('',*,*,#5652,.F.);
#4255=ORIENTED_EDGE('',*,*,#5653,.F.);
#4256=ORIENTED_EDGE('',*,*,#5654,.T.);
#4257=ORIENTED_EDGE('',*,*,#5650,.T.);
#4258=ORIENTED_EDGE('',*,*,#4635,.F.);
#4259=ORIENTED_EDGE('',*,*,#5655,.F.);
#4260=ORIENTED_EDGE('',*,*,#5656,.T.);
#4261=ORIENTED_EDGE('',*,*,#5657,.T.);
#4262=ORIENTED_EDGE('',*,*,#4651,.F.);
#4263=ORIENTED_EDGE('',*,*,#5658,.F.);
#4264=ORIENTED_EDGE('',*,*,#5659,.T.);
#4265=ORIENTED_EDGE('',*,*,#5655,.T.);
#4266=ORIENTED_EDGE('',*,*,#4650,.F.);
#4267=ORIENTED_EDGE('',*,*,#5660,.F.);
#4268=ORIENTED_EDGE('',*,*,#5661,.T.);
#4269=ORIENTED_EDGE('',*,*,#5658,.T.);
#4270=ORIENTED_EDGE('',*,*,#4649,.F.);
#4271=ORIENTED_EDGE('',*,*,#5662,.F.);
#4272=ORIENTED_EDGE('',*,*,#5663,.T.);
#4273=ORIENTED_EDGE('',*,*,#5660,.T.);
#4274=ORIENTED_EDGE('',*,*,#4648,.F.);
#4275=ORIENTED_EDGE('',*,*,#5664,.F.);
#4276=ORIENTED_EDGE('',*,*,#5665,.T.);
#4277=ORIENTED_EDGE('',*,*,#5662,.T.);
#4278=ORIENTED_EDGE('',*,*,#4647,.F.);
#4279=ORIENTED_EDGE('',*,*,#5666,.F.);
#4280=ORIENTED_EDGE('',*,*,#5667,.T.);
#4281=ORIENTED_EDGE('',*,*,#5664,.T.);
#4282=ORIENTED_EDGE('',*,*,#4646,.F.);
#4283=ORIENTED_EDGE('',*,*,#5668,.F.);
#4284=ORIENTED_EDGE('',*,*,#5669,.T.);
#4285=ORIENTED_EDGE('',*,*,#5666,.T.);
#4286=ORIENTED_EDGE('',*,*,#4645,.F.);
#4287=ORIENTED_EDGE('',*,*,#5670,.F.);
#4288=ORIENTED_EDGE('',*,*,#5671,.T.);
#4289=ORIENTED_EDGE('',*,*,#5668,.T.);
#4290=ORIENTED_EDGE('',*,*,#4644,.F.);
#4291=ORIENTED_EDGE('',*,*,#5672,.F.);
#4292=ORIENTED_EDGE('',*,*,#5673,.T.);
#4293=ORIENTED_EDGE('',*,*,#5670,.T.);
#4294=ORIENTED_EDGE('',*,*,#4643,.F.);
#4295=ORIENTED_EDGE('',*,*,#5674,.F.);
#4296=ORIENTED_EDGE('',*,*,#5675,.T.);
#4297=ORIENTED_EDGE('',*,*,#5672,.T.);
#4298=ORIENTED_EDGE('',*,*,#4642,.F.);
#4299=ORIENTED_EDGE('',*,*,#5676,.F.);
#4300=ORIENTED_EDGE('',*,*,#5677,.T.);
#4301=ORIENTED_EDGE('',*,*,#5674,.T.);
#4302=ORIENTED_EDGE('',*,*,#4641,.F.);
#4303=ORIENTED_EDGE('',*,*,#5678,.F.);
#4304=ORIENTED_EDGE('',*,*,#5679,.T.);
#4305=ORIENTED_EDGE('',*,*,#5676,.T.);
#4306=ORIENTED_EDGE('',*,*,#4640,.F.);
#4307=ORIENTED_EDGE('',*,*,#5680,.F.);
#4308=ORIENTED_EDGE('',*,*,#5681,.T.);
#4309=ORIENTED_EDGE('',*,*,#5678,.T.);
#4310=ORIENTED_EDGE('',*,*,#4639,.F.);
#4311=ORIENTED_EDGE('',*,*,#5682,.F.);
#4312=ORIENTED_EDGE('',*,*,#5683,.T.);
#4313=ORIENTED_EDGE('',*,*,#5680,.T.);
#4314=ORIENTED_EDGE('',*,*,#4638,.F.);
#4315=ORIENTED_EDGE('',*,*,#5684,.F.);
#4316=ORIENTED_EDGE('',*,*,#5685,.T.);
#4317=ORIENTED_EDGE('',*,*,#5682,.T.);
#4318=ORIENTED_EDGE('',*,*,#4637,.F.);
#4319=ORIENTED_EDGE('',*,*,#5686,.F.);
#4320=ORIENTED_EDGE('',*,*,#5687,.T.);
#4321=ORIENTED_EDGE('',*,*,#5684,.T.);
#4322=ORIENTED_EDGE('',*,*,#4636,.F.);
#4323=ORIENTED_EDGE('',*,*,#5657,.F.);
#4324=ORIENTED_EDGE('',*,*,#5688,.T.);
#4325=ORIENTED_EDGE('',*,*,#5686,.T.);
#4326=ORIENTED_EDGE('',*,*,#5689,.F.);
#4327=ORIENTED_EDGE('',*,*,#5648,.F.);
#4328=ORIENTED_EDGE('',*,*,#5690,.T.);
#4329=ORIENTED_EDGE('',*,*,#5653,.T.);
#4330=ORIENTED_EDGE('',*,*,#5656,.F.);
#4331=ORIENTED_EDGE('',*,*,#5659,.F.);
#4332=ORIENTED_EDGE('',*,*,#5661,.F.);
#4333=ORIENTED_EDGE('',*,*,#5663,.F.);
#4334=ORIENTED_EDGE('',*,*,#5665,.F.);
#4335=ORIENTED_EDGE('',*,*,#5667,.F.);
#4336=ORIENTED_EDGE('',*,*,#5669,.F.);
#4337=ORIENTED_EDGE('',*,*,#5671,.F.);
#4338=ORIENTED_EDGE('',*,*,#5673,.F.);
#4339=ORIENTED_EDGE('',*,*,#5675,.F.);
#4340=ORIENTED_EDGE('',*,*,#5677,.F.);
#4341=ORIENTED_EDGE('',*,*,#5679,.F.);
#4342=ORIENTED_EDGE('',*,*,#5681,.F.);
#4343=ORIENTED_EDGE('',*,*,#5683,.F.);
#4344=ORIENTED_EDGE('',*,*,#5685,.F.);
#4345=ORIENTED_EDGE('',*,*,#5687,.F.);
#4346=ORIENTED_EDGE('',*,*,#5688,.F.);
#4347=ORIENTED_EDGE('',*,*,#5647,.F.);
#4348=ORIENTED_EDGE('',*,*,#5651,.F.);
#4349=ORIENTED_EDGE('',*,*,#5654,.F.);
#4350=ORIENTED_EDGE('',*,*,#5690,.F.);
#4351=ORIENTED_EDGE('',*,*,#5645,.T.);
#4352=ORIENTED_EDGE('',*,*,#5689,.T.);
#4353=ORIENTED_EDGE('',*,*,#5652,.T.);
#4354=ORIENTED_EDGE('',*,*,#5649,.T.);
#4355=ORIENTED_EDGE('',*,*,#5691,.F.);
#4356=ORIENTED_EDGE('',*,*,#5692,.F.);
#4357=ORIENTED_EDGE('',*,*,#5693,.T.);
#4358=ORIENTED_EDGE('',*,*,#5694,.T.);
#4359=ORIENTED_EDGE('',*,*,#5695,.F.);
#4360=ORIENTED_EDGE('',*,*,#5696,.F.);
#4361=ORIENTED_EDGE('',*,*,#5697,.T.);
#4362=ORIENTED_EDGE('',*,*,#5692,.T.);
#4363=ORIENTED_EDGE('',*,*,#5698,.F.);
#4364=ORIENTED_EDGE('',*,*,#5699,.F.);
#4365=ORIENTED_EDGE('',*,*,#5700,.T.);
#4366=ORIENTED_EDGE('',*,*,#5696,.T.);
#4367=ORIENTED_EDGE('',*,*,#5701,.F.);
#4368=ORIENTED_EDGE('',*,*,#5702,.F.);
#4369=ORIENTED_EDGE('',*,*,#5703,.T.);
#4370=ORIENTED_EDGE('',*,*,#5699,.T.);
#4371=ORIENTED_EDGE('',*,*,#5704,.F.);
#4372=ORIENTED_EDGE('',*,*,#5705,.F.);
#4373=ORIENTED_EDGE('',*,*,#5706,.T.);
#4374=ORIENTED_EDGE('',*,*,#5702,.T.);
#4375=ORIENTED_EDGE('',*,*,#5707,.F.);
#4376=ORIENTED_EDGE('',*,*,#5708,.F.);
#4377=ORIENTED_EDGE('',*,*,#5709,.T.);
#4378=ORIENTED_EDGE('',*,*,#5705,.T.);
#4379=ORIENTED_EDGE('',*,*,#5710,.F.);
#4380=ORIENTED_EDGE('',*,*,#5711,.F.);
#4381=ORIENTED_EDGE('',*,*,#5712,.T.);
#4382=ORIENTED_EDGE('',*,*,#5708,.T.);
#4383=ORIENTED_EDGE('',*,*,#4617,.F.);
#4384=ORIENTED_EDGE('',*,*,#5713,.F.);
#4385=ORIENTED_EDGE('',*,*,#5714,.T.);
#4386=ORIENTED_EDGE('',*,*,#5715,.T.);
#4387=ORIENTED_EDGE('',*,*,#4634,.F.);
#4388=ORIENTED_EDGE('',*,*,#5716,.F.);
#4389=ORIENTED_EDGE('',*,*,#5717,.T.);
#4390=ORIENTED_EDGE('',*,*,#5713,.T.);
#4391=ORIENTED_EDGE('',*,*,#4633,.F.);
#4392=ORIENTED_EDGE('',*,*,#5718,.F.);
#4393=ORIENTED_EDGE('',*,*,#5719,.T.);
#4394=ORIENTED_EDGE('',*,*,#5716,.T.);
#4395=ORIENTED_EDGE('',*,*,#4632,.F.);
#4396=ORIENTED_EDGE('',*,*,#5720,.F.);
#4397=ORIENTED_EDGE('',*,*,#5721,.T.);
#4398=ORIENTED_EDGE('',*,*,#5718,.T.);
#4399=ORIENTED_EDGE('',*,*,#4631,.F.);
#4400=ORIENTED_EDGE('',*,*,#5722,.F.);
#4401=ORIENTED_EDGE('',*,*,#5723,.T.);
#4402=ORIENTED_EDGE('',*,*,#5720,.T.);
#4403=ORIENTED_EDGE('',*,*,#4630,.F.);
#4404=ORIENTED_EDGE('',*,*,#5724,.F.);
#4405=ORIENTED_EDGE('',*,*,#5725,.T.);
#4406=ORIENTED_EDGE('',*,*,#5722,.T.);
#4407=ORIENTED_EDGE('',*,*,#4629,.F.);
#4408=ORIENTED_EDGE('',*,*,#5726,.F.);
#4409=ORIENTED_EDGE('',*,*,#5727,.T.);
#4410=ORIENTED_EDGE('',*,*,#5724,.T.);
#4411=ORIENTED_EDGE('',*,*,#4628,.F.);
#4412=ORIENTED_EDGE('',*,*,#5728,.F.);
#4413=ORIENTED_EDGE('',*,*,#5729,.T.);
#4414=ORIENTED_EDGE('',*,*,#5726,.T.);
#4415=ORIENTED_EDGE('',*,*,#4627,.F.);
#4416=ORIENTED_EDGE('',*,*,#5730,.F.);
#4417=ORIENTED_EDGE('',*,*,#5731,.T.);
#4418=ORIENTED_EDGE('',*,*,#5728,.T.);
#4419=ORIENTED_EDGE('',*,*,#4626,.F.);
#4420=ORIENTED_EDGE('',*,*,#5732,.F.);
#4421=ORIENTED_EDGE('',*,*,#5733,.T.);
#4422=ORIENTED_EDGE('',*,*,#5730,.T.);
#4423=ORIENTED_EDGE('',*,*,#4625,.F.);
#4424=ORIENTED_EDGE('',*,*,#5734,.F.);
#4425=ORIENTED_EDGE('',*,*,#5735,.T.);
#4426=ORIENTED_EDGE('',*,*,#5732,.T.);
#4427=ORIENTED_EDGE('',*,*,#4624,.F.);
#4428=ORIENTED_EDGE('',*,*,#5736,.F.);
#4429=ORIENTED_EDGE('',*,*,#5737,.T.);
#4430=ORIENTED_EDGE('',*,*,#5734,.T.);
#4431=ORIENTED_EDGE('',*,*,#4623,.F.);
#4432=ORIENTED_EDGE('',*,*,#5738,.F.);
#4433=ORIENTED_EDGE('',*,*,#5739,.T.);
#4434=ORIENTED_EDGE('',*,*,#5736,.T.);
#4435=ORIENTED_EDGE('',*,*,#4622,.F.);
#4436=ORIENTED_EDGE('',*,*,#5740,.F.);
#4437=ORIENTED_EDGE('',*,*,#5741,.T.);
#4438=ORIENTED_EDGE('',*,*,#5738,.T.);
#4439=ORIENTED_EDGE('',*,*,#4621,.F.);
#4440=ORIENTED_EDGE('',*,*,#5742,.F.);
#4441=ORIENTED_EDGE('',*,*,#5743,.T.);
#4442=ORIENTED_EDGE('',*,*,#5740,.T.);
#4443=ORIENTED_EDGE('',*,*,#4620,.F.);
#4444=ORIENTED_EDGE('',*,*,#5744,.F.);
#4445=ORIENTED_EDGE('',*,*,#5745,.T.);
#4446=ORIENTED_EDGE('',*,*,#5742,.T.);
#4447=ORIENTED_EDGE('',*,*,#4619,.F.);
#4448=ORIENTED_EDGE('',*,*,#5746,.F.);
#4449=ORIENTED_EDGE('',*,*,#5747,.T.);
#4450=ORIENTED_EDGE('',*,*,#5744,.T.);
#4451=ORIENTED_EDGE('',*,*,#4618,.F.);
#4452=ORIENTED_EDGE('',*,*,#5715,.F.);
#4453=ORIENTED_EDGE('',*,*,#5748,.T.);
#4454=ORIENTED_EDGE('',*,*,#5746,.T.);
#4455=ORIENTED_EDGE('',*,*,#5749,.F.);
#4456=ORIENTED_EDGE('',*,*,#5694,.F.);
#4457=ORIENTED_EDGE('',*,*,#5750,.T.);
#4458=ORIENTED_EDGE('',*,*,#5711,.T.);
#4459=ORIENTED_EDGE('',*,*,#5714,.F.);
#4460=ORIENTED_EDGE('',*,*,#5717,.F.);
#4461=ORIENTED_EDGE('',*,*,#5719,.F.);
#4462=ORIENTED_EDGE('',*,*,#5721,.F.);
#4463=ORIENTED_EDGE('',*,*,#5723,.F.);
#4464=ORIENTED_EDGE('',*,*,#5725,.F.);
#4465=ORIENTED_EDGE('',*,*,#5727,.F.);
#4466=ORIENTED_EDGE('',*,*,#5729,.F.);
#4467=ORIENTED_EDGE('',*,*,#5731,.F.);
#4468=ORIENTED_EDGE('',*,*,#5733,.F.);
#4469=ORIENTED_EDGE('',*,*,#5735,.F.);
#4470=ORIENTED_EDGE('',*,*,#5737,.F.);
#4471=ORIENTED_EDGE('',*,*,#5739,.F.);
#4472=ORIENTED_EDGE('',*,*,#5741,.F.);
#4473=ORIENTED_EDGE('',*,*,#5743,.F.);
#4474=ORIENTED_EDGE('',*,*,#5745,.F.);
#4475=ORIENTED_EDGE('',*,*,#5747,.F.);
#4476=ORIENTED_EDGE('',*,*,#5748,.F.);
#4477=ORIENTED_EDGE('',*,*,#5693,.F.);
#4478=ORIENTED_EDGE('',*,*,#5697,.F.);
#4479=ORIENTED_EDGE('',*,*,#5700,.F.);
#4480=ORIENTED_EDGE('',*,*,#5703,.F.);
#4481=ORIENTED_EDGE('',*,*,#5706,.F.);
#4482=ORIENTED_EDGE('',*,*,#5709,.F.);
#4483=ORIENTED_EDGE('',*,*,#5712,.F.);
#4484=ORIENTED_EDGE('',*,*,#5750,.F.);
#4485=ORIENTED_EDGE('',*,*,#5691,.T.);
#4486=ORIENTED_EDGE('',*,*,#5749,.T.);
#4487=ORIENTED_EDGE('',*,*,#5710,.T.);
#4488=ORIENTED_EDGE('',*,*,#5707,.T.);
#4489=ORIENTED_EDGE('',*,*,#5704,.T.);
#4490=ORIENTED_EDGE('',*,*,#5701,.T.);
#4491=ORIENTED_EDGE('',*,*,#5698,.T.);
#4492=ORIENTED_EDGE('',*,*,#5695,.T.);
#4493=ORIENTED_EDGE('',*,*,#5751,.T.);
#4494=ORIENTED_EDGE('',*,*,#5752,.T.);
#4495=ORIENTED_EDGE('',*,*,#4615,.F.);
#4496=ORIENTED_EDGE('',*,*,#5753,.T.);
#4497=ORIENTED_EDGE('',*,*,#4613,.T.);
#4498=ORIENTED_EDGE('',*,*,#5754,.T.);
#4499=ORIENTED_EDGE('',*,*,#5755,.F.);
#4500=ORIENTED_EDGE('',*,*,#5756,.T.);
#4501=ORIENTED_EDGE('',*,*,#4611,.T.);
#4502=ORIENTED_EDGE('',*,*,#5757,.T.);
#4503=ORIENTED_EDGE('',*,*,#5758,.F.);
#4504=ORIENTED_EDGE('',*,*,#5759,.T.);
#4505=ORIENTED_EDGE('',*,*,#5760,.T.);
#4506=ORIENTED_EDGE('',*,*,#5761,.T.);
#4507=ORIENTED_EDGE('',*,*,#4609,.F.);
#4508=ORIENTED_EDGE('',*,*,#5762,.T.);
#4509=ORIENTED_EDGE('',*,*,#5751,.F.);
#4510=ORIENTED_EDGE('',*,*,#5763,.T.);
#4511=ORIENTED_EDGE('',*,*,#5755,.T.);
#4512=ORIENTED_EDGE('',*,*,#5764,.T.);
#4513=ORIENTED_EDGE('',*,*,#5758,.T.);
#4514=ORIENTED_EDGE('',*,*,#5765,.T.);
#4515=ORIENTED_EDGE('',*,*,#5760,.F.);
#4516=ORIENTED_EDGE('',*,*,#5766,.T.);
#4517=ORIENTED_EDGE('',*,*,#5767,.T.);
#4518=ORIENTED_EDGE('',*,*,#5768,.T.);
#4519=ORIENTED_EDGE('',*,*,#5769,.F.);
#4520=ORIENTED_EDGE('',*,*,#5770,.T.);
#4521=ORIENTED_EDGE('',*,*,#5771,.F.);
#4522=ORIENTED_EDGE('',*,*,#5772,.T.);
#4523=ORIENTED_EDGE('',*,*,#5773,.T.);
#4524=ORIENTED_EDGE('',*,*,#5774,.T.);
#4525=ORIENTED_EDGE('',*,*,#5775,.T.);
#4526=ORIENTED_EDGE('',*,*,#5776,.T.);
#4527=ORIENTED_EDGE('',*,*,#5777,.T.);
#4528=ORIENTED_EDGE('',*,*,#5778,.T.);
#4529=ORIENTED_EDGE('',*,*,#5779,.F.);
#4530=ORIENTED_EDGE('',*,*,#5780,.T.);
#4531=ORIENTED_EDGE('',*,*,#5781,.F.);
#4532=ORIENTED_EDGE('',*,*,#5782,.T.);
#4533=ORIENTED_EDGE('',*,*,#5783,.T.);
#4534=ORIENTED_EDGE('',*,*,#5784,.T.);
#4535=ORIENTED_EDGE('',*,*,#5769,.T.);
#4536=ORIENTED_EDGE('',*,*,#5785,.T.);
#4537=ORIENTED_EDGE('',*,*,#5777,.F.);
#4538=ORIENTED_EDGE('',*,*,#5786,.T.);
#4539=ORIENTED_EDGE('',*,*,#5779,.T.);
#4540=ORIENTED_EDGE('',*,*,#5787,.T.);
#4541=ORIENTED_EDGE('',*,*,#5767,.F.);
#4542=ORIENTED_EDGE('',*,*,#5788,.T.);
#4543=ORIENTED_EDGE('',*,*,#5781,.T.);
#4544=ORIENTED_EDGE('',*,*,#5789,.T.);
#4545=ORIENTED_EDGE('',*,*,#5773,.F.);
#4546=ORIENTED_EDGE('',*,*,#5790,.T.);
#4547=ORIENTED_EDGE('',*,*,#5771,.T.);
#4548=ORIENTED_EDGE('',*,*,#5791,.T.);
#4549=ORIENTED_EDGE('',*,*,#5783,.F.);
#4550=ORIENTED_EDGE('',*,*,#5792,.T.);
#4551=ORIENTED_EDGE('',*,*,#5793,.T.);
#4552=ORIENTED_EDGE('',*,*,#5794,.T.);
#4553=ORIENTED_EDGE('',*,*,#5795,.F.);
#4554=ORIENTED_EDGE('',*,*,#4608,.T.);
#4555=ORIENTED_EDGE('',*,*,#5793,.F.);
#4556=ORIENTED_EDGE('',*,*,#5795,.T.);
#4557=ORIENTED_EDGE('',*,*,#5796,.F.);
#4558=ORIENTED_EDGE('',*,*,#5797,.F.);
#4559=ORIENTED_EDGE('',*,*,#5798,.F.);
#4560=ORIENTED_EDGE('',*,*,#5794,.F.);
#4561=ORIENTED_EDGE('',*,*,#5799,.F.);
#4562=ORIENTED_EDGE('',*,*,#5798,.T.);
#4563=ORIENTED_EDGE('',*,*,#5799,.T.);
#4564=ORIENTED_EDGE('',*,*,#5800,.F.);
#4565=ORIENTED_EDGE('',*,*,#5797,.T.);
#4566=ORIENTED_EDGE('',*,*,#5800,.T.);
#4567=ORIENTED_EDGE('',*,*,#5801,.F.);
#4568=ORIENTED_EDGE('',*,*,#5796,.T.);
#4569=ORIENTED_EDGE('',*,*,#5801,.T.);
#4570=ORIENTED_EDGE('',*,*,#4607,.T.);
#4571=ORIENTED_EDGE('',*,*,#5776,.F.);
#4572=ORIENTED_EDGE('',*,*,#4606,.T.);
#4573=ORIENTED_EDGE('',*,*,#5775,.F.);
#4574=ORIENTED_EDGE('',*,*,#5778,.F.);
#4575=ORIENTED_EDGE('',*,*,#5785,.F.);
#4576=ORIENTED_EDGE('',*,*,#5768,.F.);
#4577=ORIENTED_EDGE('',*,*,#5787,.F.);
#4578=ORIENTED_EDGE('',*,*,#5780,.F.);
#4579=ORIENTED_EDGE('',*,*,#5788,.F.);
#4580=ORIENTED_EDGE('',*,*,#5774,.F.);
#4581=ORIENTED_EDGE('',*,*,#5789,.F.);
#4582=ORIENTED_EDGE('',*,*,#5784,.F.);
#4583=ORIENTED_EDGE('',*,*,#5791,.F.);
#4584=ORIENTED_EDGE('',*,*,#5770,.F.);
#4585=ORIENTED_EDGE('',*,*,#5786,.F.);
#4586=ORIENTED_EDGE('',*,*,#5782,.F.);
#4587=ORIENTED_EDGE('',*,*,#5790,.F.);
#4588=ORIENTED_EDGE('',*,*,#5772,.F.);
#4589=ORIENTED_EDGE('',*,*,#5792,.F.);
#4590=ORIENTED_EDGE('',*,*,#5765,.F.);
#4591=ORIENTED_EDGE('',*,*,#5757,.F.);
#4592=ORIENTED_EDGE('',*,*,#4610,.F.);
#4593=ORIENTED_EDGE('',*,*,#5761,.F.);
#4594=ORIENTED_EDGE('',*,*,#5766,.F.);
#4595=ORIENTED_EDGE('',*,*,#5762,.F.);
#4596=ORIENTED_EDGE('',*,*,#4616,.F.);
#4597=ORIENTED_EDGE('',*,*,#5752,.F.);
#4598=ORIENTED_EDGE('',*,*,#5764,.F.);
#4599=ORIENTED_EDGE('',*,*,#5754,.F.);
#4600=ORIENTED_EDGE('',*,*,#4612,.F.);
#4601=ORIENTED_EDGE('',*,*,#5759,.F.);
#4602=ORIENTED_EDGE('',*,*,#5763,.F.);
#4603=ORIENTED_EDGE('',*,*,#5753,.F.);
#4604=ORIENTED_EDGE('',*,*,#4614,.F.);
#4605=ORIENTED_EDGE('',*,*,#5756,.F.);
#4606=EDGE_CURVE('',#5802,#5802,#6604,.T.);
#4607=EDGE_CURVE('',#5803,#5803,#6605,.T.);
#4608=EDGE_CURVE('',#5804,#5804,#6606,.T.);
#4609=EDGE_CURVE('',#5805,#5806,#422,.T.);
#4610=EDGE_CURVE('',#5806,#5807,#154,.T.);
#4611=EDGE_CURVE('',#5808,#5807,#423,.T.);
#4612=EDGE_CURVE('',#5808,#5809,#155,.T.);
#4613=EDGE_CURVE('',#5810,#5809,#424,.T.);
#4614=EDGE_CURVE('',#5810,#5811,#156,.T.);
#4615=EDGE_CURVE('',#5811,#5812,#425,.T.);
#4616=EDGE_CURVE('',#5812,#5805,#157,.T.);
#4617=EDGE_CURVE('',#5813,#5814,#426,.T.);
#4618=EDGE_CURVE('',#5814,#5815,#158,.T.);
#4619=EDGE_CURVE('',#5815,#5816,#159,.T.);
#4620=EDGE_CURVE('',#5816,#5817,#160,.T.);
#4621=EDGE_CURVE('',#5817,#5818,#161,.T.);
#4622=EDGE_CURVE('',#5818,#5819,#162,.T.);
#4623=EDGE_CURVE('',#5819,#5820,#6607,.T.);
#4624=EDGE_CURVE('',#5820,#5821,#427,.T.);
#4625=EDGE_CURVE('',#5821,#5822,#428,.T.);
#4626=EDGE_CURVE('',#5822,#5823,#429,.T.);
#4627=EDGE_CURVE('',#5823,#5824,#430,.T.);
#4628=EDGE_CURVE('',#5824,#5825,#431,.T.);
#4629=EDGE_CURVE('',#5825,#5826,#432,.T.);
#4630=EDGE_CURVE('',#5826,#5827,#433,.T.);
#4631=EDGE_CURVE('',#5827,#5828,#434,.T.);
#4632=EDGE_CURVE('',#5828,#5829,#435,.T.);
#4633=EDGE_CURVE('',#5829,#5830,#436,.T.);
#4634=EDGE_CURVE('',#5830,#5813,#437,.T.);
#4635=EDGE_CURVE('',#5831,#5832,#163,.T.);
#4636=EDGE_CURVE('',#5832,#5833,#164,.T.);
#4637=EDGE_CURVE('',#5833,#5834,#165,.T.);
#4638=EDGE_CURVE('',#5834,#5835,#166,.T.);
#4639=EDGE_CURVE('',#5835,#5836,#167,.T.);
#4640=EDGE_CURVE('',#5836,#5837,#168,.T.);
#4641=EDGE_CURVE('',#5837,#5838,#6608,.T.);
#4642=EDGE_CURVE('',#5838,#5839,#438,.T.);
#4643=EDGE_CURVE('',#5839,#5840,#169,.T.);
#4644=EDGE_CURVE('',#5840,#5841,#170,.T.);
#4645=EDGE_CURVE('',#5841,#5842,#171,.T.);
#4646=EDGE_CURVE('',#5842,#5843,#439,.T.);
#4647=EDGE_CURVE('',#5843,#5844,#440,.T.);
#4648=EDGE_CURVE('',#5844,#5845,#441,.T.);
#4649=EDGE_CURVE('',#5845,#5846,#442,.T.);
#4650=EDGE_CURVE('',#5846,#5847,#443,.T.);
#4651=EDGE_CURVE('',#5847,#5831,#172,.T.);
#4652=EDGE_CURVE('',#5848,#5849,#444,.T.);
#4653=EDGE_CURVE('',#5849,#5850,#445,.T.);
#4654=EDGE_CURVE('',#5850,#5851,#446,.T.);
#4655=EDGE_CURVE('',#5851,#5852,#447,.T.);
#4656=EDGE_CURVE('',#5852,#5853,#448,.T.);
#4657=EDGE_CURVE('',#5853,#5854,#449,.T.);
#4658=EDGE_CURVE('',#5854,#5855,#450,.T.);
#4659=EDGE_CURVE('',#5855,#5856,#451,.T.);
#4660=EDGE_CURVE('',#5856,#5857,#452,.T.);
#4661=EDGE_CURVE('',#5857,#5858,#453,.T.);
#4662=EDGE_CURVE('',#5858,#5859,#454,.T.);
#4663=EDGE_CURVE('',#5859,#5860,#455,.T.);
#4664=EDGE_CURVE('',#5860,#5861,#456,.T.);
#4665=EDGE_CURVE('',#5861,#5862,#457,.T.);
#4666=EDGE_CURVE('',#5862,#5863,#458,.T.);
#4667=EDGE_CURVE('',#5863,#5864,#459,.T.);
#4668=EDGE_CURVE('',#5864,#5848,#460,.T.);
#4669=EDGE_CURVE('',#5865,#5866,#173,.T.);
#4670=EDGE_CURVE('',#5866,#5867,#174,.T.);
#4671=EDGE_CURVE('',#5867,#5868,#175,.T.);
#4672=EDGE_CURVE('',#5868,#5869,#176,.T.);
#4673=EDGE_CURVE('',#5869,#5870,#177,.T.);
#4674=EDGE_CURVE('',#5870,#5871,#178,.T.);
#4675=EDGE_CURVE('',#5871,#5872,#179,.T.);
#4676=EDGE_CURVE('',#5872,#5865,#180,.T.);
#4677=EDGE_CURVE('',#5873,#5874,#461,.T.);
#4678=EDGE_CURVE('',#5874,#5875,#462,.T.);
#4679=EDGE_CURVE('',#5875,#5876,#181,.T.);
#4680=EDGE_CURVE('',#5876,#5877,#182,.T.);
#4681=EDGE_CURVE('',#5877,#5878,#6609,.T.);
#4682=EDGE_CURVE('',#5878,#5879,#463,.T.);
#4683=EDGE_CURVE('',#5879,#5880,#464,.T.);
#4684=EDGE_CURVE('',#5880,#5881,#465,.T.);
#4685=EDGE_CURVE('',#5881,#5882,#183,.T.);
#4686=EDGE_CURVE('',#5882,#5883,#6610,.F.);
#4687=EDGE_CURVE('',#5883,#5884,#184,.T.);
#4688=EDGE_CURVE('',#5884,#5885,#466,.T.);
#4689=EDGE_CURVE('',#5885,#5886,#467,.T.);
#4690=EDGE_CURVE('',#5886,#5887,#468,.T.);
#4691=EDGE_CURVE('',#5887,#5888,#469,.T.);
#4692=EDGE_CURVE('',#5888,#5889,#470,.T.);
#4693=EDGE_CURVE('',#5889,#5890,#471,.T.);
#4694=EDGE_CURVE('',#5890,#5891,#472,.T.);
#4695=EDGE_CURVE('',#5891,#5892,#473,.T.);
#4696=EDGE_CURVE('',#5892,#5893,#474,.T.);
#4697=EDGE_CURVE('',#5893,#5894,#475,.T.);
#4698=EDGE_CURVE('',#5894,#5895,#476,.T.);
#4699=EDGE_CURVE('',#5895,#5896,#477,.T.);
#4700=EDGE_CURVE('',#5896,#5873,#478,.T.);
#4701=EDGE_CURVE('',#5897,#5898,#479,.T.);
#4702=EDGE_CURVE('',#5898,#5899,#480,.T.);
#4703=EDGE_CURVE('',#5899,#5900,#481,.T.);
#4704=EDGE_CURVE('',#5900,#5901,#482,.T.);
#4705=EDGE_CURVE('',#5901,#5902,#483,.T.);
#4706=EDGE_CURVE('',#5902,#5903,#484,.T.);
#4707=EDGE_CURVE('',#5903,#5904,#185,.T.);
#4708=EDGE_CURVE('',#5904,#5905,#186,.T.);
#4709=EDGE_CURVE('',#5905,#5906,#187,.T.);
#4710=EDGE_CURVE('',#5906,#5907,#188,.T.);
#4711=EDGE_CURVE('',#5907,#5908,#189,.T.);
#4712=EDGE_CURVE('',#5908,#5909,#6611,.T.);
#4713=EDGE_CURVE('',#5909,#5910,#485,.T.);
#4714=EDGE_CURVE('',#5910,#5911,#486,.T.);
#4715=EDGE_CURVE('',#5911,#5912,#487,.T.);
#4716=EDGE_CURVE('',#5912,#5913,#488,.T.);
#4717=EDGE_CURVE('',#5913,#5914,#489,.T.);
#4718=EDGE_CURVE('',#5914,#5915,#490,.T.);
#4719=EDGE_CURVE('',#5915,#5916,#491,.T.);
#4720=EDGE_CURVE('',#5916,#5897,#492,.T.);
#4721=EDGE_CURVE('',#5917,#5918,#493,.T.);
#4722=EDGE_CURVE('',#5918,#5919,#494,.T.);
#4723=EDGE_CURVE('',#5919,#5920,#495,.T.);
#4724=EDGE_CURVE('',#5920,#5921,#496,.T.);
#4725=EDGE_CURVE('',#5921,#5922,#497,.T.);
#4726=EDGE_CURVE('',#5922,#5923,#498,.T.);
#4727=EDGE_CURVE('',#5923,#5924,#190,.T.);
#4728=EDGE_CURVE('',#5924,#5925,#191,.T.);
#4729=EDGE_CURVE('',#5925,#5926,#192,.T.);
#4730=EDGE_CURVE('',#5926,#5927,#193,.T.);
#4731=EDGE_CURVE('',#5927,#5928,#194,.T.);
#4732=EDGE_CURVE('',#5928,#5929,#6612,.T.);
#4733=EDGE_CURVE('',#5929,#5930,#499,.T.);
#4734=EDGE_CURVE('',#5930,#5931,#500,.T.);
#4735=EDGE_CURVE('',#5931,#5932,#501,.T.);
#4736=EDGE_CURVE('',#5932,#5933,#502,.T.);
#4737=EDGE_CURVE('',#5933,#5934,#503,.T.);
#4738=EDGE_CURVE('',#5934,#5935,#504,.T.);
#4739=EDGE_CURVE('',#5935,#5936,#505,.T.);
#4740=EDGE_CURVE('',#5936,#5917,#506,.T.);
#4741=EDGE_CURVE('',#5937,#5938,#507,.T.);
#4742=EDGE_CURVE('',#5938,#5939,#508,.T.);
#4743=EDGE_CURVE('',#5939,#5940,#509,.T.);
#4744=EDGE_CURVE('',#5940,#5941,#510,.T.);
#4745=EDGE_CURVE('',#5941,#5942,#511,.T.);
#4746=EDGE_CURVE('',#5942,#5943,#512,.T.);
#4747=EDGE_CURVE('',#5943,#5944,#513,.T.);
#4748=EDGE_CURVE('',#5944,#5945,#514,.T.);
#4749=EDGE_CURVE('',#5945,#5946,#515,.T.);
#4750=EDGE_CURVE('',#5946,#5947,#516,.T.);
#4751=EDGE_CURVE('',#5947,#5948,#517,.T.);
#4752=EDGE_CURVE('',#5948,#5949,#518,.T.);
#4753=EDGE_CURVE('',#5949,#5950,#519,.T.);
#4754=EDGE_CURVE('',#5950,#5951,#520,.T.);
#4755=EDGE_CURVE('',#5951,#5952,#521,.T.);
#4756=EDGE_CURVE('',#5952,#5953,#522,.T.);
#4757=EDGE_CURVE('',#5953,#5954,#523,.T.);
#4758=EDGE_CURVE('',#5954,#5955,#524,.T.);
#4759=EDGE_CURVE('',#5955,#5956,#525,.T.);
#4760=EDGE_CURVE('',#5956,#5957,#526,.T.);
#4761=EDGE_CURVE('',#5957,#5958,#527,.T.);
#4762=EDGE_CURVE('',#5958,#5937,#528,.T.);
#4763=EDGE_CURVE('',#5959,#5960,#529,.T.);
#4764=EDGE_CURVE('',#5960,#5961,#195,.T.);
#4765=EDGE_CURVE('',#5961,#5962,#196,.T.);
#4766=EDGE_CURVE('',#5962,#5963,#197,.T.);
#4767=EDGE_CURVE('',#5963,#5964,#530,.T.);
#4768=EDGE_CURVE('',#5964,#5965,#531,.T.);
#4769=EDGE_CURVE('',#5965,#5966,#532,.T.);
#4770=EDGE_CURVE('',#5966,#5967,#533,.T.);
#4771=EDGE_CURVE('',#5967,#5968,#534,.T.);
#4772=EDGE_CURVE('',#5968,#5969,#535,.T.);
#4773=EDGE_CURVE('',#5969,#5970,#198,.T.);
#4774=EDGE_CURVE('',#5970,#5971,#199,.T.);
#4775=EDGE_CURVE('',#5971,#5972,#200,.T.);
#4776=EDGE_CURVE('',#5972,#5973,#201,.T.);
#4777=EDGE_CURVE('',#5973,#5974,#202,.T.);
#4778=EDGE_CURVE('',#5974,#5975,#536,.T.);
#4779=EDGE_CURVE('',#5975,#5976,#203,.T.);
#4780=EDGE_CURVE('',#5976,#5977,#204,.T.);
#4781=EDGE_CURVE('',#5977,#5978,#205,.T.);
#4782=EDGE_CURVE('',#5978,#5979,#537,.T.);
#4783=EDGE_CURVE('',#5979,#5980,#538,.T.);
#4784=EDGE_CURVE('',#5980,#5981,#539,.T.);
#4785=EDGE_CURVE('',#5981,#5959,#540,.T.);
#4786=EDGE_CURVE('',#5982,#5983,#541,.T.);
#4787=EDGE_CURVE('',#5983,#5984,#542,.T.);
#4788=EDGE_CURVE('',#5984,#5985,#543,.T.);
#4789=EDGE_CURVE('',#5985,#5986,#544,.T.);
#4790=EDGE_CURVE('',#5986,#5987,#545,.T.);
#4791=EDGE_CURVE('',#5987,#5988,#546,.T.);
#4792=EDGE_CURVE('',#5988,#5989,#547,.T.);
#4793=EDGE_CURVE('',#5989,#5990,#548,.T.);
#4794=EDGE_CURVE('',#5990,#5991,#549,.T.);
#4795=EDGE_CURVE('',#5991,#5992,#206,.T.);
#4796=EDGE_CURVE('',#5992,#5993,#207,.T.);
#4797=EDGE_CURVE('',#5993,#5994,#208,.T.);
#4798=EDGE_CURVE('',#5994,#5995,#550,.T.);
#4799=EDGE_CURVE('',#5995,#5996,#551,.T.);
#4800=EDGE_CURVE('',#5996,#5997,#552,.T.);
#4801=EDGE_CURVE('',#5997,#5998,#553,.T.);
#4802=EDGE_CURVE('',#5998,#5999,#554,.T.);
#4803=EDGE_CURVE('',#5999,#6000,#555,.T.);
#4804=EDGE_CURVE('',#6000,#6001,#556,.T.);
#4805=EDGE_CURVE('',#6001,#6002,#557,.T.);
#4806=EDGE_CURVE('',#6002,#6003,#558,.T.);
#4807=EDGE_CURVE('',#6003,#6004,#209,.T.);
#4808=EDGE_CURVE('',#6004,#6005,#210,.T.);
#4809=EDGE_CURVE('',#6005,#6006,#211,.T.);
#4810=EDGE_CURVE('',#6006,#6007,#559,.T.);
#4811=EDGE_CURVE('',#6007,#6008,#560,.T.);
#4812=EDGE_CURVE('',#6008,#6009,#561,.T.);
#4813=EDGE_CURVE('',#6009,#6010,#562,.T.);
#4814=EDGE_CURVE('',#6010,#6011,#563,.T.);
#4815=EDGE_CURVE('',#6011,#5982,#564,.T.);
#4816=EDGE_CURVE('',#6012,#6013,#565,.T.);
#4817=EDGE_CURVE('',#6013,#6014,#566,.T.);
#4818=EDGE_CURVE('',#6014,#6015,#567,.T.);
#4819=EDGE_CURVE('',#6015,#6016,#568,.T.);
#4820=EDGE_CURVE('',#6016,#6017,#569,.T.);
#4821=EDGE_CURVE('',#6017,#6018,#570,.T.);
#4822=EDGE_CURVE('',#6018,#6019,#571,.T.);
#4823=EDGE_CURVE('',#6019,#6020,#572,.T.);
#4824=EDGE_CURVE('',#6020,#6021,#573,.T.);
#4825=EDGE_CURVE('',#6021,#6022,#212,.T.);
#4826=EDGE_CURVE('',#6022,#6023,#213,.T.);
#4827=EDGE_CURVE('',#6023,#6024,#214,.T.);
#4828=EDGE_CURVE('',#6024,#6025,#574,.T.);
#4829=EDGE_CURVE('',#6025,#6026,#575,.T.);
#4830=EDGE_CURVE('',#6026,#6027,#576,.T.);
#4831=EDGE_CURVE('',#6027,#6028,#577,.T.);
#4832=EDGE_CURVE('',#6028,#6029,#578,.T.);
#4833=EDGE_CURVE('',#6029,#6030,#579,.T.);
#4834=EDGE_CURVE('',#6030,#6031,#580,.T.);
#4835=EDGE_CURVE('',#6031,#6032,#581,.T.);
#4836=EDGE_CURVE('',#6032,#6033,#582,.T.);
#4837=EDGE_CURVE('',#6033,#6034,#215,.T.);
#4838=EDGE_CURVE('',#6034,#6035,#216,.T.);
#4839=EDGE_CURVE('',#6035,#6036,#217,.T.);
#4840=EDGE_CURVE('',#6036,#6037,#583,.T.);
#4841=EDGE_CURVE('',#6037,#6038,#584,.T.);
#4842=EDGE_CURVE('',#6038,#6039,#585,.T.);
#4843=EDGE_CURVE('',#6039,#6040,#586,.T.);
#4844=EDGE_CURVE('',#6040,#6041,#587,.T.);
#4845=EDGE_CURVE('',#6041,#6012,#588,.T.);
#4846=EDGE_CURVE('',#6042,#6043,#589,.T.);
#4847=EDGE_CURVE('',#6043,#6044,#218,.T.);
#4848=EDGE_CURVE('',#6044,#6045,#219,.T.);
#4849=EDGE_CURVE('',#6045,#6046,#220,.T.);
#4850=EDGE_CURVE('',#6046,#6047,#590,.T.);
#4851=EDGE_CURVE('',#6047,#6048,#591,.T.);
#4852=EDGE_CURVE('',#6048,#6049,#592,.T.);
#4853=EDGE_CURVE('',#6049,#6050,#593,.T.);
#4854=EDGE_CURVE('',#6050,#6051,#594,.T.);
#4855=EDGE_CURVE('',#6051,#6052,#595,.T.);
#4856=EDGE_CURVE('',#6052,#6053,#221,.T.);
#4857=EDGE_CURVE('',#6053,#6054,#222,.T.);
#4858=EDGE_CURVE('',#6054,#6055,#223,.T.);
#4859=EDGE_CURVE('',#6055,#6056,#224,.T.);
#4860=EDGE_CURVE('',#6056,#6057,#225,.T.);
#4861=EDGE_CURVE('',#6057,#6058,#596,.T.);
#4862=EDGE_CURVE('',#6058,#6059,#226,.T.);
#4863=EDGE_CURVE('',#6059,#6060,#227,.T.);
#4864=EDGE_CURVE('',#6060,#6061,#228,.T.);
#4865=EDGE_CURVE('',#6061,#6062,#597,.T.);
#4866=EDGE_CURVE('',#6062,#6063,#598,.T.);
#4867=EDGE_CURVE('',#6063,#6064,#599,.T.);
#4868=EDGE_CURVE('',#6064,#6042,#600,.T.);
#4869=EDGE_CURVE('',#6065,#6066,#601,.T.);
#4870=EDGE_CURVE('',#6066,#6067,#602,.T.);
#4871=EDGE_CURVE('',#6067,#6068,#603,.T.);
#4872=EDGE_CURVE('',#6068,#6069,#604,.T.);
#4873=EDGE_CURVE('',#6069,#6070,#605,.T.);
#4874=EDGE_CURVE('',#6070,#6071,#606,.T.);
#4875=EDGE_CURVE('',#6071,#6072,#607,.T.);
#4876=EDGE_CURVE('',#6072,#6073,#608,.T.);
#4877=EDGE_CURVE('',#6073,#6074,#609,.T.);
#4878=EDGE_CURVE('',#6074,#6075,#610,.T.);
#4879=EDGE_CURVE('',#6075,#6076,#611,.T.);
#4880=EDGE_CURVE('',#6076,#6077,#612,.T.);
#4881=EDGE_CURVE('',#6077,#6078,#613,.T.);
#4882=EDGE_CURVE('',#6078,#6079,#614,.T.);
#4883=EDGE_CURVE('',#6079,#6080,#615,.T.);
#4884=EDGE_CURVE('',#6080,#6081,#616,.T.);
#4885=EDGE_CURVE('',#6081,#6082,#617,.T.);
#4886=EDGE_CURVE('',#6082,#6083,#618,.T.);
#4887=EDGE_CURVE('',#6083,#6084,#619,.T.);
#4888=EDGE_CURVE('',#6084,#6085,#620,.T.);
#4889=EDGE_CURVE('',#6085,#6086,#621,.T.);
#4890=EDGE_CURVE('',#6086,#6065,#622,.T.);
#4891=EDGE_CURVE('',#6087,#6088,#623,.T.);
#4892=EDGE_CURVE('',#6088,#6089,#624,.T.);
#4893=EDGE_CURVE('',#6089,#6090,#625,.T.);
#4894=EDGE_CURVE('',#6090,#6091,#626,.T.);
#4895=EDGE_CURVE('',#6091,#6092,#627,.T.);
#4896=EDGE_CURVE('',#6092,#6093,#628,.T.);
#4897=EDGE_CURVE('',#6093,#6094,#229,.T.);
#4898=EDGE_CURVE('',#6094,#6095,#230,.T.);
#4899=EDGE_CURVE('',#6095,#6096,#231,.T.);
#4900=EDGE_CURVE('',#6096,#6097,#629,.T.);
#4901=EDGE_CURVE('',#6097,#6098,#630,.T.);
#4902=EDGE_CURVE('',#6098,#6099,#631,.T.);
#4903=EDGE_CURVE('',#6099,#6100,#632,.T.);
#4904=EDGE_CURVE('',#6100,#6101,#633,.T.);
#4905=EDGE_CURVE('',#6101,#6102,#634,.T.);
#4906=EDGE_CURVE('',#6102,#6103,#635,.T.);
#4907=EDGE_CURVE('',#6103,#6104,#636,.T.);
#4908=EDGE_CURVE('',#6104,#6105,#637,.T.);
#4909=EDGE_CURVE('',#6105,#6106,#638,.T.);
#4910=EDGE_CURVE('',#6106,#6107,#639,.T.);
#4911=EDGE_CURVE('',#6107,#6108,#640,.T.);
#4912=EDGE_CURVE('',#6108,#6109,#641,.T.);
#4913=EDGE_CURVE('',#6109,#6110,#232,.T.);
#4914=EDGE_CURVE('',#6110,#6111,#233,.T.);
#4915=EDGE_CURVE('',#6111,#6112,#234,.T.);
#4916=EDGE_CURVE('',#6112,#6087,#642,.T.);
#4917=EDGE_CURVE('',#6113,#6114,#643,.T.);
#4918=EDGE_CURVE('',#6114,#6115,#644,.T.);
#4919=EDGE_CURVE('',#6115,#6116,#645,.T.);
#4920=EDGE_CURVE('',#6116,#6117,#646,.T.);
#4921=EDGE_CURVE('',#6117,#6118,#647,.T.);
#4922=EDGE_CURVE('',#6118,#6119,#648,.T.);
#4923=EDGE_CURVE('',#6119,#6120,#6613,.T.);
#4924=EDGE_CURVE('',#6120,#6121,#235,.T.);
#4925=EDGE_CURVE('',#6121,#6122,#236,.T.);
#4926=EDGE_CURVE('',#6122,#6123,#237,.T.);
#4927=EDGE_CURVE('',#6123,#6124,#649,.T.);
#4928=EDGE_CURVE('',#6124,#6125,#650,.T.);
#4929=EDGE_CURVE('',#6125,#6126,#651,.T.);
#4930=EDGE_CURVE('',#6126,#6127,#652,.T.);
#4931=EDGE_CURVE('',#6127,#6128,#653,.T.);
#4932=EDGE_CURVE('',#6128,#6129,#654,.T.);
#4933=EDGE_CURVE('',#6129,#6130,#655,.T.);
#4934=EDGE_CURVE('',#6130,#6131,#656,.T.);
#4935=EDGE_CURVE('',#6131,#6132,#657,.T.);
#4936=EDGE_CURVE('',#6132,#6133,#238,.T.);
#4937=EDGE_CURVE('',#6133,#6134,#239,.T.);
#4938=EDGE_CURVE('',#6134,#6135,#240,.T.);
#4939=EDGE_CURVE('',#6135,#6136,#6614,.F.);
#4940=EDGE_CURVE('',#6136,#6137,#658,.T.);
#4941=EDGE_CURVE('',#6137,#6138,#659,.T.);
#4942=EDGE_CURVE('',#6138,#6139,#660,.T.);
#4943=EDGE_CURVE('',#6139,#6140,#661,.T.);
#4944=EDGE_CURVE('',#6140,#6141,#662,.T.);
#4945=EDGE_CURVE('',#6141,#6142,#663,.T.);
#4946=EDGE_CURVE('',#6142,#6113,#664,.T.);
#4947=EDGE_CURVE('',#6143,#6114,#665,.T.);
#4948=EDGE_CURVE('',#6143,#6144,#666,.T.);
#4949=EDGE_CURVE('',#6144,#6115,#667,.T.);
#4950=EDGE_CURVE('',#6145,#6113,#668,.T.);
#4951=EDGE_CURVE('',#6145,#6143,#669,.T.);
#4952=EDGE_CURVE('',#6146,#6142,#670,.T.);
#4953=EDGE_CURVE('',#6146,#6145,#671,.T.);
#4954=EDGE_CURVE('',#6147,#6141,#672,.T.);
#4955=EDGE_CURVE('',#6147,#6146,#673,.T.);
#4956=EDGE_CURVE('',#6148,#6140,#674,.T.);
#4957=EDGE_CURVE('',#6148,#6147,#675,.T.);
#4958=EDGE_CURVE('',#6149,#6139,#676,.T.);
#4959=EDGE_CURVE('',#6149,#6148,#677,.T.);
#4960=EDGE_CURVE('',#6150,#6138,#678,.T.);
#4961=EDGE_CURVE('',#6150,#6149,#679,.T.);
#4962=EDGE_CURVE('',#6151,#6137,#680,.T.);
#4963=EDGE_CURVE('',#6151,#6150,#681,.T.);
#4964=EDGE_CURVE('',#6152,#6136,#682,.T.);
#4965=EDGE_CURVE('',#6152,#6151,#683,.T.);
#4966=EDGE_CURVE('',#6153,#6135,#684,.T.);
#4967=EDGE_CURVE('',#6153,#6152,#6615,.F.);
#4968=EDGE_CURVE('',#6154,#6134,#685,.T.);
#4969=EDGE_CURVE('',#6154,#6153,#241,.T.);
#4970=EDGE_CURVE('',#6155,#6133,#686,.T.);
#4971=EDGE_CURVE('',#6155,#6154,#242,.T.);
#4972=EDGE_CURVE('',#6156,#6132,#687,.T.);
#4973=EDGE_CURVE('',#6156,#6155,#243,.T.);
#4974=EDGE_CURVE('',#6157,#6131,#688,.T.);
#4975=EDGE_CURVE('',#6157,#6156,#689,.T.);
#4976=EDGE_CURVE('',#6158,#6130,#690,.T.);
#4977=EDGE_CURVE('',#6158,#6157,#691,.T.);
#4978=EDGE_CURVE('',#6159,#6129,#692,.T.);
#4979=EDGE_CURVE('',#6159,#6158,#693,.T.);
#4980=EDGE_CURVE('',#6160,#6128,#694,.T.);
#4981=EDGE_CURVE('',#6160,#6159,#695,.T.);
#4982=EDGE_CURVE('',#6161,#6127,#696,.T.);
#4983=EDGE_CURVE('',#6161,#6160,#697,.T.);
#4984=EDGE_CURVE('',#6162,#6126,#698,.T.);
#4985=EDGE_CURVE('',#6162,#6161,#699,.T.);
#4986=EDGE_CURVE('',#6163,#6125,#700,.T.);
#4987=EDGE_CURVE('',#6163,#6162,#701,.T.);
#4988=EDGE_CURVE('',#6164,#6124,#702,.T.);
#4989=EDGE_CURVE('',#6164,#6163,#703,.T.);
#4990=EDGE_CURVE('',#6165,#6123,#704,.T.);
#4991=EDGE_CURVE('',#6165,#6164,#705,.T.);
#4992=EDGE_CURVE('',#6166,#6122,#706,.T.);
#4993=EDGE_CURVE('',#6166,#6165,#244,.T.);
#4994=EDGE_CURVE('',#6167,#6121,#707,.T.);
#4995=EDGE_CURVE('',#6167,#6166,#245,.T.);
#4996=EDGE_CURVE('',#6168,#6120,#708,.T.);
#4997=EDGE_CURVE('',#6168,#6167,#246,.T.);
#4998=EDGE_CURVE('',#6169,#6119,#709,.T.);
#4999=EDGE_CURVE('',#6169,#6168,#6616,.T.);
#5000=EDGE_CURVE('',#6170,#6118,#710,.T.);
#5001=EDGE_CURVE('',#6170,#6169,#711,.T.);
#5002=EDGE_CURVE('',#6171,#6117,#712,.T.);
#5003=EDGE_CURVE('',#6171,#6170,#713,.T.);
#5004=EDGE_CURVE('',#6172,#6116,#714,.T.);
#5005=EDGE_CURVE('',#6172,#6171,#715,.T.);
#5006=EDGE_CURVE('',#6144,#6172,#716,.T.);
#5007=EDGE_CURVE('',#6173,#6087,#717,.T.);
#5008=EDGE_CURVE('',#6173,#6174,#718,.T.);
#5009=EDGE_CURVE('',#6174,#6088,#719,.T.);
#5010=EDGE_CURVE('',#6175,#6112,#720,.T.);
#5011=EDGE_CURVE('',#6175,#6173,#721,.T.);
#5012=EDGE_CURVE('',#6176,#6111,#722,.T.);
#5013=EDGE_CURVE('',#6176,#6175,#247,.T.);
#5014=EDGE_CURVE('',#6177,#6110,#723,.T.);
#5015=EDGE_CURVE('',#6177,#6176,#248,.T.);
#5016=EDGE_CURVE('',#6178,#6109,#724,.T.);
#5017=EDGE_CURVE('',#6178,#6177,#249,.T.);
#5018=EDGE_CURVE('',#6179,#6108,#725,.T.);
#5019=EDGE_CURVE('',#6179,#6178,#726,.T.);
#5020=EDGE_CURVE('',#6180,#6107,#727,.T.);
#5021=EDGE_CURVE('',#6180,#6179,#728,.T.);
#5022=EDGE_CURVE('',#6181,#6106,#729,.T.);
#5023=EDGE_CURVE('',#6181,#6180,#730,.T.);
#5024=EDGE_CURVE('',#6182,#6105,#731,.T.);
#5025=EDGE_CURVE('',#6182,#6181,#732,.T.);
#5026=EDGE_CURVE('',#6183,#6104,#733,.T.);
#5027=EDGE_CURVE('',#6183,#6182,#734,.T.);
#5028=EDGE_CURVE('',#6184,#6103,#735,.T.);
#5029=EDGE_CURVE('',#6184,#6183,#736,.T.);
#5030=EDGE_CURVE('',#6185,#6102,#737,.T.);
#5031=EDGE_CURVE('',#6185,#6184,#738,.T.);
#5032=EDGE_CURVE('',#6186,#6101,#739,.T.);
#5033=EDGE_CURVE('',#6186,#6185,#740,.T.);
#5034=EDGE_CURVE('',#6187,#6100,#741,.T.);
#5035=EDGE_CURVE('',#6187,#6186,#742,.T.);
#5036=EDGE_CURVE('',#6188,#6099,#743,.T.);
#5037=EDGE_CURVE('',#6188,#6187,#744,.T.);
#5038=EDGE_CURVE('',#6189,#6098,#745,.T.);
#5039=EDGE_CURVE('',#6189,#6188,#746,.T.);
#5040=EDGE_CURVE('',#6190,#6097,#747,.T.);
#5041=EDGE_CURVE('',#6190,#6189,#748,.T.);
#5042=EDGE_CURVE('',#6191,#6096,#749,.T.);
#5043=EDGE_CURVE('',#6191,#6190,#750,.T.);
#5044=EDGE_CURVE('',#6192,#6095,#751,.T.);
#5045=EDGE_CURVE('',#6192,#6191,#250,.T.);
#5046=EDGE_CURVE('',#6193,#6094,#752,.T.);
#5047=EDGE_CURVE('',#6193,#6192,#251,.T.);
#5048=EDGE_CURVE('',#6194,#6093,#753,.T.);
#5049=EDGE_CURVE('',#6194,#6193,#252,.T.);
#5050=EDGE_CURVE('',#6195,#6092,#754,.T.);
#5051=EDGE_CURVE('',#6195,#6194,#755,.T.);
#5052=EDGE_CURVE('',#6196,#6091,#756,.T.);
#5053=EDGE_CURVE('',#6196,#6195,#757,.T.);
#5054=EDGE_CURVE('',#6197,#6090,#758,.T.);
#5055=EDGE_CURVE('',#6197,#6196,#759,.T.);
#5056=EDGE_CURVE('',#6198,#6089,#760,.T.);
#5057=EDGE_CURVE('',#6198,#6197,#761,.T.);
#5058=EDGE_CURVE('',#6174,#6198,#762,.T.);
#5059=EDGE_CURVE('',#6199,#6065,#763,.T.);
#5060=EDGE_CURVE('',#6199,#6200,#764,.T.);
#5061=EDGE_CURVE('',#6200,#6066,#765,.T.);
#5062=EDGE_CURVE('',#6201,#6086,#766,.T.);
#5063=EDGE_CURVE('',#6201,#6199,#767,.T.);
#5064=EDGE_CURVE('',#6202,#6085,#768,.T.);
#5065=EDGE_CURVE('',#6202,#6201,#769,.T.);
#5066=EDGE_CURVE('',#6203,#6084,#770,.T.);
#5067=EDGE_CURVE('',#6203,#6202,#771,.T.);
#5068=EDGE_CURVE('',#6204,#6083,#772,.T.);
#5069=EDGE_CURVE('',#6204,#6203,#773,.T.);
#5070=EDGE_CURVE('',#6205,#6082,#774,.T.);
#5071=EDGE_CURVE('',#6205,#6204,#775,.T.);
#5072=EDGE_CURVE('',#6206,#6081,#776,.T.);
#5073=EDGE_CURVE('',#6206,#6205,#777,.T.);
#5074=EDGE_CURVE('',#6207,#6080,#778,.T.);
#5075=EDGE_CURVE('',#6207,#6206,#779,.T.);
#5076=EDGE_CURVE('',#6208,#6079,#780,.T.);
#5077=EDGE_CURVE('',#6208,#6207,#781,.T.);
#5078=EDGE_CURVE('',#6209,#6078,#782,.T.);
#5079=EDGE_CURVE('',#6209,#6208,#783,.T.);
#5080=EDGE_CURVE('',#6210,#6077,#784,.T.);
#5081=EDGE_CURVE('',#6210,#6209,#785,.T.);
#5082=EDGE_CURVE('',#6211,#6076,#786,.T.);
#5083=EDGE_CURVE('',#6211,#6210,#787,.T.);
#5084=EDGE_CURVE('',#6212,#6075,#788,.T.);
#5085=EDGE_CURVE('',#6212,#6211,#789,.T.);
#5086=EDGE_CURVE('',#6213,#6074,#790,.T.);
#5087=EDGE_CURVE('',#6213,#6212,#791,.T.);
#5088=EDGE_CURVE('',#6214,#6073,#792,.T.);
#5089=EDGE_CURVE('',#6214,#6213,#793,.T.);
#5090=EDGE_CURVE('',#6215,#6072,#794,.T.);
#5091=EDGE_CURVE('',#6215,#6214,#795,.T.);
#5092=EDGE_CURVE('',#6216,#6071,#796,.T.);
#5093=EDGE_CURVE('',#6216,#6215,#797,.T.);
#5094=EDGE_CURVE('',#6217,#6070,#798,.T.);
#5095=EDGE_CURVE('',#6217,#6216,#799,.T.);
#5096=EDGE_CURVE('',#6218,#6069,#800,.T.);
#5097=EDGE_CURVE('',#6218,#6217,#801,.T.);
#5098=EDGE_CURVE('',#6219,#6068,#802,.T.);
#5099=EDGE_CURVE('',#6219,#6218,#803,.T.);
#5100=EDGE_CURVE('',#6220,#6067,#804,.T.);
#5101=EDGE_CURVE('',#6220,#6219,#805,.T.);
#5102=EDGE_CURVE('',#6200,#6220,#806,.T.);
#5103=EDGE_CURVE('',#6221,#6222,#253,.T.);
#5104=EDGE_CURVE('',#6223,#6221,#807,.T.);
#5105=EDGE_CURVE('',#6223,#6224,#254,.T.);
#5106=EDGE_CURVE('',#6224,#6222,#808,.T.);
#5107=EDGE_CURVE('',#6225,#6221,#809,.T.);
#5108=EDGE_CURVE('',#6226,#6225,#810,.T.);
#5109=EDGE_CURVE('',#6226,#6223,#811,.T.);
#5110=EDGE_CURVE('',#6227,#6225,#255,.T.);
#5111=EDGE_CURVE('',#6228,#6227,#812,.T.);
#5112=EDGE_CURVE('',#6228,#6226,#256,.T.);
#5113=EDGE_CURVE('',#6229,#6227,#257,.T.);
#5114=EDGE_CURVE('',#6230,#6229,#813,.T.);
#5115=EDGE_CURVE('',#6230,#6228,#258,.T.);
#5116=EDGE_CURVE('',#6231,#6229,#6617,.F.);
#5117=EDGE_CURVE('',#6232,#6231,#814,.T.);
#5118=EDGE_CURVE('',#6232,#6230,#6618,.F.);
#5119=EDGE_CURVE('',#6233,#6042,#815,.T.);
#5120=EDGE_CURVE('',#6233,#6234,#816,.T.);
#5121=EDGE_CURVE('',#6234,#6043,#817,.T.);
#5122=EDGE_CURVE('',#6235,#6064,#818,.T.);
#5123=EDGE_CURVE('',#6235,#6233,#819,.T.);
#5124=EDGE_CURVE('',#6236,#6063,#820,.T.);
#5125=EDGE_CURVE('',#6236,#6235,#821,.T.);
#5126=EDGE_CURVE('',#6237,#6062,#822,.T.);
#5127=EDGE_CURVE('',#6237,#6236,#823,.T.);
#5128=EDGE_CURVE('',#6238,#6061,#824,.T.);
#5129=EDGE_CURVE('',#6238,#6237,#825,.T.);
#5130=EDGE_CURVE('',#6239,#6060,#826,.T.);
#5131=EDGE_CURVE('',#6239,#6238,#259,.T.);
#5132=EDGE_CURVE('',#6240,#6059,#827,.T.);
#5133=EDGE_CURVE('',#6240,#6239,#260,.T.);
#5134=EDGE_CURVE('',#6241,#6058,#828,.T.);
#5135=EDGE_CURVE('',#6241,#6240,#261,.T.);
#5136=EDGE_CURVE('',#6242,#6057,#829,.T.);
#5137=EDGE_CURVE('',#6242,#6241,#830,.T.);
#5138=EDGE_CURVE('',#6243,#6056,#831,.T.);
#5139=EDGE_CURVE('',#6243,#6242,#262,.T.);
#5140=EDGE_CURVE('',#6244,#6055,#832,.T.);
#5141=EDGE_CURVE('',#6244,#6243,#263,.T.);
#5142=EDGE_CURVE('',#6245,#6054,#833,.T.);
#5143=EDGE_CURVE('',#6245,#6244,#264,.T.);
#5144=EDGE_CURVE('',#6246,#6053,#834,.T.);
#5145=EDGE_CURVE('',#6246,#6245,#265,.T.);
#5146=EDGE_CURVE('',#6247,#6052,#835,.T.);
#5147=EDGE_CURVE('',#6247,#6246,#266,.T.);
#5148=EDGE_CURVE('',#6248,#6051,#836,.T.);
#5149=EDGE_CURVE('',#6248,#6247,#837,.T.);
#5150=EDGE_CURVE('',#6249,#6050,#838,.T.);
#5151=EDGE_CURVE('',#6249,#6248,#839,.T.);
#5152=EDGE_CURVE('',#6250,#6049,#840,.T.);
#5153=EDGE_CURVE('',#6250,#6249,#841,.T.);
#5154=EDGE_CURVE('',#6251,#6048,#842,.T.);
#5155=EDGE_CURVE('',#6251,#6250,#843,.T.);
#5156=EDGE_CURVE('',#6252,#6047,#844,.T.);
#5157=EDGE_CURVE('',#6252,#6251,#845,.T.);
#5158=EDGE_CURVE('',#6253,#6046,#846,.T.);
#5159=EDGE_CURVE('',#6253,#6252,#847,.T.);
#5160=EDGE_CURVE('',#6254,#6045,#848,.T.);
#5161=EDGE_CURVE('',#6254,#6253,#267,.T.);
#5162=EDGE_CURVE('',#6255,#6044,#849,.T.);
#5163=EDGE_CURVE('',#6255,#6254,#268,.T.);
#5164=EDGE_CURVE('',#6234,#6255,#269,.T.);
#5165=EDGE_CURVE('',#6222,#6231,#270,.T.);
#5166=EDGE_CURVE('',#6224,#6232,#271,.T.);
#5167=EDGE_CURVE('',#6256,#6012,#850,.T.);
#5168=EDGE_CURVE('',#6256,#6257,#851,.T.);
#5169=EDGE_CURVE('',#6257,#6013,#852,.T.);
#5170=EDGE_CURVE('',#6258,#6041,#853,.T.);
#5171=EDGE_CURVE('',#6258,#6256,#854,.T.);
#5172=EDGE_CURVE('',#6259,#6040,#855,.T.);
#5173=EDGE_CURVE('',#6259,#6258,#856,.T.);
#5174=EDGE_CURVE('',#6260,#6039,#857,.T.);
#5175=EDGE_CURVE('',#6260,#6259,#858,.T.);
#5176=EDGE_CURVE('',#6261,#6038,#859,.T.);
#5177=EDGE_CURVE('',#6261,#6260,#860,.T.);
#5178=EDGE_CURVE('',#6262,#6037,#861,.T.);
#5179=EDGE_CURVE('',#6262,#6261,#862,.T.);
#5180=EDGE_CURVE('',#6263,#6036,#863,.T.);
#5181=EDGE_CURVE('',#6263,#6262,#864,.T.);
#5182=EDGE_CURVE('',#6264,#6035,#865,.T.);
#5183=EDGE_CURVE('',#6264,#6263,#272,.T.);
#5184=EDGE_CURVE('',#6265,#6034,#866,.T.);
#5185=EDGE_CURVE('',#6265,#6264,#273,.T.);
#5186=EDGE_CURVE('',#6266,#6033,#867,.T.);
#5187=EDGE_CURVE('',#6266,#6265,#274,.T.);
#5188=EDGE_CURVE('',#6267,#6032,#868,.T.);
#5189=EDGE_CURVE('',#6267,#6266,#869,.T.);
#5190=EDGE_CURVE('',#6268,#6031,#870,.T.);
#5191=EDGE_CURVE('',#6268,#6267,#871,.T.);
#5192=EDGE_CURVE('',#6269,#6030,#872,.T.);
#5193=EDGE_CURVE('',#6269,#6268,#873,.T.);
#5194=EDGE_CURVE('',#6270,#6029,#874,.T.);
#5195=EDGE_CURVE('',#6270,#6269,#875,.T.);
#5196=EDGE_CURVE('',#6271,#6028,#876,.T.);
#5197=EDGE_CURVE('',#6271,#6270,#877,.T.);
#5198=EDGE_CURVE('',#6272,#6027,#878,.T.);
#5199=EDGE_CURVE('',#6272,#6271,#879,.T.);
#5200=EDGE_CURVE('',#6273,#6026,#880,.T.);
#5201=EDGE_CURVE('',#6273,#6272,#881,.T.);
#5202=EDGE_CURVE('',#6274,#6025,#882,.T.);
#5203=EDGE_CURVE('',#6274,#6273,#883,.T.);
#5204=EDGE_CURVE('',#6275,#6024,#884,.T.);
#5205=EDGE_CURVE('',#6275,#6274,#885,.T.);
#5206=EDGE_CURVE('',#6276,#6023,#886,.T.);
#5207=EDGE_CURVE('',#6276,#6275,#275,.T.);
#5208=EDGE_CURVE('',#6277,#6022,#887,.T.);
#5209=EDGE_CURVE('',#6277,#6276,#276,.T.);
#5210=EDGE_CURVE('',#6278,#6021,#888,.T.);
#5211=EDGE_CURVE('',#6278,#6277,#277,.T.);
#5212=EDGE_CURVE('',#6279,#6020,#889,.T.);
#5213=EDGE_CURVE('',#6279,#6278,#890,.T.);
#5214=EDGE_CURVE('',#6280,#6019,#891,.T.);
#5215=EDGE_CURVE('',#6280,#6279,#892,.T.);
#5216=EDGE_CURVE('',#6281,#6018,#893,.T.);
#5217=EDGE_CURVE('',#6281,#6280,#894,.T.);
#5218=EDGE_CURVE('',#6282,#6017,#895,.T.);
#5219=EDGE_CURVE('',#6282,#6281,#896,.T.);
#5220=EDGE_CURVE('',#6283,#6016,#897,.T.);
#5221=EDGE_CURVE('',#6283,#6282,#898,.T.);
#5222=EDGE_CURVE('',#6284,#6015,#899,.T.);
#5223=EDGE_CURVE('',#6284,#6283,#900,.T.);
#5224=EDGE_CURVE('',#6285,#6014,#901,.T.);
#5225=EDGE_CURVE('',#6285,#6284,#902,.T.);
#5226=EDGE_CURVE('',#6257,#6285,#903,.T.);
#5227=EDGE_CURVE('',#6286,#5982,#904,.T.);
#5228=EDGE_CURVE('',#6286,#6287,#905,.T.);
#5229=EDGE_CURVE('',#6287,#5983,#906,.T.);
#5230=EDGE_CURVE('',#6288,#6011,#907,.T.);
#5231=EDGE_CURVE('',#6288,#6286,#908,.T.);
#5232=EDGE_CURVE('',#6289,#6010,#909,.T.);
#5233=EDGE_CURVE('',#6289,#6288,#910,.T.);
#5234=EDGE_CURVE('',#6290,#6009,#911,.T.);
#5235=EDGE_CURVE('',#6290,#6289,#912,.T.);
#5236=EDGE_CURVE('',#6291,#6008,#913,.T.);
#5237=EDGE_CURVE('',#6291,#6290,#914,.T.);
#5238=EDGE_CURVE('',#6292,#6007,#915,.T.);
#5239=EDGE_CURVE('',#6292,#6291,#916,.T.);
#5240=EDGE_CURVE('',#6293,#6006,#917,.T.);
#5241=EDGE_CURVE('',#6293,#6292,#918,.T.);
#5242=EDGE_CURVE('',#6294,#6005,#919,.T.);
#5243=EDGE_CURVE('',#6294,#6293,#278,.T.);
#5244=EDGE_CURVE('',#6295,#6004,#920,.T.);
#5245=EDGE_CURVE('',#6295,#6294,#279,.T.);
#5246=EDGE_CURVE('',#6296,#6003,#921,.T.);
#5247=EDGE_CURVE('',#6296,#6295,#280,.T.);
#5248=EDGE_CURVE('',#6297,#6002,#922,.T.);
#5249=EDGE_CURVE('',#6297,#6296,#923,.T.);
#5250=EDGE_CURVE('',#6298,#6001,#924,.T.);
#5251=EDGE_CURVE('',#6298,#6297,#925,.T.);
#5252=EDGE_CURVE('',#6299,#6000,#926,.T.);
#5253=EDGE_CURVE('',#6299,#6298,#927,.T.);
#5254=EDGE_CURVE('',#6300,#5999,#928,.T.);
#5255=EDGE_CURVE('',#6300,#6299,#929,.T.);
#5256=EDGE_CURVE('',#6301,#5998,#930,.T.);
#5257=EDGE_CURVE('',#6301,#6300,#931,.T.);
#5258=EDGE_CURVE('',#6302,#5997,#932,.T.);
#5259=EDGE_CURVE('',#6302,#6301,#933,.T.);
#5260=EDGE_CURVE('',#6303,#5996,#934,.T.);
#5261=EDGE_CURVE('',#6303,#6302,#935,.T.);
#5262=EDGE_CURVE('',#6304,#5995,#936,.T.);
#5263=EDGE_CURVE('',#6304,#6303,#937,.T.);
#5264=EDGE_CURVE('',#6305,#5994,#938,.T.);
#5265=EDGE_CURVE('',#6305,#6304,#939,.T.);
#5266=EDGE_CURVE('',#6306,#5993,#940,.T.);
#5267=EDGE_CURVE('',#6306,#6305,#281,.T.);
#5268=EDGE_CURVE('',#6307,#5992,#941,.T.);
#5269=EDGE_CURVE('',#6307,#6306,#282,.T.);
#5270=EDGE_CURVE('',#6308,#5991,#942,.T.);
#5271=EDGE_CURVE('',#6308,#6307,#283,.T.);
#5272=EDGE_CURVE('',#6309,#5990,#943,.T.);
#5273=EDGE_CURVE('',#6309,#6308,#944,.T.);
#5274=EDGE_CURVE('',#6310,#5989,#945,.T.);
#5275=EDGE_CURVE('',#6310,#6309,#946,.T.);
#5276=EDGE_CURVE('',#6311,#5988,#947,.T.);
#5277=EDGE_CURVE('',#6311,#6310,#948,.T.);
#5278=EDGE_CURVE('',#6312,#5987,#949,.T.);
#5279=EDGE_CURVE('',#6312,#6311,#950,.T.);
#5280=EDGE_CURVE('',#6313,#5986,#951,.T.);
#5281=EDGE_CURVE('',#6313,#6312,#952,.T.);
#5282=EDGE_CURVE('',#6314,#5985,#953,.T.);
#5283=EDGE_CURVE('',#6314,#6313,#954,.T.);
#5284=EDGE_CURVE('',#6315,#5984,#955,.T.);
#5285=EDGE_CURVE('',#6315,#6314,#956,.T.);
#5286=EDGE_CURVE('',#6287,#6315,#957,.T.);
#5287=EDGE_CURVE('',#6316,#6317,#284,.T.);
#5288=EDGE_CURVE('',#6318,#6316,#958,.T.);
#5289=EDGE_CURVE('',#6318,#6319,#285,.T.);
#5290=EDGE_CURVE('',#6319,#6317,#959,.T.);
#5291=EDGE_CURVE('',#6320,#6316,#960,.T.);
#5292=EDGE_CURVE('',#6321,#6320,#961,.T.);
#5293=EDGE_CURVE('',#6321,#6318,#962,.T.);
#5294=EDGE_CURVE('',#6322,#6320,#286,.T.);
#5295=EDGE_CURVE('',#6323,#6322,#963,.T.);
#5296=EDGE_CURVE('',#6323,#6321,#287,.T.);
#5297=EDGE_CURVE('',#6324,#6322,#288,.T.);
#5298=EDGE_CURVE('',#6325,#6324,#964,.T.);
#5299=EDGE_CURVE('',#6325,#6323,#289,.T.);
#5300=EDGE_CURVE('',#6326,#6324,#6619,.F.);
#5301=EDGE_CURVE('',#6327,#6326,#965,.T.);
#5302=EDGE_CURVE('',#6327,#6325,#6620,.F.);
#5303=EDGE_CURVE('',#6328,#5959,#966,.T.);
#5304=EDGE_CURVE('',#6328,#6329,#967,.T.);
#5305=EDGE_CURVE('',#6329,#5960,#968,.T.);
#5306=EDGE_CURVE('',#6330,#5981,#969,.T.);
#5307=EDGE_CURVE('',#6330,#6328,#970,.T.);
#5308=EDGE_CURVE('',#6331,#5980,#971,.T.);
#5309=EDGE_CURVE('',#6331,#6330,#972,.T.);
#5310=EDGE_CURVE('',#6332,#5979,#973,.T.);
#5311=EDGE_CURVE('',#6332,#6331,#974,.T.);
#5312=EDGE_CURVE('',#6333,#5978,#975,.T.);
#5313=EDGE_CURVE('',#6333,#6332,#976,.T.);
#5314=EDGE_CURVE('',#6334,#5977,#977,.T.);
#5315=EDGE_CURVE('',#6334,#6333,#290,.T.);
#5316=EDGE_CURVE('',#6335,#5976,#978,.T.);
#5317=EDGE_CURVE('',#6335,#6334,#291,.T.);
#5318=EDGE_CURVE('',#6336,#5975,#979,.T.);
#5319=EDGE_CURVE('',#6336,#6335,#292,.T.);
#5320=EDGE_CURVE('',#6337,#5974,#980,.T.);
#5321=EDGE_CURVE('',#6337,#6336,#981,.T.);
#5322=EDGE_CURVE('',#6338,#5973,#982,.T.);
#5323=EDGE_CURVE('',#6338,#6337,#293,.T.);
#5324=EDGE_CURVE('',#6339,#5972,#983,.T.);
#5325=EDGE_CURVE('',#6339,#6338,#294,.T.);
#5326=EDGE_CURVE('',#6340,#5971,#984,.T.);
#5327=EDGE_CURVE('',#6340,#6339,#295,.T.);
#5328=EDGE_CURVE('',#6341,#5970,#985,.T.);
#5329=EDGE_CURVE('',#6341,#6340,#296,.T.);
#5330=EDGE_CURVE('',#6342,#5969,#986,.T.);
#5331=EDGE_CURVE('',#6342,#6341,#297,.T.);
#5332=EDGE_CURVE('',#6343,#5968,#987,.T.);
#5333=EDGE_CURVE('',#6343,#6342,#988,.T.);
#5334=EDGE_CURVE('',#6344,#5967,#989,.T.);
#5335=EDGE_CURVE('',#6344,#6343,#990,.T.);
#5336=EDGE_CURVE('',#6345,#5966,#991,.T.);
#5337=EDGE_CURVE('',#6345,#6344,#992,.T.);
#5338=EDGE_CURVE('',#6346,#5965,#993,.T.);
#5339=EDGE_CURVE('',#6346,#6345,#994,.T.);
#5340=EDGE_CURVE('',#6347,#5964,#995,.T.);
#5341=EDGE_CURVE('',#6347,#6346,#996,.T.);
#5342=EDGE_CURVE('',#6348,#5963,#997,.T.);
#5343=EDGE_CURVE('',#6348,#6347,#998,.T.);
#5344=EDGE_CURVE('',#6349,#5962,#999,.T.);
#5345=EDGE_CURVE('',#6349,#6348,#298,.T.);
#5346=EDGE_CURVE('',#6350,#5961,#1000,.T.);
#5347=EDGE_CURVE('',#6350,#6349,#299,.T.);
#5348=EDGE_CURVE('',#6329,#6350,#300,.T.);
#5349=EDGE_CURVE('',#6317,#6326,#301,.T.);
#5350=EDGE_CURVE('',#6319,#6327,#302,.T.);
#5351=EDGE_CURVE('',#6351,#6352,#1001,.T.);
#5352=EDGE_CURVE('',#6353,#6351,#1002,.T.);
#5353=EDGE_CURVE('',#6353,#6354,#1003,.T.);
#5354=EDGE_CURVE('',#6354,#6352,#1004,.T.);
#5355=EDGE_CURVE('',#6355,#6351,#1005,.T.);
#5356=EDGE_CURVE('',#6356,#6355,#1006,.T.);
#5357=EDGE_CURVE('',#6356,#6353,#1007,.T.);
#5358=EDGE_CURVE('',#6357,#5937,#1008,.T.);
#5359=EDGE_CURVE('',#6357,#6358,#1009,.T.);
#5360=EDGE_CURVE('',#6358,#5938,#1010,.T.);
#5361=EDGE_CURVE('',#6359,#5958,#1011,.T.);
#5362=EDGE_CURVE('',#6359,#6357,#1012,.T.);
#5363=EDGE_CURVE('',#6360,#5957,#1013,.T.);
#5364=EDGE_CURVE('',#6360,#6359,#1014,.T.);
#5365=EDGE_CURVE('',#6361,#5956,#1015,.T.);
#5366=EDGE_CURVE('',#6361,#6360,#1016,.T.);
#5367=EDGE_CURVE('',#6362,#5955,#1017,.T.);
#5368=EDGE_CURVE('',#6362,#6361,#1018,.T.);
#5369=EDGE_CURVE('',#6363,#5954,#1019,.T.);
#5370=EDGE_CURVE('',#6363,#6362,#1020,.T.);
#5371=EDGE_CURVE('',#6364,#5953,#1021,.T.);
#5372=EDGE_CURVE('',#6364,#6363,#1022,.T.);
#5373=EDGE_CURVE('',#6365,#5952,#1023,.T.);
#5374=EDGE_CURVE('',#6365,#6364,#1024,.T.);
#5375=EDGE_CURVE('',#6366,#5951,#1025,.T.);
#5376=EDGE_CURVE('',#6366,#6365,#1026,.T.);
#5377=EDGE_CURVE('',#6367,#5950,#1027,.T.);
#5378=EDGE_CURVE('',#6367,#6366,#1028,.T.);
#5379=EDGE_CURVE('',#6368,#5949,#1029,.T.);
#5380=EDGE_CURVE('',#6368,#6367,#1030,.T.);
#5381=EDGE_CURVE('',#6369,#5948,#1031,.T.);
#5382=EDGE_CURVE('',#6369,#6368,#1032,.T.);
#5383=EDGE_CURVE('',#6370,#5947,#1033,.T.);
#5384=EDGE_CURVE('',#6370,#6369,#1034,.T.);
#5385=EDGE_CURVE('',#6371,#5946,#1035,.T.);
#5386=EDGE_CURVE('',#6371,#6370,#1036,.T.);
#5387=EDGE_CURVE('',#6372,#5945,#1037,.T.);
#5388=EDGE_CURVE('',#6372,#6371,#1038,.T.);
#5389=EDGE_CURVE('',#6373,#5944,#1039,.T.);
#5390=EDGE_CURVE('',#6373,#6372,#1040,.T.);
#5391=EDGE_CURVE('',#6374,#5943,#1041,.T.);
#5392=EDGE_CURVE('',#6374,#6373,#1042,.T.);
#5393=EDGE_CURVE('',#6375,#5942,#1043,.T.);
#5394=EDGE_CURVE('',#6375,#6374,#1044,.T.);
#5395=EDGE_CURVE('',#6376,#5941,#1045,.T.);
#5396=EDGE_CURVE('',#6376,#6375,#1046,.T.);
#5397=EDGE_CURVE('',#6377,#5940,#1047,.T.);
#5398=EDGE_CURVE('',#6377,#6376,#1048,.T.);
#5399=EDGE_CURVE('',#6378,#5939,#1049,.T.);
#5400=EDGE_CURVE('',#6378,#6377,#1050,.T.);
#5401=EDGE_CURVE('',#6358,#6378,#1051,.T.);
#5402=EDGE_CURVE('',#6352,#6355,#1052,.T.);
#5403=EDGE_CURVE('',#6354,#6356,#1053,.T.);
#5404=EDGE_CURVE('',#6379,#6380,#303,.T.);
#5405=EDGE_CURVE('',#6381,#6379,#1054,.T.);
#5406=EDGE_CURVE('',#6381,#6382,#304,.T.);
#5407=EDGE_CURVE('',#6382,#6380,#1055,.T.);
#5408=EDGE_CURVE('',#6383,#6379,#305,.T.);
#5409=EDGE_CURVE('',#6384,#6383,#1056,.T.);
#5410=EDGE_CURVE('',#6384,#6381,#306,.T.);
#5411=EDGE_CURVE('',#6385,#6383,#307,.T.);
#5412=EDGE_CURVE('',#6386,#6385,#1057,.T.);
#5413=EDGE_CURVE('',#6386,#6384,#308,.T.);
#5414=EDGE_CURVE('',#6387,#6385,#1058,.T.);
#5415=EDGE_CURVE('',#6388,#6387,#1059,.T.);
#5416=EDGE_CURVE('',#6388,#6386,#1060,.T.);
#5417=EDGE_CURVE('',#6389,#6387,#1061,.T.);
#5418=EDGE_CURVE('',#6390,#6389,#1062,.T.);
#5419=EDGE_CURVE('',#6390,#6388,#1063,.T.);
#5420=EDGE_CURVE('',#6391,#6389,#309,.T.);
#5421=EDGE_CURVE('',#6392,#6391,#1064,.T.);
#5422=EDGE_CURVE('',#6392,#6390,#310,.T.);
#5423=EDGE_CURVE('',#6393,#6391,#311,.T.);
#5424=EDGE_CURVE('',#6394,#6393,#1065,.T.);
#5425=EDGE_CURVE('',#6394,#6392,#312,.T.);
#5426=EDGE_CURVE('',#6395,#5917,#1066,.T.);
#5427=EDGE_CURVE('',#6395,#6396,#1067,.T.);
#5428=EDGE_CURVE('',#6396,#5918,#1068,.T.);
#5429=EDGE_CURVE('',#6397,#5936,#1069,.T.);
#5430=EDGE_CURVE('',#6397,#6395,#1070,.T.);
#5431=EDGE_CURVE('',#6398,#5935,#1071,.T.);
#5432=EDGE_CURVE('',#6398,#6397,#1072,.T.);
#5433=EDGE_CURVE('',#6399,#5934,#1073,.T.);
#5434=EDGE_CURVE('',#6399,#6398,#1074,.T.);
#5435=EDGE_CURVE('',#6400,#5933,#1075,.T.);
#5436=EDGE_CURVE('',#6400,#6399,#1076,.T.);
#5437=EDGE_CURVE('',#6401,#5932,#1077,.T.);
#5438=EDGE_CURVE('',#6401,#6400,#1078,.T.);
#5439=EDGE_CURVE('',#6402,#5931,#1079,.T.);
#5440=EDGE_CURVE('',#6402,#6401,#1080,.T.);
#5441=EDGE_CURVE('',#6403,#5930,#1081,.T.);
#5442=EDGE_CURVE('',#6403,#6402,#1082,.T.);
#5443=EDGE_CURVE('',#6404,#5929,#1083,.T.);
#5444=EDGE_CURVE('',#6404,#6403,#1084,.T.);
#5445=EDGE_CURVE('',#6405,#5928,#1085,.T.);
#5446=EDGE_CURVE('',#6405,#6404,#6621,.T.);
#5447=EDGE_CURVE('',#6406,#5927,#1086,.T.);
#5448=EDGE_CURVE('',#6406,#6405,#313,.T.);
#5449=EDGE_CURVE('',#6407,#5926,#1087,.T.);
#5450=EDGE_CURVE('',#6407,#6406,#314,.T.);
#5451=EDGE_CURVE('',#6408,#5925,#1088,.T.);
#5452=EDGE_CURVE('',#6408,#6407,#315,.T.);
#5453=EDGE_CURVE('',#6409,#5924,#1089,.T.);
#5454=EDGE_CURVE('',#6409,#6408,#316,.T.);
#5455=EDGE_CURVE('',#6410,#5923,#1090,.T.);
#5456=EDGE_CURVE('',#6410,#6409,#317,.T.);
#5457=EDGE_CURVE('',#6411,#5922,#1091,.T.);
#5458=EDGE_CURVE('',#6411,#6410,#1092,.T.);
#5459=EDGE_CURVE('',#6412,#5921,#1093,.T.);
#5460=EDGE_CURVE('',#6412,#6411,#1094,.T.);
#5461=EDGE_CURVE('',#6413,#5920,#1095,.T.);
#5462=EDGE_CURVE('',#6413,#6412,#1096,.T.);
#5463=EDGE_CURVE('',#6414,#5919,#1097,.T.);
#5464=EDGE_CURVE('',#6414,#6413,#1098,.T.);
#5465=EDGE_CURVE('',#6396,#6414,#1099,.T.);
#5466=EDGE_CURVE('',#6380,#6393,#318,.T.);
#5467=EDGE_CURVE('',#6382,#6394,#319,.T.);
#5468=EDGE_CURVE('',#6415,#6416,#320,.T.);
#5469=EDGE_CURVE('',#6417,#6415,#1100,.T.);
#5470=EDGE_CURVE('',#6417,#6418,#321,.T.);
#5471=EDGE_CURVE('',#6418,#6416,#1101,.T.);
#5472=EDGE_CURVE('',#6419,#6415,#322,.T.);
#5473=EDGE_CURVE('',#6420,#6419,#1102,.T.);
#5474=EDGE_CURVE('',#6420,#6417,#323,.T.);
#5475=EDGE_CURVE('',#6421,#6419,#324,.T.);
#5476=EDGE_CURVE('',#6422,#6421,#1103,.T.);
#5477=EDGE_CURVE('',#6422,#6420,#325,.T.);
#5478=EDGE_CURVE('',#6423,#6421,#1104,.T.);
#5479=EDGE_CURVE('',#6424,#6423,#1105,.T.);
#5480=EDGE_CURVE('',#6424,#6422,#1106,.T.);
#5481=EDGE_CURVE('',#6425,#6423,#1107,.T.);
#5482=EDGE_CURVE('',#6426,#6425,#1108,.T.);
#5483=EDGE_CURVE('',#6426,#6424,#1109,.T.);
#5484=EDGE_CURVE('',#6427,#6425,#326,.T.);
#5485=EDGE_CURVE('',#6428,#6427,#1110,.T.);
#5486=EDGE_CURVE('',#6428,#6426,#327,.T.);
#5487=EDGE_CURVE('',#6429,#6427,#328,.T.);
#5488=EDGE_CURVE('',#6430,#6429,#1111,.T.);
#5489=EDGE_CURVE('',#6430,#6428,#329,.T.);
#5490=EDGE_CURVE('',#6431,#5897,#1112,.T.);
#5491=EDGE_CURVE('',#6431,#6432,#1113,.T.);
#5492=EDGE_CURVE('',#6432,#5898,#1114,.T.);
#5493=EDGE_CURVE('',#6433,#5916,#1115,.T.);
#5494=EDGE_CURVE('',#6433,#6431,#1116,.T.);
#5495=EDGE_CURVE('',#6434,#5915,#1117,.T.);
#5496=EDGE_CURVE('',#6434,#6433,#1118,.T.);
#5497=EDGE_CURVE('',#6435,#5914,#1119,.T.);
#5498=EDGE_CURVE('',#6435,#6434,#1120,.T.);
#5499=EDGE_CURVE('',#6436,#5913,#1121,.T.);
#5500=EDGE_CURVE('',#6436,#6435,#1122,.T.);
#5501=EDGE_CURVE('',#6437,#5912,#1123,.T.);
#5502=EDGE_CURVE('',#6437,#6436,#1124,.T.);
#5503=EDGE_CURVE('',#6438,#5911,#1125,.T.);
#5504=EDGE_CURVE('',#6438,#6437,#1126,.T.);
#5505=EDGE_CURVE('',#6439,#5910,#1127,.T.);
#5506=EDGE_CURVE('',#6439,#6438,#1128,.T.);
#5507=EDGE_CURVE('',#6440,#5909,#1129,.T.);
#5508=EDGE_CURVE('',#6440,#6439,#1130,.T.);
#5509=EDGE_CURVE('',#6441,#5908,#1131,.T.);
#5510=EDGE_CURVE('',#6441,#6440,#6622,.T.);
#5511=EDGE_CURVE('',#6442,#5907,#1132,.T.);
#5512=EDGE_CURVE('',#6442,#6441,#330,.T.);
#5513=EDGE_CURVE('',#6443,#5906,#1133,.T.);
#5514=EDGE_CURVE('',#6443,#6442,#331,.T.);
#5515=EDGE_CURVE('',#6444,#5905,#1134,.T.);
#5516=EDGE_CURVE('',#6444,#6443,#332,.T.);
#5517=EDGE_CURVE('',#6445,#5904,#1135,.T.);
#5518=EDGE_CURVE('',#6445,#6444,#333,.T.);
#5519=EDGE_CURVE('',#6446,#5903,#1136,.T.);
#5520=EDGE_CURVE('',#6446,#6445,#334,.T.);
#5521=EDGE_CURVE('',#6447,#5902,#1137,.T.);
#5522=EDGE_CURVE('',#6447,#6446,#1138,.T.);
#5523=EDGE_CURVE('',#6448,#5901,#1139,.T.);
#5524=EDGE_CURVE('',#6448,#6447,#1140,.T.);
#5525=EDGE_CURVE('',#6449,#5900,#1141,.T.);
#5526=EDGE_CURVE('',#6449,#6448,#1142,.T.);
#5527=EDGE_CURVE('',#6450,#5899,#1143,.T.);
#5528=EDGE_CURVE('',#6450,#6449,#1144,.T.);
#5529=EDGE_CURVE('',#6432,#6450,#1145,.T.);
#5530=EDGE_CURVE('',#6416,#6429,#335,.T.);
#5531=EDGE_CURVE('',#6418,#6430,#336,.T.);
#5532=EDGE_CURVE('',#6451,#5873,#1146,.T.);
#5533=EDGE_CURVE('',#6451,#6452,#1147,.T.);
#5534=EDGE_CURVE('',#6452,#5874,#1148,.T.);
#5535=EDGE_CURVE('',#6453,#5896,#1149,.T.);
#5536=EDGE_CURVE('',#6453,#6451,#1150,.T.);
#5537=EDGE_CURVE('',#6454,#5895,#1151,.T.);
#5538=EDGE_CURVE('',#6454,#6453,#1152,.T.);
#5539=EDGE_CURVE('',#6455,#5894,#1153,.T.);
#5540=EDGE_CURVE('',#6455,#6454,#1154,.T.);
#5541=EDGE_CURVE('',#6456,#5893,#1155,.T.);
#5542=EDGE_CURVE('',#6456,#6455,#1156,.T.);
#5543=EDGE_CURVE('',#6457,#5892,#1157,.T.);
#5544=EDGE_CURVE('',#6457,#6456,#1158,.T.);
#5545=EDGE_CURVE('',#6458,#5891,#1159,.T.);
#5546=EDGE_CURVE('',#6458,#6457,#1160,.T.);
#5547=EDGE_CURVE('',#6459,#5890,#1161,.T.);
#5548=EDGE_CURVE('',#6459,#6458,#1162,.T.);
#5549=EDGE_CURVE('',#6460,#5889,#1163,.T.);
#5550=EDGE_CURVE('',#6460,#6459,#1164,.T.);
#5551=EDGE_CURVE('',#6461,#5888,#1165,.T.);
#5552=EDGE_CURVE('',#6461,#6460,#1166,.T.);
#5553=EDGE_CURVE('',#6462,#5887,#1167,.T.);
#5554=EDGE_CURVE('',#6462,#6461,#1168,.T.);
#5555=EDGE_CURVE('',#6463,#5886,#1169,.T.);
#5556=EDGE_CURVE('',#6463,#6462,#1170,.T.);
#5557=EDGE_CURVE('',#6464,#5885,#1171,.T.);
#5558=EDGE_CURVE('',#6464,#6463,#1172,.T.);
#5559=EDGE_CURVE('',#6465,#5884,#1173,.T.);
#5560=EDGE_CURVE('',#6465,#6464,#1174,.T.);
#5561=EDGE_CURVE('',#6466,#5883,#1175,.T.);
#5562=EDGE_CURVE('',#6466,#6465,#337,.T.);
#5563=EDGE_CURVE('',#6467,#5882,#1176,.T.);
#5564=EDGE_CURVE('',#6467,#6466,#6623,.F.);
#5565=EDGE_CURVE('',#6468,#5881,#1177,.T.);
#5566=EDGE_CURVE('',#6468,#6467,#338,.T.);
#5567=EDGE_CURVE('',#6469,#5880,#1178,.T.);
#5568=EDGE_CURVE('',#6469,#6468,#1179,.T.);
#5569=EDGE_CURVE('',#6470,#5879,#1180,.T.);
#5570=EDGE_CURVE('',#6470,#6469,#1181,.T.);
#5571=EDGE_CURVE('',#6471,#5878,#1182,.T.);
#5572=EDGE_CURVE('',#6471,#6470,#1183,.T.);
#5573=EDGE_CURVE('',#6472,#5877,#1184,.T.);
#5574=EDGE_CURVE('',#6472,#6471,#6624,.T.);
#5575=EDGE_CURVE('',#6473,#5876,#1185,.T.);
#5576=EDGE_CURVE('',#6473,#6472,#339,.T.);
#5577=EDGE_CURVE('',#6474,#5875,#1186,.T.);
#5578=EDGE_CURVE('',#6474,#6473,#340,.T.);
#5579=EDGE_CURVE('',#6452,#6474,#1187,.T.);
#5580=EDGE_CURVE('',#6475,#5865,#1188,.T.);
#5581=EDGE_CURVE('',#6475,#6476,#341,.T.);
#5582=EDGE_CURVE('',#6476,#5866,#1189,.T.);
#5583=EDGE_CURVE('',#6477,#5872,#1190,.T.);
#5584=EDGE_CURVE('',#6477,#6475,#342,.T.);
#5585=EDGE_CURVE('',#6478,#5871,#1191,.T.);
#5586=EDGE_CURVE('',#6478,#6477,#343,.T.);
#5587=EDGE_CURVE('',#6479,#5870,#1192,.T.);
#5588=EDGE_CURVE('',#6479,#6478,#344,.T.);
#5589=EDGE_CURVE('',#6480,#5869,#1193,.T.);
#5590=EDGE_CURVE('',#6480,#6479,#345,.T.);
#5591=EDGE_CURVE('',#6481,#5868,#1194,.T.);
#5592=EDGE_CURVE('',#6481,#6480,#346,.T.);
#5593=EDGE_CURVE('',#6482,#5867,#1195,.T.);
#5594=EDGE_CURVE('',#6482,#6481,#347,.T.);
#5595=EDGE_CURVE('',#6483,#6484,#348,.T.);
#5596=EDGE_CURVE('',#6485,#6483,#1196,.T.);
#5597=EDGE_CURVE('',#6485,#6486,#349,.T.);
#5598=EDGE_CURVE('',#6486,#6484,#1197,.T.);
#5599=EDGE_CURVE('',#6487,#6483,#350,.T.);
#5600=EDGE_CURVE('',#6488,#6487,#1198,.T.);
#5601=EDGE_CURVE('',#6488,#6485,#351,.T.);
#5602=EDGE_CURVE('',#6489,#6487,#352,.T.);
#5603=EDGE_CURVE('',#6490,#6489,#1199,.T.);
#5604=EDGE_CURVE('',#6490,#6488,#353,.T.);
#5605=EDGE_CURVE('',#6491,#6489,#354,.T.);
#5606=EDGE_CURVE('',#6492,#6491,#1200,.T.);
#5607=EDGE_CURVE('',#6492,#6490,#355,.T.);
#5608=EDGE_CURVE('',#6484,#6491,#356,.T.);
#5609=EDGE_CURVE('',#6486,#6492,#357,.T.);
#5610=EDGE_CURVE('',#6476,#6482,#358,.T.);
#5611=EDGE_CURVE('',#6493,#5848,#1201,.T.);
#5612=EDGE_CURVE('',#6493,#6494,#1202,.T.);
#5613=EDGE_CURVE('',#6494,#5849,#1203,.T.);
#5614=EDGE_CURVE('',#6495,#5864,#1204,.T.);
#5615=EDGE_CURVE('',#6495,#6493,#1205,.T.);
#5616=EDGE_CURVE('',#6496,#5863,#1206,.T.);
#5617=EDGE_CURVE('',#6496,#6495,#1207,.T.);
#5618=EDGE_CURVE('',#6497,#5862,#1208,.T.);
#5619=EDGE_CURVE('',#6497,#6496,#1209,.T.);
#5620=EDGE_CURVE('',#6498,#5861,#1210,.T.);
#5621=EDGE_CURVE('',#6498,#6497,#1211,.T.);
#5622=EDGE_CURVE('',#6499,#5860,#1212,.T.);
#5623=EDGE_CURVE('',#6499,#6498,#1213,.T.);
#5624=EDGE_CURVE('',#6500,#5859,#1214,.T.);
#5625=EDGE_CURVE('',#6500,#6499,#1215,.T.);
#5626=EDGE_CURVE('',#6501,#5858,#1216,.T.);
#5627=EDGE_CURVE('',#6501,#6500,#1217,.T.);
#5628=EDGE_CURVE('',#6502,#5857,#1218,.T.);
#5629=EDGE_CURVE('',#6502,#6501,#1219,.T.);
#5630=EDGE_CURVE('',#6503,#5856,#1220,.T.);
#5631=EDGE_CURVE('',#6503,#6502,#1221,.T.);
#5632=EDGE_CURVE('',#6504,#5855,#1222,.T.);
#5633=EDGE_CURVE('',#6504,#6503,#1223,.T.);
#5634=EDGE_CURVE('',#6505,#5854,#1224,.T.);
#5635=EDGE_CURVE('',#6505,#6504,#1225,.T.);
#5636=EDGE_CURVE('',#6506,#5853,#1226,.T.);
#5637=EDGE_CURVE('',#6506,#6505,#1227,.T.);
#5638=EDGE_CURVE('',#6507,#5852,#1228,.T.);
#5639=EDGE_CURVE('',#6507,#6506,#1229,.T.);
#5640=EDGE_CURVE('',#6508,#5851,#1230,.T.);
#5641=EDGE_CURVE('',#6508,#6507,#1231,.T.);
#5642=EDGE_CURVE('',#6509,#5850,#1232,.T.);
#5643=EDGE_CURVE('',#6509,#6508,#1233,.T.);
#5644=EDGE_CURVE('',#6494,#6509,#1234,.T.);
#5645=EDGE_CURVE('',#6510,#6511,#1235,.T.);
#5646=EDGE_CURVE('',#6512,#6510,#1236,.T.);
#5647=EDGE_CURVE('',#6512,#6513,#1237,.T.);
#5648=EDGE_CURVE('',#6513,#6511,#1238,.T.);
#5649=EDGE_CURVE('',#6514,#6510,#359,.T.);
#5650=EDGE_CURVE('',#6515,#6514,#1239,.T.);
#5651=EDGE_CURVE('',#6515,#6512,#360,.T.);
#5652=EDGE_CURVE('',#6516,#6514,#361,.T.);
#5653=EDGE_CURVE('',#6517,#6516,#1240,.T.);
#5654=EDGE_CURVE('',#6517,#6515,#362,.T.);
#5655=EDGE_CURVE('',#6518,#5831,#1241,.T.);
#5656=EDGE_CURVE('',#6518,#6519,#363,.T.);
#5657=EDGE_CURVE('',#6519,#5832,#1242,.T.);
#5658=EDGE_CURVE('',#6520,#5847,#1243,.T.);
#5659=EDGE_CURVE('',#6520,#6518,#364,.T.);
#5660=EDGE_CURVE('',#6521,#5846,#1244,.T.);
#5661=EDGE_CURVE('',#6521,#6520,#1245,.T.);
#5662=EDGE_CURVE('',#6522,#5845,#1246,.T.);
#5663=EDGE_CURVE('',#6522,#6521,#1247,.T.);
#5664=EDGE_CURVE('',#6523,#5844,#1248,.T.);
#5665=EDGE_CURVE('',#6523,#6522,#1249,.T.);
#5666=EDGE_CURVE('',#6524,#5843,#1250,.T.);
#5667=EDGE_CURVE('',#6524,#6523,#1251,.T.);
#5668=EDGE_CURVE('',#6525,#5842,#1252,.T.);
#5669=EDGE_CURVE('',#6525,#6524,#1253,.T.);
#5670=EDGE_CURVE('',#6526,#5841,#1254,.T.);
#5671=EDGE_CURVE('',#6526,#6525,#365,.T.);
#5672=EDGE_CURVE('',#6527,#5840,#1255,.T.);
#5673=EDGE_CURVE('',#6527,#6526,#366,.T.);
#5674=EDGE_CURVE('',#6528,#5839,#1256,.T.);
#5675=EDGE_CURVE('',#6528,#6527,#367,.T.);
#5676=EDGE_CURVE('',#6529,#5838,#1257,.T.);
#5677=EDGE_CURVE('',#6529,#6528,#1258,.T.);
#5678=EDGE_CURVE('',#6530,#5837,#1259,.T.);
#5679=EDGE_CURVE('',#6530,#6529,#6625,.T.);
#5680=EDGE_CURVE('',#6531,#5836,#1260,.T.);
#5681=EDGE_CURVE('',#6531,#6530,#368,.T.);
#5682=EDGE_CURVE('',#6532,#5835,#1261,.T.);
#5683=EDGE_CURVE('',#6532,#6531,#369,.T.);
#5684=EDGE_CURVE('',#6533,#5834,#1262,.T.);
#5685=EDGE_CURVE('',#6533,#6532,#370,.T.);
#5686=EDGE_CURVE('',#6534,#5833,#1263,.T.);
#5687=EDGE_CURVE('',#6534,#6533,#371,.T.);
#5688=EDGE_CURVE('',#6519,#6534,#372,.T.);
#5689=EDGE_CURVE('',#6511,#6516,#373,.T.);
#5690=EDGE_CURVE('',#6513,#6517,#374,.T.);
#5691=EDGE_CURVE('',#6535,#6536,#375,.T.);
#5692=EDGE_CURVE('',#6537,#6535,#1264,.T.);
#5693=EDGE_CURVE('',#6537,#6538,#376,.T.);
#5694=EDGE_CURVE('',#6538,#6536,#1265,.T.);
#5695=EDGE_CURVE('',#6539,#6535,#377,.T.);
#5696=EDGE_CURVE('',#6540,#6539,#1266,.T.);
#5697=EDGE_CURVE('',#6540,#6537,#378,.T.);
#5698=EDGE_CURVE('',#6541,#6539,#379,.T.);
#5699=EDGE_CURVE('',#6542,#6541,#1267,.T.);
#5700=EDGE_CURVE('',#6542,#6540,#380,.T.);
#5701=EDGE_CURVE('',#6543,#6541,#1268,.T.);
#5702=EDGE_CURVE('',#6544,#6543,#1269,.T.);
#5703=EDGE_CURVE('',#6544,#6542,#1270,.T.);
#5704=EDGE_CURVE('',#6545,#6543,#1271,.T.);
#5705=EDGE_CURVE('',#6546,#6545,#1272,.T.);
#5706=EDGE_CURVE('',#6546,#6544,#1273,.T.);
#5707=EDGE_CURVE('',#6547,#6545,#381,.T.);
#5708=EDGE_CURVE('',#6548,#6547,#1274,.T.);
#5709=EDGE_CURVE('',#6548,#6546,#382,.T.);
#5710=EDGE_CURVE('',#6549,#6547,#383,.T.);
#5711=EDGE_CURVE('',#6550,#6549,#1275,.T.);
#5712=EDGE_CURVE('',#6550,#6548,#384,.T.);
#5713=EDGE_CURVE('',#6551,#5813,#1276,.T.);
#5714=EDGE_CURVE('',#6551,#6552,#1277,.T.);
#5715=EDGE_CURVE('',#6552,#5814,#1278,.T.);
#5716=EDGE_CURVE('',#6553,#5830,#1279,.T.);
#5717=EDGE_CURVE('',#6553,#6551,#1280,.T.);
#5718=EDGE_CURVE('',#6554,#5829,#1281,.T.);
#5719=EDGE_CURVE('',#6554,#6553,#1282,.T.);
#5720=EDGE_CURVE('',#6555,#5828,#1283,.T.);
#5721=EDGE_CURVE('',#6555,#6554,#1284,.T.);
#5722=EDGE_CURVE('',#6556,#5827,#1285,.T.);
#5723=EDGE_CURVE('',#6556,#6555,#1286,.T.);
#5724=EDGE_CURVE('',#6557,#5826,#1287,.T.);
#5725=EDGE_CURVE('',#6557,#6556,#1288,.T.);
#5726=EDGE_CURVE('',#6558,#5825,#1289,.T.);
#5727=EDGE_CURVE('',#6558,#6557,#1290,.T.);
#5728=EDGE_CURVE('',#6559,#5824,#1291,.T.);
#5729=EDGE_CURVE('',#6559,#6558,#1292,.T.);
#5730=EDGE_CURVE('',#6560,#5823,#1293,.T.);
#5731=EDGE_CURVE('',#6560,#6559,#1294,.T.);
#5732=EDGE_CURVE('',#6561,#5822,#1295,.T.);
#5733=EDGE_CURVE('',#6561,#6560,#1296,.T.);
#5734=EDGE_CURVE('',#6562,#5821,#1297,.T.);
#5735=EDGE_CURVE('',#6562,#6561,#1298,.T.);
#5736=EDGE_CURVE('',#6563,#5820,#1299,.T.);
#5737=EDGE_CURVE('',#6563,#6562,#1300,.T.);
#5738=EDGE_CURVE('',#6564,#5819,#1301,.T.);
#5739=EDGE_CURVE('',#6564,#6563,#6626,.T.);
#5740=EDGE_CURVE('',#6565,#5818,#1302,.T.);
#5741=EDGE_CURVE('',#6565,#6564,#385,.T.);
#5742=EDGE_CURVE('',#6566,#5817,#1303,.T.);
#5743=EDGE_CURVE('',#6566,#6565,#386,.T.);
#5744=EDGE_CURVE('',#6567,#5816,#1304,.T.);
#5745=EDGE_CURVE('',#6567,#6566,#387,.T.);
#5746=EDGE_CURVE('',#6568,#5815,#1305,.T.);
#5747=EDGE_CURVE('',#6568,#6567,#388,.T.);
#5748=EDGE_CURVE('',#6552,#6568,#389,.T.);
#5749=EDGE_CURVE('',#6536,#6549,#390,.T.);
#5750=EDGE_CURVE('',#6538,#6550,#391,.T.);
#5751=EDGE_CURVE('',#6569,#6570,#1306,.T.);
#5752=EDGE_CURVE('',#6570,#5812,#392,.T.);
#5753=EDGE_CURVE('',#5811,#6569,#393,.T.);
#5754=EDGE_CURVE('',#5809,#6571,#394,.T.);
#5755=EDGE_CURVE('',#6572,#6571,#1307,.T.);
#5756=EDGE_CURVE('',#6572,#5810,#395,.T.);
#5757=EDGE_CURVE('',#5807,#6573,#396,.T.);
#5758=EDGE_CURVE('',#6574,#6573,#1308,.T.);
#5759=EDGE_CURVE('',#6574,#5808,#397,.T.);
#5760=EDGE_CURVE('',#6575,#6576,#1309,.T.);
#5761=EDGE_CURVE('',#6576,#5806,#398,.T.);
#5762=EDGE_CURVE('',#5805,#6575,#399,.T.);
#5763=EDGE_CURVE('',#6569,#6572,#400,.T.);
#5764=EDGE_CURVE('',#6571,#6574,#401,.T.);
#5765=EDGE_CURVE('',#6573,#6576,#402,.T.);
#5766=EDGE_CURVE('',#6575,#6570,#403,.T.);
#5767=EDGE_CURVE('',#6577,#6578,#1310,.T.);
#5768=EDGE_CURVE('',#6578,#6579,#404,.T.);
#5769=EDGE_CURVE('',#6580,#6579,#1311,.T.);
#5770=EDGE_CURVE('',#6580,#6581,#405,.T.);
#5771=EDGE_CURVE('',#6582,#6581,#1312,.T.);
#5772=EDGE_CURVE('',#6582,#6583,#406,.T.);
#5773=EDGE_CURVE('',#6583,#6584,#1313,.T.);
#5774=EDGE_CURVE('',#6584,#6577,#407,.T.);
#5775=EDGE_CURVE('',#6585,#6585,#6627,.T.);
#5776=EDGE_CURVE('',#6586,#6586,#6628,.T.);
#5777=EDGE_CURVE('',#6587,#6588,#1314,.T.);
#5778=EDGE_CURVE('',#6588,#6589,#408,.T.);
#5779=EDGE_CURVE('',#6590,#6589,#1315,.T.);
#5780=EDGE_CURVE('',#6590,#6591,#409,.T.);
#5781=EDGE_CURVE('',#6592,#6591,#1316,.T.);
#5782=EDGE_CURVE('',#6592,#6593,#410,.T.);
#5783=EDGE_CURVE('',#6593,#6594,#1317,.T.);
#5784=EDGE_CURVE('',#6594,#6587,#411,.T.);
#5785=EDGE_CURVE('',#6579,#6588,#412,.T.);
#5786=EDGE_CURVE('',#6587,#6580,#413,.T.);
#5787=EDGE_CURVE('',#6589,#6578,#414,.T.);
#5788=EDGE_CURVE('',#6577,#6590,#415,.T.);
#5789=EDGE_CURVE('',#6591,#6584,#416,.T.);
#5790=EDGE_CURVE('',#6583,#6592,#417,.T.);
#5791=EDGE_CURVE('',#6581,#6594,#418,.T.);
#5792=EDGE_CURVE('',#6593,#6582,#419,.T.);
#5793=EDGE_CURVE('',#6595,#6595,#6629,.T.);
#5794=EDGE_CURVE('',#6596,#6596,#6630,.F.);
#5795=EDGE_CURVE('',#6597,#6597,#6631,.T.);
#5796=EDGE_CURVE('',#6598,#6598,#420,.T.);
#5797=EDGE_CURVE('',#6599,#6599,#6632,.T.);
#5798=EDGE_CURVE('',#6600,#6600,#6633,.T.);
#5799=EDGE_CURVE('',#6601,#6601,#6634,.T.);
#5800=EDGE_CURVE('',#6602,#6602,#6635,.T.);
#5801=EDGE_CURVE('',#6603,#6603,#421,.T.);
#5802=VERTEX_POINT('',#10230);
#5803=VERTEX_POINT('',#10232);
#5804=VERTEX_POINT('',#10234);
#5805=VERTEX_POINT('',#10236);
#5806=VERTEX_POINT('',#10237);
#5807=VERTEX_POINT('',#10242);
#5808=VERTEX_POINT('',#10244);
#5809=VERTEX_POINT('',#10249);
#5810=VERTEX_POINT('',#10251);
#5811=VERTEX_POINT('',#10256);
#5812=VERTEX_POINT('',#10258);
#5813=VERTEX_POINT('',#10264);
#5814=VERTEX_POINT('',#10265);
#5815=VERTEX_POINT('',#10269);
#5816=VERTEX_POINT('',#10273);
#5817=VERTEX_POINT('',#10277);
#5818=VERTEX_POINT('',#10281);
#5819=VERTEX_POINT('',#10285);
#5820=VERTEX_POINT('',#10287);
#5821=VERTEX_POINT('',#10289);
#5822=VERTEX_POINT('',#10291);
#5823=VERTEX_POINT('',#10293);
#5824=VERTEX_POINT('',#10295);
#5825=VERTEX_POINT('',#10297);
#5826=VERTEX_POINT('',#10299);
#5827=VERTEX_POINT('',#10301);
#5828=VERTEX_POINT('',#10303);
#5829=VERTEX_POINT('',#10305);
#5830=VERTEX_POINT('',#10307);
#5831=VERTEX_POINT('',#10312);
#5832=VERTEX_POINT('',#10313);
#5833=VERTEX_POINT('',#10317);
#5834=VERTEX_POINT('',#10321);
#5835=VERTEX_POINT('',#10325);
#5836=VERTEX_POINT('',#10329);
#5837=VERTEX_POINT('',#10333);
#5838=VERTEX_POINT('',#10335);
#5839=VERTEX_POINT('',#10337);
#5840=VERTEX_POINT('',#10341);
#5841=VERTEX_POINT('',#10345);
#5842=VERTEX_POINT('',#10349);
#5843=VERTEX_POINT('',#10351);
#5844=VERTEX_POINT('',#10353);
#5845=VERTEX_POINT('',#10355);
#5846=VERTEX_POINT('',#10357);
#5847=VERTEX_POINT('',#10359);
#5848=VERTEX_POINT('',#10364);
#5849=VERTEX_POINT('',#10365);
#5850=VERTEX_POINT('',#10367);
#5851=VERTEX_POINT('',#10369);
#5852=VERTEX_POINT('',#10371);
#5853=VERTEX_POINT('',#10373);
#5854=VERTEX_POINT('',#10375);
#5855=VERTEX_POINT('',#10377);
#5856=VERTEX_POINT('',#10379);
#5857=VERTEX_POINT('',#10381);
#5858=VERTEX_POINT('',#10383);
#5859=VERTEX_POINT('',#10385);
#5860=VERTEX_POINT('',#10387);
#5861=VERTEX_POINT('',#10389);
#5862=VERTEX_POINT('',#10391);
#5863=VERTEX_POINT('',#10393);
#5864=VERTEX_POINT('',#10395);
#5865=VERTEX_POINT('',#10400);
#5866=VERTEX_POINT('',#10401);
#5867=VERTEX_POINT('',#10405);
#5868=VERTEX_POINT('',#10409);
#5869=VERTEX_POINT('',#10413);
#5870=VERTEX_POINT('',#10417);
#5871=VERTEX_POINT('',#10421);
#5872=VERTEX_POINT('',#10425);
#5873=VERTEX_POINT('',#10430);
#5874=VERTEX_POINT('',#10431);
#5875=VERTEX_POINT('',#10433);
#5876=VERTEX_POINT('',#10437);
#5877=VERTEX_POINT('',#10441);
#5878=VERTEX_POINT('',#10443);
#5879=VERTEX_POINT('',#10445);
#5880=VERTEX_POINT('',#10447);
#5881=VERTEX_POINT('',#10449);
#5882=VERTEX_POINT('',#10453);
#5883=VERTEX_POINT('',#10455);
#5884=VERTEX_POINT('',#10459);
#5885=VERTEX_POINT('',#10461);
#5886=VERTEX_POINT('',#10463);
#5887=VERTEX_POINT('',#10465);
#5888=VERTEX_POINT('',#10467);
#5889=VERTEX_POINT('',#10469);
#5890=VERTEX_POINT('',#10471);
#5891=VERTEX_POINT('',#10473);
#5892=VERTEX_POINT('',#10475);
#5893=VERTEX_POINT('',#10477);
#5894=VERTEX_POINT('',#10479);
#5895=VERTEX_POINT('',#10481);
#5896=VERTEX_POINT('',#10483);
#5897=VERTEX_POINT('',#10486);
#5898=VERTEX_POINT('',#10487);
#5899=VERTEX_POINT('',#10489);
#5900=VERTEX_POINT('',#10491);
#5901=VERTEX_POINT('',#10493);
#5902=VERTEX_POINT('',#10495);
#5903=VERTEX_POINT('',#10497);
#5904=VERTEX_POINT('',#10501);
#5905=VERTEX_POINT('',#10505);
#5906=VERTEX_POINT('',#10509);
#5907=VERTEX_POINT('',#10513);
#5908=VERTEX_POINT('',#10517);
#5909=VERTEX_POINT('',#10519);
#5910=VERTEX_POINT('',#10521);
#5911=VERTEX_POINT('',#10523);
#5912=VERTEX_POINT('',#10525);
#5913=VERTEX_POINT('',#10527);
#5914=VERTEX_POINT('',#10529);
#5915=VERTEX_POINT('',#10531);
#5916=VERTEX_POINT('',#10533);
#5917=VERTEX_POINT('',#10536);
#5918=VERTEX_POINT('',#10537);
#5919=VERTEX_POINT('',#10539);
#5920=VERTEX_POINT('',#10541);
#5921=VERTEX_POINT('',#10543);
#5922=VERTEX_POINT('',#10545);
#5923=VERTEX_POINT('',#10547);
#5924=VERTEX_POINT('',#10551);
#5925=VERTEX_POINT('',#10555);
#5926=VERTEX_POINT('',#10559);
#5927=VERTEX_POINT('',#10563);
#5928=VERTEX_POINT('',#10567);
#5929=VERTEX_POINT('',#10569);
#5930=VERTEX_POINT('',#10571);
#5931=VERTEX_POINT('',#10573);
#5932=VERTEX_POINT('',#10575);
#5933=VERTEX_POINT('',#10577);
#5934=VERTEX_POINT('',#10579);
#5935=VERTEX_POINT('',#10581);
#5936=VERTEX_POINT('',#10583);
#5937=VERTEX_POINT('',#10586);
#5938=VERTEX_POINT('',#10587);
#5939=VERTEX_POINT('',#10589);
#5940=VERTEX_POINT('',#10591);
#5941=VERTEX_POINT('',#10593);
#5942=VERTEX_POINT('',#10595);
#5943=VERTEX_POINT('',#10597);
#5944=VERTEX_POINT('',#10599);
#5945=VERTEX_POINT('',#10601);
#5946=VERTEX_POINT('',#10603);
#5947=VERTEX_POINT('',#10605);
#5948=VERTEX_POINT('',#10607);
#5949=VERTEX_POINT('',#10609);
#5950=VERTEX_POINT('',#10611);
#5951=VERTEX_POINT('',#10613);
#5952=VERTEX_POINT('',#10615);
#5953=VERTEX_POINT('',#10617);
#5954=VERTEX_POINT('',#10619);
#5955=VERTEX_POINT('',#10621);
#5956=VERTEX_POINT('',#10623);
#5957=VERTEX_POINT('',#10625);
#5958=VERTEX_POINT('',#10627);
#5959=VERTEX_POINT('',#10630);
#5960=VERTEX_POINT('',#10631);
#5961=VERTEX_POINT('',#10635);
#5962=VERTEX_POINT('',#10639);
#5963=VERTEX_POINT('',#10643);
#5964=VERTEX_POINT('',#10645);
#5965=VERTEX_POINT('',#10647);
#5966=VERTEX_POINT('',#10649);
#5967=VERTEX_POINT('',#10651);
#5968=VERTEX_POINT('',#10653);
#5969=VERTEX_POINT('',#10655);
#5970=VERTEX_POINT('',#10659);
#5971=VERTEX_POINT('',#10663);
#5972=VERTEX_POINT('',#10667);
#5973=VERTEX_POINT('',#10671);
#5974=VERTEX_POINT('',#10675);
#5975=VERTEX_POINT('',#10677);
#5976=VERTEX_POINT('',#10681);
#5977=VERTEX_POINT('',#10685);
#5978=VERTEX_POINT('',#10689);
#5979=VERTEX_POINT('',#10691);
#5980=VERTEX_POINT('',#10693);
#5981=VERTEX_POINT('',#10695);
#5982=VERTEX_POINT('',#10698);
#5983=VERTEX_POINT('',#10699);
#5984=VERTEX_POINT('',#10701);
#5985=VERTEX_POINT('',#10703);
#5986=VERTEX_POINT('',#10705);
#5987=VERTEX_POINT('',#10707);
#5988=VERTEX_POINT('',#10709);
#5989=VERTEX_POINT('',#10711);
#5990=VERTEX_POINT('',#10713);
#5991=VERTEX_POINT('',#10715);
#5992=VERTEX_POINT('',#10719);
#5993=VERTEX_POINT('',#10723);
#5994=VERTEX_POINT('',#10727);
#5995=VERTEX_POINT('',#10729);
#5996=VERTEX_POINT('',#10731);
#5997=VERTEX_POINT('',#10733);
#5998=VERTEX_POINT('',#10735);
#5999=VERTEX_POINT('',#10737);
#6000=VERTEX_POINT('',#10739);
#6001=VERTEX_POINT('',#10741);
#6002=VERTEX_POINT('',#10743);
#6003=VERTEX_POINT('',#10745);
#6004=VERTEX_POINT('',#10749);
#6005=VERTEX_POINT('',#10753);
#6006=VERTEX_POINT('',#10757);
#6007=VERTEX_POINT('',#10759);
#6008=VERTEX_POINT('',#10761);
#6009=VERTEX_POINT('',#10763);
#6010=VERTEX_POINT('',#10765);
#6011=VERTEX_POINT('',#10767);
#6012=VERTEX_POINT('',#10770);
#6013=VERTEX_POINT('',#10771);
#6014=VERTEX_POINT('',#10773);
#6015=VERTEX_POINT('',#10775);
#6016=VERTEX_POINT('',#10777);
#6017=VERTEX_POINT('',#10779);
#6018=VERTEX_POINT('',#10781);
#6019=VERTEX_POINT('',#10783);
#6020=VERTEX_POINT('',#10785);
#6021=VERTEX_POINT('',#10787);
#6022=VERTEX_POINT('',#10791);
#6023=VERTEX_POINT('',#10795);
#6024=VERTEX_POINT('',#10799);
#6025=VERTEX_POINT('',#10801);
#6026=VERTEX_POINT('',#10803);
#6027=VERTEX_POINT('',#10805);
#6028=VERTEX_POINT('',#10807);
#6029=VERTEX_POINT('',#10809);
#6030=VERTEX_POINT('',#10811);
#6031=VERTEX_POINT('',#10813);
#6032=VERTEX_POINT('',#10815);
#6033=VERTEX_POINT('',#10817);
#6034=VERTEX_POINT('',#10821);
#6035=VERTEX_POINT('',#10825);
#6036=VERTEX_POINT('',#10829);
#6037=VERTEX_POINT('',#10831);
#6038=VERTEX_POINT('',#10833);
#6039=VERTEX_POINT('',#10835);
#6040=VERTEX_POINT('',#10837);
#6041=VERTEX_POINT('',#10839);
#6042=VERTEX_POINT('',#10842);
#6043=VERTEX_POINT('',#10843);
#6044=VERTEX_POINT('',#10847);
#6045=VERTEX_POINT('',#10851);
#6046=VERTEX_POINT('',#10855);
#6047=VERTEX_POINT('',#10857);
#6048=VERTEX_POINT('',#10859);
#6049=VERTEX_POINT('',#10861);
#6050=VERTEX_POINT('',#10863);
#6051=VERTEX_POINT('',#10865);
#6052=VERTEX_POINT('',#10867);
#6053=VERTEX_POINT('',#10871);
#6054=VERTEX_POINT('',#10875);
#6055=VERTEX_POINT('',#10879);
#6056=VERTEX_POINT('',#10883);
#6057=VERTEX_POINT('',#10887);
#6058=VERTEX_POINT('',#10889);
#6059=VERTEX_POINT('',#10893);
#6060=VERTEX_POINT('',#10897);
#6061=VERTEX_POINT('',#10901);
#6062=VERTEX_POINT('',#10903);
#6063=VERTEX_POINT('',#10905);
#6064=VERTEX_POINT('',#10907);
#6065=VERTEX_POINT('',#10910);
#6066=VERTEX_POINT('',#10911);
#6067=VERTEX_POINT('',#10913);
#6068=VERTEX_POINT('',#10915);
#6069=VERTEX_POINT('',#10917);
#6070=VERTEX_POINT('',#10919);
#6071=VERTEX_POINT('',#10921);
#6072=VERTEX_POINT('',#10923);
#6073=VERTEX_POINT('',#10925);
#6074=VERTEX_POINT('',#10927);
#6075=VERTEX_POINT('',#10929);
#6076=VERTEX_POINT('',#10931);
#6077=VERTEX_POINT('',#10933);
#6078=VERTEX_POINT('',#10935);
#6079=VERTEX_POINT('',#10937);
#6080=VERTEX_POINT('',#10939);
#6081=VERTEX_POINT('',#10941);
#6082=VERTEX_POINT('',#10943);
#6083=VERTEX_POINT('',#10945);
#6084=VERTEX_POINT('',#10947);
#6085=VERTEX_POINT('',#10949);
#6086=VERTEX_POINT('',#10951);
#6087=VERTEX_POINT('',#10954);
#6088=VERTEX_POINT('',#10955);
#6089=VERTEX_POINT('',#10957);
#6090=VERTEX_POINT('',#10959);
#6091=VERTEX_POINT('',#10961);
#6092=VERTEX_POINT('',#10963);
#6093=VERTEX_POINT('',#10965);
#6094=VERTEX_POINT('',#10969);
#6095=VERTEX_POINT('',#10973);
#6096=VERTEX_POINT('',#10977);
#6097=VERTEX_POINT('',#10979);
#6098=VERTEX_POINT('',#10981);
#6099=VERTEX_POINT('',#10983);
#6100=VERTEX_POINT('',#10985);
#6101=VERTEX_POINT('',#10987);
#6102=VERTEX_POINT('',#10989);
#6103=VERTEX_POINT('',#10991);
#6104=VERTEX_POINT('',#10993);
#6105=VERTEX_POINT('',#10995);
#6106=VERTEX_POINT('',#10997);
#6107=VERTEX_POINT('',#10999);
#6108=VERTEX_POINT('',#11001);
#6109=VERTEX_POINT('',#11003);
#6110=VERTEX_POINT('',#11007);
#6111=VERTEX_POINT('',#11011);
#6112=VERTEX_POINT('',#11015);
#6113=VERTEX_POINT('',#11018);
#6114=VERTEX_POINT('',#11019);
#6115=VERTEX_POINT('',#11021);
#6116=VERTEX_POINT('',#11023);
#6117=VERTEX_POINT('',#11025);
#6118=VERTEX_POINT('',#11027);
#6119=VERTEX_POINT('',#11029);
#6120=VERTEX_POINT('',#11031);
#6121=VERTEX_POINT('',#11035);
#6122=VERTEX_POINT('',#11039);
#6123=VERTEX_POINT('',#11043);
#6124=VERTEX_POINT('',#11045);
#6125=VERTEX_POINT('',#11047);
#6126=VERTEX_POINT('',#11049);
#6127=VERTEX_POINT('',#11051);
#6128=VERTEX_POINT('',#11053);
#6129=VERTEX_POINT('',#11055);
#6130=VERTEX_POINT('',#11057);
#6131=VERTEX_POINT('',#11059);
#6132=VERTEX_POINT('',#11061);
#6133=VERTEX_POINT('',#11065);
#6134=VERTEX_POINT('',#11069);
#6135=VERTEX_POINT('',#11073);
#6136=VERTEX_POINT('',#11075);
#6137=VERTEX_POINT('',#11077);
#6138=VERTEX_POINT('',#11079);
#6139=VERTEX_POINT('',#11081);
#6140=VERTEX_POINT('',#11083);
#6141=VERTEX_POINT('',#11085);
#6142=VERTEX_POINT('',#11087);
#6143=VERTEX_POINT('',#11091);
#6144=VERTEX_POINT('',#11093);
#6145=VERTEX_POINT('',#11097);
#6146=VERTEX_POINT('',#11101);
#6147=VERTEX_POINT('',#11105);
#6148=VERTEX_POINT('',#11109);
#6149=VERTEX_POINT('',#11113);
#6150=VERTEX_POINT('',#11117);
#6151=VERTEX_POINT('',#11121);
#6152=VERTEX_POINT('',#11125);
#6153=VERTEX_POINT('',#11129);
#6154=VERTEX_POINT('',#11140);
#6155=VERTEX_POINT('',#11153);
#6156=VERTEX_POINT('',#11166);
#6157=VERTEX_POINT('',#11172);
#6158=VERTEX_POINT('',#11176);
#6159=VERTEX_POINT('',#11180);
#6160=VERTEX_POINT('',#11184);
#6161=VERTEX_POINT('',#11188);
#6162=VERTEX_POINT('',#11192);
#6163=VERTEX_POINT('',#11196);
#6164=VERTEX_POINT('',#11200);
#6165=VERTEX_POINT('',#11204);
#6166=VERTEX_POINT('',#11215);
#6167=VERTEX_POINT('',#11228);
#6168=VERTEX_POINT('',#11241);
#6169=VERTEX_POINT('',#11247);
#6170=VERTEX_POINT('',#11251);
#6171=VERTEX_POINT('',#11255);
#6172=VERTEX_POINT('',#11259);
#6173=VERTEX_POINT('',#11266);
#6174=VERTEX_POINT('',#11268);
#6175=VERTEX_POINT('',#11272);
#6176=VERTEX_POINT('',#11283);
#6177=VERTEX_POINT('',#11296);
#6178=VERTEX_POINT('',#11309);
#6179=VERTEX_POINT('',#11315);
#6180=VERTEX_POINT('',#11319);
#6181=VERTEX_POINT('',#11323);
#6182=VERTEX_POINT('',#11327);
#6183=VERTEX_POINT('',#11331);
#6184=VERTEX_POINT('',#11335);
#6185=VERTEX_POINT('',#11339);
#6186=VERTEX_POINT('',#11343);
#6187=VERTEX_POINT('',#11347);
#6188=VERTEX_POINT('',#11351);
#6189=VERTEX_POINT('',#11355);
#6190=VERTEX_POINT('',#11359);
#6191=VERTEX_POINT('',#11363);
#6192=VERTEX_POINT('',#11374);
#6193=VERTEX_POINT('',#11387);
#6194=VERTEX_POINT('',#11400);
#6195=VERTEX_POINT('',#11406);
#6196=VERTEX_POINT('',#11410);
#6197=VERTEX_POINT('',#11414);
#6198=VERTEX_POINT('',#11418);
#6199=VERTEX_POINT('',#11425);
#6200=VERTEX_POINT('',#11427);
#6201=VERTEX_POINT('',#11431);
#6202=VERTEX_POINT('',#11435);
#6203=VERTEX_POINT('',#11439);
#6204=VERTEX_POINT('',#11443);
#6205=VERTEX_POINT('',#11447);
#6206=VERTEX_POINT('',#11451);
#6207=VERTEX_POINT('',#11455);
#6208=VERTEX_POINT('',#11459);
#6209=VERTEX_POINT('',#11463);
#6210=VERTEX_POINT('',#11467);
#6211=VERTEX_POINT('',#11471);
#6212=VERTEX_POINT('',#11475);
#6213=VERTEX_POINT('',#11479);
#6214=VERTEX_POINT('',#11483);
#6215=VERTEX_POINT('',#11487);
#6216=VERTEX_POINT('',#11491);
#6217=VERTEX_POINT('',#11495);
#6218=VERTEX_POINT('',#11499);
#6219=VERTEX_POINT('',#11503);
#6220=VERTEX_POINT('',#11507);
#6221=VERTEX_POINT('',#11523);
#6222=VERTEX_POINT('',#11524);
#6223=VERTEX_POINT('',#11526);
#6224=VERTEX_POINT('',#11530);
#6225=VERTEX_POINT('',#11534);
#6226=VERTEX_POINT('',#11536);
#6227=VERTEX_POINT('',#11549);
#6228=VERTEX_POINT('',#11551);
#6229=VERTEX_POINT('',#11566);
#6230=VERTEX_POINT('',#11568);
#6231=VERTEX_POINT('',#11574);
#6232=VERTEX_POINT('',#11576);
#6233=VERTEX_POINT('',#11580);
#6234=VERTEX_POINT('',#11582);
#6235=VERTEX_POINT('',#11586);
#6236=VERTEX_POINT('',#11590);
#6237=VERTEX_POINT('',#11594);
#6238=VERTEX_POINT('',#11598);
#6239=VERTEX_POINT('',#11609);
#6240=VERTEX_POINT('',#11622);
#6241=VERTEX_POINT('',#11635);
#6242=VERTEX_POINT('',#11641);
#6243=VERTEX_POINT('',#11652);
#6244=VERTEX_POINT('',#11665);
#6245=VERTEX_POINT('',#11678);
#6246=VERTEX_POINT('',#11691);
#6247=VERTEX_POINT('',#11704);
#6248=VERTEX_POINT('',#11710);
#6249=VERTEX_POINT('',#11714);
#6250=VERTEX_POINT('',#11718);
#6251=VERTEX_POINT('',#11722);
#6252=VERTEX_POINT('',#11726);
#6253=VERTEX_POINT('',#11730);
#6254=VERTEX_POINT('',#11741);
#6255=VERTEX_POINT('',#11754);
#6256=VERTEX_POINT('',#11787);
#6257=VERTEX_POINT('',#11789);
#6258=VERTEX_POINT('',#11793);
#6259=VERTEX_POINT('',#11797);
#6260=VERTEX_POINT('',#11801);
#6261=VERTEX_POINT('',#11805);
#6262=VERTEX_POINT('',#11809);
#6263=VERTEX_POINT('',#11813);
#6264=VERTEX_POINT('',#11824);
#6265=VERTEX_POINT('',#11837);
#6266=VERTEX_POINT('',#11850);
#6267=VERTEX_POINT('',#11856);
#6268=VERTEX_POINT('',#11860);
#6269=VERTEX_POINT('',#11864);
#6270=VERTEX_POINT('',#11868);
#6271=VERTEX_POINT('',#11872);
#6272=VERTEX_POINT('',#11876);
#6273=VERTEX_POINT('',#11880);
#6274=VERTEX_POINT('',#11884);
#6275=VERTEX_POINT('',#11888);
#6276=VERTEX_POINT('',#11899);
#6277=VERTEX_POINT('',#11912);
#6278=VERTEX_POINT('',#11925);
#6279=VERTEX_POINT('',#11931);
#6280=VERTEX_POINT('',#11935);
#6281=VERTEX_POINT('',#11939);
#6282=VERTEX_POINT('',#11943);
#6283=VERTEX_POINT('',#11947);
#6284=VERTEX_POINT('',#11951);
#6285=VERTEX_POINT('',#11955);
#6286=VERTEX_POINT('',#11962);
#6287=VERTEX_POINT('',#11964);
#6288=VERTEX_POINT('',#11968);
#6289=VERTEX_POINT('',#11972);
#6290=VERTEX_POINT('',#11976);
#6291=VERTEX_POINT('',#11980);
#6292=VERTEX_POINT('',#11984);
#6293=VERTEX_POINT('',#11988);
#6294=VERTEX_POINT('',#11999);
#6295=VERTEX_POINT('',#12012);
#6296=VERTEX_POINT('',#12025);
#6297=VERTEX_POINT('',#12031);
#6298=VERTEX_POINT('',#12035);
#6299=VERTEX_POINT('',#12039);
#6300=VERTEX_POINT('',#12043);
#6301=VERTEX_POINT('',#12047);
#6302=VERTEX_POINT('',#12051);
#6303=VERTEX_POINT('',#12055);
#6304=VERTEX_POINT('',#12059);
#6305=VERTEX_POINT('',#12063);
#6306=VERTEX_POINT('',#12074);
#6307=VERTEX_POINT('',#12087);
#6308=VERTEX_POINT('',#12100);
#6309=VERTEX_POINT('',#12106);
#6310=VERTEX_POINT('',#12110);
#6311=VERTEX_POINT('',#12114);
#6312=VERTEX_POINT('',#12118);
#6313=VERTEX_POINT('',#12122);
#6314=VERTEX_POINT('',#12126);
#6315=VERTEX_POINT('',#12130);
#6316=VERTEX_POINT('',#12146);
#6317=VERTEX_POINT('',#12147);
#6318=VERTEX_POINT('',#12149);
#6319=VERTEX_POINT('',#12153);
#6320=VERTEX_POINT('',#12157);
#6321=VERTEX_POINT('',#12159);
#6322=VERTEX_POINT('',#12172);
#6323=VERTEX_POINT('',#12174);
#6324=VERTEX_POINT('',#12189);
#6325=VERTEX_POINT('',#12191);
#6326=VERTEX_POINT('',#12197);
#6327=VERTEX_POINT('',#12199);
#6328=VERTEX_POINT('',#12203);
#6329=VERTEX_POINT('',#12205);
#6330=VERTEX_POINT('',#12209);
#6331=VERTEX_POINT('',#12213);
#6332=VERTEX_POINT('',#12217);
#6333=VERTEX_POINT('',#12221);
#6334=VERTEX_POINT('',#12232);
#6335=VERTEX_POINT('',#12245);
#6336=VERTEX_POINT('',#12258);
#6337=VERTEX_POINT('',#12264);
#6338=VERTEX_POINT('',#12275);
#6339=VERTEX_POINT('',#12288);
#6340=VERTEX_POINT('',#12301);
#6341=VERTEX_POINT('',#12314);
#6342=VERTEX_POINT('',#12327);
#6343=VERTEX_POINT('',#12333);
#6344=VERTEX_POINT('',#12337);
#6345=VERTEX_POINT('',#12341);
#6346=VERTEX_POINT('',#12345);
#6347=VERTEX_POINT('',#12349);
#6348=VERTEX_POINT('',#12353);
#6349=VERTEX_POINT('',#12364);
#6350=VERTEX_POINT('',#12377);
#6351=VERTEX_POINT('',#12410);
#6352=VERTEX_POINT('',#12411);
#6353=VERTEX_POINT('',#12413);
#6354=VERTEX_POINT('',#12415);
#6355=VERTEX_POINT('',#12419);
#6356=VERTEX_POINT('',#12421);
#6357=VERTEX_POINT('',#12425);
#6358=VERTEX_POINT('',#12427);
#6359=VERTEX_POINT('',#12431);
#6360=VERTEX_POINT('',#12435);
#6361=VERTEX_POINT('',#12439);
#6362=VERTEX_POINT('',#12443);
#6363=VERTEX_POINT('',#12447);
#6364=VERTEX_POINT('',#12451);
#6365=VERTEX_POINT('',#12455);
#6366=VERTEX_POINT('',#12459);
#6367=VERTEX_POINT('',#12463);
#6368=VERTEX_POINT('',#12467);
#6369=VERTEX_POINT('',#12471);
#6370=VERTEX_POINT('',#12475);
#6371=VERTEX_POINT('',#12479);
#6372=VERTEX_POINT('',#12483);
#6373=VERTEX_POINT('',#12487);
#6374=VERTEX_POINT('',#12491);
#6375=VERTEX_POINT('',#12495);
#6376=VERTEX_POINT('',#12499);
#6377=VERTEX_POINT('',#12503);
#6378=VERTEX_POINT('',#12507);
#6379=VERTEX_POINT('',#12527);
#6380=VERTEX_POINT('',#12528);
#6381=VERTEX_POINT('',#12530);
#6382=VERTEX_POINT('',#12534);
#6383=VERTEX_POINT('',#12547);
#6384=VERTEX_POINT('',#12549);
#6385=VERTEX_POINT('',#12564);
#6386=VERTEX_POINT('',#12566);
#6387=VERTEX_POINT('',#12572);
#6388=VERTEX_POINT('',#12574);
#6389=VERTEX_POINT('',#12578);
#6390=VERTEX_POINT('',#12580);
#6391=VERTEX_POINT('',#12593);
#6392=VERTEX_POINT('',#12595);
#6393=VERTEX_POINT('',#12610);
#6394=VERTEX_POINT('',#12612);
#6395=VERTEX_POINT('',#12618);
#6396=VERTEX_POINT('',#12620);
#6397=VERTEX_POINT('',#12624);
#6398=VERTEX_POINT('',#12628);
#6399=VERTEX_POINT('',#12632);
#6400=VERTEX_POINT('',#12636);
#6401=VERTEX_POINT('',#12640);
#6402=VERTEX_POINT('',#12644);
#6403=VERTEX_POINT('',#12648);
#6404=VERTEX_POINT('',#12652);
#6405=VERTEX_POINT('',#12656);
#6406=VERTEX_POINT('',#12667);
#6407=VERTEX_POINT('',#12680);
#6408=VERTEX_POINT('',#12693);
#6409=VERTEX_POINT('',#12706);
#6410=VERTEX_POINT('',#12719);
#6411=VERTEX_POINT('',#12725);
#6412=VERTEX_POINT('',#12729);
#6413=VERTEX_POINT('',#12733);
#6414=VERTEX_POINT('',#12737);
#6415=VERTEX_POINT('',#12768);
#6416=VERTEX_POINT('',#12769);
#6417=VERTEX_POINT('',#12771);
#6418=VERTEX_POINT('',#12775);
#6419=VERTEX_POINT('',#12788);
#6420=VERTEX_POINT('',#12790);
#6421=VERTEX_POINT('',#12805);
#6422=VERTEX_POINT('',#12807);
#6423=VERTEX_POINT('',#12813);
#6424=VERTEX_POINT('',#12815);
#6425=VERTEX_POINT('',#12819);
#6426=VERTEX_POINT('',#12821);
#6427=VERTEX_POINT('',#12834);
#6428=VERTEX_POINT('',#12836);
#6429=VERTEX_POINT('',#12851);
#6430=VERTEX_POINT('',#12853);
#6431=VERTEX_POINT('',#12859);
#6432=VERTEX_POINT('',#12861);
#6433=VERTEX_POINT('',#12865);
#6434=VERTEX_POINT('',#12869);
#6435=VERTEX_POINT('',#12873);
#6436=VERTEX_POINT('',#12877);
#6437=VERTEX_POINT('',#12881);
#6438=VERTEX_POINT('',#12885);
#6439=VERTEX_POINT('',#12889);
#6440=VERTEX_POINT('',#12893);
#6441=VERTEX_POINT('',#12897);
#6442=VERTEX_POINT('',#12908);
#6443=VERTEX_POINT('',#12921);
#6444=VERTEX_POINT('',#12934);
#6445=VERTEX_POINT('',#12947);
#6446=VERTEX_POINT('',#12960);
#6447=VERTEX_POINT('',#12966);
#6448=VERTEX_POINT('',#12970);
#6449=VERTEX_POINT('',#12974);
#6450=VERTEX_POINT('',#12978);
#6451=VERTEX_POINT('',#13000);
#6452=VERTEX_POINT('',#13002);
#6453=VERTEX_POINT('',#13006);
#6454=VERTEX_POINT('',#13010);
#6455=VERTEX_POINT('',#13014);
#6456=VERTEX_POINT('',#13018);
#6457=VERTEX_POINT('',#13022);
#6458=VERTEX_POINT('',#13026);
#6459=VERTEX_POINT('',#13030);
#6460=VERTEX_POINT('',#13034);
#6461=VERTEX_POINT('',#13038);
#6462=VERTEX_POINT('',#13042);
#6463=VERTEX_POINT('',#13046);
#6464=VERTEX_POINT('',#13050);
#6465=VERTEX_POINT('',#13054);
#6466=VERTEX_POINT('',#13065);
#6467=VERTEX_POINT('',#13071);
#6468=VERTEX_POINT('',#13082);
#6469=VERTEX_POINT('',#13088);
#6470=VERTEX_POINT('',#13092);
#6471=VERTEX_POINT('',#13096);
#6472=VERTEX_POINT('',#13100);
#6473=VERTEX_POINT('',#13111);
#6474=VERTEX_POINT('',#13124);
#6475=VERTEX_POINT('',#13140);
#6476=VERTEX_POINT('',#13144);
#6477=VERTEX_POINT('',#13155);
#6478=VERTEX_POINT('',#13168);
#6479=VERTEX_POINT('',#13181);
#6480=VERTEX_POINT('',#13194);
#6481=VERTEX_POINT('',#13207);
#6482=VERTEX_POINT('',#13220);
#6483=VERTEX_POINT('',#13235);
#6484=VERTEX_POINT('',#13236);
#6485=VERTEX_POINT('',#13238);
#6486=VERTEX_POINT('',#13242);
#6487=VERTEX_POINT('',#13255);
#6488=VERTEX_POINT('',#13257);
#6489=VERTEX_POINT('',#13272);
#6490=VERTEX_POINT('',#13274);
#6491=VERTEX_POINT('',#13289);
#6492=VERTEX_POINT('',#13291);
#6493=VERTEX_POINT('',#13324);
#6494=VERTEX_POINT('',#13326);
#6495=VERTEX_POINT('',#13330);
#6496=VERTEX_POINT('',#13334);
#6497=VERTEX_POINT('',#13338);
#6498=VERTEX_POINT('',#13342);
#6499=VERTEX_POINT('',#13346);
#6500=VERTEX_POINT('',#13350);
#6501=VERTEX_POINT('',#13354);
#6502=VERTEX_POINT('',#13358);
#6503=VERTEX_POINT('',#13362);
#6504=VERTEX_POINT('',#13366);
#6505=VERTEX_POINT('',#13370);
#6506=VERTEX_POINT('',#13374);
#6507=VERTEX_POINT('',#13378);
#6508=VERTEX_POINT('',#13382);
#6509=VERTEX_POINT('',#13386);
#6510=VERTEX_POINT('',#13393);
#6511=VERTEX_POINT('',#13394);
#6512=VERTEX_POINT('',#13396);
#6513=VERTEX_POINT('',#13398);
#6514=VERTEX_POINT('',#13411);
#6515=VERTEX_POINT('',#13413);
#6516=VERTEX_POINT('',#13428);
#6517=VERTEX_POINT('',#13430);
#6518=VERTEX_POINT('',#13443);
#6519=VERTEX_POINT('',#13447);
#6520=VERTEX_POINT('',#13458);
#6521=VERTEX_POINT('',#13464);
#6522=VERTEX_POINT('',#13468);
#6523=VERTEX_POINT('',#13472);
#6524=VERTEX_POINT('',#13476);
#6525=VERTEX_POINT('',#13480);
#6526=VERTEX_POINT('',#13491);
#6527=VERTEX_POINT('',#13504);
#6528=VERTEX_POINT('',#13517);
#6529=VERTEX_POINT('',#13523);
#6530=VERTEX_POINT('',#13527);
#6531=VERTEX_POINT('',#13538);
#6532=VERTEX_POINT('',#13551);
#6533=VERTEX_POINT('',#13564);
#6534=VERTEX_POINT('',#13577);
#6535=VERTEX_POINT('',#13619);
#6536=VERTEX_POINT('',#13620);
#6537=VERTEX_POINT('',#13622);
#6538=VERTEX_POINT('',#13626);
#6539=VERTEX_POINT('',#13639);
#6540=VERTEX_POINT('',#13641);
#6541=VERTEX_POINT('',#13656);
#6542=VERTEX_POINT('',#13658);
#6543=VERTEX_POINT('',#13664);
#6544=VERTEX_POINT('',#13666);
#6545=VERTEX_POINT('',#13670);
#6546=VERTEX_POINT('',#13672);
#6547=VERTEX_POINT('',#13685);
#6548=VERTEX_POINT('',#13687);
#6549=VERTEX_POINT('',#13702);
#6550=VERTEX_POINT('',#13704);
#6551=VERTEX_POINT('',#13710);
#6552=VERTEX_POINT('',#13712);
#6553=VERTEX_POINT('',#13716);
#6554=VERTEX_POINT('',#13720);
#6555=VERTEX_POINT('',#13724);
#6556=VERTEX_POINT('',#13728);
#6557=VERTEX_POINT('',#13732);
#6558=VERTEX_POINT('',#13736);
#6559=VERTEX_POINT('',#13740);
#6560=VERTEX_POINT('',#13744);
#6561=VERTEX_POINT('',#13748);
#6562=VERTEX_POINT('',#13752);
#6563=VERTEX_POINT('',#13756);
#6564=VERTEX_POINT('',#13760);
#6565=VERTEX_POINT('',#13771);
#6566=VERTEX_POINT('',#13784);
#6567=VERTEX_POINT('',#13797);
#6568=VERTEX_POINT('',#13810);
#6569=VERTEX_POINT('',#13843);
#6570=VERTEX_POINT('',#13844);
#6571=VERTEX_POINT('',#13858);
#6572=VERTEX_POINT('',#13860);
#6573=VERTEX_POINT('',#13870);
#6574=VERTEX_POINT('',#13872);
#6575=VERTEX_POINT('',#13879);
#6576=VERTEX_POINT('',#13880);
#6577=VERTEX_POINT('',#13919);
#6578=VERTEX_POINT('',#13920);
#6579=VERTEX_POINT('',#13925);
#6580=VERTEX_POINT('',#13927);
#6581=VERTEX_POINT('',#13932);
#6582=VERTEX_POINT('',#13934);
#6583=VERTEX_POINT('',#13939);
#6584=VERTEX_POINT('',#13941);
#6585=VERTEX_POINT('',#13948);
#6586=VERTEX_POINT('',#13950);
#6587=VERTEX_POINT('',#13952);
#6588=VERTEX_POINT('',#13953);
#6589=VERTEX_POINT('',#13958);
#6590=VERTEX_POINT('',#13960);
#6591=VERTEX_POINT('',#13965);
#6592=VERTEX_POINT('',#13967);
#6593=VERTEX_POINT('',#13972);
#6594=VERTEX_POINT('',#13974);
#6595=VERTEX_POINT('',#14017);
#6596=VERTEX_POINT('',#14019);
#6597=VERTEX_POINT('',#14022);
#6598=VERTEX_POINT('',#14032);
#6599=VERTEX_POINT('',#14034);
#6600=VERTEX_POINT('',#14036);
#6601=VERTEX_POINT('',#14039);
#6602=VERTEX_POINT('',#14043);
#6603=VERTEX_POINT('',#14066);
#6604=CIRCLE('',#8316,0.00085);
#6605=CIRCLE('',#8317,0.00085);
#6606=CIRCLE('',#8318,0.00755952018432946);
#6607=CIRCLE('',#8319,0.00271348612894849);
#6608=CIRCLE('',#8320,0.00393079639590634);
#6609=CIRCLE('',#8321,0.00288619334023601);
#6610=CIRCLE('',#8322,0.000589915806288554);
#6611=CIRCLE('',#8323,0.002764217068749);
#6612=CIRCLE('',#8324,0.00276421706875141);
#6613=CIRCLE('',#8325,0.105607775147332);
#6614=CIRCLE('',#8326,0.0027870278767969);
#6615=CIRCLE('',#8337,0.0027870278767969);
#6616=CIRCLE('',#8348,0.105607775147332);
#6617=CIRCLE('',#8400,0.000562203858818702);
#6618=CIRCLE('',#8401,0.000562203858818702);
#6619=CIRCLE('',#8468,0.000562203858818708);
#6620=CIRCLE('',#8469,0.000562203858818708);
#6621=CIRCLE('',#8523,0.00276421706875141);
#6622=CIRCLE('',#8543,0.002764217068749);
#6623=CIRCLE('',#8566,0.000589915806288554);
#6624=CIRCLE('',#8571,0.00288619334023601);
#6625=CIRCLE('',#8602,0.00393079639590634);
#6626=CIRCLE('',#8620,0.00271348612894849);
#6627=CIRCLE('',#8629,0.00085);
#6628=CIRCLE('',#8630,0.00085);
#6629=CIRCLE('',#8636,0.0065);
#6630=CIRCLE('',#8637,0.0065);
#6631=CIRCLE('',#8639,0.00755952018432946);
#6632=CIRCLE('',#8642,0.00125);
#6633=CIRCLE('',#8643,0.00125);
#6634=CIRCLE('',#8645,0.00125);
#6635=CIRCLE('',#8648,0.00125);
#6636=EDGE_LOOP('',(#2214));
#6637=EDGE_LOOP('',(#2215));
#6638=EDGE_LOOP('',(#2216));
#6639=EDGE_LOOP('',(#2217,#2218,#2219,#2220,#2221,#2222,#2223,#2224));
#6640=EDGE_LOOP('',(#2225,#2226,#2227,#2228,#2229,#2230,#2231,#2232,#2233,
#2234,#2235,#2236,#2237,#2238,#2239,#2240,#2241,#2242));
#6641=EDGE_LOOP('',(#2243,#2244,#2245,#2246,#2247,#2248,#2249,#2250,#2251,
#2252,#2253,#2254,#2255,#2256,#2257,#2258,#2259));
#6642=EDGE_LOOP('',(#2260,#2261,#2262,#2263,#2264,#2265,#2266,#2267,#2268,
#2269,#2270,#2271,#2272,#2273,#2274,#2275,#2276));
#6643=EDGE_LOOP('',(#2277,#2278,#2279,#2280,#2281,#2282,#2283,#2284));
#6644=EDGE_LOOP('',(#2285,#2286,#2287,#2288,#2289,#2290,#2291,#2292,#2293,
#2294,#2295,#2296,#2297,#2298,#2299,#2300,#2301,#2302,#2303,#2304,#2305,
#2306,#2307,#2308));
#6645=EDGE_LOOP('',(#2309,#2310,#2311,#2312,#2313,#2314,#2315,#2316,#2317,
#2318,#2319,#2320,#2321,#2322,#2323,#2324,#2325,#2326,#2327,#2328));
#6646=EDGE_LOOP('',(#2329,#2330,#2331,#2332,#2333,#2334,#2335,#2336,#2337,
#2338,#2339,#2340,#2341,#2342,#2343,#2344,#2345,#2346,#2347,#2348));
#6647=EDGE_LOOP('',(#2349,#2350,#2351,#2352,#2353,#2354,#2355,#2356,#2357,
#2358,#2359,#2360,#2361,#2362,#2363,#2364,#2365,#2366,#2367,#2368,#2369,
#2370));
#6648=EDGE_LOOP('',(#2371,#2372,#2373,#2374,#2375,#2376,#2377,#2378,#2379,
#2380,#2381,#2382,#2383,#2384,#2385,#2386,#2387,#2388,#2389,#2390,#2391,
#2392,#2393));
#6649=EDGE_LOOP('',(#2394,#2395,#2396,#2397,#2398,#2399,#2400,#2401,#2402,
#2403,#2404,#2405,#2406,#2407,#2408,#2409,#2410,#2411,#2412,#2413,#2414,
#2415,#2416,#2417,#2418,#2419,#2420,#2421,#2422,#2423));
#6650=EDGE_LOOP('',(#2424,#2425,#2426,#2427,#2428,#2429,#2430,#2431,#2432,
#2433,#2434,#2435,#2436,#2437,#2438,#2439,#2440,#2441,#2442,#2443,#2444,
#2445,#2446,#2447,#2448,#2449,#2450,#2451,#2452,#2453));
#6651=EDGE_LOOP('',(#2454,#2455,#2456,#2457,#2458,#2459,#2460,#2461,#2462,
#2463,#2464,#2465,#2466,#2467,#2468,#2469,#2470,#2471,#2472,#2473,#2474,
#2475,#2476));
#6652=EDGE_LOOP('',(#2477,#2478,#2479,#2480,#2481,#2482,#2483,#2484,#2485,
#2486,#2487,#2488,#2489,#2490,#2491,#2492,#2493,#2494,#2495,#2496,#2497,
#2498));
#6653=EDGE_LOOP('',(#2499,#2500,#2501,#2502,#2503,#2504,#2505,#2506,#2507,
#2508,#2509,#2510,#2511,#2512,#2513,#2514,#2515,#2516,#2517,#2518,#2519,
#2520,#2521,#2522,#2523,#2524));
#6654=EDGE_LOOP('',(#2525,#2526,#2527,#2528,#2529,#2530,#2531,#2532,#2533,
#2534,#2535,#2536,#2537,#2538,#2539,#2540,#2541,#2542,#2543,#2544,#2545,
#2546,#2547,#2548,#2549,#2550,#2551,#2552,#2553,#2554));
#6655=EDGE_LOOP('',(#2555,#2556,#2557,#2558));
#6656=EDGE_LOOP('',(#2559,#2560,#2561,#2562));
#6657=EDGE_LOOP('',(#2563,#2564,#2565,#2566));
#6658=EDGE_LOOP('',(#2567,#2568,#2569,#2570));
#6659=EDGE_LOOP('',(#2571,#2572,#2573,#2574));
#6660=EDGE_LOOP('',(#2575,#2576,#2577,#2578));
#6661=EDGE_LOOP('',(#2579,#2580,#2581,#2582));
#6662=EDGE_LOOP('',(#2583,#2584,#2585,#2586));
#6663=EDGE_LOOP('',(#2587,#2588,#2589,#2590));
#6664=EDGE_LOOP('',(#2591,#2592,#2593,#2594));
#6665=EDGE_LOOP('',(#2595,#2596,#2597,#2598));
#6666=EDGE_LOOP('',(#2599,#2600,#2601,#2602));
#6667=EDGE_LOOP('',(#2603,#2604,#2605,#2606));
#6668=EDGE_LOOP('',(#2607,#2608,#2609,#2610));
#6669=EDGE_LOOP('',(#2611,#2612,#2613,#2614));
#6670=EDGE_LOOP('',(#2615,#2616,#2617,#2618));
#6671=EDGE_LOOP('',(#2619,#2620,#2621,#2622));
#6672=EDGE_LOOP('',(#2623,#2624,#2625,#2626));
#6673=EDGE_LOOP('',(#2627,#2628,#2629,#2630));
#6674=EDGE_LOOP('',(#2631,#2632,#2633,#2634));
#6675=EDGE_LOOP('',(#2635,#2636,#2637,#2638));
#6676=EDGE_LOOP('',(#2639,#2640,#2641,#2642));
#6677=EDGE_LOOP('',(#2643,#2644,#2645,#2646));
#6678=EDGE_LOOP('',(#2647,#2648,#2649,#2650));
#6679=EDGE_LOOP('',(#2651,#2652,#2653,#2654));
#6680=EDGE_LOOP('',(#2655,#2656,#2657,#2658));
#6681=EDGE_LOOP('',(#2659,#2660,#2661,#2662));
#6682=EDGE_LOOP('',(#2663,#2664,#2665,#2666));
#6683=EDGE_LOOP('',(#2667,#2668,#2669,#2670));
#6684=EDGE_LOOP('',(#2671,#2672,#2673,#2674));
#6685=EDGE_LOOP('',(#2675,#2676,#2677,#2678,#2679,#2680,#2681,#2682,#2683,
#2684,#2685,#2686,#2687,#2688,#2689,#2690,#2691,#2692,#2693,#2694,#2695,
#2696,#2697,#2698,#2699,#2700,#2701,#2702,#2703,#2704));
#6686=EDGE_LOOP('',(#2705,#2706,#2707,#2708));
#6687=EDGE_LOOP('',(#2709,#2710,#2711,#2712));
#6688=EDGE_LOOP('',(#2713,#2714,#2715,#2716));
#6689=EDGE_LOOP('',(#2717,#2718,#2719,#2720));
#6690=EDGE_LOOP('',(#2721,#2722,#2723,#2724));
#6691=EDGE_LOOP('',(#2725,#2726,#2727,#2728));
#6692=EDGE_LOOP('',(#2729,#2730,#2731,#2732));
#6693=EDGE_LOOP('',(#2733,#2734,#2735,#2736));
#6694=EDGE_LOOP('',(#2737,#2738,#2739,#2740));
#6695=EDGE_LOOP('',(#2741,#2742,#2743,#2744));
#6696=EDGE_LOOP('',(#2745,#2746,#2747,#2748));
#6697=EDGE_LOOP('',(#2749,#2750,#2751,#2752));
#6698=EDGE_LOOP('',(#2753,#2754,#2755,#2756));
#6699=EDGE_LOOP('',(#2757,#2758,#2759,#2760));
#6700=EDGE_LOOP('',(#2761,#2762,#2763,#2764));
#6701=EDGE_LOOP('',(#2765,#2766,#2767,#2768));
#6702=EDGE_LOOP('',(#2769,#2770,#2771,#2772));
#6703=EDGE_LOOP('',(#2773,#2774,#2775,#2776));
#6704=EDGE_LOOP('',(#2777,#2778,#2779,#2780));
#6705=EDGE_LOOP('',(#2781,#2782,#2783,#2784));
#6706=EDGE_LOOP('',(#2785,#2786,#2787,#2788));
#6707=EDGE_LOOP('',(#2789,#2790,#2791,#2792));
#6708=EDGE_LOOP('',(#2793,#2794,#2795,#2796));
#6709=EDGE_LOOP('',(#2797,#2798,#2799,#2800));
#6710=EDGE_LOOP('',(#2801,#2802,#2803,#2804));
#6711=EDGE_LOOP('',(#2805,#2806,#2807,#2808));
#6712=EDGE_LOOP('',(#2809,#2810,#2811,#2812,#2813,#2814,#2815,#2816,#2817,
#2818,#2819,#2820,#2821,#2822,#2823,#2824,#2825,#2826,#2827,#2828,#2829,
#2830,#2831,#2832,#2833,#2834));
#6713=EDGE_LOOP('',(#2835,#2836,#2837,#2838));
#6714=EDGE_LOOP('',(#2839,#2840,#2841,#2842));
#6715=EDGE_LOOP('',(#2843,#2844,#2845,#2846));
#6716=EDGE_LOOP('',(#2847,#2848,#2849,#2850));
#6717=EDGE_LOOP('',(#2851,#2852,#2853,#2854));
#6718=EDGE_LOOP('',(#2855,#2856,#2857,#2858));
#6719=EDGE_LOOP('',(#2859,#2860,#2861,#2862));
#6720=EDGE_LOOP('',(#2863,#2864,#2865,#2866));
#6721=EDGE_LOOP('',(#2867,#2868,#2869,#2870));
#6722=EDGE_LOOP('',(#2871,#2872,#2873,#2874));
#6723=EDGE_LOOP('',(#2875,#2876,#2877,#2878));
#6724=EDGE_LOOP('',(#2879,#2880,#2881,#2882));
#6725=EDGE_LOOP('',(#2883,#2884,#2885,#2886));
#6726=EDGE_LOOP('',(#2887,#2888,#2889,#2890));
#6727=EDGE_LOOP('',(#2891,#2892,#2893,#2894));
#6728=EDGE_LOOP('',(#2895,#2896,#2897,#2898));
#6729=EDGE_LOOP('',(#2899,#2900,#2901,#2902));
#6730=EDGE_LOOP('',(#2903,#2904,#2905,#2906));
#6731=EDGE_LOOP('',(#2907,#2908,#2909,#2910));
#6732=EDGE_LOOP('',(#2911,#2912,#2913,#2914));
#6733=EDGE_LOOP('',(#2915,#2916,#2917,#2918));
#6734=EDGE_LOOP('',(#2919,#2920,#2921,#2922));
#6735=EDGE_LOOP('',(#2923,#2924,#2925,#2926,#2927,#2928,#2929,#2930,#2931,
#2932,#2933,#2934,#2935,#2936,#2937,#2938,#2939,#2940,#2941,#2942,#2943,
#2944));
#6736=EDGE_LOOP('',(#2945,#2946,#2947,#2948));
#6737=EDGE_LOOP('',(#2949,#2950,#2951,#2952));
#6738=EDGE_LOOP('',(#2953,#2954,#2955,#2956));
#6739=EDGE_LOOP('',(#2957,#2958,#2959,#2960));
#6740=EDGE_LOOP('',(#2961,#2962,#2963,#2964));
#6741=EDGE_LOOP('',(#2965,#2966,#2967,#2968));
#6742=EDGE_LOOP('',(#2969,#2970,#2971,#2972));
#6743=EDGE_LOOP('',(#2973,#2974,#2975,#2976));
#6744=EDGE_LOOP('',(#2977,#2978,#2979,#2980));
#6745=EDGE_LOOP('',(#2981,#2982,#2983,#2984));
#6746=EDGE_LOOP('',(#2985,#2986,#2987,#2988));
#6747=EDGE_LOOP('',(#2989,#2990,#2991,#2992));
#6748=EDGE_LOOP('',(#2993,#2994,#2995,#2996));
#6749=EDGE_LOOP('',(#2997,#2998,#2999,#3000));
#6750=EDGE_LOOP('',(#3001,#3002,#3003,#3004));
#6751=EDGE_LOOP('',(#3005,#3006,#3007,#3008));
#6752=EDGE_LOOP('',(#3009,#3010,#3011,#3012));
#6753=EDGE_LOOP('',(#3013,#3014,#3015,#3016));
#6754=EDGE_LOOP('',(#3017,#3018,#3019,#3020));
#6755=EDGE_LOOP('',(#3021,#3022,#3023,#3024));
#6756=EDGE_LOOP('',(#3025,#3026,#3027,#3028));
#6757=EDGE_LOOP('',(#3029,#3030,#3031,#3032));
#6758=EDGE_LOOP('',(#3033,#3034,#3035,#3036));
#6759=EDGE_LOOP('',(#3037,#3038,#3039,#3040));
#6760=EDGE_LOOP('',(#3041,#3042,#3043,#3044));
#6761=EDGE_LOOP('',(#3045,#3046,#3047,#3048));
#6762=EDGE_LOOP('',(#3049,#3050,#3051,#3052));
#6763=EDGE_LOOP('',(#3053,#3054,#3055,#3056));
#6764=EDGE_LOOP('',(#3057,#3058,#3059,#3060));
#6765=EDGE_LOOP('',(#3061,#3062,#3063,#3064,#3065,#3066,#3067,#3068,#3069,
#3070,#3071,#3072,#3073,#3074,#3075,#3076,#3077,#3078,#3079,#3080,#3081,
#3082,#3083));
#6766=EDGE_LOOP('',(#3084,#3085,#3086,#3087,#3088,#3089));
#6767=EDGE_LOOP('',(#3090,#3091,#3092,#3093,#3094,#3095));
#6768=EDGE_LOOP('',(#3096,#3097,#3098,#3099));
#6769=EDGE_LOOP('',(#3100,#3101,#3102,#3103));
#6770=EDGE_LOOP('',(#3104,#3105,#3106,#3107));
#6771=EDGE_LOOP('',(#3108,#3109,#3110,#3111));
#6772=EDGE_LOOP('',(#3112,#3113,#3114,#3115));
#6773=EDGE_LOOP('',(#3116,#3117,#3118,#3119));
#6774=EDGE_LOOP('',(#3120,#3121,#3122,#3123));
#6775=EDGE_LOOP('',(#3124,#3125,#3126,#3127));
#6776=EDGE_LOOP('',(#3128,#3129,#3130,#3131));
#6777=EDGE_LOOP('',(#3132,#3133,#3134,#3135));
#6778=EDGE_LOOP('',(#3136,#3137,#3138,#3139));
#6779=EDGE_LOOP('',(#3140,#3141,#3142,#3143));
#6780=EDGE_LOOP('',(#3144,#3145,#3146,#3147));
#6781=EDGE_LOOP('',(#3148,#3149,#3150,#3151));
#6782=EDGE_LOOP('',(#3152,#3153,#3154,#3155));
#6783=EDGE_LOOP('',(#3156,#3157,#3158,#3159));
#6784=EDGE_LOOP('',(#3160,#3161,#3162,#3163));
#6785=EDGE_LOOP('',(#3164,#3165,#3166,#3167));
#6786=EDGE_LOOP('',(#3168,#3169,#3170,#3171));
#6787=EDGE_LOOP('',(#3172,#3173,#3174,#3175));
#6788=EDGE_LOOP('',(#3176,#3177,#3178,#3179));
#6789=EDGE_LOOP('',(#3180,#3181,#3182,#3183));
#6790=EDGE_LOOP('',(#3184,#3185,#3186,#3187));
#6791=EDGE_LOOP('',(#3188,#3189,#3190,#3191));
#6792=EDGE_LOOP('',(#3192,#3193,#3194,#3195));
#6793=EDGE_LOOP('',(#3196,#3197,#3198,#3199));
#6794=EDGE_LOOP('',(#3200,#3201,#3202,#3203));
#6795=EDGE_LOOP('',(#3204,#3205,#3206,#3207));
#6796=EDGE_LOOP('',(#3208,#3209,#3210,#3211));
#6797=EDGE_LOOP('',(#3212,#3213,#3214,#3215));
#6798=EDGE_LOOP('',(#3216,#3217,#3218,#3219,#3220,#3221,#3222,#3223,#3224,
#3225,#3226,#3227,#3228,#3229,#3230,#3231,#3232,#3233,#3234,#3235,#3236,
#3237,#3238,#3239,#3240,#3241,#3242,#3243,#3244,#3245));
#6799=EDGE_LOOP('',(#3246,#3247,#3248,#3249));
#6800=EDGE_LOOP('',(#3250,#3251,#3252,#3253));
#6801=EDGE_LOOP('',(#3254,#3255,#3256,#3257));
#6802=EDGE_LOOP('',(#3258,#3259,#3260,#3261));
#6803=EDGE_LOOP('',(#3262,#3263,#3264,#3265));
#6804=EDGE_LOOP('',(#3266,#3267,#3268,#3269));
#6805=EDGE_LOOP('',(#3270,#3271,#3272,#3273));
#6806=EDGE_LOOP('',(#3274,#3275,#3276,#3277));
#6807=EDGE_LOOP('',(#3278,#3279,#3280,#3281));
#6808=EDGE_LOOP('',(#3282,#3283,#3284,#3285));
#6809=EDGE_LOOP('',(#3286,#3287,#3288,#3289));
#6810=EDGE_LOOP('',(#3290,#3291,#3292,#3293));
#6811=EDGE_LOOP('',(#3294,#3295,#3296,#3297));
#6812=EDGE_LOOP('',(#3298,#3299,#3300,#3301));
#6813=EDGE_LOOP('',(#3302,#3303,#3304,#3305));
#6814=EDGE_LOOP('',(#3306,#3307,#3308,#3309));
#6815=EDGE_LOOP('',(#3310,#3311,#3312,#3313));
#6816=EDGE_LOOP('',(#3314,#3315,#3316,#3317));
#6817=EDGE_LOOP('',(#3318,#3319,#3320,#3321));
#6818=EDGE_LOOP('',(#3322,#3323,#3324,#3325));
#6819=EDGE_LOOP('',(#3326,#3327,#3328,#3329));
#6820=EDGE_LOOP('',(#3330,#3331,#3332,#3333));
#6821=EDGE_LOOP('',(#3334,#3335,#3336,#3337));
#6822=EDGE_LOOP('',(#3338,#3339,#3340,#3341));
#6823=EDGE_LOOP('',(#3342,#3343,#3344,#3345));
#6824=EDGE_LOOP('',(#3346,#3347,#3348,#3349));
#6825=EDGE_LOOP('',(#3350,#3351,#3352,#3353));
#6826=EDGE_LOOP('',(#3354,#3355,#3356,#3357));
#6827=EDGE_LOOP('',(#3358,#3359,#3360,#3361));
#6828=EDGE_LOOP('',(#3362,#3363,#3364,#3365));
#6829=EDGE_LOOP('',(#3366,#3367,#3368,#3369,#3370,#3371,#3372,#3373,#3374,
#3375,#3376,#3377,#3378,#3379,#3380,#3381,#3382,#3383,#3384,#3385,#3386,
#3387,#3388,#3389,#3390,#3391,#3392,#3393,#3394,#3395));
#6830=EDGE_LOOP('',(#3396,#3397,#3398,#3399));
#6831=EDGE_LOOP('',(#3400,#3401,#3402,#3403));
#6832=EDGE_LOOP('',(#3404,#3405,#3406,#3407));
#6833=EDGE_LOOP('',(#3408,#3409,#3410,#3411));
#6834=EDGE_LOOP('',(#3412,#3413,#3414,#3415));
#6835=EDGE_LOOP('',(#3416,#3417,#3418,#3419));
#6836=EDGE_LOOP('',(#3420,#3421,#3422,#3423));
#6837=EDGE_LOOP('',(#3424,#3425,#3426,#3427));
#6838=EDGE_LOOP('',(#3428,#3429,#3430,#3431));
#6839=EDGE_LOOP('',(#3432,#3433,#3434,#3435));
#6840=EDGE_LOOP('',(#3436,#3437,#3438,#3439));
#6841=EDGE_LOOP('',(#3440,#3441,#3442,#3443));
#6842=EDGE_LOOP('',(#3444,#3445,#3446,#3447));
#6843=EDGE_LOOP('',(#3448,#3449,#3450,#3451));
#6844=EDGE_LOOP('',(#3452,#3453,#3454,#3455));
#6845=EDGE_LOOP('',(#3456,#3457,#3458,#3459));
#6846=EDGE_LOOP('',(#3460,#3461,#3462,#3463));
#6847=EDGE_LOOP('',(#3464,#3465,#3466,#3467));
#6848=EDGE_LOOP('',(#3468,#3469,#3470,#3471));
#6849=EDGE_LOOP('',(#3472,#3473,#3474,#3475));
#6850=EDGE_LOOP('',(#3476,#3477,#3478,#3479));
#6851=EDGE_LOOP('',(#3480,#3481,#3482,#3483));
#6852=EDGE_LOOP('',(#3484,#3485,#3486,#3487));
#6853=EDGE_LOOP('',(#3488,#3489,#3490,#3491));
#6854=EDGE_LOOP('',(#3492,#3493,#3494,#3495));
#6855=EDGE_LOOP('',(#3496,#3497,#3498,#3499));
#6856=EDGE_LOOP('',(#3500,#3501,#3502,#3503));
#6857=EDGE_LOOP('',(#3504,#3505,#3506,#3507));
#6858=EDGE_LOOP('',(#3508,#3509,#3510,#3511));
#6859=EDGE_LOOP('',(#3512,#3513,#3514,#3515,#3516,#3517,#3518,#3519,#3520,
#3521,#3522,#3523,#3524,#3525,#3526,#3527,#3528,#3529,#3530,#3531,#3532,
#3533,#3534));
#6860=EDGE_LOOP('',(#3535,#3536,#3537,#3538,#3539,#3540));
#6861=EDGE_LOOP('',(#3541,#3542,#3543,#3544,#3545,#3546));
#6862=EDGE_LOOP('',(#3547,#3548,#3549,#3550));
#6863=EDGE_LOOP('',(#3551,#3552,#3553,#3554));
#6864=EDGE_LOOP('',(#3555,#3556,#3557,#3558));
#6865=EDGE_LOOP('',(#3559,#3560,#3561,#3562));
#6866=EDGE_LOOP('',(#3563,#3564,#3565,#3566));
#6867=EDGE_LOOP('',(#3567,#3568,#3569,#3570));
#6868=EDGE_LOOP('',(#3571,#3572,#3573,#3574));
#6869=EDGE_LOOP('',(#3575,#3576,#3577,#3578));
#6870=EDGE_LOOP('',(#3579,#3580,#3581,#3582));
#6871=EDGE_LOOP('',(#3583,#3584,#3585,#3586));
#6872=EDGE_LOOP('',(#3587,#3588,#3589,#3590));
#6873=EDGE_LOOP('',(#3591,#3592,#3593,#3594));
#6874=EDGE_LOOP('',(#3595,#3596,#3597,#3598));
#6875=EDGE_LOOP('',(#3599,#3600,#3601,#3602));
#6876=EDGE_LOOP('',(#3603,#3604,#3605,#3606));
#6877=EDGE_LOOP('',(#3607,#3608,#3609,#3610));
#6878=EDGE_LOOP('',(#3611,#3612,#3613,#3614));
#6879=EDGE_LOOP('',(#3615,#3616,#3617,#3618));
#6880=EDGE_LOOP('',(#3619,#3620,#3621,#3622));
#6881=EDGE_LOOP('',(#3623,#3624,#3625,#3626));
#6882=EDGE_LOOP('',(#3627,#3628,#3629,#3630));
#6883=EDGE_LOOP('',(#3631,#3632,#3633,#3634));
#6884=EDGE_LOOP('',(#3635,#3636,#3637,#3638));
#6885=EDGE_LOOP('',(#3639,#3640,#3641,#3642));
#6886=EDGE_LOOP('',(#3643,#3644,#3645,#3646));
#6887=EDGE_LOOP('',(#3647,#3648,#3649,#3650,#3651,#3652,#3653,#3654,#3655,
#3656,#3657,#3658,#3659,#3660,#3661,#3662,#3663,#3664,#3665,#3666,#3667,
#3668));
#6888=EDGE_LOOP('',(#3669,#3670,#3671));
#6889=EDGE_LOOP('',(#3672,#3673,#3674));
#6890=EDGE_LOOP('',(#3675,#3676,#3677,#3678));
#6891=EDGE_LOOP('',(#3679,#3680,#3681,#3682));
#6892=EDGE_LOOP('',(#3683,#3684,#3685,#3686));
#6893=EDGE_LOOP('',(#3687,#3688,#3689,#3690));
#6894=EDGE_LOOP('',(#3691,#3692,#3693,#3694));
#6895=EDGE_LOOP('',(#3695,#3696,#3697,#3698));
#6896=EDGE_LOOP('',(#3699,#3700,#3701,#3702));
#6897=EDGE_LOOP('',(#3703,#3704,#3705,#3706));
#6898=EDGE_LOOP('',(#3707,#3708,#3709,#3710));
#6899=EDGE_LOOP('',(#3711,#3712,#3713,#3714));
#6900=EDGE_LOOP('',(#3715,#3716,#3717,#3718));
#6901=EDGE_LOOP('',(#3719,#3720,#3721,#3722));
#6902=EDGE_LOOP('',(#3723,#3724,#3725,#3726));
#6903=EDGE_LOOP('',(#3727,#3728,#3729,#3730));
#6904=EDGE_LOOP('',(#3731,#3732,#3733,#3734));
#6905=EDGE_LOOP('',(#3735,#3736,#3737,#3738));
#6906=EDGE_LOOP('',(#3739,#3740,#3741,#3742));
#6907=EDGE_LOOP('',(#3743,#3744,#3745,#3746));
#6908=EDGE_LOOP('',(#3747,#3748,#3749,#3750));
#6909=EDGE_LOOP('',(#3751,#3752,#3753,#3754));
#6910=EDGE_LOOP('',(#3755,#3756,#3757,#3758));
#6911=EDGE_LOOP('',(#3759,#3760,#3761,#3762));
#6912=EDGE_LOOP('',(#3763,#3764,#3765,#3766));
#6913=EDGE_LOOP('',(#3767,#3768,#3769,#3770));
#6914=EDGE_LOOP('',(#3771,#3772,#3773,#3774));
#6915=EDGE_LOOP('',(#3775,#3776,#3777,#3778));
#6916=EDGE_LOOP('',(#3779,#3780,#3781,#3782));
#6917=EDGE_LOOP('',(#3783,#3784,#3785,#3786));
#6918=EDGE_LOOP('',(#3787,#3788,#3789,#3790,#3791,#3792,#3793,#3794,#3795,
#3796,#3797,#3798,#3799,#3800,#3801,#3802,#3803,#3804,#3805,#3806));
#6919=EDGE_LOOP('',(#3807,#3808,#3809,#3810,#3811,#3812,#3813,#3814));
#6920=EDGE_LOOP('',(#3815,#3816,#3817,#3818,#3819,#3820,#3821,#3822));
#6921=EDGE_LOOP('',(#3823,#3824,#3825,#3826));
#6922=EDGE_LOOP('',(#3827,#3828,#3829,#3830));
#6923=EDGE_LOOP('',(#3831,#3832,#3833,#3834));
#6924=EDGE_LOOP('',(#3835,#3836,#3837,#3838));
#6925=EDGE_LOOP('',(#3839,#3840,#3841,#3842));
#6926=EDGE_LOOP('',(#3843,#3844,#3845,#3846));
#6927=EDGE_LOOP('',(#3847,#3848,#3849,#3850));
#6928=EDGE_LOOP('',(#3851,#3852,#3853,#3854));
#6929=EDGE_LOOP('',(#3855,#3856,#3857,#3858));
#6930=EDGE_LOOP('',(#3859,#3860,#3861,#3862));
#6931=EDGE_LOOP('',(#3863,#3864,#3865,#3866));
#6932=EDGE_LOOP('',(#3867,#3868,#3869,#3870));
#6933=EDGE_LOOP('',(#3871,#3872,#3873,#3874));
#6934=EDGE_LOOP('',(#3875,#3876,#3877,#3878));
#6935=EDGE_LOOP('',(#3879,#3880,#3881,#3882));
#6936=EDGE_LOOP('',(#3883,#3884,#3885,#3886));
#6937=EDGE_LOOP('',(#3887,#3888,#3889,#3890));
#6938=EDGE_LOOP('',(#3891,#3892,#3893,#3894));
#6939=EDGE_LOOP('',(#3895,#3896,#3897,#3898));
#6940=EDGE_LOOP('',(#3899,#3900,#3901,#3902));
#6941=EDGE_LOOP('',(#3903,#3904,#3905,#3906));
#6942=EDGE_LOOP('',(#3907,#3908,#3909,#3910));
#6943=EDGE_LOOP('',(#3911,#3912,#3913,#3914));
#6944=EDGE_LOOP('',(#3915,#3916,#3917,#3918));
#6945=EDGE_LOOP('',(#3919,#3920,#3921,#3922));
#6946=EDGE_LOOP('',(#3923,#3924,#3925,#3926));
#6947=EDGE_LOOP('',(#3927,#3928,#3929,#3930));
#6948=EDGE_LOOP('',(#3931,#3932,#3933,#3934));
#6949=EDGE_LOOP('',(#3935,#3936,#3937,#3938,#3939,#3940,#3941,#3942,#3943,
#3944,#3945,#3946,#3947,#3948,#3949,#3950,#3951,#3952,#3953,#3954));
#6950=EDGE_LOOP('',(#3955,#3956,#3957,#3958,#3959,#3960,#3961,#3962));
#6951=EDGE_LOOP('',(#3963,#3964,#3965,#3966,#3967,#3968,#3969,#3970));
#6952=EDGE_LOOP('',(#3971,#3972,#3973,#3974));
#6953=EDGE_LOOP('',(#3975,#3976,#3977,#3978));
#6954=EDGE_LOOP('',(#3979,#3980,#3981,#3982));
#6955=EDGE_LOOP('',(#3983,#3984,#3985,#3986));
#6956=EDGE_LOOP('',(#3987,#3988,#3989,#3990));
#6957=EDGE_LOOP('',(#3991,#3992,#3993,#3994));
#6958=EDGE_LOOP('',(#3995,#3996,#3997,#3998));
#6959=EDGE_LOOP('',(#3999,#4000,#4001,#4002));
#6960=EDGE_LOOP('',(#4003,#4004,#4005,#4006));
#6961=EDGE_LOOP('',(#4007,#4008,#4009,#4010));
#6962=EDGE_LOOP('',(#4011,#4012,#4013,#4014));
#6963=EDGE_LOOP('',(#4015,#4016,#4017,#4018));
#6964=EDGE_LOOP('',(#4019,#4020,#4021,#4022));
#6965=EDGE_LOOP('',(#4023,#4024,#4025,#4026));
#6966=EDGE_LOOP('',(#4027,#4028,#4029,#4030));
#6967=EDGE_LOOP('',(#4031,#4032,#4033,#4034));
#6968=EDGE_LOOP('',(#4035,#4036,#4037,#4038));
#6969=EDGE_LOOP('',(#4039,#4040,#4041,#4042));
#6970=EDGE_LOOP('',(#4043,#4044,#4045,#4046));
#6971=EDGE_LOOP('',(#4047,#4048,#4049,#4050));
#6972=EDGE_LOOP('',(#4051,#4052,#4053,#4054));
#6973=EDGE_LOOP('',(#4055,#4056,#4057,#4058));
#6974=EDGE_LOOP('',(#4059,#4060,#4061,#4062));
#6975=EDGE_LOOP('',(#4063,#4064,#4065,#4066));
#6976=EDGE_LOOP('',(#4067,#4068,#4069,#4070,#4071,#4072,#4073,#4074,#4075,
#4076,#4077,#4078,#4079,#4080,#4081,#4082,#4083,#4084,#4085,#4086,#4087,
#4088,#4089,#4090));
#6977=EDGE_LOOP('',(#4091,#4092,#4093,#4094));
#6978=EDGE_LOOP('',(#4095,#4096,#4097,#4098));
#6979=EDGE_LOOP('',(#4099,#4100,#4101,#4102));
#6980=EDGE_LOOP('',(#4103,#4104,#4105,#4106));
#6981=EDGE_LOOP('',(#4107,#4108,#4109,#4110));
#6982=EDGE_LOOP('',(#4111,#4112,#4113,#4114));
#6983=EDGE_LOOP('',(#4115,#4116,#4117,#4118));
#6984=EDGE_LOOP('',(#4119,#4120,#4121,#4122));
#6985=EDGE_LOOP('',(#4123,#4124,#4125,#4126));
#6986=EDGE_LOOP('',(#4127,#4128,#4129,#4130));
#6987=EDGE_LOOP('',(#4131,#4132,#4133,#4134));
#6988=EDGE_LOOP('',(#4135,#4136,#4137,#4138));
#6989=EDGE_LOOP('',(#4139,#4140,#4141,#4142));
#6990=EDGE_LOOP('',(#4143,#4144,#4145,#4146,#4147));
#6991=EDGE_LOOP('',(#4148,#4149,#4150,#4151,#4152,#4153,#4154,#4155));
#6992=EDGE_LOOP('',(#4156,#4157,#4158,#4159,#4160));
#6993=EDGE_LOOP('',(#4161,#4162,#4163,#4164));
#6994=EDGE_LOOP('',(#4165,#4166,#4167,#4168));
#6995=EDGE_LOOP('',(#4169,#4170,#4171,#4172));
#6996=EDGE_LOOP('',(#4173,#4174,#4175,#4176));
#6997=EDGE_LOOP('',(#4177,#4178,#4179,#4180));
#6998=EDGE_LOOP('',(#4181,#4182,#4183,#4184));
#6999=EDGE_LOOP('',(#4185,#4186,#4187,#4188));
#7000=EDGE_LOOP('',(#4189,#4190,#4191,#4192));
#7001=EDGE_LOOP('',(#4193,#4194,#4195,#4196));
#7002=EDGE_LOOP('',(#4197,#4198,#4199,#4200));
#7003=EDGE_LOOP('',(#4201,#4202,#4203,#4204));
#7004=EDGE_LOOP('',(#4205,#4206,#4207,#4208));
#7005=EDGE_LOOP('',(#4209,#4210,#4211,#4212));
#7006=EDGE_LOOP('',(#4213,#4214,#4215,#4216));
#7007=EDGE_LOOP('',(#4217,#4218,#4219,#4220));
#7008=EDGE_LOOP('',(#4221,#4222,#4223,#4224));
#7009=EDGE_LOOP('',(#4225,#4226,#4227,#4228));
#7010=EDGE_LOOP('',(#4229,#4230,#4231,#4232,#4233,#4234,#4235,#4236,#4237,
#4238,#4239,#4240,#4241,#4242,#4243,#4244,#4245));
#7011=EDGE_LOOP('',(#4246,#4247,#4248,#4249));
#7012=EDGE_LOOP('',(#4250,#4251,#4252,#4253));
#7013=EDGE_LOOP('',(#4254,#4255,#4256,#4257));
#7014=EDGE_LOOP('',(#4258,#4259,#4260,#4261));
#7015=EDGE_LOOP('',(#4262,#4263,#4264,#4265));
#7016=EDGE_LOOP('',(#4266,#4267,#4268,#4269));
#7017=EDGE_LOOP('',(#4270,#4271,#4272,#4273));
#7018=EDGE_LOOP('',(#4274,#4275,#4276,#4277));
#7019=EDGE_LOOP('',(#4278,#4279,#4280,#4281));
#7020=EDGE_LOOP('',(#4282,#4283,#4284,#4285));
#7021=EDGE_LOOP('',(#4286,#4287,#4288,#4289));
#7022=EDGE_LOOP('',(#4290,#4291,#4292,#4293));
#7023=EDGE_LOOP('',(#4294,#4295,#4296,#4297));
#7024=EDGE_LOOP('',(#4298,#4299,#4300,#4301));
#7025=EDGE_LOOP('',(#4302,#4303,#4304,#4305));
#7026=EDGE_LOOP('',(#4306,#4307,#4308,#4309));
#7027=EDGE_LOOP('',(#4310,#4311,#4312,#4313));
#7028=EDGE_LOOP('',(#4314,#4315,#4316,#4317));
#7029=EDGE_LOOP('',(#4318,#4319,#4320,#4321));
#7030=EDGE_LOOP('',(#4322,#4323,#4324,#4325));
#7031=EDGE_LOOP('',(#4326,#4327,#4328,#4329));
#7032=EDGE_LOOP('',(#4330,#4331,#4332,#4333,#4334,#4335,#4336,#4337,#4338,
#4339,#4340,#4341,#4342,#4343,#4344,#4345,#4346));
#7033=EDGE_LOOP('',(#4347,#4348,#4349,#4350));
#7034=EDGE_LOOP('',(#4351,#4352,#4353,#4354));
#7035=EDGE_LOOP('',(#4355,#4356,#4357,#4358));
#7036=EDGE_LOOP('',(#4359,#4360,#4361,#4362));
#7037=EDGE_LOOP('',(#4363,#4364,#4365,#4366));
#7038=EDGE_LOOP('',(#4367,#4368,#4369,#4370));
#7039=EDGE_LOOP('',(#4371,#4372,#4373,#4374));
#7040=EDGE_LOOP('',(#4375,#4376,#4377,#4378));
#7041=EDGE_LOOP('',(#4379,#4380,#4381,#4382));
#7042=EDGE_LOOP('',(#4383,#4384,#4385,#4386));
#7043=EDGE_LOOP('',(#4387,#4388,#4389,#4390));
#7044=EDGE_LOOP('',(#4391,#4392,#4393,#4394));
#7045=EDGE_LOOP('',(#4395,#4396,#4397,#4398));
#7046=EDGE_LOOP('',(#4399,#4400,#4401,#4402));
#7047=EDGE_LOOP('',(#4403,#4404,#4405,#4406));
#7048=EDGE_LOOP('',(#4407,#4408,#4409,#4410));
#7049=EDGE_LOOP('',(#4411,#4412,#4413,#4414));
#7050=EDGE_LOOP('',(#4415,#4416,#4417,#4418));
#7051=EDGE_LOOP('',(#4419,#4420,#4421,#4422));
#7052=EDGE_LOOP('',(#4423,#4424,#4425,#4426));
#7053=EDGE_LOOP('',(#4427,#4428,#4429,#4430));
#7054=EDGE_LOOP('',(#4431,#4432,#4433,#4434));
#7055=EDGE_LOOP('',(#4435,#4436,#4437,#4438));
#7056=EDGE_LOOP('',(#4439,#4440,#4441,#4442));
#7057=EDGE_LOOP('',(#4443,#4444,#4445,#4446));
#7058=EDGE_LOOP('',(#4447,#4448,#4449,#4450));
#7059=EDGE_LOOP('',(#4451,#4452,#4453,#4454));
#7060=EDGE_LOOP('',(#4455,#4456,#4457,#4458));
#7061=EDGE_LOOP('',(#4459,#4460,#4461,#4462,#4463,#4464,#4465,#4466,#4467,
#4468,#4469,#4470,#4471,#4472,#4473,#4474,#4475,#4476));
#7062=EDGE_LOOP('',(#4477,#4478,#4479,#4480,#4481,#4482,#4483,#4484));
#7063=EDGE_LOOP('',(#4485,#4486,#4487,#4488,#4489,#4490,#4491,#4492));
#7064=EDGE_LOOP('',(#4493,#4494,#4495,#4496));
#7065=EDGE_LOOP('',(#4497,#4498,#4499,#4500));
#7066=EDGE_LOOP('',(#4501,#4502,#4503,#4504));
#7067=EDGE_LOOP('',(#4505,#4506,#4507,#4508));
#7068=EDGE_LOOP('',(#4509,#4510,#4511,#4512,#4513,#4514,#4515,#4516));
#7069=EDGE_LOOP('',(#4517,#4518,#4519,#4520,#4521,#4522,#4523,#4524));
#7070=EDGE_LOOP('',(#4525));
#7071=EDGE_LOOP('',(#4526));
#7072=EDGE_LOOP('',(#4527,#4528,#4529,#4530,#4531,#4532,#4533,#4534));
#7073=EDGE_LOOP('',(#4535,#4536,#4537,#4538));
#7074=EDGE_LOOP('',(#4539,#4540,#4541,#4542));
#7075=EDGE_LOOP('',(#4543,#4544,#4545,#4546));
#7076=EDGE_LOOP('',(#4547,#4548,#4549,#4550));
#7077=EDGE_LOOP('',(#4551));
#7078=EDGE_LOOP('',(#4552));
#7079=EDGE_LOOP('',(#4553));
#7080=EDGE_LOOP('',(#4554));
#7081=EDGE_LOOP('',(#4555));
#7082=EDGE_LOOP('',(#4556));
#7083=EDGE_LOOP('',(#4557));
#7084=EDGE_LOOP('',(#4558));
#7085=EDGE_LOOP('',(#4559));
#7086=EDGE_LOOP('',(#4560));
#7087=EDGE_LOOP('',(#4561));
#7088=EDGE_LOOP('',(#4562));
#7089=EDGE_LOOP('',(#4563));
#7090=EDGE_LOOP('',(#4564));
#7091=EDGE_LOOP('',(#4565));
#7092=EDGE_LOOP('',(#4566));
#7093=EDGE_LOOP('',(#4567));
#7094=EDGE_LOOP('',(#4568));
#7095=EDGE_LOOP('',(#4569));
#7096=EDGE_LOOP('',(#4570));
#7097=EDGE_LOOP('',(#4571));
#7098=EDGE_LOOP('',(#4572));
#7099=EDGE_LOOP('',(#4573));
#7100=EDGE_LOOP('',(#4574,#4575,#4576,#4577));
#7101=EDGE_LOOP('',(#4578,#4579,#4580,#4581));
#7102=EDGE_LOOP('',(#4582,#4583,#4584,#4585));
#7103=EDGE_LOOP('',(#4586,#4587,#4588,#4589));
#7104=EDGE_LOOP('',(#4590,#4591,#4592,#4593));
#7105=EDGE_LOOP('',(#4594,#4595,#4596,#4597));
#7106=EDGE_LOOP('',(#4598,#4599,#4600,#4601));
#7107=EDGE_LOOP('',(#4602,#4603,#4604,#4605));
#7108=FACE_BOUND('',#6636,.T.);
#7109=FACE_BOUND('',#6637,.T.);
#7110=FACE_BOUND('',#6638,.T.);
#7111=FACE_BOUND('',#6639,.T.);
#7112=FACE_BOUND('',#6640,.T.);
#7113=FACE_BOUND('',#6641,.T.);
#7114=FACE_BOUND('',#6642,.T.);
#7115=FACE_BOUND('',#6643,.T.);
#7116=FACE_BOUND('',#6644,.T.);
#7117=FACE_BOUND('',#6645,.T.);
#7118=FACE_BOUND('',#6646,.T.);
#7119=FACE_BOUND('',#6647,.T.);
#7120=FACE_BOUND('',#6648,.T.);
#7121=FACE_BOUND('',#6649,.T.);
#7122=FACE_BOUND('',#6650,.T.);
#7123=FACE_BOUND('',#6651,.T.);
#7124=FACE_BOUND('',#6652,.T.);
#7125=FACE_BOUND('',#6653,.T.);
#7126=FACE_BOUND('',#6654,.T.);
#7127=FACE_BOUND('',#6655,.T.);
#7128=FACE_BOUND('',#6656,.T.);
#7129=FACE_BOUND('',#6657,.T.);
#7130=FACE_BOUND('',#6658,.T.);
#7131=FACE_BOUND('',#6659,.T.);
#7132=FACE_BOUND('',#6660,.T.);
#7133=FACE_BOUND('',#6661,.T.);
#7134=FACE_BOUND('',#6662,.T.);
#7135=FACE_BOUND('',#6663,.T.);
#7136=FACE_BOUND('',#6664,.T.);
#7137=FACE_BOUND('',#6665,.T.);
#7138=FACE_BOUND('',#6666,.T.);
#7139=FACE_BOUND('',#6667,.T.);
#7140=FACE_BOUND('',#6668,.T.);
#7141=FACE_BOUND('',#6669,.T.);
#7142=FACE_BOUND('',#6670,.T.);
#7143=FACE_BOUND('',#6671,.T.);
#7144=FACE_BOUND('',#6672,.T.);
#7145=FACE_BOUND('',#6673,.T.);
#7146=FACE_BOUND('',#6674,.T.);
#7147=FACE_BOUND('',#6675,.T.);
#7148=FACE_BOUND('',#6676,.T.);
#7149=FACE_BOUND('',#6677,.T.);
#7150=FACE_BOUND('',#6678,.T.);
#7151=FACE_BOUND('',#6679,.T.);
#7152=FACE_BOUND('',#6680,.T.);
#7153=FACE_BOUND('',#6681,.T.);
#7154=FACE_BOUND('',#6682,.T.);
#7155=FACE_BOUND('',#6683,.T.);
#7156=FACE_BOUND('',#6684,.T.);
#7157=FACE_BOUND('',#6685,.T.);
#7158=FACE_BOUND('',#6686,.T.);
#7159=FACE_BOUND('',#6687,.T.);
#7160=FACE_BOUND('',#6688,.T.);
#7161=FACE_BOUND('',#6689,.T.);
#7162=FACE_BOUND('',#6690,.T.);
#7163=FACE_BOUND('',#6691,.T.);
#7164=FACE_BOUND('',#6692,.T.);
#7165=FACE_BOUND('',#6693,.T.);
#7166=FACE_BOUND('',#6694,.T.);
#7167=FACE_BOUND('',#6695,.T.);
#7168=FACE_BOUND('',#6696,.T.);
#7169=FACE_BOUND('',#6697,.T.);
#7170=FACE_BOUND('',#6698,.T.);
#7171=FACE_BOUND('',#6699,.T.);
#7172=FACE_BOUND('',#6700,.T.);
#7173=FACE_BOUND('',#6701,.T.);
#7174=FACE_BOUND('',#6702,.T.);
#7175=FACE_BOUND('',#6703,.T.);
#7176=FACE_BOUND('',#6704,.T.);
#7177=FACE_BOUND('',#6705,.T.);
#7178=FACE_BOUND('',#6706,.T.);
#7179=FACE_BOUND('',#6707,.T.);
#7180=FACE_BOUND('',#6708,.T.);
#7181=FACE_BOUND('',#6709,.T.);
#7182=FACE_BOUND('',#6710,.T.);
#7183=FACE_BOUND('',#6711,.T.);
#7184=FACE_BOUND('',#6712,.T.);
#7185=FACE_BOUND('',#6713,.T.);
#7186=FACE_BOUND('',#6714,.T.);
#7187=FACE_BOUND('',#6715,.T.);
#7188=FACE_BOUND('',#6716,.T.);
#7189=FACE_BOUND('',#6717,.T.);
#7190=FACE_BOUND('',#6718,.T.);
#7191=FACE_BOUND('',#6719,.T.);
#7192=FACE_BOUND('',#6720,.T.);
#7193=FACE_BOUND('',#6721,.T.);
#7194=FACE_BOUND('',#6722,.T.);
#7195=FACE_BOUND('',#6723,.T.);
#7196=FACE_BOUND('',#6724,.T.);
#7197=FACE_BOUND('',#6725,.T.);
#7198=FACE_BOUND('',#6726,.T.);
#7199=FACE_BOUND('',#6727,.T.);
#7200=FACE_BOUND('',#6728,.T.);
#7201=FACE_BOUND('',#6729,.T.);
#7202=FACE_BOUND('',#6730,.T.);
#7203=FACE_BOUND('',#6731,.T.);
#7204=FACE_BOUND('',#6732,.T.);
#7205=FACE_BOUND('',#6733,.T.);
#7206=FACE_BOUND('',#6734,.T.);
#7207=FACE_BOUND('',#6735,.T.);
#7208=FACE_BOUND('',#6736,.T.);
#7209=FACE_BOUND('',#6737,.T.);
#7210=FACE_BOUND('',#6738,.T.);
#7211=FACE_BOUND('',#6739,.T.);
#7212=FACE_BOUND('',#6740,.T.);
#7213=FACE_BOUND('',#6741,.T.);
#7214=FACE_BOUND('',#6742,.T.);
#7215=FACE_BOUND('',#6743,.T.);
#7216=FACE_BOUND('',#6744,.T.);
#7217=FACE_BOUND('',#6745,.T.);
#7218=FACE_BOUND('',#6746,.T.);
#7219=FACE_BOUND('',#6747,.T.);
#7220=FACE_BOUND('',#6748,.T.);
#7221=FACE_BOUND('',#6749,.T.);
#7222=FACE_BOUND('',#6750,.T.);
#7223=FACE_BOUND('',#6751,.T.);
#7224=FACE_BOUND('',#6752,.T.);
#7225=FACE_BOUND('',#6753,.T.);
#7226=FACE_BOUND('',#6754,.T.);
#7227=FACE_BOUND('',#6755,.T.);
#7228=FACE_BOUND('',#6756,.T.);
#7229=FACE_BOUND('',#6757,.T.);
#7230=FACE_BOUND('',#6758,.T.);
#7231=FACE_BOUND('',#6759,.T.);
#7232=FACE_BOUND('',#6760,.T.);
#7233=FACE_BOUND('',#6761,.T.);
#7234=FACE_BOUND('',#6762,.T.);
#7235=FACE_BOUND('',#6763,.T.);
#7236=FACE_BOUND('',#6764,.T.);
#7237=FACE_BOUND('',#6765,.T.);
#7238=FACE_BOUND('',#6766,.T.);
#7239=FACE_BOUND('',#6767,.T.);
#7240=FACE_BOUND('',#6768,.T.);
#7241=FACE_BOUND('',#6769,.T.);
#7242=FACE_BOUND('',#6770,.T.);
#7243=FACE_BOUND('',#6771,.T.);
#7244=FACE_BOUND('',#6772,.T.);
#7245=FACE_BOUND('',#6773,.T.);
#7246=FACE_BOUND('',#6774,.T.);
#7247=FACE_BOUND('',#6775,.T.);
#7248=FACE_BOUND('',#6776,.T.);
#7249=FACE_BOUND('',#6777,.T.);
#7250=FACE_BOUND('',#6778,.T.);
#7251=FACE_BOUND('',#6779,.T.);
#7252=FACE_BOUND('',#6780,.T.);
#7253=FACE_BOUND('',#6781,.T.);
#7254=FACE_BOUND('',#6782,.T.);
#7255=FACE_BOUND('',#6783,.T.);
#7256=FACE_BOUND('',#6784,.T.);
#7257=FACE_BOUND('',#6785,.T.);
#7258=FACE_BOUND('',#6786,.T.);
#7259=FACE_BOUND('',#6787,.T.);
#7260=FACE_BOUND('',#6788,.T.);
#7261=FACE_BOUND('',#6789,.T.);
#7262=FACE_BOUND('',#6790,.T.);
#7263=FACE_BOUND('',#6791,.T.);
#7264=FACE_BOUND('',#6792,.T.);
#7265=FACE_BOUND('',#6793,.T.);
#7266=FACE_BOUND('',#6794,.T.);
#7267=FACE_BOUND('',#6795,.T.);
#7268=FACE_BOUND('',#6796,.T.);
#7269=FACE_BOUND('',#6797,.T.);
#7270=FACE_BOUND('',#6798,.T.);
#7271=FACE_BOUND('',#6799,.T.);
#7272=FACE_BOUND('',#6800,.T.);
#7273=FACE_BOUND('',#6801,.T.);
#7274=FACE_BOUND('',#6802,.T.);
#7275=FACE_BOUND('',#6803,.T.);
#7276=FACE_BOUND('',#6804,.T.);
#7277=FACE_BOUND('',#6805,.T.);
#7278=FACE_BOUND('',#6806,.T.);
#7279=FACE_BOUND('',#6807,.T.);
#7280=FACE_BOUND('',#6808,.T.);
#7281=FACE_BOUND('',#6809,.T.);
#7282=FACE_BOUND('',#6810,.T.);
#7283=FACE_BOUND('',#6811,.T.);
#7284=FACE_BOUND('',#6812,.T.);
#7285=FACE_BOUND('',#6813,.T.);
#7286=FACE_BOUND('',#6814,.T.);
#7287=FACE_BOUND('',#6815,.T.);
#7288=FACE_BOUND('',#6816,.T.);
#7289=FACE_BOUND('',#6817,.T.);
#7290=FACE_BOUND('',#6818,.T.);
#7291=FACE_BOUND('',#6819,.T.);
#7292=FACE_BOUND('',#6820,.T.);
#7293=FACE_BOUND('',#6821,.T.);
#7294=FACE_BOUND('',#6822,.T.);
#7295=FACE_BOUND('',#6823,.T.);
#7296=FACE_BOUND('',#6824,.T.);
#7297=FACE_BOUND('',#6825,.T.);
#7298=FACE_BOUND('',#6826,.T.);
#7299=FACE_BOUND('',#6827,.T.);
#7300=FACE_BOUND('',#6828,.T.);
#7301=FACE_BOUND('',#6829,.T.);
#7302=FACE_BOUND('',#6830,.T.);
#7303=FACE_BOUND('',#6831,.T.);
#7304=FACE_BOUND('',#6832,.T.);
#7305=FACE_BOUND('',#6833,.T.);
#7306=FACE_BOUND('',#6834,.T.);
#7307=FACE_BOUND('',#6835,.T.);
#7308=FACE_BOUND('',#6836,.T.);
#7309=FACE_BOUND('',#6837,.T.);
#7310=FACE_BOUND('',#6838,.T.);
#7311=FACE_BOUND('',#6839,.T.);
#7312=FACE_BOUND('',#6840,.T.);
#7313=FACE_BOUND('',#6841,.T.);
#7314=FACE_BOUND('',#6842,.T.);
#7315=FACE_BOUND('',#6843,.T.);
#7316=FACE_BOUND('',#6844,.T.);
#7317=FACE_BOUND('',#6845,.T.);
#7318=FACE_BOUND('',#6846,.T.);
#7319=FACE_BOUND('',#6847,.T.);
#7320=FACE_BOUND('',#6848,.T.);
#7321=FACE_BOUND('',#6849,.T.);
#7322=FACE_BOUND('',#6850,.T.);
#7323=FACE_BOUND('',#6851,.T.);
#7324=FACE_BOUND('',#6852,.T.);
#7325=FACE_BOUND('',#6853,.T.);
#7326=FACE_BOUND('',#6854,.T.);
#7327=FACE_BOUND('',#6855,.T.);
#7328=FACE_BOUND('',#6856,.T.);
#7329=FACE_BOUND('',#6857,.T.);
#7330=FACE_BOUND('',#6858,.T.);
#7331=FACE_BOUND('',#6859,.T.);
#7332=FACE_BOUND('',#6860,.T.);
#7333=FACE_BOUND('',#6861,.T.);
#7334=FACE_BOUND('',#6862,.T.);
#7335=FACE_BOUND('',#6863,.T.);
#7336=FACE_BOUND('',#6864,.T.);
#7337=FACE_BOUND('',#6865,.T.);
#7338=FACE_BOUND('',#6866,.T.);
#7339=FACE_BOUND('',#6867,.T.);
#7340=FACE_BOUND('',#6868,.T.);
#7341=FACE_BOUND('',#6869,.T.);
#7342=FACE_BOUND('',#6870,.T.);
#7343=FACE_BOUND('',#6871,.T.);
#7344=FACE_BOUND('',#6872,.T.);
#7345=FACE_BOUND('',#6873,.T.);
#7346=FACE_BOUND('',#6874,.T.);
#7347=FACE_BOUND('',#6875,.T.);
#7348=FACE_BOUND('',#6876,.T.);
#7349=FACE_BOUND('',#6877,.T.);
#7350=FACE_BOUND('',#6878,.T.);
#7351=FACE_BOUND('',#6879,.T.);
#7352=FACE_BOUND('',#6880,.T.);
#7353=FACE_BOUND('',#6881,.T.);
#7354=FACE_BOUND('',#6882,.T.);
#7355=FACE_BOUND('',#6883,.T.);
#7356=FACE_BOUND('',#6884,.T.);
#7357=FACE_BOUND('',#6885,.T.);
#7358=FACE_BOUND('',#6886,.T.);
#7359=FACE_BOUND('',#6887,.T.);
#7360=FACE_BOUND('',#6888,.T.);
#7361=FACE_BOUND('',#6889,.T.);
#7362=FACE_BOUND('',#6890,.T.);
#7363=FACE_BOUND('',#6891,.T.);
#7364=FACE_BOUND('',#6892,.T.);
#7365=FACE_BOUND('',#6893,.T.);
#7366=FACE_BOUND('',#6894,.T.);
#7367=FACE_BOUND('',#6895,.T.);
#7368=FACE_BOUND('',#6896,.T.);
#7369=FACE_BOUND('',#6897,.T.);
#7370=FACE_BOUND('',#6898,.T.);
#7371=FACE_BOUND('',#6899,.T.);
#7372=FACE_BOUND('',#6900,.T.);
#7373=FACE_BOUND('',#6901,.T.);
#7374=FACE_BOUND('',#6902,.T.);
#7375=FACE_BOUND('',#6903,.T.);
#7376=FACE_BOUND('',#6904,.T.);
#7377=FACE_BOUND('',#6905,.T.);
#7378=FACE_BOUND('',#6906,.T.);
#7379=FACE_BOUND('',#6907,.T.);
#7380=FACE_BOUND('',#6908,.T.);
#7381=FACE_BOUND('',#6909,.T.);
#7382=FACE_BOUND('',#6910,.T.);
#7383=FACE_BOUND('',#6911,.T.);
#7384=FACE_BOUND('',#6912,.T.);
#7385=FACE_BOUND('',#6913,.T.);
#7386=FACE_BOUND('',#6914,.T.);
#7387=FACE_BOUND('',#6915,.T.);
#7388=FACE_BOUND('',#6916,.T.);
#7389=FACE_BOUND('',#6917,.T.);
#7390=FACE_BOUND('',#6918,.T.);
#7391=FACE_BOUND('',#6919,.T.);
#7392=FACE_BOUND('',#6920,.T.);
#7393=FACE_BOUND('',#6921,.T.);
#7394=FACE_BOUND('',#6922,.T.);
#7395=FACE_BOUND('',#6923,.T.);
#7396=FACE_BOUND('',#6924,.T.);
#7397=FACE_BOUND('',#6925,.T.);
#7398=FACE_BOUND('',#6926,.T.);
#7399=FACE_BOUND('',#6927,.T.);
#7400=FACE_BOUND('',#6928,.T.);
#7401=FACE_BOUND('',#6929,.T.);
#7402=FACE_BOUND('',#6930,.T.);
#7403=FACE_BOUND('',#6931,.T.);
#7404=FACE_BOUND('',#6932,.T.);
#7405=FACE_BOUND('',#6933,.T.);
#7406=FACE_BOUND('',#6934,.T.);
#7407=FACE_BOUND('',#6935,.T.);
#7408=FACE_BOUND('',#6936,.T.);
#7409=FACE_BOUND('',#6937,.T.);
#7410=FACE_BOUND('',#6938,.T.);
#7411=FACE_BOUND('',#6939,.T.);
#7412=FACE_BOUND('',#6940,.T.);
#7413=FACE_BOUND('',#6941,.T.);
#7414=FACE_BOUND('',#6942,.T.);
#7415=FACE_BOUND('',#6943,.T.);
#7416=FACE_BOUND('',#6944,.T.);
#7417=FACE_BOUND('',#6945,.T.);
#7418=FACE_BOUND('',#6946,.T.);
#7419=FACE_BOUND('',#6947,.T.);
#7420=FACE_BOUND('',#6948,.T.);
#7421=FACE_BOUND('',#6949,.T.);
#7422=FACE_BOUND('',#6950,.T.);
#7423=FACE_BOUND('',#6951,.T.);
#7424=FACE_BOUND('',#6952,.T.);
#7425=FACE_BOUND('',#6953,.T.);
#7426=FACE_BOUND('',#6954,.T.);
#7427=FACE_BOUND('',#6955,.T.);
#7428=FACE_BOUND('',#6956,.T.);
#7429=FACE_BOUND('',#6957,.T.);
#7430=FACE_BOUND('',#6958,.T.);
#7431=FACE_BOUND('',#6959,.T.);
#7432=FACE_BOUND('',#6960,.T.);
#7433=FACE_BOUND('',#6961,.T.);
#7434=FACE_BOUND('',#6962,.T.);
#7435=FACE_BOUND('',#6963,.T.);
#7436=FACE_BOUND('',#6964,.T.);
#7437=FACE_BOUND('',#6965,.T.);
#7438=FACE_BOUND('',#6966,.T.);
#7439=FACE_BOUND('',#6967,.T.);
#7440=FACE_BOUND('',#6968,.T.);
#7441=FACE_BOUND('',#6969,.T.);
#7442=FACE_BOUND('',#6970,.T.);
#7443=FACE_BOUND('',#6971,.T.);
#7444=FACE_BOUND('',#6972,.T.);
#7445=FACE_BOUND('',#6973,.T.);
#7446=FACE_BOUND('',#6974,.T.);
#7447=FACE_BOUND('',#6975,.T.);
#7448=FACE_BOUND('',#6976,.T.);
#7449=FACE_BOUND('',#6977,.T.);
#7450=FACE_BOUND('',#6978,.T.);
#7451=FACE_BOUND('',#6979,.T.);
#7452=FACE_BOUND('',#6980,.T.);
#7453=FACE_BOUND('',#6981,.T.);
#7454=FACE_BOUND('',#6982,.T.);
#7455=FACE_BOUND('',#6983,.T.);
#7456=FACE_BOUND('',#6984,.T.);
#7457=FACE_BOUND('',#6985,.T.);
#7458=FACE_BOUND('',#6986,.T.);
#7459=FACE_BOUND('',#6987,.T.);
#7460=FACE_BOUND('',#6988,.T.);
#7461=FACE_BOUND('',#6989,.T.);
#7462=FACE_BOUND('',#6990,.T.);
#7463=FACE_BOUND('',#6991,.T.);
#7464=FACE_BOUND('',#6992,.T.);
#7465=FACE_BOUND('',#6993,.T.);
#7466=FACE_BOUND('',#6994,.T.);
#7467=FACE_BOUND('',#6995,.T.);
#7468=FACE_BOUND('',#6996,.T.);
#7469=FACE_BOUND('',#6997,.T.);
#7470=FACE_BOUND('',#6998,.T.);
#7471=FACE_BOUND('',#6999,.T.);
#7472=FACE_BOUND('',#7000,.T.);
#7473=FACE_BOUND('',#7001,.T.);
#7474=FACE_BOUND('',#7002,.T.);
#7475=FACE_BOUND('',#7003,.T.);
#7476=FACE_BOUND('',#7004,.T.);
#7477=FACE_BOUND('',#7005,.T.);
#7478=FACE_BOUND('',#7006,.T.);
#7479=FACE_BOUND('',#7007,.T.);
#7480=FACE_BOUND('',#7008,.T.);
#7481=FACE_BOUND('',#7009,.T.);
#7482=FACE_BOUND('',#7010,.T.);
#7483=FACE_BOUND('',#7011,.T.);
#7484=FACE_BOUND('',#7012,.T.);
#7485=FACE_BOUND('',#7013,.T.);
#7486=FACE_BOUND('',#7014,.T.);
#7487=FACE_BOUND('',#7015,.T.);
#7488=FACE_BOUND('',#7016,.T.);
#7489=FACE_BOUND('',#7017,.T.);
#7490=FACE_BOUND('',#7018,.T.);
#7491=FACE_BOUND('',#7019,.T.);
#7492=FACE_BOUND('',#7020,.T.);
#7493=FACE_BOUND('',#7021,.T.);
#7494=FACE_BOUND('',#7022,.T.);
#7495=FACE_BOUND('',#7023,.T.);
#7496=FACE_BOUND('',#7024,.T.);
#7497=FACE_BOUND('',#7025,.T.);
#7498=FACE_BOUND('',#7026,.T.);
#7499=FACE_BOUND('',#7027,.T.);
#7500=FACE_BOUND('',#7028,.T.);
#7501=FACE_BOUND('',#7029,.T.);
#7502=FACE_BOUND('',#7030,.T.);
#7503=FACE_BOUND('',#7031,.T.);
#7504=FACE_BOUND('',#7032,.T.);
#7505=FACE_BOUND('',#7033,.T.);
#7506=FACE_BOUND('',#7034,.T.);
#7507=FACE_BOUND('',#7035,.T.);
#7508=FACE_BOUND('',#7036,.T.);
#7509=FACE_BOUND('',#7037,.T.);
#7510=FACE_BOUND('',#7038,.T.);
#7511=FACE_BOUND('',#7039,.T.);
#7512=FACE_BOUND('',#7040,.T.);
#7513=FACE_BOUND('',#7041,.T.);
#7514=FACE_BOUND('',#7042,.T.);
#7515=FACE_BOUND('',#7043,.T.);
#7516=FACE_BOUND('',#7044,.T.);
#7517=FACE_BOUND('',#7045,.T.);
#7518=FACE_BOUND('',#7046,.T.);
#7519=FACE_BOUND('',#7047,.T.);
#7520=FACE_BOUND('',#7048,.T.);
#7521=FACE_BOUND('',#7049,.T.);
#7522=FACE_BOUND('',#7050,.T.);
#7523=FACE_BOUND('',#7051,.T.);
#7524=FACE_BOUND('',#7052,.T.);
#7525=FACE_BOUND('',#7053,.T.);
#7526=FACE_BOUND('',#7054,.T.);
#7527=FACE_BOUND('',#7055,.T.);
#7528=FACE_BOUND('',#7056,.T.);
#7529=FACE_BOUND('',#7057,.T.);
#7530=FACE_BOUND('',#7058,.T.);
#7531=FACE_BOUND('',#7059,.T.);
#7532=FACE_BOUND('',#7060,.T.);
#7533=FACE_BOUND('',#7061,.T.);
#7534=FACE_BOUND('',#7062,.T.);
#7535=FACE_BOUND('',#7063,.T.);
#7536=FACE_BOUND('',#7064,.T.);
#7537=FACE_BOUND('',#7065,.T.);
#7538=FACE_BOUND('',#7066,.T.);
#7539=FACE_BOUND('',#7067,.T.);
#7540=FACE_BOUND('',#7068,.T.);
#7541=FACE_BOUND('',#7069,.T.);
#7542=FACE_BOUND('',#7070,.T.);
#7543=FACE_BOUND('',#7071,.T.);
#7544=FACE_BOUND('',#7072,.T.);
#7545=FACE_BOUND('',#7073,.T.);
#7546=FACE_BOUND('',#7074,.T.);
#7547=FACE_BOUND('',#7075,.T.);
#7548=FACE_BOUND('',#7076,.T.);
#7549=FACE_BOUND('',#7077,.T.);
#7550=FACE_BOUND('',#7078,.T.);
#7551=FACE_BOUND('',#7079,.T.);
#7552=FACE_BOUND('',#7080,.T.);
#7553=FACE_BOUND('',#7081,.T.);
#7554=FACE_BOUND('',#7082,.T.);
#7555=FACE_BOUND('',#7083,.T.);
#7556=FACE_BOUND('',#7084,.T.);
#7557=FACE_BOUND('',#7085,.T.);
#7558=FACE_BOUND('',#7086,.T.);
#7559=FACE_BOUND('',#7087,.T.);
#7560=FACE_BOUND('',#7088,.T.);
#7561=FACE_BOUND('',#7089,.T.);
#7562=FACE_BOUND('',#7090,.T.);
#7563=FACE_BOUND('',#7091,.T.);
#7564=FACE_BOUND('',#7092,.T.);
#7565=FACE_BOUND('',#7093,.T.);
#7566=FACE_BOUND('',#7094,.T.);
#7567=FACE_BOUND('',#7095,.T.);
#7568=FACE_BOUND('',#7096,.T.);
#7569=FACE_BOUND('',#7097,.T.);
#7570=FACE_BOUND('',#7098,.T.);
#7571=FACE_BOUND('',#7099,.T.);
#7572=FACE_BOUND('',#7100,.T.);
#7573=FACE_BOUND('',#7101,.T.);
#7574=FACE_BOUND('',#7102,.T.);
#7575=FACE_BOUND('',#7103,.T.);
#7576=FACE_BOUND('',#7104,.T.);
#7577=FACE_BOUND('',#7105,.T.);
#7578=FACE_BOUND('',#7106,.T.);
#7579=FACE_BOUND('',#7107,.T.);
#7580=PLANE('',#8315);
#7581=PLANE('',#8327);
#7582=PLANE('',#8328);
#7583=PLANE('',#8329);
#7584=PLANE('',#8330);
#7585=PLANE('',#8331);
#7586=PLANE('',#8332);
#7587=PLANE('',#8333);
#7588=PLANE('',#8334);
#7589=PLANE('',#8335);
#7590=PLANE('',#8338);
#7591=PLANE('',#8339);
#7592=PLANE('',#8340);
#7593=PLANE('',#8341);
#7594=PLANE('',#8342);
#7595=PLANE('',#8343);
#7596=PLANE('',#8344);
#7597=PLANE('',#8345);
#7598=PLANE('',#8346);
#7599=PLANE('',#8349);
#7600=PLANE('',#8350);
#7601=PLANE('',#8351);
#7602=PLANE('',#8352);
#7603=PLANE('',#8353);
#7604=PLANE('',#8354);
#7605=PLANE('',#8355);
#7606=PLANE('',#8356);
#7607=PLANE('',#8357);
#7608=PLANE('',#8358);
#7609=PLANE('',#8359);
#7610=PLANE('',#8360);
#7611=PLANE('',#8361);
#7612=PLANE('',#8362);
#7613=PLANE('',#8363);
#7614=PLANE('',#8364);
#7615=PLANE('',#8365);
#7616=PLANE('',#8366);
#7617=PLANE('',#8367);
#7618=PLANE('',#8368);
#7619=PLANE('',#8369);
#7620=PLANE('',#8370);
#7621=PLANE('',#8371);
#7622=PLANE('',#8372);
#7623=PLANE('',#8373);
#7624=PLANE('',#8374);
#7625=PLANE('',#8375);
#7626=PLANE('',#8376);
#7627=PLANE('',#8377);
#7628=PLANE('',#8378);
#7629=PLANE('',#8379);
#7630=PLANE('',#8380);
#7631=PLANE('',#8381);
#7632=PLANE('',#8382);
#7633=PLANE('',#8383);
#7634=PLANE('',#8384);
#7635=PLANE('',#8385);
#7636=PLANE('',#8386);
#7637=PLANE('',#8387);
#7638=PLANE('',#8388);
#7639=PLANE('',#8389);
#7640=PLANE('',#8390);
#7641=PLANE('',#8391);
#7642=PLANE('',#8392);
#7643=PLANE('',#8393);
#7644=PLANE('',#8394);
#7645=PLANE('',#8395);
#7646=PLANE('',#8396);
#7647=PLANE('',#8397);
#7648=PLANE('',#8398);
#7649=PLANE('',#8402);
#7650=PLANE('',#8403);
#7651=PLANE('',#8404);
#7652=PLANE('',#8405);
#7653=PLANE('',#8406);
#7654=PLANE('',#8407);
#7655=PLANE('',#8408);
#7656=PLANE('',#8409);
#7657=PLANE('',#8410);
#7658=PLANE('',#8411);
#7659=PLANE('',#8412);
#7660=PLANE('',#8413);
#7661=PLANE('',#8414);
#7662=PLANE('',#8415);
#7663=PLANE('',#8416);
#7664=PLANE('',#8417);
#7665=PLANE('',#8418);
#7666=PLANE('',#8419);
#7667=PLANE('',#8420);
#7668=PLANE('',#8421);
#7669=PLANE('',#8422);
#7670=PLANE('',#8423);
#7671=PLANE('',#8424);
#7672=PLANE('',#8425);
#7673=PLANE('',#8426);
#7674=PLANE('',#8427);
#7675=PLANE('',#8428);
#7676=PLANE('',#8429);
#7677=PLANE('',#8430);
#7678=PLANE('',#8431);
#7679=PLANE('',#8432);
#7680=PLANE('',#8433);
#7681=PLANE('',#8434);
#7682=PLANE('',#8435);
#7683=PLANE('',#8436);
#7684=PLANE('',#8437);
#7685=PLANE('',#8438);
#7686=PLANE('',#8439);
#7687=PLANE('',#8440);
#7688=PLANE('',#8441);
#7689=PLANE('',#8442);
#7690=PLANE('',#8443);
#7691=PLANE('',#8444);
#7692=PLANE('',#8445);
#7693=PLANE('',#8446);
#7694=PLANE('',#8447);
#7695=PLANE('',#8448);
#7696=PLANE('',#8449);
#7697=PLANE('',#8450);
#7698=PLANE('',#8451);
#7699=PLANE('',#8452);
#7700=PLANE('',#8453);
#7701=PLANE('',#8454);
#7702=PLANE('',#8455);
#7703=PLANE('',#8456);
#7704=PLANE('',#8457);
#7705=PLANE('',#8458);
#7706=PLANE('',#8459);
#7707=PLANE('',#8460);
#7708=PLANE('',#8461);
#7709=PLANE('',#8462);
#7710=PLANE('',#8463);
#7711=PLANE('',#8464);
#7712=PLANE('',#8465);
#7713=PLANE('',#8466);
#7714=PLANE('',#8470);
#7715=PLANE('',#8471);
#7716=PLANE('',#8472);
#7717=PLANE('',#8473);
#7718=PLANE('',#8474);
#7719=PLANE('',#8475);
#7720=PLANE('',#8476);
#7721=PLANE('',#8477);
#7722=PLANE('',#8478);
#7723=PLANE('',#8479);
#7724=PLANE('',#8480);
#7725=PLANE('',#8481);
#7726=PLANE('',#8482);
#7727=PLANE('',#8483);
#7728=PLANE('',#8484);
#7729=PLANE('',#8485);
#7730=PLANE('',#8486);
#7731=PLANE('',#8487);
#7732=PLANE('',#8488);
#7733=PLANE('',#8489);
#7734=PLANE('',#8490);
#7735=PLANE('',#8491);
#7736=PLANE('',#8492);
#7737=PLANE('',#8493);
#7738=PLANE('',#8494);
#7739=PLANE('',#8495);
#7740=PLANE('',#8496);
#7741=PLANE('',#8497);
#7742=PLANE('',#8498);
#7743=PLANE('',#8499);
#7744=PLANE('',#8500);
#7745=PLANE('',#8501);
#7746=PLANE('',#8502);
#7747=PLANE('',#8503);
#7748=PLANE('',#8504);
#7749=PLANE('',#8505);
#7750=PLANE('',#8506);
#7751=PLANE('',#8507);
#7752=PLANE('',#8508);
#7753=PLANE('',#8509);
#7754=PLANE('',#8510);
#7755=PLANE('',#8511);
#7756=PLANE('',#8512);
#7757=PLANE('',#8513);
#7758=PLANE('',#8514);
#7759=PLANE('',#8515);
#7760=PLANE('',#8516);
#7761=PLANE('',#8517);
#7762=PLANE('',#8518);
#7763=PLANE('',#8519);
#7764=PLANE('',#8520);
#7765=PLANE('',#8521);
#7766=PLANE('',#8524);
#7767=PLANE('',#8525);
#7768=PLANE('',#8526);
#7769=PLANE('',#8527);
#7770=PLANE('',#8528);
#7771=PLANE('',#8529);
#7772=PLANE('',#8530);
#7773=PLANE('',#8531);
#7774=PLANE('',#8532);
#7775=PLANE('',#8533);
#7776=PLANE('',#8534);
#7777=PLANE('',#8535);
#7778=PLANE('',#8536);
#7779=PLANE('',#8537);
#7780=PLANE('',#8538);
#7781=PLANE('',#8539);
#7782=PLANE('',#8540);
#7783=PLANE('',#8541);
#7784=PLANE('',#8544);
#7785=PLANE('',#8545);
#7786=PLANE('',#8546);
#7787=PLANE('',#8547);
#7788=PLANE('',#8548);
#7789=PLANE('',#8549);
#7790=PLANE('',#8550);
#7791=PLANE('',#8551);
#7792=PLANE('',#8552);
#7793=PLANE('',#8553);
#7794=PLANE('',#8554);
#7795=PLANE('',#8555);
#7796=PLANE('',#8556);
#7797=PLANE('',#8557);
#7798=PLANE('',#8558);
#7799=PLANE('',#8559);
#7800=PLANE('',#8560);
#7801=PLANE('',#8561);
#7802=PLANE('',#8562);
#7803=PLANE('',#8563);
#7804=PLANE('',#8564);
#7805=PLANE('',#8567);
#7806=PLANE('',#8568);
#7807=PLANE('',#8569);
#7808=PLANE('',#8572);
#7809=PLANE('',#8573);
#7810=PLANE('',#8574);
#7811=PLANE('',#8575);
#7812=PLANE('',#8576);
#7813=PLANE('',#8577);
#7814=PLANE('',#8578);
#7815=PLANE('',#8579);
#7816=PLANE('',#8580);
#7817=PLANE('',#8581);
#7818=PLANE('',#8582);
#7819=PLANE('',#8583);
#7820=PLANE('',#8584);
#7821=PLANE('',#8585);
#7822=PLANE('',#8586);
#7823=PLANE('',#8587);
#7824=PLANE('',#8588);
#7825=PLANE('',#8589);
#7826=PLANE('',#8590);
#7827=PLANE('',#8591);
#7828=PLANE('',#8592);
#7829=PLANE('',#8593);
#7830=PLANE('',#8594);
#7831=PLANE('',#8595);
#7832=PLANE('',#8596);
#7833=PLANE('',#8597);
#7834=PLANE('',#8598);
#7835=PLANE('',#8599);
#7836=PLANE('',#8600);
#7837=PLANE('',#8603);
#7838=PLANE('',#8604);
#7839=PLANE('',#8605);
#7840=PLANE('',#8606);
#7841=PLANE('',#8607);
#7842=PLANE('',#8608);
#7843=PLANE('',#8609);
#7844=PLANE('',#8610);
#7845=PLANE('',#8611);
#7846=PLANE('',#8612);
#7847=PLANE('',#8613);
#7848=PLANE('',#8614);
#7849=PLANE('',#8615);
#7850=PLANE('',#8616);
#7851=PLANE('',#8617);
#7852=PLANE('',#8618);
#7853=PLANE('',#8621);
#7854=PLANE('',#8622);
#7855=PLANE('',#8623);
#7856=PLANE('',#8624);
#7857=PLANE('',#8625);
#7858=PLANE('',#8626);
#7859=PLANE('',#8627);
#7860=PLANE('',#8628);
#7861=PLANE('',#8631);
#7862=PLANE('',#8632);
#7863=PLANE('',#8633);
#7864=PLANE('',#8634);
#7865=PLANE('',#8640);
#7866=PLANE('',#8641);
#7867=PLANE('',#8646);
#7868=PLANE('',#8649);
#7869=PLANE('',#8650);
#7870=ADVANCED_FACE('',(#7108,#7109,#7110,#7111,#7112,#7113,#7114,#7115,
#7116,#7117,#7118,#7119,#7120,#7121,#7122,#7123,#7124,#7125,#7126),#7580,
 .T.);
#7871=ADVANCED_FACE('',(#7127),#7581,.T.);
#7872=ADVANCED_FACE('',(#7128),#7582,.T.);
#7873=ADVANCED_FACE('',(#7129),#7583,.T.);
#7874=ADVANCED_FACE('',(#7130),#7584,.T.);
#7875=ADVANCED_FACE('',(#7131),#7585,.T.);
#7876=ADVANCED_FACE('',(#7132),#7586,.T.);
#7877=ADVANCED_FACE('',(#7133),#7587,.T.);
#7878=ADVANCED_FACE('',(#7134),#7588,.T.);
#7879=ADVANCED_FACE('',(#7135),#7589,.T.);
#7880=ADVANCED_FACE('',(#7136),#138,.F.);
#7881=ADVANCED_FACE('',(#7137),#12,.T.);
#7882=ADVANCED_FACE('',(#7138),#13,.T.);
#7883=ADVANCED_FACE('',(#7139),#14,.T.);
#7884=ADVANCED_FACE('',(#7140),#7590,.T.);
#7885=ADVANCED_FACE('',(#7141),#7591,.T.);
#7886=ADVANCED_FACE('',(#7142),#7592,.T.);
#7887=ADVANCED_FACE('',(#7143),#7593,.T.);
#7888=ADVANCED_FACE('',(#7144),#7594,.T.);
#7889=ADVANCED_FACE('',(#7145),#7595,.T.);
#7890=ADVANCED_FACE('',(#7146),#7596,.T.);
#7891=ADVANCED_FACE('',(#7147),#7597,.T.);
#7892=ADVANCED_FACE('',(#7148),#7598,.T.);
#7893=ADVANCED_FACE('',(#7149),#15,.T.);
#7894=ADVANCED_FACE('',(#7150),#16,.T.);
#7895=ADVANCED_FACE('',(#7151),#17,.T.);
#7896=ADVANCED_FACE('',(#7152),#139,.T.);
#7897=ADVANCED_FACE('',(#7153),#7599,.T.);
#7898=ADVANCED_FACE('',(#7154),#7600,.T.);
#7899=ADVANCED_FACE('',(#7155),#7601,.T.);
#7900=ADVANCED_FACE('',(#7156),#7602,.T.);
#7901=ADVANCED_FACE('',(#7157),#7603,.T.);
#7902=ADVANCED_FACE('',(#7158),#7604,.T.);
#7903=ADVANCED_FACE('',(#7159),#7605,.T.);
#7904=ADVANCED_FACE('',(#7160),#18,.T.);
#7905=ADVANCED_FACE('',(#7161),#19,.T.);
#7906=ADVANCED_FACE('',(#7162),#20,.T.);
#7907=ADVANCED_FACE('',(#7163),#7606,.T.);
#7908=ADVANCED_FACE('',(#7164),#7607,.T.);
#7909=ADVANCED_FACE('',(#7165),#7608,.T.);
#7910=ADVANCED_FACE('',(#7166),#7609,.T.);
#7911=ADVANCED_FACE('',(#7167),#7610,.T.);
#7912=ADVANCED_FACE('',(#7168),#7611,.T.);
#7913=ADVANCED_FACE('',(#7169),#7612,.T.);
#7914=ADVANCED_FACE('',(#7170),#7613,.T.);
#7915=ADVANCED_FACE('',(#7171),#7614,.T.);
#7916=ADVANCED_FACE('',(#7172),#7615,.T.);
#7917=ADVANCED_FACE('',(#7173),#7616,.T.);
#7918=ADVANCED_FACE('',(#7174),#7617,.T.);
#7919=ADVANCED_FACE('',(#7175),#7618,.T.);
#7920=ADVANCED_FACE('',(#7176),#21,.T.);
#7921=ADVANCED_FACE('',(#7177),#22,.T.);
#7922=ADVANCED_FACE('',(#7178),#23,.T.);
#7923=ADVANCED_FACE('',(#7179),#7619,.T.);
#7924=ADVANCED_FACE('',(#7180),#7620,.T.);
#7925=ADVANCED_FACE('',(#7181),#7621,.T.);
#7926=ADVANCED_FACE('',(#7182),#7622,.T.);
#7927=ADVANCED_FACE('',(#7183),#7623,.T.);
#7928=ADVANCED_FACE('',(#7184),#7624,.T.);
#7929=ADVANCED_FACE('',(#7185),#7625,.T.);
#7930=ADVANCED_FACE('',(#7186),#7626,.T.);
#7931=ADVANCED_FACE('',(#7187),#7627,.T.);
#7932=ADVANCED_FACE('',(#7188),#7628,.T.);
#7933=ADVANCED_FACE('',(#7189),#7629,.T.);
#7934=ADVANCED_FACE('',(#7190),#7630,.T.);
#7935=ADVANCED_FACE('',(#7191),#7631,.T.);
#7936=ADVANCED_FACE('',(#7192),#7632,.T.);
#7937=ADVANCED_FACE('',(#7193),#7633,.T.);
#7938=ADVANCED_FACE('',(#7194),#7634,.T.);
#7939=ADVANCED_FACE('',(#7195),#7635,.T.);
#7940=ADVANCED_FACE('',(#7196),#7636,.T.);
#7941=ADVANCED_FACE('',(#7197),#7637,.T.);
#7942=ADVANCED_FACE('',(#7198),#7638,.T.);
#7943=ADVANCED_FACE('',(#7199),#7639,.T.);
#7944=ADVANCED_FACE('',(#7200),#7640,.T.);
#7945=ADVANCED_FACE('',(#7201),#7641,.T.);
#7946=ADVANCED_FACE('',(#7202),#7642,.T.);
#7947=ADVANCED_FACE('',(#7203),#7643,.T.);
#7948=ADVANCED_FACE('',(#7204),#7644,.T.);
#7949=ADVANCED_FACE('',(#7205),#7645,.T.);
#7950=ADVANCED_FACE('',(#7206),#7646,.T.);
#7951=ADVANCED_FACE('',(#7207),#7647,.T.);
#7952=ADVANCED_FACE('',(#7208),#24,.T.);
#7953=ADVANCED_FACE('',(#7209),#7648,.T.);
#7954=ADVANCED_FACE('',(#7210),#25,.T.);
#7955=ADVANCED_FACE('',(#7211),#26,.T.);
#7956=ADVANCED_FACE('',(#7212),#140,.F.);
#7957=ADVANCED_FACE('',(#7213),#7649,.T.);
#7958=ADVANCED_FACE('',(#7214),#7650,.T.);
#7959=ADVANCED_FACE('',(#7215),#7651,.T.);
#7960=ADVANCED_FACE('',(#7216),#7652,.T.);
#7961=ADVANCED_FACE('',(#7217),#7653,.T.);
#7962=ADVANCED_FACE('',(#7218),#27,.T.);
#7963=ADVANCED_FACE('',(#7219),#28,.T.);
#7964=ADVANCED_FACE('',(#7220),#29,.T.);
#7965=ADVANCED_FACE('',(#7221),#7654,.T.);
#7966=ADVANCED_FACE('',(#7222),#30,.T.);
#7967=ADVANCED_FACE('',(#7223),#31,.T.);
#7968=ADVANCED_FACE('',(#7224),#32,.T.);
#7969=ADVANCED_FACE('',(#7225),#33,.T.);
#7970=ADVANCED_FACE('',(#7226),#34,.T.);
#7971=ADVANCED_FACE('',(#7227),#7655,.T.);
#7972=ADVANCED_FACE('',(#7228),#7656,.T.);
#7973=ADVANCED_FACE('',(#7229),#7657,.T.);
#7974=ADVANCED_FACE('',(#7230),#7658,.T.);
#7975=ADVANCED_FACE('',(#7231),#7659,.T.);
#7976=ADVANCED_FACE('',(#7232),#7660,.T.);
#7977=ADVANCED_FACE('',(#7233),#35,.T.);
#7978=ADVANCED_FACE('',(#7234),#36,.T.);
#7979=ADVANCED_FACE('',(#7235),#37,.T.);
#7980=ADVANCED_FACE('',(#7236),#38,.T.);
#7981=ADVANCED_FACE('',(#7237,#7238),#7661,.T.);
#7982=ADVANCED_FACE('',(#7239),#7662,.T.);
#7983=ADVANCED_FACE('',(#7240),#7663,.T.);
#7984=ADVANCED_FACE('',(#7241),#7664,.T.);
#7985=ADVANCED_FACE('',(#7242),#7665,.T.);
#7986=ADVANCED_FACE('',(#7243),#7666,.T.);
#7987=ADVANCED_FACE('',(#7244),#7667,.T.);
#7988=ADVANCED_FACE('',(#7245),#7668,.T.);
#7989=ADVANCED_FACE('',(#7246),#7669,.T.);
#7990=ADVANCED_FACE('',(#7247),#39,.T.);
#7991=ADVANCED_FACE('',(#7248),#40,.T.);
#7992=ADVANCED_FACE('',(#7249),#41,.T.);
#7993=ADVANCED_FACE('',(#7250),#7670,.T.);
#7994=ADVANCED_FACE('',(#7251),#7671,.T.);
#7995=ADVANCED_FACE('',(#7252),#7672,.T.);
#7996=ADVANCED_FACE('',(#7253),#7673,.T.);
#7997=ADVANCED_FACE('',(#7254),#7674,.T.);
#7998=ADVANCED_FACE('',(#7255),#7675,.T.);
#7999=ADVANCED_FACE('',(#7256),#7676,.T.);
#8000=ADVANCED_FACE('',(#7257),#7677,.T.);
#8001=ADVANCED_FACE('',(#7258),#7678,.T.);
#8002=ADVANCED_FACE('',(#7259),#42,.T.);
#8003=ADVANCED_FACE('',(#7260),#43,.T.);
#8004=ADVANCED_FACE('',(#7261),#44,.T.);
#8005=ADVANCED_FACE('',(#7262),#7679,.T.);
#8006=ADVANCED_FACE('',(#7263),#7680,.T.);
#8007=ADVANCED_FACE('',(#7264),#7681,.T.);
#8008=ADVANCED_FACE('',(#7265),#7682,.T.);
#8009=ADVANCED_FACE('',(#7266),#7683,.T.);
#8010=ADVANCED_FACE('',(#7267),#7684,.T.);
#8011=ADVANCED_FACE('',(#7268),#7685,.T.);
#8012=ADVANCED_FACE('',(#7269),#7686,.T.);
#8013=ADVANCED_FACE('',(#7270),#7687,.T.);
#8014=ADVANCED_FACE('',(#7271),#7688,.T.);
#8015=ADVANCED_FACE('',(#7272),#7689,.T.);
#8016=ADVANCED_FACE('',(#7273),#7690,.T.);
#8017=ADVANCED_FACE('',(#7274),#7691,.T.);
#8018=ADVANCED_FACE('',(#7275),#7692,.T.);
#8019=ADVANCED_FACE('',(#7276),#7693,.T.);
#8020=ADVANCED_FACE('',(#7277),#7694,.T.);
#8021=ADVANCED_FACE('',(#7278),#45,.T.);
#8022=ADVANCED_FACE('',(#7279),#46,.T.);
#8023=ADVANCED_FACE('',(#7280),#47,.T.);
#8024=ADVANCED_FACE('',(#7281),#7695,.T.);
#8025=ADVANCED_FACE('',(#7282),#7696,.T.);
#8026=ADVANCED_FACE('',(#7283),#7697,.T.);
#8027=ADVANCED_FACE('',(#7284),#7698,.T.);
#8028=ADVANCED_FACE('',(#7285),#7699,.T.);
#8029=ADVANCED_FACE('',(#7286),#7700,.T.);
#8030=ADVANCED_FACE('',(#7287),#7701,.T.);
#8031=ADVANCED_FACE('',(#7288),#7702,.T.);
#8032=ADVANCED_FACE('',(#7289),#7703,.T.);
#8033=ADVANCED_FACE('',(#7290),#48,.T.);
#8034=ADVANCED_FACE('',(#7291),#49,.T.);
#8035=ADVANCED_FACE('',(#7292),#50,.T.);
#8036=ADVANCED_FACE('',(#7293),#7704,.T.);
#8037=ADVANCED_FACE('',(#7294),#7705,.T.);
#8038=ADVANCED_FACE('',(#7295),#7706,.T.);
#8039=ADVANCED_FACE('',(#7296),#7707,.T.);
#8040=ADVANCED_FACE('',(#7297),#7708,.T.);
#8041=ADVANCED_FACE('',(#7298),#7709,.T.);
#8042=ADVANCED_FACE('',(#7299),#7710,.T.);
#8043=ADVANCED_FACE('',(#7300),#7711,.T.);
#8044=ADVANCED_FACE('',(#7301),#7712,.T.);
#8045=ADVANCED_FACE('',(#7302),#51,.T.);
#8046=ADVANCED_FACE('',(#7303),#7713,.T.);
#8047=ADVANCED_FACE('',(#7304),#52,.T.);
#8048=ADVANCED_FACE('',(#7305),#53,.T.);
#8049=ADVANCED_FACE('',(#7306),#141,.F.);
#8050=ADVANCED_FACE('',(#7307),#7714,.T.);
#8051=ADVANCED_FACE('',(#7308),#7715,.T.);
#8052=ADVANCED_FACE('',(#7309),#7716,.T.);
#8053=ADVANCED_FACE('',(#7310),#7717,.T.);
#8054=ADVANCED_FACE('',(#7311),#7718,.T.);
#8055=ADVANCED_FACE('',(#7312),#54,.T.);
#8056=ADVANCED_FACE('',(#7313),#55,.T.);
#8057=ADVANCED_FACE('',(#7314),#56,.T.);
#8058=ADVANCED_FACE('',(#7315),#7719,.T.);
#8059=ADVANCED_FACE('',(#7316),#57,.T.);
#8060=ADVANCED_FACE('',(#7317),#58,.T.);
#8061=ADVANCED_FACE('',(#7318),#59,.T.);
#8062=ADVANCED_FACE('',(#7319),#60,.T.);
#8063=ADVANCED_FACE('',(#7320),#61,.T.);
#8064=ADVANCED_FACE('',(#7321),#7720,.T.);
#8065=ADVANCED_FACE('',(#7322),#7721,.T.);
#8066=ADVANCED_FACE('',(#7323),#7722,.T.);
#8067=ADVANCED_FACE('',(#7324),#7723,.T.);
#8068=ADVANCED_FACE('',(#7325),#7724,.T.);
#8069=ADVANCED_FACE('',(#7326),#7725,.T.);
#8070=ADVANCED_FACE('',(#7327),#62,.T.);
#8071=ADVANCED_FACE('',(#7328),#63,.T.);
#8072=ADVANCED_FACE('',(#7329),#64,.T.);
#8073=ADVANCED_FACE('',(#7330),#65,.T.);
#8074=ADVANCED_FACE('',(#7331,#7332),#7726,.T.);
#8075=ADVANCED_FACE('',(#7333),#7727,.T.);
#8076=ADVANCED_FACE('',(#7334),#7728,.T.);
#8077=ADVANCED_FACE('',(#7335),#7729,.T.);
#8078=ADVANCED_FACE('',(#7336),#7730,.T.);
#8079=ADVANCED_FACE('',(#7337),#7731,.T.);
#8080=ADVANCED_FACE('',(#7338),#7732,.T.);
#8081=ADVANCED_FACE('',(#7339),#7733,.T.);
#8082=ADVANCED_FACE('',(#7340),#7734,.T.);
#8083=ADVANCED_FACE('',(#7341),#7735,.T.);
#8084=ADVANCED_FACE('',(#7342),#7736,.T.);
#8085=ADVANCED_FACE('',(#7343),#7737,.T.);
#8086=ADVANCED_FACE('',(#7344),#7738,.T.);
#8087=ADVANCED_FACE('',(#7345),#7739,.T.);
#8088=ADVANCED_FACE('',(#7346),#7740,.T.);
#8089=ADVANCED_FACE('',(#7347),#7741,.T.);
#8090=ADVANCED_FACE('',(#7348),#7742,.T.);
#8091=ADVANCED_FACE('',(#7349),#7743,.T.);
#8092=ADVANCED_FACE('',(#7350),#7744,.T.);
#8093=ADVANCED_FACE('',(#7351),#7745,.T.);
#8094=ADVANCED_FACE('',(#7352),#7746,.T.);
#8095=ADVANCED_FACE('',(#7353),#7747,.T.);
#8096=ADVANCED_FACE('',(#7354),#7748,.T.);
#8097=ADVANCED_FACE('',(#7355),#7749,.T.);
#8098=ADVANCED_FACE('',(#7356),#7750,.T.);
#8099=ADVANCED_FACE('',(#7357),#7751,.T.);
#8100=ADVANCED_FACE('',(#7358),#7752,.T.);
#8101=ADVANCED_FACE('',(#7359,#7360),#7753,.T.);
#8102=ADVANCED_FACE('',(#7361),#7754,.T.);
#8103=ADVANCED_FACE('',(#7362),#66,.T.);
#8104=ADVANCED_FACE('',(#7363),#67,.T.);
#8105=ADVANCED_FACE('',(#7364),#68,.T.);
#8106=ADVANCED_FACE('',(#7365),#7755,.T.);
#8107=ADVANCED_FACE('',(#7366),#7756,.T.);
#8108=ADVANCED_FACE('',(#7367),#69,.T.);
#8109=ADVANCED_FACE('',(#7368),#70,.T.);
#8110=ADVANCED_FACE('',(#7369),#7757,.T.);
#8111=ADVANCED_FACE('',(#7370),#7758,.T.);
#8112=ADVANCED_FACE('',(#7371),#7759,.T.);
#8113=ADVANCED_FACE('',(#7372),#7760,.T.);
#8114=ADVANCED_FACE('',(#7373),#7761,.T.);
#8115=ADVANCED_FACE('',(#7374),#7762,.T.);
#8116=ADVANCED_FACE('',(#7375),#7763,.T.);
#8117=ADVANCED_FACE('',(#7376),#7764,.T.);
#8118=ADVANCED_FACE('',(#7377),#7765,.T.);
#8119=ADVANCED_FACE('',(#7378),#142,.T.);
#8120=ADVANCED_FACE('',(#7379),#71,.T.);
#8121=ADVANCED_FACE('',(#7380),#72,.T.);
#8122=ADVANCED_FACE('',(#7381),#73,.T.);
#8123=ADVANCED_FACE('',(#7382),#74,.T.);
#8124=ADVANCED_FACE('',(#7383),#75,.T.);
#8125=ADVANCED_FACE('',(#7384),#7766,.T.);
#8126=ADVANCED_FACE('',(#7385),#7767,.T.);
#8127=ADVANCED_FACE('',(#7386),#7768,.T.);
#8128=ADVANCED_FACE('',(#7387),#7769,.T.);
#8129=ADVANCED_FACE('',(#7388),#7770,.T.);
#8130=ADVANCED_FACE('',(#7389),#76,.T.);
#8131=ADVANCED_FACE('',(#7390,#7391),#7771,.T.);
#8132=ADVANCED_FACE('',(#7392),#7772,.T.);
#8133=ADVANCED_FACE('',(#7393),#77,.T.);
#8134=ADVANCED_FACE('',(#7394),#78,.T.);
#8135=ADVANCED_FACE('',(#7395),#79,.T.);
#8136=ADVANCED_FACE('',(#7396),#7773,.T.);
#8137=ADVANCED_FACE('',(#7397),#7774,.T.);
#8138=ADVANCED_FACE('',(#7398),#80,.T.);
#8139=ADVANCED_FACE('',(#7399),#81,.T.);
#8140=ADVANCED_FACE('',(#7400),#7775,.T.);
#8141=ADVANCED_FACE('',(#7401),#7776,.T.);
#8142=ADVANCED_FACE('',(#7402),#7777,.T.);
#8143=ADVANCED_FACE('',(#7403),#7778,.T.);
#8144=ADVANCED_FACE('',(#7404),#7779,.T.);
#8145=ADVANCED_FACE('',(#7405),#7780,.T.);
#8146=ADVANCED_FACE('',(#7406),#7781,.T.);
#8147=ADVANCED_FACE('',(#7407),#7782,.T.);
#8148=ADVANCED_FACE('',(#7408),#7783,.T.);
#8149=ADVANCED_FACE('',(#7409),#143,.T.);
#8150=ADVANCED_FACE('',(#7410),#82,.T.);
#8151=ADVANCED_FACE('',(#7411),#83,.T.);
#8152=ADVANCED_FACE('',(#7412),#84,.T.);
#8153=ADVANCED_FACE('',(#7413),#85,.T.);
#8154=ADVANCED_FACE('',(#7414),#86,.T.);
#8155=ADVANCED_FACE('',(#7415),#7784,.T.);
#8156=ADVANCED_FACE('',(#7416),#7785,.T.);
#8157=ADVANCED_FACE('',(#7417),#7786,.T.);
#8158=ADVANCED_FACE('',(#7418),#7787,.T.);
#8159=ADVANCED_FACE('',(#7419),#7788,.T.);
#8160=ADVANCED_FACE('',(#7420),#87,.T.);
#8161=ADVANCED_FACE('',(#7421,#7422),#7789,.T.);
#8162=ADVANCED_FACE('',(#7423),#7790,.T.);
#8163=ADVANCED_FACE('',(#7424),#7791,.T.);
#8164=ADVANCED_FACE('',(#7425),#7792,.T.);
#8165=ADVANCED_FACE('',(#7426),#7793,.T.);
#8166=ADVANCED_FACE('',(#7427),#7794,.T.);
#8167=ADVANCED_FACE('',(#7428),#7795,.T.);
#8168=ADVANCED_FACE('',(#7429),#7796,.T.);
#8169=ADVANCED_FACE('',(#7430),#7797,.T.);
#8170=ADVANCED_FACE('',(#7431),#7798,.T.);
#8171=ADVANCED_FACE('',(#7432),#7799,.T.);
#8172=ADVANCED_FACE('',(#7433),#7800,.T.);
#8173=ADVANCED_FACE('',(#7434),#7801,.T.);
#8174=ADVANCED_FACE('',(#7435),#7802,.T.);
#8175=ADVANCED_FACE('',(#7436),#7803,.T.);
#8176=ADVANCED_FACE('',(#7437),#7804,.T.);
#8177=ADVANCED_FACE('',(#7438),#88,.T.);
#8178=ADVANCED_FACE('',(#7439),#144,.F.);
#8179=ADVANCED_FACE('',(#7440),#89,.T.);
#8180=ADVANCED_FACE('',(#7441),#7805,.T.);
#8181=ADVANCED_FACE('',(#7442),#7806,.T.);
#8182=ADVANCED_FACE('',(#7443),#7807,.T.);
#8183=ADVANCED_FACE('',(#7444),#145,.T.);
#8184=ADVANCED_FACE('',(#7445),#90,.T.);
#8185=ADVANCED_FACE('',(#7446),#91,.T.);
#8186=ADVANCED_FACE('',(#7447),#7808,.T.);
#8187=ADVANCED_FACE('',(#7448),#7809,.T.);
#8188=ADVANCED_FACE('',(#7449),#92,.T.);
#8189=ADVANCED_FACE('',(#7450),#93,.T.);
#8190=ADVANCED_FACE('',(#7451),#94,.T.);
#8191=ADVANCED_FACE('',(#7452),#95,.T.);
#8192=ADVANCED_FACE('',(#7453),#96,.T.);
#8193=ADVANCED_FACE('',(#7454),#97,.T.);
#8194=ADVANCED_FACE('',(#7455),#98,.T.);
#8195=ADVANCED_FACE('',(#7456),#99,.T.);
#8196=ADVANCED_FACE('',(#7457),#100,.T.);
#8197=ADVANCED_FACE('',(#7458),#101,.T.);
#8198=ADVANCED_FACE('',(#7459),#102,.T.);
#8199=ADVANCED_FACE('',(#7460),#103,.T.);
#8200=ADVANCED_FACE('',(#7461),#104,.T.);
#8201=ADVANCED_FACE('',(#7462,#7463),#7810,.T.);
#8202=ADVANCED_FACE('',(#7464),#7811,.T.);
#8203=ADVANCED_FACE('',(#7465),#7812,.T.);
#8204=ADVANCED_FACE('',(#7466),#7813,.T.);
#8205=ADVANCED_FACE('',(#7467),#7814,.T.);
#8206=ADVANCED_FACE('',(#7468),#7815,.T.);
#8207=ADVANCED_FACE('',(#7469),#7816,.T.);
#8208=ADVANCED_FACE('',(#7470),#7817,.T.);
#8209=ADVANCED_FACE('',(#7471),#7818,.T.);
#8210=ADVANCED_FACE('',(#7472),#7819,.T.);
#8211=ADVANCED_FACE('',(#7473),#7820,.T.);
#8212=ADVANCED_FACE('',(#7474),#7821,.T.);
#8213=ADVANCED_FACE('',(#7475),#7822,.T.);
#8214=ADVANCED_FACE('',(#7476),#7823,.T.);
#8215=ADVANCED_FACE('',(#7477),#7824,.T.);
#8216=ADVANCED_FACE('',(#7478),#7825,.T.);
#8217=ADVANCED_FACE('',(#7479),#7826,.T.);
#8218=ADVANCED_FACE('',(#7480),#7827,.T.);
#8219=ADVANCED_FACE('',(#7481),#7828,.T.);
#8220=ADVANCED_FACE('',(#7482),#7829,.T.);
#8221=ADVANCED_FACE('',(#7483),#7830,.T.);
#8222=ADVANCED_FACE('',(#7484),#105,.T.);
#8223=ADVANCED_FACE('',(#7485),#106,.T.);
#8224=ADVANCED_FACE('',(#7486),#107,.T.);
#8225=ADVANCED_FACE('',(#7487),#108,.T.);
#8226=ADVANCED_FACE('',(#7488),#7831,.T.);
#8227=ADVANCED_FACE('',(#7489),#7832,.T.);
#8228=ADVANCED_FACE('',(#7490),#7833,.T.);
#8229=ADVANCED_FACE('',(#7491),#7834,.T.);
#8230=ADVANCED_FACE('',(#7492),#7835,.T.);
#8231=ADVANCED_FACE('',(#7493),#109,.T.);
#8232=ADVANCED_FACE('',(#7494),#110,.T.);
#8233=ADVANCED_FACE('',(#7495),#111,.T.);
#8234=ADVANCED_FACE('',(#7496),#7836,.T.);
#8235=ADVANCED_FACE('',(#7497),#146,.T.);
#8236=ADVANCED_FACE('',(#7498),#112,.T.);
#8237=ADVANCED_FACE('',(#7499),#113,.T.);
#8238=ADVANCED_FACE('',(#7500),#114,.T.);
#8239=ADVANCED_FACE('',(#7501),#115,.T.);
#8240=ADVANCED_FACE('',(#7502),#116,.T.);
#8241=ADVANCED_FACE('',(#7503),#117,.T.);
#8242=ADVANCED_FACE('',(#7504,#7505),#7837,.T.);
#8243=ADVANCED_FACE('',(#7506),#7838,.T.);
#8244=ADVANCED_FACE('',(#7507),#118,.T.);
#8245=ADVANCED_FACE('',(#7508),#119,.T.);
#8246=ADVANCED_FACE('',(#7509),#120,.T.);
#8247=ADVANCED_FACE('',(#7510),#7839,.T.);
#8248=ADVANCED_FACE('',(#7511),#7840,.T.);
#8249=ADVANCED_FACE('',(#7512),#121,.T.);
#8250=ADVANCED_FACE('',(#7513),#122,.T.);
#8251=ADVANCED_FACE('',(#7514),#7841,.T.);
#8252=ADVANCED_FACE('',(#7515),#7842,.T.);
#8253=ADVANCED_FACE('',(#7516),#7843,.T.);
#8254=ADVANCED_FACE('',(#7517),#7844,.T.);
#8255=ADVANCED_FACE('',(#7518),#7845,.T.);
#8256=ADVANCED_FACE('',(#7519),#7846,.T.);
#8257=ADVANCED_FACE('',(#7520),#7847,.T.);
#8258=ADVANCED_FACE('',(#7521),#7848,.T.);
#8259=ADVANCED_FACE('',(#7522),#7849,.T.);
#8260=ADVANCED_FACE('',(#7523),#7850,.T.);
#8261=ADVANCED_FACE('',(#7524),#7851,.T.);
#8262=ADVANCED_FACE('',(#7525),#7852,.T.);
#8263=ADVANCED_FACE('',(#7526),#147,.T.);
#8264=ADVANCED_FACE('',(#7527),#123,.T.);
#8265=ADVANCED_FACE('',(#7528),#124,.T.);
#8266=ADVANCED_FACE('',(#7529),#125,.T.);
#8267=ADVANCED_FACE('',(#7530),#126,.T.);
#8268=ADVANCED_FACE('',(#7531),#127,.T.);
#8269=ADVANCED_FACE('',(#7532),#128,.T.);
#8270=ADVANCED_FACE('',(#7533,#7534),#7853,.T.);
#8271=ADVANCED_FACE('',(#7535),#7854,.T.);
#8272=ADVANCED_FACE('',(#7536),#7855,.T.);
#8273=ADVANCED_FACE('',(#7537),#7856,.F.);
#8274=ADVANCED_FACE('',(#7538),#7857,.F.);
#8275=ADVANCED_FACE('',(#7539),#7858,.T.);
#8276=ADVANCED_FACE('',(#7540,#7541),#7859,.T.);
#8277=ADVANCED_FACE('',(#7542,#7543,#7544),#7860,.F.);
#8278=ADVANCED_FACE('',(#7545),#7861,.F.);
#8279=ADVANCED_FACE('',(#7546),#7862,.T.);
#8280=ADVANCED_FACE('',(#7547),#7863,.T.);
#8281=ADVANCED_FACE('',(#7548),#7864,.F.);
#8282=ADVANCED_FACE('',(#7549,#7550),#148,.F.);
#8283=ADVANCED_FACE('',(#7551,#7552),#149,.T.);
#8284=ADVANCED_FACE('',(#7553,#7554),#7865,.T.);
#8285=ADVANCED_FACE('',(#7555,#7556,#7557,#7558),#7866,.T.);
#8286=ADVANCED_FACE('',(#7559,#7560),#150,.T.);
#8287=ADVANCED_FACE('',(#7561),#7867,.T.);
#8288=ADVANCED_FACE('',(#7562,#7563),#151,.T.);
#8289=ADVANCED_FACE('',(#7564),#7868,.T.);
#8290=ADVANCED_FACE('',(#7565,#7566),#129,.F.);
#8291=ADVANCED_FACE('',(#7567),#7869,.T.);
#8292=ADVANCED_FACE('',(#7568,#7569),#152,.F.);
#8293=ADVANCED_FACE('',(#7570,#7571),#153,.F.);
#8294=ADVANCED_FACE('',(#7572),#130,.T.);
#8295=ADVANCED_FACE('',(#7573),#131,.T.);
#8296=ADVANCED_FACE('',(#7574),#132,.T.);
#8297=ADVANCED_FACE('',(#7575),#133,.T.);
#8298=ADVANCED_FACE('',(#7576),#134,.F.);
#8299=ADVANCED_FACE('',(#7577),#135,.F.);
#8300=ADVANCED_FACE('',(#7578),#136,.F.);
#8301=ADVANCED_FACE('',(#7579),#137,.F.);
#8302=CLOSED_SHELL('',(#7870,#7871,#7872,#7873,#7874,#7875,#7876,#7877,
#7878,#7879,#7880,#7881,#7882,#7883,#7884,#7885,#7886,#7887,#7888,#7889,
#7890,#7891,#7892,#7893,#7894,#7895,#7896,#7897,#7898,#7899,#7900,#7901,
#7902,#7903,#7904,#7905,#7906,#7907,#7908,#7909,#7910,#7911,#7912,#7913,
#7914,#7915,#7916,#7917,#7918,#7919,#7920,#7921,#7922,#7923,#7924,#7925,
#7926,#7927,#7928,#7929,#7930,#7931,#7932,#7933,#7934,#7935,#7936,#7937,
#7938,#7939,#7940,#7941,#7942,#7943,#7944,#7945,#7946,#7947,#7948,#7949,
#7950,#7951,#7952,#7953,#7954,#7955,#7956,#7957,#7958,#7959,#7960,#7961,
#7962,#7963,#7964,#7965,#7966,#7967,#7968,#7969,#7970,#7971,#7972,#7973,
#7974,#7975,#7976,#7977,#7978,#7979,#7980,#7981,#7982,#7983,#7984,#7985,
#7986,#7987,#7988,#7989,#7990,#7991,#7992,#7993,#7994,#7995,#7996,#7997,
#7998,#7999,#8000,#8001,#8002,#8003,#8004,#8005,#8006,#8007,#8008,#8009,
#8010,#8011,#8012,#8013,#8014,#8015,#8016,#8017,#8018,#8019,#8020,#8021,
#8022,#8023,#8024,#8025,#8026,#8027,#8028,#8029,#8030,#8031,#8032,#8033,
#8034,#8035,#8036,#8037,#8038,#8039,#8040,#8041,#8042,#8043,#8044,#8045,
#8046,#8047,#8048,#8049,#8050,#8051,#8052,#8053,#8054,#8055,#8056,#8057,
#8058,#8059,#8060,#8061,#8062,#8063,#8064,#8065,#8066,#8067,#8068,#8069,
#8070,#8071,#8072,#8073,#8074,#8075,#8076,#8077,#8078,#8079,#8080,#8081,
#8082,#8083,#8084,#8085,#8086,#8087,#8088,#8089,#8090,#8091,#8092,#8093,
#8094,#8095,#8096,#8097,#8098,#8099,#8100,#8101,#8102,#8103,#8104,#8105,
#8106,#8107,#8108,#8109,#8110,#8111,#8112,#8113,#8114,#8115,#8116,#8117,
#8118,#8119,#8120,#8121,#8122,#8123,#8124,#8125,#8126,#8127,#8128,#8129,
#8130,#8131,#8132,#8133,#8134,#8135,#8136,#8137,#8138,#8139,#8140,#8141,
#8142,#8143,#8144,#8145,#8146,#8147,#8148,#8149,#8150,#8151,#8152,#8153,
#8154,#8155,#8156,#8157,#8158,#8159,#8160,#8161,#8162,#8163,#8164,#8165,
#8166,#8167,#8168,#8169,#8170,#8171,#8172,#8173,#8174,#8175,#8176,#8177,
#8178,#8179,#8180,#8181,#8182,#8183,#8184,#8185,#8186,#8187,#8188,#8189,
#8190,#8191,#8192,#8193,#8194,#8195,#8196,#8197,#8198,#8199,#8200,#8201,
#8202,#8203,#8204,#8205,#8206,#8207,#8208,#8209,#8210,#8211,#8212,#8213,
#8214,#8215,#8216,#8217,#8218,#8219,#8220,#8221,#8222,#8223,#8224,#8225,
#8226,#8227,#8228,#8229,#8230,#8231,#8232,#8233,#8234,#8235,#8236,#8237,
#8238,#8239,#8240,#8241,#8242,#8243,#8244,#8245,#8246,#8247,#8248,#8249,
#8250,#8251,#8252,#8253,#8254,#8255,#8256,#8257,#8258,#8259,#8260,#8261,
#8262,#8263,#8264,#8265,#8266,#8267,#8268,#8269,#8270,#8271,#8272,#8273,
#8274,#8275,#8276,#8277,#8278,#8279,#8280,#8281,#8282,#8283,#8284,#8285,
#8286,#8287,#8288,#8289,#8290,#8291,#8292,#8293,#8294,#8295,#8296,#8297,
#8298,#8299,#8300,#8301));
#8303=STYLED_ITEM('',(#8304),#8311);
#8304=PRESENTATION_STYLE_ASSIGNMENT((#8305));
#8305=SURFACE_STYLE_USAGE(.BOTH.,#8306);
#8306=SURFACE_SIDE_STYLE('',(#8307));
#8307=SURFACE_STYLE_FILL_AREA(#8308);
#8308=FILL_AREA_STYLE('',(#8309));
#8309=FILL_AREA_STYLE_COLOUR('',#8310);
#8310=DRAUGHTING_PRE_DEFINED_COLOUR('red');
#8311=MANIFOLD_SOLID_BREP('Part 1',#8302);
#8312=SHAPE_DEFINITION_REPRESENTATION(#14140,#8313);
#8313=SHAPE_REPRESENTATION('Part 1',(#8314),#14135);
#8314=AXIS2_PLACEMENT_3D('',#10227,#8653,#8654);
#8315=AXIS2_PLACEMENT_3D('',#10228,#8655,#8656);
#8316=AXIS2_PLACEMENT_3D('',#10229,#8657,#8658);
#8317=AXIS2_PLACEMENT_3D('',#10231,#8659,#8660);
#8318=AXIS2_PLACEMENT_3D('',#10233,#8661,#8662);
#8319=AXIS2_PLACEMENT_3D('',#10286,#8668,#8669);
#8320=AXIS2_PLACEMENT_3D('',#10334,#8681,#8682);
#8321=AXIS2_PLACEMENT_3D('',#10442,#8708,#8709);
#8322=AXIS2_PLACEMENT_3D('',#10454,#8713,#8714);
#8323=AXIS2_PLACEMENT_3D('',#10518,#8734,#8735);
#8324=AXIS2_PLACEMENT_3D('',#10568,#8750,#8751);
#8325=AXIS2_PLACEMENT_3D('',#11030,#8902,#8903);
#8326=AXIS2_PLACEMENT_3D('',#11074,#8913,#8914);
#8327=AXIS2_PLACEMENT_3D('',#11089,#8922,#8923);
#8328=AXIS2_PLACEMENT_3D('',#11095,#8927,#8928);
#8329=AXIS2_PLACEMENT_3D('',#11099,#8931,#8932);
#8330=AXIS2_PLACEMENT_3D('',#11103,#8935,#8936);
#8331=AXIS2_PLACEMENT_3D('',#11107,#8939,#8940);
#8332=AXIS2_PLACEMENT_3D('',#11111,#8943,#8944);
#8333=AXIS2_PLACEMENT_3D('',#11115,#8947,#8948);
#8334=AXIS2_PLACEMENT_3D('',#11119,#8951,#8952);
#8335=AXIS2_PLACEMENT_3D('',#11123,#8955,#8956);
#8336=AXIS2_PLACEMENT_3D('',#11127,#8959,#8960);
#8337=AXIS2_PLACEMENT_3D('',#11130,#8962,#8963);
#8338=AXIS2_PLACEMENT_3D('',#11170,#8967,#8968);
#8339=AXIS2_PLACEMENT_3D('',#11174,#8971,#8972);
#8340=AXIS2_PLACEMENT_3D('',#11178,#8975,#8976);
#8341=AXIS2_PLACEMENT_3D('',#11182,#8979,#8980);
#8342=AXIS2_PLACEMENT_3D('',#11186,#8983,#8984);
#8343=AXIS2_PLACEMENT_3D('',#11190,#8987,#8988);
#8344=AXIS2_PLACEMENT_3D('',#11194,#8991,#8992);
#8345=AXIS2_PLACEMENT_3D('',#11198,#8995,#8996);
#8346=AXIS2_PLACEMENT_3D('',#11202,#8999,#9000);
#8347=AXIS2_PLACEMENT_3D('',#11245,#9006,#9007);
#8348=AXIS2_PLACEMENT_3D('',#11248,#9009,#9010);
#8349=AXIS2_PLACEMENT_3D('',#11249,#9011,#9012);
#8350=AXIS2_PLACEMENT_3D('',#11253,#9015,#9016);
#8351=AXIS2_PLACEMENT_3D('',#11257,#9019,#9020);
#8352=AXIS2_PLACEMENT_3D('',#11261,#9023,#9024);
#8353=AXIS2_PLACEMENT_3D('',#11263,#9026,#9027);
#8354=AXIS2_PLACEMENT_3D('',#11264,#9028,#9029);
#8355=AXIS2_PLACEMENT_3D('',#11270,#9033,#9034);
#8356=AXIS2_PLACEMENT_3D('',#11313,#9040,#9041);
#8357=AXIS2_PLACEMENT_3D('',#11317,#9044,#9045);
#8358=AXIS2_PLACEMENT_3D('',#11321,#9048,#9049);
#8359=AXIS2_PLACEMENT_3D('',#11325,#9052,#9053);
#8360=AXIS2_PLACEMENT_3D('',#11329,#9056,#9057);
#8361=AXIS2_PLACEMENT_3D('',#11333,#9060,#9061);
#8362=AXIS2_PLACEMENT_3D('',#11337,#9064,#9065);
#8363=AXIS2_PLACEMENT_3D('',#11341,#9068,#9069);
#8364=AXIS2_PLACEMENT_3D('',#11345,#9072,#9073);
#8365=AXIS2_PLACEMENT_3D('',#11349,#9076,#9077);
#8366=AXIS2_PLACEMENT_3D('',#11353,#9080,#9081);
#8367=AXIS2_PLACEMENT_3D('',#11357,#9084,#9085);
#8368=AXIS2_PLACEMENT_3D('',#11361,#9088,#9089);
#8369=AXIS2_PLACEMENT_3D('',#11404,#9095,#9096);
#8370=AXIS2_PLACEMENT_3D('',#11408,#9099,#9100);
#8371=AXIS2_PLACEMENT_3D('',#11412,#9103,#9104);
#8372=AXIS2_PLACEMENT_3D('',#11416,#9107,#9108);
#8373=AXIS2_PLACEMENT_3D('',#11420,#9111,#9112);
#8374=AXIS2_PLACEMENT_3D('',#11422,#9114,#9115);
#8375=AXIS2_PLACEMENT_3D('',#11423,#9116,#9117);
#8376=AXIS2_PLACEMENT_3D('',#11429,#9121,#9122);
#8377=AXIS2_PLACEMENT_3D('',#11433,#9125,#9126);
#8378=AXIS2_PLACEMENT_3D('',#11437,#9129,#9130);
#8379=AXIS2_PLACEMENT_3D('',#11441,#9133,#9134);
#8380=AXIS2_PLACEMENT_3D('',#11445,#9137,#9138);
#8381=AXIS2_PLACEMENT_3D('',#11449,#9141,#9142);
#8382=AXIS2_PLACEMENT_3D('',#11453,#9145,#9146);
#8383=AXIS2_PLACEMENT_3D('',#11457,#9149,#9150);
#8384=AXIS2_PLACEMENT_3D('',#11461,#9153,#9154);
#8385=AXIS2_PLACEMENT_3D('',#11465,#9157,#9158);
#8386=AXIS2_PLACEMENT_3D('',#11469,#9161,#9162);
#8387=AXIS2_PLACEMENT_3D('',#11473,#9165,#9166);
#8388=AXIS2_PLACEMENT_3D('',#11477,#9169,#9170);
#8389=AXIS2_PLACEMENT_3D('',#11481,#9173,#9174);
#8390=AXIS2_PLACEMENT_3D('',#11485,#9177,#9178);
#8391=AXIS2_PLACEMENT_3D('',#11489,#9181,#9182);
#8392=AXIS2_PLACEMENT_3D('',#11493,#9185,#9186);
#8393=AXIS2_PLACEMENT_3D('',#11497,#9189,#9190);
#8394=AXIS2_PLACEMENT_3D('',#11501,#9193,#9194);
#8395=AXIS2_PLACEMENT_3D('',#11505,#9197,#9198);
#8396=AXIS2_PLACEMENT_3D('',#11509,#9201,#9202);
#8397=AXIS2_PLACEMENT_3D('',#11511,#9204,#9205);
#8398=AXIS2_PLACEMENT_3D('',#11532,#9208,#9209);
#8399=AXIS2_PLACEMENT_3D('',#11572,#9215,#9216);
#8400=AXIS2_PLACEMENT_3D('',#11573,#9217,#9218);
#8401=AXIS2_PLACEMENT_3D('',#11577,#9220,#9221);
#8402=AXIS2_PLACEMENT_3D('',#11578,#9222,#9223);
#8403=AXIS2_PLACEMENT_3D('',#11584,#9227,#9228);
#8404=AXIS2_PLACEMENT_3D('',#11588,#9231,#9232);
#8405=AXIS2_PLACEMENT_3D('',#11592,#9235,#9236);
#8406=AXIS2_PLACEMENT_3D('',#11596,#9239,#9240);
#8407=AXIS2_PLACEMENT_3D('',#11639,#9246,#9247);
#8408=AXIS2_PLACEMENT_3D('',#11708,#9255,#9256);
#8409=AXIS2_PLACEMENT_3D('',#11712,#9259,#9260);
#8410=AXIS2_PLACEMENT_3D('',#11716,#9263,#9264);
#8411=AXIS2_PLACEMENT_3D('',#11720,#9267,#9268);
#8412=AXIS2_PLACEMENT_3D('',#11724,#9271,#9272);
#8413=AXIS2_PLACEMENT_3D('',#11728,#9275,#9276);
#8414=AXIS2_PLACEMENT_3D('',#11783,#9281,#9282);
#8415=AXIS2_PLACEMENT_3D('',#11784,#9283,#9284);
#8416=AXIS2_PLACEMENT_3D('',#11785,#9285,#9286);
#8417=AXIS2_PLACEMENT_3D('',#11791,#9290,#9291);
#8418=AXIS2_PLACEMENT_3D('',#11795,#9294,#9295);
#8419=AXIS2_PLACEMENT_3D('',#11799,#9298,#9299);
#8420=AXIS2_PLACEMENT_3D('',#11803,#9302,#9303);
#8421=AXIS2_PLACEMENT_3D('',#11807,#9306,#9307);
#8422=AXIS2_PLACEMENT_3D('',#11811,#9310,#9311);
#8423=AXIS2_PLACEMENT_3D('',#11854,#9317,#9318);
#8424=AXIS2_PLACEMENT_3D('',#11858,#9321,#9322);
#8425=AXIS2_PLACEMENT_3D('',#11862,#9325,#9326);
#8426=AXIS2_PLACEMENT_3D('',#11866,#9329,#9330);
#8427=AXIS2_PLACEMENT_3D('',#11870,#9333,#9334);
#8428=AXIS2_PLACEMENT_3D('',#11874,#9337,#9338);
#8429=AXIS2_PLACEMENT_3D('',#11878,#9341,#9342);
#8430=AXIS2_PLACEMENT_3D('',#11882,#9345,#9346);
#8431=AXIS2_PLACEMENT_3D('',#11886,#9349,#9350);
#8432=AXIS2_PLACEMENT_3D('',#11929,#9356,#9357);
#8433=AXIS2_PLACEMENT_3D('',#11933,#9360,#9361);
#8434=AXIS2_PLACEMENT_3D('',#11937,#9364,#9365);
#8435=AXIS2_PLACEMENT_3D('',#11941,#9368,#9369);
#8436=AXIS2_PLACEMENT_3D('',#11945,#9372,#9373);
#8437=AXIS2_PLACEMENT_3D('',#11949,#9376,#9377);
#8438=AXIS2_PLACEMENT_3D('',#11953,#9380,#9381);
#8439=AXIS2_PLACEMENT_3D('',#11957,#9384,#9385);
#8440=AXIS2_PLACEMENT_3D('',#11959,#9387,#9388);
#8441=AXIS2_PLACEMENT_3D('',#11960,#9389,#9390);
#8442=AXIS2_PLACEMENT_3D('',#11966,#9394,#9395);
#8443=AXIS2_PLACEMENT_3D('',#11970,#9398,#9399);
#8444=AXIS2_PLACEMENT_3D('',#11974,#9402,#9403);
#8445=AXIS2_PLACEMENT_3D('',#11978,#9406,#9407);
#8446=AXIS2_PLACEMENT_3D('',#11982,#9410,#9411);
#8447=AXIS2_PLACEMENT_3D('',#11986,#9414,#9415);
#8448=AXIS2_PLACEMENT_3D('',#12029,#9421,#9422);
#8449=AXIS2_PLACEMENT_3D('',#12033,#9425,#9426);
#8450=AXIS2_PLACEMENT_3D('',#12037,#9429,#9430);
#8451=AXIS2_PLACEMENT_3D('',#12041,#9433,#9434);
#8452=AXIS2_PLACEMENT_3D('',#12045,#9437,#9438);
#8453=AXIS2_PLACEMENT_3D('',#12049,#9441,#9442);
#8454=AXIS2_PLACEMENT_3D('',#12053,#9445,#9446);
#8455=AXIS2_PLACEMENT_3D('',#12057,#9449,#9450);
#8456=AXIS2_PLACEMENT_3D('',#12061,#9453,#9454);
#8457=AXIS2_PLACEMENT_3D('',#12104,#9460,#9461);
#8458=AXIS2_PLACEMENT_3D('',#12108,#9464,#9465);
#8459=AXIS2_PLACEMENT_3D('',#12112,#9468,#9469);
#8460=AXIS2_PLACEMENT_3D('',#12116,#9472,#9473);
#8461=AXIS2_PLACEMENT_3D('',#12120,#9476,#9477);
#8462=AXIS2_PLACEMENT_3D('',#12124,#9480,#9481);
#8463=AXIS2_PLACEMENT_3D('',#12128,#9484,#9485);
#8464=AXIS2_PLACEMENT_3D('',#12132,#9488,#9489);
#8465=AXIS2_PLACEMENT_3D('',#12134,#9491,#9492);
#8466=AXIS2_PLACEMENT_3D('',#12155,#9495,#9496);
#8467=AXIS2_PLACEMENT_3D('',#12195,#9502,#9503);
#8468=AXIS2_PLACEMENT_3D('',#12196,#9504,#9505);
#8469=AXIS2_PLACEMENT_3D('',#12200,#9507,#9508);
#8470=AXIS2_PLACEMENT_3D('',#12201,#9509,#9510);
#8471=AXIS2_PLACEMENT_3D('',#12207,#9514,#9515);
#8472=AXIS2_PLACEMENT_3D('',#12211,#9518,#9519);
#8473=AXIS2_PLACEMENT_3D('',#12215,#9522,#9523);
#8474=AXIS2_PLACEMENT_3D('',#12219,#9526,#9527);
#8475=AXIS2_PLACEMENT_3D('',#12262,#9533,#9534);
#8476=AXIS2_PLACEMENT_3D('',#12331,#9542,#9543);
#8477=AXIS2_PLACEMENT_3D('',#12335,#9546,#9547);
#8478=AXIS2_PLACEMENT_3D('',#12339,#9550,#9551);
#8479=AXIS2_PLACEMENT_3D('',#12343,#9554,#9555);
#8480=AXIS2_PLACEMENT_3D('',#12347,#9558,#9559);
#8481=AXIS2_PLACEMENT_3D('',#12351,#9562,#9563);
#8482=AXIS2_PLACEMENT_3D('',#12406,#9568,#9569);
#8483=AXIS2_PLACEMENT_3D('',#12407,#9570,#9571);
#8484=AXIS2_PLACEMENT_3D('',#12408,#9572,#9573);
#8485=AXIS2_PLACEMENT_3D('',#12417,#9578,#9579);
#8486=AXIS2_PLACEMENT_3D('',#12423,#9583,#9584);
#8487=AXIS2_PLACEMENT_3D('',#12429,#9588,#9589);
#8488=AXIS2_PLACEMENT_3D('',#12433,#9592,#9593);
#8489=AXIS2_PLACEMENT_3D('',#12437,#9596,#9597);
#8490=AXIS2_PLACEMENT_3D('',#12441,#9600,#9601);
#8491=AXIS2_PLACEMENT_3D('',#12445,#9604,#9605);
#8492=AXIS2_PLACEMENT_3D('',#12449,#9608,#9609);
#8493=AXIS2_PLACEMENT_3D('',#12453,#9612,#9613);
#8494=AXIS2_PLACEMENT_3D('',#12457,#9616,#9617);
#8495=AXIS2_PLACEMENT_3D('',#12461,#9620,#9621);
#8496=AXIS2_PLACEMENT_3D('',#12465,#9624,#9625);
#8497=AXIS2_PLACEMENT_3D('',#12469,#9628,#9629);
#8498=AXIS2_PLACEMENT_3D('',#12473,#9632,#9633);
#8499=AXIS2_PLACEMENT_3D('',#12477,#9636,#9637);
#8500=AXIS2_PLACEMENT_3D('',#12481,#9640,#9641);
#8501=AXIS2_PLACEMENT_3D('',#12485,#9644,#9645);
#8502=AXIS2_PLACEMENT_3D('',#12489,#9648,#9649);
#8503=AXIS2_PLACEMENT_3D('',#12493,#9652,#9653);
#8504=AXIS2_PLACEMENT_3D('',#12497,#9656,#9657);
#8505=AXIS2_PLACEMENT_3D('',#12501,#9660,#9661);
#8506=AXIS2_PLACEMENT_3D('',#12505,#9664,#9665);
#8507=AXIS2_PLACEMENT_3D('',#12509,#9668,#9669);
#8508=AXIS2_PLACEMENT_3D('',#12511,#9671,#9672);
#8509=AXIS2_PLACEMENT_3D('',#12514,#9675,#9676);
#8510=AXIS2_PLACEMENT_3D('',#12515,#9677,#9678);
#8511=AXIS2_PLACEMENT_3D('',#12570,#9683,#9684);
#8512=AXIS2_PLACEMENT_3D('',#12576,#9688,#9689);
#8513=AXIS2_PLACEMENT_3D('',#12616,#9695,#9696);
#8514=AXIS2_PLACEMENT_3D('',#12622,#9700,#9701);
#8515=AXIS2_PLACEMENT_3D('',#12626,#9704,#9705);
#8516=AXIS2_PLACEMENT_3D('',#12630,#9708,#9709);
#8517=AXIS2_PLACEMENT_3D('',#12634,#9712,#9713);
#8518=AXIS2_PLACEMENT_3D('',#12638,#9716,#9717);
#8519=AXIS2_PLACEMENT_3D('',#12642,#9720,#9721);
#8520=AXIS2_PLACEMENT_3D('',#12646,#9724,#9725);
#8521=AXIS2_PLACEMENT_3D('',#12650,#9728,#9729);
#8522=AXIS2_PLACEMENT_3D('',#12654,#9732,#9733);
#8523=AXIS2_PLACEMENT_3D('',#12657,#9735,#9736);
#8524=AXIS2_PLACEMENT_3D('',#12723,#9742,#9743);
#8525=AXIS2_PLACEMENT_3D('',#12727,#9746,#9747);
#8526=AXIS2_PLACEMENT_3D('',#12731,#9750,#9751);
#8527=AXIS2_PLACEMENT_3D('',#12735,#9754,#9755);
#8528=AXIS2_PLACEMENT_3D('',#12739,#9758,#9759);
#8529=AXIS2_PLACEMENT_3D('',#12755,#9761,#9762);
#8530=AXIS2_PLACEMENT_3D('',#12756,#9763,#9764);
#8531=AXIS2_PLACEMENT_3D('',#12811,#9769,#9770);
#8532=AXIS2_PLACEMENT_3D('',#12817,#9774,#9775);
#8533=AXIS2_PLACEMENT_3D('',#12857,#9781,#9782);
#8534=AXIS2_PLACEMENT_3D('',#12863,#9786,#9787);
#8535=AXIS2_PLACEMENT_3D('',#12867,#9790,#9791);
#8536=AXIS2_PLACEMENT_3D('',#12871,#9794,#9795);
#8537=AXIS2_PLACEMENT_3D('',#12875,#9798,#9799);
#8538=AXIS2_PLACEMENT_3D('',#12879,#9802,#9803);
#8539=AXIS2_PLACEMENT_3D('',#12883,#9806,#9807);
#8540=AXIS2_PLACEMENT_3D('',#12887,#9810,#9811);
#8541=AXIS2_PLACEMENT_3D('',#12891,#9814,#9815);
#8542=AXIS2_PLACEMENT_3D('',#12895,#9818,#9819);
#8543=AXIS2_PLACEMENT_3D('',#12898,#9821,#9822);
#8544=AXIS2_PLACEMENT_3D('',#12964,#9828,#9829);
#8545=AXIS2_PLACEMENT_3D('',#12968,#9832,#9833);
#8546=AXIS2_PLACEMENT_3D('',#12972,#9836,#9837);
#8547=AXIS2_PLACEMENT_3D('',#12976,#9840,#9841);
#8548=AXIS2_PLACEMENT_3D('',#12980,#9844,#9845);
#8549=AXIS2_PLACEMENT_3D('',#12996,#9847,#9848);
#8550=AXIS2_PLACEMENT_3D('',#12997,#9849,#9850);
#8551=AXIS2_PLACEMENT_3D('',#12998,#9851,#9852);
#8552=AXIS2_PLACEMENT_3D('',#13004,#9856,#9857);
#8553=AXIS2_PLACEMENT_3D('',#13008,#9860,#9861);
#8554=AXIS2_PLACEMENT_3D('',#13012,#9864,#9865);
#8555=AXIS2_PLACEMENT_3D('',#13016,#9868,#9869);
#8556=AXIS2_PLACEMENT_3D('',#13020,#9872,#9873);
#8557=AXIS2_PLACEMENT_3D('',#13024,#9876,#9877);
#8558=AXIS2_PLACEMENT_3D('',#13028,#9880,#9881);
#8559=AXIS2_PLACEMENT_3D('',#13032,#9884,#9885);
#8560=AXIS2_PLACEMENT_3D('',#13036,#9888,#9889);
#8561=AXIS2_PLACEMENT_3D('',#13040,#9892,#9893);
#8562=AXIS2_PLACEMENT_3D('',#13044,#9896,#9897);
#8563=AXIS2_PLACEMENT_3D('',#13048,#9900,#9901);
#8564=AXIS2_PLACEMENT_3D('',#13052,#9904,#9905);
#8565=AXIS2_PLACEMENT_3D('',#13069,#9909,#9910);
#8566=AXIS2_PLACEMENT_3D('',#13072,#9912,#9913);
#8567=AXIS2_PLACEMENT_3D('',#13086,#9915,#9916);
#8568=AXIS2_PLACEMENT_3D('',#13090,#9919,#9920);
#8569=AXIS2_PLACEMENT_3D('',#13094,#9923,#9924);
#8570=AXIS2_PLACEMENT_3D('',#13098,#9927,#9928);
#8571=AXIS2_PLACEMENT_3D('',#13101,#9930,#9931);
#8572=AXIS2_PLACEMENT_3D('',#13128,#9934,#9935);
#8573=AXIS2_PLACEMENT_3D('',#13130,#9937,#9938);
#8574=AXIS2_PLACEMENT_3D('',#13320,#9952,#9953);
#8575=AXIS2_PLACEMENT_3D('',#13321,#9954,#9955);
#8576=AXIS2_PLACEMENT_3D('',#13322,#9956,#9957);
#8577=AXIS2_PLACEMENT_3D('',#13328,#9961,#9962);
#8578=AXIS2_PLACEMENT_3D('',#13332,#9965,#9966);
#8579=AXIS2_PLACEMENT_3D('',#13336,#9969,#9970);
#8580=AXIS2_PLACEMENT_3D('',#13340,#9973,#9974);
#8581=AXIS2_PLACEMENT_3D('',#13344,#9977,#9978);
#8582=AXIS2_PLACEMENT_3D('',#13348,#9981,#9982);
#8583=AXIS2_PLACEMENT_3D('',#13352,#9985,#9986);
#8584=AXIS2_PLACEMENT_3D('',#13356,#9989,#9990);
#8585=AXIS2_PLACEMENT_3D('',#13360,#9993,#9994);
#8586=AXIS2_PLACEMENT_3D('',#13364,#9997,#9998);
#8587=AXIS2_PLACEMENT_3D('',#13368,#10001,#10002);
#8588=AXIS2_PLACEMENT_3D('',#13372,#10005,#10006);
#8589=AXIS2_PLACEMENT_3D('',#13376,#10009,#10010);
#8590=AXIS2_PLACEMENT_3D('',#13380,#10013,#10014);
#8591=AXIS2_PLACEMENT_3D('',#13384,#10017,#10018);
#8592=AXIS2_PLACEMENT_3D('',#13388,#10021,#10022);
#8593=AXIS2_PLACEMENT_3D('',#13390,#10024,#10025);
#8594=AXIS2_PLACEMENT_3D('',#13391,#10026,#10027);
#8595=AXIS2_PLACEMENT_3D('',#13462,#10037,#10038);
#8596=AXIS2_PLACEMENT_3D('',#13466,#10041,#10042);
#8597=AXIS2_PLACEMENT_3D('',#13470,#10045,#10046);
#8598=AXIS2_PLACEMENT_3D('',#13474,#10049,#10050);
#8599=AXIS2_PLACEMENT_3D('',#13478,#10053,#10054);
#8600=AXIS2_PLACEMENT_3D('',#13521,#10060,#10061);
#8601=AXIS2_PLACEMENT_3D('',#13525,#10064,#10065);
#8602=AXIS2_PLACEMENT_3D('',#13528,#10067,#10068);
#8603=AXIS2_PLACEMENT_3D('',#13606,#10073,#10074);
#8604=AXIS2_PLACEMENT_3D('',#13607,#10075,#10076);
#8605=AXIS2_PLACEMENT_3D('',#13662,#10081,#10082);
#8606=AXIS2_PLACEMENT_3D('',#13668,#10086,#10087);
#8607=AXIS2_PLACEMENT_3D('',#13708,#10093,#10094);
#8608=AXIS2_PLACEMENT_3D('',#13714,#10098,#10099);
#8609=AXIS2_PLACEMENT_3D('',#13718,#10102,#10103);
#8610=AXIS2_PLACEMENT_3D('',#13722,#10106,#10107);
#8611=AXIS2_PLACEMENT_3D('',#13726,#10110,#10111);
#8612=AXIS2_PLACEMENT_3D('',#13730,#10114,#10115);
#8613=AXIS2_PLACEMENT_3D('',#13734,#10118,#10119);
#8614=AXIS2_PLACEMENT_3D('',#13738,#10122,#10123);
#8615=AXIS2_PLACEMENT_3D('',#13742,#10126,#10127);
#8616=AXIS2_PLACEMENT_3D('',#13746,#10130,#10131);
#8617=AXIS2_PLACEMENT_3D('',#13750,#10134,#10135);
#8618=AXIS2_PLACEMENT_3D('',#13754,#10138,#10139);
#8619=AXIS2_PLACEMENT_3D('',#13758,#10142,#10143);
#8620=AXIS2_PLACEMENT_3D('',#13761,#10145,#10146);
#8621=AXIS2_PLACEMENT_3D('',#13839,#10151,#10152);
#8622=AXIS2_PLACEMENT_3D('',#13840,#10153,#10154);
#8623=AXIS2_PLACEMENT_3D('',#13841,#10155,#10156);
#8624=AXIS2_PLACEMENT_3D('',#13853,#10158,#10159);
#8625=AXIS2_PLACEMENT_3D('',#13865,#10161,#10162);
#8626=AXIS2_PLACEMENT_3D('',#13877,#10164,#10165);
#8627=AXIS2_PLACEMENT_3D('',#13889,#10167,#10168);
#8628=AXIS2_PLACEMENT_3D('',#13946,#10173,#10174);
#8629=AXIS2_PLACEMENT_3D('',#13947,#10175,#10176);
#8630=AXIS2_PLACEMENT_3D('',#13949,#10177,#10178);
#8631=AXIS2_PLACEMENT_3D('',#13979,#10183,#10184);
#8632=AXIS2_PLACEMENT_3D('',#13988,#10185,#10186);
#8633=AXIS2_PLACEMENT_3D('',#13997,#10187,#10188);
#8634=AXIS2_PLACEMENT_3D('',#14006,#10189,#10190);
#8635=AXIS2_PLACEMENT_3D('',#14015,#10191,#10192);
#8636=AXIS2_PLACEMENT_3D('',#14016,#10193,#10194);
#8637=AXIS2_PLACEMENT_3D('',#14018,#10195,#10196);
#8638=AXIS2_PLACEMENT_3D('',#14020,#10197,#10198);
#8639=AXIS2_PLACEMENT_3D('',#14021,#10199,#10200);
#8640=AXIS2_PLACEMENT_3D('',#14023,#10201,#10202);
#8641=AXIS2_PLACEMENT_3D('',#14024,#10203,#10204);
#8642=AXIS2_PLACEMENT_3D('',#14033,#10205,#10206);
#8643=AXIS2_PLACEMENT_3D('',#14035,#10207,#10208);
#8644=AXIS2_PLACEMENT_3D('',#14037,#10209,#10210);
#8645=AXIS2_PLACEMENT_3D('',#14038,#10211,#10212);
#8646=AXIS2_PLACEMENT_3D('',#14040,#10213,#10214);
#8647=AXIS2_PLACEMENT_3D('',#14041,#10215,#10216);
#8648=AXIS2_PLACEMENT_3D('',#14042,#10217,#10218);
#8649=AXIS2_PLACEMENT_3D('',#14044,#10219,#10220);
#8650=AXIS2_PLACEMENT_3D('',#14067,#10221,#10222);
#8651=AXIS2_PLACEMENT_3D('',#14068,#10223,#10224);
#8652=AXIS2_PLACEMENT_3D('',#14069,#10225,#10226);
#8653=DIRECTION('',(0.,0.,1.));
#8654=DIRECTION('',(1.,0.,0.));
#8655=DIRECTION('',(0.,0.,1.));
#8656=DIRECTION('',(1.,0.,0.));
#8657=DIRECTION('',(0.,0.,1.));
#8658=DIRECTION('',(1.,0.,0.));
#8659=DIRECTION('',(0.,0.,1.));
#8660=DIRECTION('',(1.,0.,0.));
#8661=DIRECTION('',(0.,0.,1.));
#8662=DIRECTION('',(1.,0.,0.));
#8663=DIRECTION('',(-1.,-1.23908819712629E-16,0.));
#8664=DIRECTION('',(0.,1.,0.));
#8665=DIRECTION('',(-1.,-1.23908819712629E-16,0.));
#8666=DIRECTION('',(0.,1.,0.));
#8667=DIRECTION('',(0.,1.,0.));
#8668=DIRECTION('',(0.,0.,-1.));
#8669=DIRECTION('',(-1.,0.,0.));
#8670=DIRECTION('',(0.,1.,0.));
#8671=DIRECTION('',(-0.0606845969678247,0.99815699150527,0.));
#8672=DIRECTION('',(-0.987506103130121,0.157580761137784,0.));
#8673=DIRECTION('',(0.0577546747081697,0.998330805669821,0.));
#8674=DIRECTION('',(0.996825965490843,0.0796115225532618,0.));
#8675=DIRECTION('',(-0.0533907407042275,-0.998573697233736,0.));
#8676=DIRECTION('',(0.,-1.,0.));
#8677=DIRECTION('',(0.0599334758419888,-0.998202373506243,0.));
#8678=DIRECTION('',(0.979352523308897,-0.202159924536238,0.));
#8679=DIRECTION('',(-0.0572828355078961,-0.998357990280128,0.));
#8680=DIRECTION('',(-0.997426676124366,-0.0716939729370605,0.));
#8681=DIRECTION('',(0.,0.,-1.));
#8682=DIRECTION('',(-1.,0.,0.));
#8683=DIRECTION('',(-1.,0.,0.));
#8684=DIRECTION('',(0.169277033974292,0.985568508916994,0.));
#8685=DIRECTION('',(0.998460353205412,-0.0554700196225236,0.));
#8686=DIRECTION('',(0.0504972909085972,-0.998724197970036,0.));
#8687=DIRECTION('',(-1.,0.,0.));
#8688=DIRECTION('',(-0.364873698983954,0.931057024993511,0.));
#8689=DIRECTION('',(-0.994023075791673,-0.109170164393306,0.));
#8690=DIRECTION('',(-0.405352638475638,0.914160400849237,0.));
#8691=DIRECTION('',(-0.97513285579146,0.221621103588967,0.));
#8692=DIRECTION('',(0.0491209591998105,0.998792837062466,0.));
#8693=DIRECTION('',(1.,0.,0.));
#8694=DIRECTION('',(0.0444006136207162,-0.999013806466209,0.));
#8695=DIRECTION('',(-0.993578179888184,-0.113147693083351,0.));
#8696=DIRECTION('',(0.226588107755744,-0.973990672144077,0.));
#8697=DIRECTION('',(0.356599144107882,-0.9342574861469,0.));
#8698=DIRECTION('',(0.355894648114919,0.934526082805161,0.));
#8699=DIRECTION('',(0.197425145663235,0.980317964672611,0.));
#8700=DIRECTION('',(-0.992679027044696,0.120782239032054,0.));
#8701=DIRECTION('',(0.0517822872732974,0.998658397413623,0.));
#8702=DIRECTION('',(1.,0.,0.));
#8703=DIRECTION('',(0.0491209591997889,-0.998792837062467,0.));
#8704=DIRECTION('',(-0.976523773463931,-0.215409655911161,0.));
#8705=DIRECTION('',(-0.398004443242686,-0.917383487511673,0.));
#8706=DIRECTION('',(0.996326093255665,0.0856406206067222,0.));
#8707=DIRECTION('',(-0.0613499391895117,-0.998116318352447,0.));
#8708=DIRECTION('',(0.,0.,-1.));
#8709=DIRECTION('',(-1.,0.,0.));
#8710=DIRECTION('',(-0.0430287519509618,-0.999073834361376,0.));
#8711=DIRECTION('',(-1.,0.,0.));
#8712=DIRECTION('',(-0.157990501106676,0.987440631916705,0.));
#8713=DIRECTION('',(0.,0.,-1.));
#8714=DIRECTION('',(-1.,0.,0.));
#8715=DIRECTION('',(-0.0547699872181444,-0.998498997746179,0.));
#8716=DIRECTION('',(0.,-1.,0.));
#8717=DIRECTION('',(0.0526672368321324,-0.998612117973975,0.));
#8718=DIRECTION('',(0.993499272973,-0.113838458361488,0.));
#8719=DIRECTION('',(-0.0491209591997889,-0.998792837062467,0.));
#8720=DIRECTION('',(-1.,0.,0.));
#8721=DIRECTION('',(-0.0491209591997889,0.998792837062467,0.));
#8722=DIRECTION('',(0.974732318528275,0.223376156329394,0.));
#8723=DIRECTION('',(0.058843053814474,0.998267246291186,0.));
#8724=DIRECTION('',(0.,1.,0.));
#8725=DIRECTION('',(-0.058843053814474,0.998267246291186,0.));
#8726=DIRECTION('',(-0.979352523308896,0.202159924536239,0.));
#8727=DIRECTION('',(0.0495259258696203,0.998772838370546,0.));
#8728=DIRECTION('',(0.,1.,0.));
#8729=DIRECTION('',(-0.058843053814474,0.998267246291186,0.));
#8730=DIRECTION('',(-0.979352523308896,0.202159924536239,0.));
#8731=DIRECTION('',(0.0495259258696312,0.998772838370546,0.));
#8732=DIRECTION('',(0.997342635189091,0.072853744132201,0.));
#8733=DIRECTION('',(0.,-1.,0.));
#8734=DIRECTION('',(0.,0.,-1.));
#8735=DIRECTION('',(-1.,0.,0.));
#8736=DIRECTION('',(0.,-1.,0.));
#8737=DIRECTION('',(0.0527216063147029,-0.998609249019654,0.));
#8738=DIRECTION('',(0.993883734673619,-0.110431526074849,0.));
#8739=DIRECTION('',(-0.0447313009438225,-0.998999054411902,0.));
#8740=DIRECTION('',(-1.,0.,0.));
#8741=DIRECTION('',(-0.0495259258696312,0.998772838370546,0.));
#8742=DIRECTION('',(0.973616310567802,0.228191322789325,0.));
#8743=DIRECTION('',(0.0589037567068785,0.998263666295542,0.));
#8744=DIRECTION('',(0.,1.,0.));
#8745=DIRECTION('',(-0.0588430538144739,0.998267246291186,0.));
#8746=DIRECTION('',(-0.979352523308896,0.202159924536241,0.));
#8747=DIRECTION('',(0.0495259258696312,0.998772838370546,0.));
#8748=DIRECTION('',(0.997342635189091,0.0728537441322009,0.));
#8749=DIRECTION('',(0.,-1.,0.));
#8750=DIRECTION('',(0.,0.,-1.));
#8751=DIRECTION('',(-1.,0.,0.));
#8752=DIRECTION('',(0.,-1.,0.));
#8753=DIRECTION('',(0.0527216063147042,-0.998609249019654,0.));
#8754=DIRECTION('',(0.993883734673619,-0.110431526074849,0.));
#8755=DIRECTION('',(-0.0447313009438324,-0.998999054411901,0.));
#8756=DIRECTION('',(-1.,0.,0.));
#8757=DIRECTION('',(-0.0495259258696312,0.998772838370546,0.));
#8758=DIRECTION('',(0.973616310567801,0.228191322789329,0.));
#8759=DIRECTION('',(0.0589037567068785,0.998263666295542,0.));
#8760=DIRECTION('',(-0.335282981085728,0.942117467513615,0.));
#8761=DIRECTION('',(-1.,0.,0.));
#8762=DIRECTION('',(-0.352329758806265,-0.935875921829127,0.));
#8763=DIRECTION('',(-0.233372952475322,-0.972387301980518,0.));
#8764=DIRECTION('',(0.993345736033198,-0.115170520119793,0.));
#8765=DIRECTION('',(-0.0521676744677615,-0.998638339811078,0.));
#8766=DIRECTION('',(-1.,0.,0.));
#8767=DIRECTION('',(-0.0491209591998105,0.998792837062466,0.));
#8768=DIRECTION('',(0.974732318528275,0.223376156329396,0.));
#8769=DIRECTION('',(0.378144023064067,0.9257467784556,0.));
#8770=DIRECTION('',(-0.983999232117954,0.178172700465803,0.));
#8771=DIRECTION('',(0.0572828355078963,0.998357990280128,0.));
#8772=DIRECTION('',(1.,0.,0.));
#8773=DIRECTION('',(0.0572828355078963,-0.998357990280128,0.));
#8774=DIRECTION('',(-0.984127017445097,-0.177465527736001,0.));
#8775=DIRECTION('',(0.353554723651161,-0.935413842843878,0.));
#8776=DIRECTION('',(0.974732318528274,-0.223376156329396,0.));
#8777=DIRECTION('',(-0.0491209591998105,-0.998792837062466,0.));
#8778=DIRECTION('',(-1.,0.,0.));
#8779=DIRECTION('',(-0.0447313009438324,0.998999054411901,0.));
#8780=DIRECTION('',(0.993297739725752,0.115583736986271,0.));
#8781=DIRECTION('',(-0.196116135138182,0.980580675690921,0.));
#8782=DIRECTION('',(0.380419892318902,-0.924813876154589,0.));
#8783=DIRECTION('',(-0.0205327951646232,-0.999789179938815,0.));
#8784=DIRECTION('',(0.0592706158809775,-0.998241951679596,0.));
#8785=DIRECTION('',(0.979352523308896,-0.20215992453624,0.));
#8786=DIRECTION('',(-0.049120959199789,-0.998792837062467,0.));
#8787=DIRECTION('',(-0.997433129046359,-0.0716041415058471,0.));
#8788=DIRECTION('',(0.,1.,0.));
#8789=DIRECTION('',(0.,1.,0.));
#8790=DIRECTION('',(-0.109050387354392,-0.994036223192021,0.));
#8791=DIRECTION('',(-0.997906114831757,-0.0646791000353894,0.));
#8792=DIRECTION('',(-0.074385422234372,0.997229566829531,0.));
#8793=DIRECTION('',(1.,0.,0.));
#8794=DIRECTION('',(-0.049120959199789,0.998792837062467,0.));
#8795=DIRECTION('',(0.974732318528274,0.223376156329396,0.));
#8796=DIRECTION('',(0.058843053814474,0.998267246291186,0.));
#8797=DIRECTION('',(0.,1.,0.));
#8798=DIRECTION('',(-0.058843053814474,0.998267246291186,0.));
#8799=DIRECTION('',(-0.979352523308897,0.202159924536238,0.));
#8800=DIRECTION('',(0.0495259258696312,0.998772838370546,0.));
#8801=DIRECTION('',(0.996326093255665,0.0856406206067214,0.));
#8802=DIRECTION('',(-0.0642736066695839,-0.997932314080311,0.));
#8803=DIRECTION('',(0.,-1.,0.));
#8804=DIRECTION('',(0.0536969786750624,-0.998557276515058,0.));
#8805=DIRECTION('',(0.974732318528274,-0.223376156329399,0.));
#8806=DIRECTION('',(-0.0572828355078746,-0.998357990280129,0.));
#8807=DIRECTION('',(-1.,0.,0.));
#8808=DIRECTION('',(-0.0447313009438322,0.998999054411901,0.));
#8809=DIRECTION('',(0.993297739725753,0.115583736986269,0.));
#8810=DIRECTION('',(0.0598717193516702,0.998206079535621,0.));
#8811=DIRECTION('',(0.,1.,0.));
#8812=DIRECTION('',(-0.0566464850342335,-0.998394298728346,0.));
#8813=DIRECTION('',(0.,-1.,0.));
#8814=DIRECTION('',(0.0526672368321324,-0.998612117973975,0.));
#8815=DIRECTION('',(0.993883734673619,-0.110431526074846,0.));
#8816=DIRECTION('',(-0.0447313009438123,-0.998999054411902,0.));
#8817=DIRECTION('',(-1.,0.,0.));
#8818=DIRECTION('',(-0.049120959199789,0.998792837062467,0.));
#8819=DIRECTION('',(0.974732318528274,0.223376156329396,0.));
#8820=DIRECTION('',(0.058843053814474,0.998267246291186,0.));
#8821=DIRECTION('',(0.,1.,0.));
#8822=DIRECTION('',(-0.058843053814474,0.998267246291186,0.));
#8823=DIRECTION('',(-0.979352523308897,0.202159924536238,0.));
#8824=DIRECTION('',(0.0495259258696312,0.998772838370546,0.));
#8825=DIRECTION('',(0.996326093255665,0.0856406206067214,0.));
#8826=DIRECTION('',(-0.0642736066695839,-0.997932314080311,0.));
#8827=DIRECTION('',(0.,-1.,0.));
#8828=DIRECTION('',(0.0536969786750624,-0.998557276515058,0.));
#8829=DIRECTION('',(0.974732318528274,-0.223376156329399,0.));
#8830=DIRECTION('',(-0.0572828355078746,-0.998357990280129,0.));
#8831=DIRECTION('',(-1.,0.,0.));
#8832=DIRECTION('',(-0.0447313009438123,0.998999054411902,0.));
#8833=DIRECTION('',(0.993297739725753,0.115583736986269,0.));
#8834=DIRECTION('',(0.0598717193516702,0.998206079535621,0.));
#8835=DIRECTION('',(0.,1.,0.));
#8836=DIRECTION('',(-0.0566464850342335,-0.998394298728346,0.));
#8837=DIRECTION('',(0.,-1.,0.));
#8838=DIRECTION('',(0.0526672368321324,-0.998612117973975,0.));
#8839=DIRECTION('',(0.993883734673619,-0.110431526074846,0.));
#8840=DIRECTION('',(-0.0447313009438123,-0.998999054411902,0.));
#8841=DIRECTION('',(-1.,0.,0.));
#8842=DIRECTION('',(0.380419892318909,-0.924813876154586,0.));
#8843=DIRECTION('',(-0.0205327951646232,-0.999789179938815,0.));
#8844=DIRECTION('',(0.0592706158809775,-0.998241951679596,0.));
#8845=DIRECTION('',(0.979352523308896,-0.20215992453624,0.));
#8846=DIRECTION('',(-0.049120959199789,-0.998792837062467,0.));
#8847=DIRECTION('',(-0.997433129046359,-0.0716041415058471,0.));
#8848=DIRECTION('',(0.,1.,0.));
#8849=DIRECTION('',(0.,1.,0.));
#8850=DIRECTION('',(-0.109050387354398,-0.99403622319202,0.));
#8851=DIRECTION('',(-0.997906114831757,-0.0646791000353894,0.));
#8852=DIRECTION('',(-0.074385422234372,0.997229566829531,0.));
#8853=DIRECTION('',(1.,0.,0.));
#8854=DIRECTION('',(0.374789175497425,-0.927110065704154,0.));
#8855=DIRECTION('',(0.999057594557277,-0.043404179031833,0.));
#8856=DIRECTION('',(0.997680929130728,0.068064408091504,0.));
#8857=DIRECTION('',(0.206558348887415,-0.978434284203546,0.));
#8858=DIRECTION('',(-0.537103948812727,-0.843516062781128,0.));
#8859=DIRECTION('',(1.,0.,0.));
#8860=DIRECTION('',(0.994691793826551,0.102899151085505,0.));
#8861=DIRECTION('',(0.395322112712891,0.918542556009365,0.));
#8862=DIRECTION('',(0.975789577016006,-0.218711456917383,0.));
#8863=DIRECTION('',(-0.226513494660279,-0.974008027039196,0.));
#8864=DIRECTION('',(-1.,0.,0.));
#8865=DIRECTION('',(0.0499376169438908,0.998752338877845,0.));
#8866=DIRECTION('',(-0.999004688721639,0.0446052901815664,0.));
#8867=DIRECTION('',(-0.993644779902146,-0.11256132272329,0.));
#8868=DIRECTION('',(-0.244749924364227,0.969586238827524,0.));
#8869=DIRECTION('',(0.536140943768132,0.844128478618875,0.));
#8870=DIRECTION('',(-1.,0.,0.));
#8871=DIRECTION('',(-0.992651418024546,-0.121008934768706,0.));
#8872=DIRECTION('',(-0.111847873865546,-0.993725340882357,0.));
#8873=DIRECTION('',(-0.998488410288055,-0.054962664786505,0.));
#8874=DIRECTION('',(-0.0779065720525178,0.996960664234566,0.));
#8875=DIRECTION('',(1.,0.,0.));
#8876=DIRECTION('',(-0.058843053814474,0.998267246291186,0.));
#8877=DIRECTION('',(-0.979352523308895,0.202159924536243,0.));
#8878=DIRECTION('',(0.0495259258696312,0.998772838370546,0.));
#8879=DIRECTION('',(0.996326093255665,0.0856406206067217,0.));
#8880=DIRECTION('',(-0.0530812065905124,-0.998590198983995,0.));
#8881=DIRECTION('',(0.,-1.,0.));
#8882=DIRECTION('',(0.0567467767454331,0.998388603364944,0.));
#8883=DIRECTION('',(0.,1.,0.));
#8884=DIRECTION('',(-0.0598717193516703,0.998206079535621,0.));
#8885=DIRECTION('',(-0.979352523308896,0.20215992453624,0.));
#8886=DIRECTION('',(0.0577546747081917,0.99833080566982,0.));
#8887=DIRECTION('',(0.996317230587237,0.0857436646929618,0.));
#8888=DIRECTION('',(-0.0530812065905124,-0.998590198983995,0.));
#8889=DIRECTION('',(0.,-1.,0.));
#8890=DIRECTION('',(0.0599334758419888,-0.998202373506243,0.));
#8891=DIRECTION('',(0.979352523308896,-0.20215992453624,0.));
#8892=DIRECTION('',(-0.0572828355078745,-0.998357990280129,0.));
#8893=DIRECTION('',(-0.996419687468221,-0.0845447007548794,0.));
#8894=DIRECTION('',(0.0407823695143055,0.999168053100578,0.));
#8895=DIRECTION('',(0.,1.,0.));
#8896=DIRECTION('',(0.974732318528275,0.223376156329396,0.));
#8897=DIRECTION('',(0.0697660131723151,0.997563383152189,0.));
#8898=DIRECTION('',(0.,1.,0.));
#8899=DIRECTION('',(-0.070595484401206,0.997505026344308,0.));
#8900=DIRECTION('',(-0.973616310567801,0.228191322789329,0.));
#8901=DIRECTION('',(0.0491209591998108,0.998792837062466,0.));
#8902=DIRECTION('',(0.,0.,-1.));
#8903=DIRECTION('',(-1.,0.,0.));
#8904=DIRECTION('',(0.65391964900732,-0.756564004326233,0.));
#8905=DIRECTION('',(0.976187060183953,-0.216930457818656,0.));
#8906=DIRECTION('',(-0.0491209591998105,-0.998792837062466,0.));
#8907=DIRECTION('',(-1.,0.,0.));
#8908=DIRECTION('',(-0.0521676744677218,0.99863833981108,0.));
#8909=DIRECTION('',(0.992998587474546,0.118126226019277,0.));
#8910=DIRECTION('',(-0.566563619980169,0.824018000115876,0.));
#8911=DIRECTION('',(-0.657149861439158,0.753759948266354,0.));
#8912=DIRECTION('',(0.199059924290094,0.979987319582056,0.));
#8913=DIRECTION('',(0.,0.,-1.));
#8914=DIRECTION('',(-1.,0.,0.));
#8915=DIRECTION('',(-0.0695427648220408,-0.997578971240326,0.));
#8916=DIRECTION('',(0.,-1.,0.));
#8917=DIRECTION('',(0.0701464167828794,-0.997536706198084,0.));
#8918=DIRECTION('',(0.992998587474546,-0.118126226019277,0.));
#8919=DIRECTION('',(-0.0447313009438322,-0.998999054411901,0.));
#8920=DIRECTION('',(-1.,0.,0.));
#8921=DIRECTION('',(-0.0491209591998105,0.998792837062466,0.));
#8922=DIRECTION('',(-0.997563383152189,0.0697660131723152,0.));
#8923=DIRECTION('',(-0.0697660131723152,-0.997563383152189,0.));
#8924=DIRECTION('',(0.,0.,-1.));
#8925=DIRECTION('',(0.0697660131723151,0.997563383152189,0.));
#8926=DIRECTION('',(0.,0.,-1.));
#8927=DIRECTION('',(-0.223376156329396,0.974732318528274,0.));
#8928=DIRECTION('',(-0.974732318528274,-0.223376156329396,0.));
#8929=DIRECTION('',(0.,0.,-1.));
#8930=DIRECTION('',(0.974732318528275,0.223376156329396,0.));
#8931=DIRECTION('',(-0.998792837062466,-0.0491209591998105,0.));
#8932=DIRECTION('',(0.0491209591998105,-0.998792837062467,0.));
#8933=DIRECTION('',(0.,0.,-1.));
#8934=DIRECTION('',(-0.0491209591998105,0.998792837062466,0.));
#8935=DIRECTION('',(0.,-1.,0.));
#8936=DIRECTION('',(0.,0.,-1.));
#8937=DIRECTION('',(0.,0.,-1.));
#8938=DIRECTION('',(-1.,0.,0.));
#8939=DIRECTION('',(0.998999054411901,-0.0447313009438322,0.));
#8940=DIRECTION('',(0.0447313009438322,0.998999054411901,0.));
#8941=DIRECTION('',(0.,0.,-1.));
#8942=DIRECTION('',(-0.0447313009438322,-0.998999054411901,0.));
#8943=DIRECTION('',(0.118126226019277,0.992998587474546,0.));
#8944=DIRECTION('',(-0.992998587474546,0.118126226019277,0.));
#8945=DIRECTION('',(0.,0.,-1.));
#8946=DIRECTION('',(0.992998587474546,-0.118126226019277,0.));
#8947=DIRECTION('',(0.997536706198084,0.0701464167828794,0.));
#8948=DIRECTION('',(-0.0701464167828794,0.997536706198084,0.));
#8949=DIRECTION('',(0.,0.,-1.));
#8950=DIRECTION('',(0.0701464167828794,-0.997536706198084,0.));
#8951=DIRECTION('',(1.,0.,0.));
#8952=DIRECTION('',(0.,0.,-1.));
#8953=DIRECTION('',(0.,0.,-1.));
#8954=DIRECTION('',(0.,-1.,0.));
#8955=DIRECTION('',(0.997578971240325,-0.0695427648220408,0.));
#8956=DIRECTION('',(0.0695427648220408,0.997578971240326,0.));
#8957=DIRECTION('',(0.,0.,-1.));
#8958=DIRECTION('',(-0.0695427648220408,-0.997578971240326,0.));
#8959=DIRECTION('',(0.,0.,-1.));
#8960=DIRECTION('',(-0.129549372269773,0.991572972677507,0.));
#8961=DIRECTION('',(0.,0.,-1.));
#8962=DIRECTION('',(0.,0.,-1.));
#8963=DIRECTION('',(-1.,0.,0.));
#8964=DIRECTION('',(0.,0.,-1.));
#8965=DIRECTION('',(0.,0.,-1.));
#8966=DIRECTION('',(0.,0.,-1.));
#8967=DIRECTION('',(-0.979987319582056,0.199059924290094,0.));
#8968=DIRECTION('',(-0.199059924290094,-0.979987319582056,0.));
#8969=DIRECTION('',(0.,0.,-1.));
#8970=DIRECTION('',(0.199059924290094,0.979987319582056,0.));
#8971=DIRECTION('',(-0.753759948266354,-0.657149861439157,0.));
#8972=DIRECTION('',(0.657149861439157,-0.753759948266354,0.));
#8973=DIRECTION('',(0.,0.,-1.));
#8974=DIRECTION('',(-0.657149861439158,0.753759948266354,0.));
#8975=DIRECTION('',(-0.824018000115875,-0.566563619980169,0.));
#8976=DIRECTION('',(0.566563619980169,-0.824018000115876,0.));
#8977=DIRECTION('',(0.,0.,-1.));
#8978=DIRECTION('',(-0.566563619980169,0.824018000115876,0.));
#8979=DIRECTION('',(-0.118126226019277,0.992998587474546,0.));
#8980=DIRECTION('',(-0.992998587474546,-0.118126226019277,0.));
#8981=DIRECTION('',(0.,0.,-1.));
#8982=DIRECTION('',(0.992998587474546,0.118126226019277,0.));
#8983=DIRECTION('',(-0.99863833981108,-0.0521676744677218,0.));
#8984=DIRECTION('',(0.0521676744677218,-0.99863833981108,0.));
#8985=DIRECTION('',(0.,0.,-1.));
#8986=DIRECTION('',(-0.0521676744677218,0.99863833981108,0.));
#8987=DIRECTION('',(0.,-1.,0.));
#8988=DIRECTION('',(0.,0.,-1.));
#8989=DIRECTION('',(0.,0.,-1.));
#8990=DIRECTION('',(-1.,0.,0.));
#8991=DIRECTION('',(0.998792837062466,-0.0491209591998105,0.));
#8992=DIRECTION('',(0.0491209591998105,0.998792837062467,0.));
#8993=DIRECTION('',(0.,0.,-1.));
#8994=DIRECTION('',(-0.0491209591998105,-0.998792837062466,0.));
#8995=DIRECTION('',(0.216930457818656,0.976187060183953,0.));
#8996=DIRECTION('',(-0.976187060183953,0.216930457818656,0.));
#8997=DIRECTION('',(0.,0.,-1.));
#8998=DIRECTION('',(0.976187060183953,-0.216930457818656,0.));
#8999=DIRECTION('',(0.756564004326233,0.65391964900732,0.));
#9000=DIRECTION('',(-0.65391964900732,0.756564004326233,0.));
#9001=DIRECTION('',(0.,0.,-1.));
#9002=DIRECTION('',(0.65391964900732,-0.756564004326233,0.));
#9003=DIRECTION('',(0.,0.,-1.));
#9004=DIRECTION('',(0.,0.,-1.));
#9005=DIRECTION('',(0.,0.,-1.));
#9006=DIRECTION('',(0.,0.,-1.));
#9007=DIRECTION('',(-0.0167607645095237,0.99985952852041,0.));
#9008=DIRECTION('',(0.,0.,-1.));
#9009=DIRECTION('',(0.,0.,-1.));
#9010=DIRECTION('',(-1.,0.,0.));
#9011=DIRECTION('',(-0.998792837062466,0.0491209591998108,0.));
#9012=DIRECTION('',(-0.0491209591998108,-0.998792837062466,0.));
#9013=DIRECTION('',(0.,0.,-1.));
#9014=DIRECTION('',(0.0491209591998108,0.998792837062466,0.));
#9015=DIRECTION('',(-0.228191322789329,-0.973616310567801,0.));
#9016=DIRECTION('',(0.973616310567801,-0.228191322789329,0.));
#9017=DIRECTION('',(0.,0.,-1.));
#9018=DIRECTION('',(-0.973616310567801,0.228191322789329,0.));
#9019=DIRECTION('',(-0.997505026344308,-0.070595484401206,0.));
#9020=DIRECTION('',(0.070595484401206,-0.997505026344308,0.));
#9021=DIRECTION('',(0.,0.,-1.));
#9022=DIRECTION('',(-0.070595484401206,0.997505026344308,0.));
#9023=DIRECTION('',(-1.,0.,0.));
#9024=DIRECTION('',(0.,0.,1.));
#9025=DIRECTION('',(0.,1.,0.));
#9026=DIRECTION('',(0.,0.,1.));
#9027=DIRECTION('',(1.,0.,0.));
#9028=DIRECTION('',(-0.998267246291186,-0.058843053814474,0.));
#9029=DIRECTION('',(0.058843053814474,-0.998267246291186,0.));
#9030=DIRECTION('',(0.,0.,-1.));
#9031=DIRECTION('',(-0.058843053814474,0.998267246291186,0.));
#9032=DIRECTION('',(0.,0.,-1.));
#9033=DIRECTION('',(-1.,0.,0.));
#9034=DIRECTION('',(0.,0.,1.));
#9035=DIRECTION('',(0.,0.,-1.));
#9036=DIRECTION('',(0.,1.,0.));
#9037=DIRECTION('',(0.,0.,-1.));
#9038=DIRECTION('',(0.,0.,-1.));
#9039=DIRECTION('',(0.,0.,-1.));
#9040=DIRECTION('',(-0.999168053100577,0.0407823695143055,0.));
#9041=DIRECTION('',(-0.0407823695143055,-0.999168053100578,0.));
#9042=DIRECTION('',(0.,0.,-1.));
#9043=DIRECTION('',(0.0407823695143055,0.999168053100578,0.));
#9044=DIRECTION('',(0.0845447007548794,-0.996419687468221,0.));
#9045=DIRECTION('',(0.996419687468222,0.0845447007548794,0.));
#9046=DIRECTION('',(0.,0.,-1.));
#9047=DIRECTION('',(-0.996419687468221,-0.0845447007548794,0.));
#9048=DIRECTION('',(0.998357990280129,-0.0572828355078745,0.));
#9049=DIRECTION('',(0.0572828355078745,0.998357990280129,0.));
#9050=DIRECTION('',(0.,0.,-1.));
#9051=DIRECTION('',(-0.0572828355078745,-0.998357990280129,0.));
#9052=DIRECTION('',(0.20215992453624,0.979352523308896,0.));
#9053=DIRECTION('',(-0.979352523308896,0.20215992453624,0.));
#9054=DIRECTION('',(0.,0.,-1.));
#9055=DIRECTION('',(0.979352523308896,-0.20215992453624,0.));
#9056=DIRECTION('',(0.998202373506243,0.0599334758419888,0.));
#9057=DIRECTION('',(-0.0599334758419888,0.998202373506243,0.));
#9058=DIRECTION('',(0.,0.,-1.));
#9059=DIRECTION('',(0.0599334758419888,-0.998202373506243,0.));
#9060=DIRECTION('',(1.,0.,0.));
#9061=DIRECTION('',(0.,0.,-1.));
#9062=DIRECTION('',(0.,0.,-1.));
#9063=DIRECTION('',(0.,-1.,0.));
#9064=DIRECTION('',(0.998590198983995,-0.0530812065905124,0.));
#9065=DIRECTION('',(0.0530812065905124,0.998590198983995,0.));
#9066=DIRECTION('',(0.,0.,-1.));
#9067=DIRECTION('',(-0.0530812065905124,-0.998590198983995,0.));
#9068=DIRECTION('',(-0.0857436646929618,0.996317230587237,0.));
#9069=DIRECTION('',(-0.996317230587237,-0.0857436646929618,0.));
#9070=DIRECTION('',(0.,0.,-1.));
#9071=DIRECTION('',(0.996317230587237,0.0857436646929618,0.));
#9072=DIRECTION('',(-0.99833080566982,0.0577546747081917,0.));
#9073=DIRECTION('',(-0.0577546747081917,-0.99833080566982,0.));
#9074=DIRECTION('',(0.,0.,-1.));
#9075=DIRECTION('',(0.0577546747081917,0.99833080566982,0.));
#9076=DIRECTION('',(-0.20215992453624,-0.979352523308896,0.));
#9077=DIRECTION('',(0.979352523308896,-0.20215992453624,0.));
#9078=DIRECTION('',(0.,0.,-1.));
#9079=DIRECTION('',(-0.979352523308896,0.20215992453624,0.));
#9080=DIRECTION('',(-0.998206079535621,-0.0598717193516703,0.));
#9081=DIRECTION('',(0.0598717193516703,-0.998206079535621,0.));
#9082=DIRECTION('',(0.,0.,-1.));
#9083=DIRECTION('',(-0.0598717193516703,0.998206079535621,0.));
#9084=DIRECTION('',(-1.,0.,0.));
#9085=DIRECTION('',(0.,0.,1.));
#9086=DIRECTION('',(0.,0.,-1.));
#9087=DIRECTION('',(0.,1.,0.));
#9088=DIRECTION('',(-0.998388603364944,0.0567467767454331,0.));
#9089=DIRECTION('',(-0.0567467767454331,-0.998388603364944,0.));
#9090=DIRECTION('',(0.,0.,-1.));
#9091=DIRECTION('',(0.0567467767454331,0.998388603364944,0.));
#9092=DIRECTION('',(0.,0.,-1.));
#9093=DIRECTION('',(0.,0.,-1.));
#9094=DIRECTION('',(0.,0.,-1.));
#9095=DIRECTION('',(1.,0.,0.));
#9096=DIRECTION('',(0.,0.,-1.));
#9097=DIRECTION('',(0.,0.,-1.));
#9098=DIRECTION('',(0.,-1.,0.));
#9099=DIRECTION('',(0.998590198983995,-0.0530812065905124,0.));
#9100=DIRECTION('',(0.0530812065905124,0.998590198983995,0.));
#9101=DIRECTION('',(0.,0.,-1.));
#9102=DIRECTION('',(-0.0530812065905124,-0.998590198983995,0.));
#9103=DIRECTION('',(-0.0856406206067216,0.996326093255665,0.));
#9104=DIRECTION('',(-0.996326093255665,-0.0856406206067217,0.));
#9105=DIRECTION('',(0.,0.,-1.));
#9106=DIRECTION('',(0.996326093255665,0.0856406206067217,0.));
#9107=DIRECTION('',(-0.998772838370546,0.0495259258696312,0.));
#9108=DIRECTION('',(-0.0495259258696312,-0.998772838370545,0.));
#9109=DIRECTION('',(0.,0.,-1.));
#9110=DIRECTION('',(0.0495259258696312,0.998772838370546,0.));
#9111=DIRECTION('',(-0.202159924536243,-0.979352523308895,0.));
#9112=DIRECTION('',(0.979352523308896,-0.202159924536243,0.));
#9113=DIRECTION('',(-0.979352523308895,0.202159924536243,0.));
#9114=DIRECTION('',(0.,0.,1.));
#9115=DIRECTION('',(1.,0.,0.));
#9116=DIRECTION('',(0.927110065704154,0.374789175497425,0.));
#9117=DIRECTION('',(-0.374789175497425,0.927110065704154,0.));
#9118=DIRECTION('',(0.,0.,-1.));
#9119=DIRECTION('',(0.374789175497425,-0.927110065704154,0.));
#9120=DIRECTION('',(0.,0.,-1.));
#9121=DIRECTION('',(0.,1.,0.));
#9122=DIRECTION('',(0.,0.,1.));
#9123=DIRECTION('',(0.,0.,-1.));
#9124=DIRECTION('',(1.,0.,0.));
#9125=DIRECTION('',(-0.996960664234565,-0.0779065720525178,0.));
#9126=DIRECTION('',(0.0779065720525178,-0.996960664234566,0.));
#9127=DIRECTION('',(0.,0.,-1.));
#9128=DIRECTION('',(-0.0779065720525178,0.996960664234566,0.));
#9129=DIRECTION('',(0.054962664786505,-0.998488410288054,0.));
#9130=DIRECTION('',(0.998488410288055,0.054962664786505,0.));
#9131=DIRECTION('',(0.,0.,-1.));
#9132=DIRECTION('',(-0.998488410288055,-0.054962664786505,0.));
#9133=DIRECTION('',(0.993725340882357,-0.111847873865546,0.));
#9134=DIRECTION('',(0.111847873865546,0.993725340882357,0.));
#9135=DIRECTION('',(0.,0.,-1.));
#9136=DIRECTION('',(-0.111847873865546,-0.993725340882357,0.));
#9137=DIRECTION('',(0.121008934768706,-0.992651418024546,0.));
#9138=DIRECTION('',(0.992651418024547,0.121008934768706,0.));
#9139=DIRECTION('',(0.,0.,-1.));
#9140=DIRECTION('',(-0.992651418024546,-0.121008934768706,0.));
#9141=DIRECTION('',(0.,-1.,0.));
#9142=DIRECTION('',(0.,0.,-1.));
#9143=DIRECTION('',(0.,0.,-1.));
#9144=DIRECTION('',(-1.,0.,0.));
#9145=DIRECTION('',(-0.844128478618875,0.536140943768132,0.));
#9146=DIRECTION('',(-0.536140943768132,-0.844128478618875,0.));
#9147=DIRECTION('',(0.,0.,-1.));
#9148=DIRECTION('',(0.536140943768132,0.844128478618875,0.));
#9149=DIRECTION('',(-0.969586238827524,-0.244749924364227,0.));
#9150=DIRECTION('',(0.244749924364227,-0.969586238827524,0.));
#9151=DIRECTION('',(0.,0.,-1.));
#9152=DIRECTION('',(-0.244749924364227,0.969586238827524,0.));
#9153=DIRECTION('',(0.11256132272329,-0.993644779902146,0.));
#9154=DIRECTION('',(0.993644779902146,0.11256132272329,0.));
#9155=DIRECTION('',(0.,0.,-1.));
#9156=DIRECTION('',(-0.993644779902146,-0.11256132272329,0.));
#9157=DIRECTION('',(-0.0446052901815664,-0.999004688721639,0.));
#9158=DIRECTION('',(0.999004688721639,-0.0446052901815664,0.));
#9159=DIRECTION('',(0.,0.,-1.));
#9160=DIRECTION('',(-0.999004688721639,0.0446052901815664,0.));
#9161=DIRECTION('',(-0.998752338877845,0.0499376169438908,0.));
#9162=DIRECTION('',(-0.0499376169438908,-0.998752338877845,0.));
#9163=DIRECTION('',(0.,0.,-1.));
#9164=DIRECTION('',(0.0499376169438908,0.998752338877845,0.));
#9165=DIRECTION('',(0.,-1.,0.));
#9166=DIRECTION('',(0.,0.,-1.));
#9167=DIRECTION('',(0.,0.,-1.));
#9168=DIRECTION('',(-1.,0.,0.));
#9169=DIRECTION('',(0.974008027039196,-0.226513494660279,0.));
#9170=DIRECTION('',(0.226513494660279,0.974008027039196,0.));
#9171=DIRECTION('',(0.,0.,-1.));
#9172=DIRECTION('',(-0.226513494660279,-0.974008027039196,0.));
#9173=DIRECTION('',(0.218711456917383,0.975789577016006,0.));
#9174=DIRECTION('',(-0.975789577016006,0.218711456917383,0.));
#9175=DIRECTION('',(0.,0.,-1.));
#9176=DIRECTION('',(0.975789577016006,-0.218711456917383,0.));
#9177=DIRECTION('',(-0.918542556009364,0.395322112712891,0.));
#9178=DIRECTION('',(-0.395322112712891,-0.918542556009365,0.));
#9179=DIRECTION('',(0.,0.,-1.));
#9180=DIRECTION('',(0.395322112712891,0.918542556009365,0.));
#9181=DIRECTION('',(-0.102899151085505,0.994691793826551,0.));
#9182=DIRECTION('',(-0.994691793826551,-0.102899151085505,0.));
#9183=DIRECTION('',(0.,0.,-1.));
#9184=DIRECTION('',(0.994691793826551,0.102899151085505,0.));
#9185=DIRECTION('',(0.,1.,0.));
#9186=DIRECTION('',(0.,0.,1.));
#9187=DIRECTION('',(0.,0.,-1.));
#9188=DIRECTION('',(1.,0.,0.));
#9189=DIRECTION('',(0.843516062781128,-0.537103948812727,0.));
#9190=DIRECTION('',(0.537103948812727,0.843516062781128,0.));
#9191=DIRECTION('',(0.,0.,-1.));
#9192=DIRECTION('',(-0.537103948812727,-0.843516062781128,0.));
#9193=DIRECTION('',(0.978434284203546,0.206558348887415,0.));
#9194=DIRECTION('',(-0.206558348887415,0.978434284203546,0.));
#9195=DIRECTION('',(0.,0.,-1.));
#9196=DIRECTION('',(0.206558348887415,-0.978434284203546,0.));
#9197=DIRECTION('',(-0.068064408091504,0.997680929130728,0.));
#9198=DIRECTION('',(-0.997680929130728,-0.068064408091504,0.));
#9199=DIRECTION('',(0.,0.,-1.));
#9200=DIRECTION('',(0.997680929130728,0.068064408091504,0.));
#9201=DIRECTION('',(0.043404179031833,0.999057594557277,0.));
#9202=DIRECTION('',(-0.999057594557277,0.043404179031833,0.));
#9203=DIRECTION('',(0.999057594557277,-0.043404179031833,0.));
#9204=DIRECTION('',(0.,0.,1.));
#9205=DIRECTION('',(1.,0.,0.));
#9206=DIRECTION('',(0.,0.,-1.));
#9207=DIRECTION('',(0.,0.,-1.));
#9208=DIRECTION('',(-0.998929427668887,0.0462601182133174,0.));
#9209=DIRECTION('',(-0.0462601182133174,-0.998929427668887,0.));
#9210=DIRECTION('',(0.0462601182133174,0.998929427668887,0.));
#9211=DIRECTION('',(0.,0.,-1.));
#9212=DIRECTION('',(0.0462601182133174,0.998929427668887,0.));
#9213=DIRECTION('',(0.,0.,-1.));
#9214=DIRECTION('',(0.,0.,-1.));
#9215=DIRECTION('',(0.,0.,-1.));
#9216=DIRECTION('',(-0.922565639761192,-0.385840174595678,0.));
#9217=DIRECTION('',(0.,0.,-1.));
#9218=DIRECTION('',(-1.,0.,0.));
#9219=DIRECTION('',(0.,0.,-1.));
#9220=DIRECTION('',(0.,0.,-1.));
#9221=DIRECTION('',(-1.,0.,0.));
#9222=DIRECTION('',(0.924813876154586,0.380419892318909,0.));
#9223=DIRECTION('',(-0.380419892318909,0.924813876154586,0.));
#9224=DIRECTION('',(0.,0.,-1.));
#9225=DIRECTION('',(0.380419892318909,-0.924813876154586,0.));
#9226=DIRECTION('',(0.,0.,-1.));
#9227=DIRECTION('',(0.,1.,0.));
#9228=DIRECTION('',(0.,0.,1.));
#9229=DIRECTION('',(0.,0.,-1.));
#9230=DIRECTION('',(1.,0.,0.));
#9231=DIRECTION('',(-0.997229566829531,-0.0743854222343719,0.));
#9232=DIRECTION('',(0.074385422234372,-0.997229566829531,0.));
#9233=DIRECTION('',(0.,0.,-1.));
#9234=DIRECTION('',(-0.074385422234372,0.997229566829531,0.));
#9235=DIRECTION('',(0.0646791000353894,-0.997906114831757,0.));
#9236=DIRECTION('',(0.997906114831757,0.0646791000353894,0.));
#9237=DIRECTION('',(0.,0.,-1.));
#9238=DIRECTION('',(-0.997906114831757,-0.0646791000353894,0.));
#9239=DIRECTION('',(0.99403622319202,-0.109050387354398,0.));
#9240=DIRECTION('',(0.109050387354398,0.99403622319202,0.));
#9241=DIRECTION('',(0.,0.,-1.));
#9242=DIRECTION('',(-0.109050387354398,-0.99403622319202,0.));
#9243=DIRECTION('',(0.,0.,-1.));
#9244=DIRECTION('',(0.,0.,-1.));
#9245=DIRECTION('',(0.,0.,-1.));
#9246=DIRECTION('',(-1.,0.,0.));
#9247=DIRECTION('',(0.,0.,1.));
#9248=DIRECTION('',(0.,0.,-1.));
#9249=DIRECTION('',(0.,1.,0.));
#9250=DIRECTION('',(0.,0.,-1.));
#9251=DIRECTION('',(0.,0.,-1.));
#9252=DIRECTION('',(0.,0.,-1.));
#9253=DIRECTION('',(0.,0.,-1.));
#9254=DIRECTION('',(0.,0.,-1.));
#9255=DIRECTION('',(-1.,0.,0.));
#9256=DIRECTION('',(0.,0.,1.));
#9257=DIRECTION('',(0.,0.,-1.));
#9258=DIRECTION('',(0.,1.,0.));
#9259=DIRECTION('',(0.0716041415058471,-0.997433129046359,0.));
#9260=DIRECTION('',(0.997433129046359,0.0716041415058471,0.));
#9261=DIRECTION('',(0.,0.,-1.));
#9262=DIRECTION('',(-0.997433129046359,-0.0716041415058471,0.));
#9263=DIRECTION('',(0.998792837062467,-0.049120959199789,0.));
#9264=DIRECTION('',(0.049120959199789,0.998792837062468,0.));
#9265=DIRECTION('',(0.,0.,-1.));
#9266=DIRECTION('',(-0.049120959199789,-0.998792837062467,0.));
#9267=DIRECTION('',(0.20215992453624,0.979352523308896,0.));
#9268=DIRECTION('',(-0.979352523308896,0.20215992453624,0.));
#9269=DIRECTION('',(0.,0.,-1.));
#9270=DIRECTION('',(0.979352523308896,-0.20215992453624,0.));
#9271=DIRECTION('',(0.998241951679597,0.0592706158809775,0.));
#9272=DIRECTION('',(-0.0592706158809775,0.998241951679597,0.));
#9273=DIRECTION('',(0.,0.,-1.));
#9274=DIRECTION('',(0.0592706158809775,-0.998241951679596,0.));
#9275=DIRECTION('',(0.999789179938815,-0.0205327951646232,0.));
#9276=DIRECTION('',(0.0205327951646232,0.999789179938815,0.));
#9277=DIRECTION('',(0.,0.,-1.));
#9278=DIRECTION('',(-0.0205327951646232,-0.999789179938815,0.));
#9279=DIRECTION('',(0.,0.,-1.));
#9280=DIRECTION('',(0.,0.,-1.));
#9281=DIRECTION('',(0.,0.,1.));
#9282=DIRECTION('',(1.,0.,0.));
#9283=DIRECTION('',(0.,0.,1.));
#9284=DIRECTION('',(1.,0.,0.));
#9285=DIRECTION('',(-0.998792837062467,-0.049120959199789,0.));
#9286=DIRECTION('',(0.049120959199789,-0.998792837062468,0.));
#9287=DIRECTION('',(0.,0.,-1.));
#9288=DIRECTION('',(-0.049120959199789,0.998792837062467,0.));
#9289=DIRECTION('',(0.,0.,-1.));
#9290=DIRECTION('',(0.,-1.,0.));
#9291=DIRECTION('',(0.,0.,-1.));
#9292=DIRECTION('',(0.,0.,-1.));
#9293=DIRECTION('',(-1.,0.,0.));
#9294=DIRECTION('',(0.998999054411902,-0.0447313009438123,0.));
#9295=DIRECTION('',(0.0447313009438123,0.998999054411902,0.));
#9296=DIRECTION('',(0.,0.,-1.));
#9297=DIRECTION('',(-0.0447313009438123,-0.998999054411902,0.));
#9298=DIRECTION('',(0.110431526074846,0.993883734673619,0.));
#9299=DIRECTION('',(-0.993883734673619,0.110431526074846,0.));
#9300=DIRECTION('',(0.,0.,-1.));
#9301=DIRECTION('',(0.993883734673619,-0.110431526074846,0.));
#9302=DIRECTION('',(0.998612117973975,0.0526672368321323,0.));
#9303=DIRECTION('',(-0.0526672368321324,0.998612117973975,0.));
#9304=DIRECTION('',(0.,0.,-1.));
#9305=DIRECTION('',(0.0526672368321324,-0.998612117973975,0.));
#9306=DIRECTION('',(1.,0.,0.));
#9307=DIRECTION('',(0.,0.,-1.));
#9308=DIRECTION('',(0.,0.,-1.));
#9309=DIRECTION('',(0.,-1.,0.));
#9310=DIRECTION('',(0.998394298728346,-0.0566464850342335,0.));
#9311=DIRECTION('',(0.0566464850342335,0.998394298728346,0.));
#9312=DIRECTION('',(0.,0.,-1.));
#9313=DIRECTION('',(-0.0566464850342335,-0.998394298728346,0.));
#9314=DIRECTION('',(0.,0.,-1.));
#9315=DIRECTION('',(0.,0.,-1.));
#9316=DIRECTION('',(0.,0.,-1.));
#9317=DIRECTION('',(-1.,0.,0.));
#9318=DIRECTION('',(0.,0.,1.));
#9319=DIRECTION('',(0.,0.,-1.));
#9320=DIRECTION('',(0.,1.,0.));
#9321=DIRECTION('',(-0.998206079535621,0.0598717193516702,0.));
#9322=DIRECTION('',(-0.0598717193516702,-0.998206079535621,0.));
#9323=DIRECTION('',(0.,0.,-1.));
#9324=DIRECTION('',(0.0598717193516702,0.998206079535621,0.));
#9325=DIRECTION('',(-0.115583736986269,0.993297739725753,0.));
#9326=DIRECTION('',(-0.993297739725753,-0.115583736986269,0.));
#9327=DIRECTION('',(0.,0.,-1.));
#9328=DIRECTION('',(0.993297739725753,0.115583736986269,0.));
#9329=DIRECTION('',(-0.998999054411902,-0.0447313009438123,0.));
#9330=DIRECTION('',(0.0447313009438123,-0.998999054411902,0.));
#9331=DIRECTION('',(0.,0.,-1.));
#9332=DIRECTION('',(-0.0447313009438123,0.998999054411902,0.));
#9333=DIRECTION('',(0.,-1.,0.));
#9334=DIRECTION('',(0.,0.,-1.));
#9335=DIRECTION('',(0.,0.,-1.));
#9336=DIRECTION('',(-1.,0.,0.));
#9337=DIRECTION('',(0.998357990280129,-0.0572828355078746,0.));
#9338=DIRECTION('',(0.0572828355078746,0.998357990280129,0.));
#9339=DIRECTION('',(0.,0.,-1.));
#9340=DIRECTION('',(-0.0572828355078746,-0.998357990280129,0.));
#9341=DIRECTION('',(0.223376156329399,0.974732318528274,0.));
#9342=DIRECTION('',(-0.974732318528274,0.223376156329399,0.));
#9343=DIRECTION('',(0.,0.,-1.));
#9344=DIRECTION('',(0.974732318528274,-0.223376156329399,0.));
#9345=DIRECTION('',(0.998557276515058,0.0536969786750623,0.));
#9346=DIRECTION('',(-0.0536969786750624,0.998557276515058,0.));
#9347=DIRECTION('',(0.,0.,-1.));
#9348=DIRECTION('',(0.0536969786750624,-0.998557276515058,0.));
#9349=DIRECTION('',(1.,0.,0.));
#9350=DIRECTION('',(0.,0.,-1.));
#9351=DIRECTION('',(0.,0.,-1.));
#9352=DIRECTION('',(0.,-1.,0.));
#9353=DIRECTION('',(0.,0.,-1.));
#9354=DIRECTION('',(0.,0.,-1.));
#9355=DIRECTION('',(0.,0.,-1.));
#9356=DIRECTION('',(0.99793231408031,-0.0642736066695839,0.));
#9357=DIRECTION('',(0.0642736066695839,0.997932314080311,0.));
#9358=DIRECTION('',(0.,0.,-1.));
#9359=DIRECTION('',(-0.0642736066695839,-0.997932314080311,0.));
#9360=DIRECTION('',(-0.0856406206067214,0.996326093255665,0.));
#9361=DIRECTION('',(-0.996326093255665,-0.0856406206067214,0.));
#9362=DIRECTION('',(0.,0.,-1.));
#9363=DIRECTION('',(0.996326093255665,0.0856406206067214,0.));
#9364=DIRECTION('',(-0.998772838370546,0.0495259258696312,0.));
#9365=DIRECTION('',(-0.0495259258696312,-0.998772838370545,0.));
#9366=DIRECTION('',(0.,0.,-1.));
#9367=DIRECTION('',(0.0495259258696312,0.998772838370546,0.));
#9368=DIRECTION('',(-0.202159924536238,-0.979352523308897,0.));
#9369=DIRECTION('',(0.979352523308897,-0.202159924536238,0.));
#9370=DIRECTION('',(0.,0.,-1.));
#9371=DIRECTION('',(-0.979352523308897,0.202159924536238,0.));
#9372=DIRECTION('',(-0.998267246291186,-0.058843053814474,0.));
#9373=DIRECTION('',(0.058843053814474,-0.998267246291186,0.));
#9374=DIRECTION('',(0.,0.,-1.));
#9375=DIRECTION('',(-0.058843053814474,0.998267246291186,0.));
#9376=DIRECTION('',(-1.,0.,0.));
#9377=DIRECTION('',(0.,0.,1.));
#9378=DIRECTION('',(0.,0.,-1.));
#9379=DIRECTION('',(0.,1.,0.));
#9380=DIRECTION('',(-0.998267246291186,0.058843053814474,0.));
#9381=DIRECTION('',(-0.058843053814474,-0.998267246291186,0.));
#9382=DIRECTION('',(0.,0.,-1.));
#9383=DIRECTION('',(0.058843053814474,0.998267246291186,0.));
#9384=DIRECTION('',(-0.223376156329396,0.974732318528274,0.));
#9385=DIRECTION('',(-0.974732318528274,-0.223376156329396,0.));
#9386=DIRECTION('',(0.974732318528274,0.223376156329396,0.));
#9387=DIRECTION('',(0.,0.,1.));
#9388=DIRECTION('',(1.,0.,0.));
#9389=DIRECTION('',(-0.998792837062467,-0.049120959199789,0.));
#9390=DIRECTION('',(0.049120959199789,-0.998792837062468,0.));
#9391=DIRECTION('',(0.,0.,-1.));
#9392=DIRECTION('',(-0.049120959199789,0.998792837062467,0.));
#9393=DIRECTION('',(0.,0.,-1.));
#9394=DIRECTION('',(0.,-1.,0.));
#9395=DIRECTION('',(0.,0.,-1.));
#9396=DIRECTION('',(0.,0.,-1.));
#9397=DIRECTION('',(-1.,0.,0.));
#9398=DIRECTION('',(0.998999054411902,-0.0447313009438123,0.));
#9399=DIRECTION('',(0.0447313009438123,0.998999054411902,0.));
#9400=DIRECTION('',(0.,0.,-1.));
#9401=DIRECTION('',(-0.0447313009438123,-0.998999054411902,0.));
#9402=DIRECTION('',(0.110431526074846,0.993883734673619,0.));
#9403=DIRECTION('',(-0.993883734673619,0.110431526074846,0.));
#9404=DIRECTION('',(0.,0.,-1.));
#9405=DIRECTION('',(0.993883734673619,-0.110431526074846,0.));
#9406=DIRECTION('',(0.998612117973975,0.0526672368321323,0.));
#9407=DIRECTION('',(-0.0526672368321324,0.998612117973975,0.));
#9408=DIRECTION('',(0.,0.,-1.));
#9409=DIRECTION('',(0.0526672368321324,-0.998612117973975,0.));
#9410=DIRECTION('',(1.,0.,0.));
#9411=DIRECTION('',(0.,0.,-1.));
#9412=DIRECTION('',(0.,0.,-1.));
#9413=DIRECTION('',(0.,-1.,0.));
#9414=DIRECTION('',(0.998394298728346,-0.0566464850342335,0.));
#9415=DIRECTION('',(0.0566464850342335,0.998394298728346,0.));
#9416=DIRECTION('',(0.,0.,-1.));
#9417=DIRECTION('',(-0.0566464850342335,-0.998394298728346,0.));
#9418=DIRECTION('',(0.,0.,-1.));
#9419=DIRECTION('',(0.,0.,-1.));
#9420=DIRECTION('',(0.,0.,-1.));
#9421=DIRECTION('',(-1.,0.,0.));
#9422=DIRECTION('',(0.,0.,1.));
#9423=DIRECTION('',(0.,0.,-1.));
#9424=DIRECTION('',(0.,1.,0.));
#9425=DIRECTION('',(-0.998206079535621,0.0598717193516702,0.));
#9426=DIRECTION('',(-0.0598717193516702,-0.998206079535621,0.));
#9427=DIRECTION('',(0.,0.,-1.));
#9428=DIRECTION('',(0.0598717193516702,0.998206079535621,0.));
#9429=DIRECTION('',(-0.115583736986269,0.993297739725753,0.));
#9430=DIRECTION('',(-0.993297739725753,-0.115583736986269,0.));
#9431=DIRECTION('',(0.,0.,-1.));
#9432=DIRECTION('',(0.993297739725753,0.115583736986269,0.));
#9433=DIRECTION('',(-0.998999054411901,-0.0447313009438322,0.));
#9434=DIRECTION('',(0.0447313009438322,-0.998999054411901,0.));
#9435=DIRECTION('',(0.,0.,-1.));
#9436=DIRECTION('',(-0.0447313009438322,0.998999054411901,0.));
#9437=DIRECTION('',(0.,-1.,0.));
#9438=DIRECTION('',(0.,0.,-1.));
#9439=DIRECTION('',(0.,0.,-1.));
#9440=DIRECTION('',(-1.,0.,0.));
#9441=DIRECTION('',(0.998357990280129,-0.0572828355078746,0.));
#9442=DIRECTION('',(0.0572828355078746,0.998357990280129,0.));
#9443=DIRECTION('',(0.,0.,-1.));
#9444=DIRECTION('',(-0.0572828355078746,-0.998357990280129,0.));
#9445=DIRECTION('',(0.223376156329399,0.974732318528274,0.));
#9446=DIRECTION('',(-0.974732318528274,0.223376156329399,0.));
#9447=DIRECTION('',(0.,0.,-1.));
#9448=DIRECTION('',(0.974732318528274,-0.223376156329399,0.));
#9449=DIRECTION('',(0.998557276515058,0.0536969786750623,0.));
#9450=DIRECTION('',(-0.0536969786750624,0.998557276515058,0.));
#9451=DIRECTION('',(0.,0.,-1.));
#9452=DIRECTION('',(0.0536969786750624,-0.998557276515058,0.));
#9453=DIRECTION('',(1.,0.,0.));
#9454=DIRECTION('',(0.,0.,-1.));
#9455=DIRECTION('',(0.,0.,-1.));
#9456=DIRECTION('',(0.,-1.,0.));
#9457=DIRECTION('',(0.,0.,-1.));
#9458=DIRECTION('',(0.,0.,-1.));
#9459=DIRECTION('',(0.,0.,-1.));
#9460=DIRECTION('',(0.99793231408031,-0.0642736066695839,0.));
#9461=DIRECTION('',(0.0642736066695839,0.997932314080311,0.));
#9462=DIRECTION('',(0.,0.,-1.));
#9463=DIRECTION('',(-0.0642736066695839,-0.997932314080311,0.));
#9464=DIRECTION('',(-0.0856406206067214,0.996326093255665,0.));
#9465=DIRECTION('',(-0.996326093255665,-0.0856406206067214,0.));
#9466=DIRECTION('',(0.,0.,-1.));
#9467=DIRECTION('',(0.996326093255665,0.0856406206067214,0.));
#9468=DIRECTION('',(-0.998772838370546,0.0495259258696312,0.));
#9469=DIRECTION('',(-0.0495259258696312,-0.998772838370545,0.));
#9470=DIRECTION('',(0.,0.,-1.));
#9471=DIRECTION('',(0.0495259258696312,0.998772838370546,0.));
#9472=DIRECTION('',(-0.202159924536238,-0.979352523308897,0.));
#9473=DIRECTION('',(0.979352523308897,-0.202159924536238,0.));
#9474=DIRECTION('',(0.,0.,-1.));
#9475=DIRECTION('',(-0.979352523308897,0.202159924536238,0.));
#9476=DIRECTION('',(-0.998267246291186,-0.058843053814474,0.));
#9477=DIRECTION('',(0.058843053814474,-0.998267246291186,0.));
#9478=DIRECTION('',(0.,0.,-1.));
#9479=DIRECTION('',(-0.058843053814474,0.998267246291186,0.));
#9480=DIRECTION('',(-1.,0.,0.));
#9481=DIRECTION('',(0.,0.,1.));
#9482=DIRECTION('',(0.,0.,-1.));
#9483=DIRECTION('',(0.,1.,0.));
#9484=DIRECTION('',(-0.998267246291186,0.058843053814474,0.));
#9485=DIRECTION('',(-0.058843053814474,-0.998267246291186,0.));
#9486=DIRECTION('',(0.,0.,-1.));
#9487=DIRECTION('',(0.058843053814474,0.998267246291186,0.));
#9488=DIRECTION('',(-0.223376156329396,0.974732318528274,0.));
#9489=DIRECTION('',(-0.974732318528274,-0.223376156329396,0.));
#9490=DIRECTION('',(0.974732318528274,0.223376156329396,0.));
#9491=DIRECTION('',(0.,0.,1.));
#9492=DIRECTION('',(1.,0.,0.));
#9493=DIRECTION('',(0.,0.,-1.));
#9494=DIRECTION('',(0.,0.,-1.));
#9495=DIRECTION('',(-0.998929427668887,0.0462601182133174,0.));
#9496=DIRECTION('',(-0.0462601182133174,-0.998929427668887,0.));
#9497=DIRECTION('',(0.0462601182133174,0.998929427668887,0.));
#9498=DIRECTION('',(0.,0.,-1.));
#9499=DIRECTION('',(0.0462601182133174,0.998929427668887,0.));
#9500=DIRECTION('',(0.,0.,-1.));
#9501=DIRECTION('',(0.,0.,-1.));
#9502=DIRECTION('',(0.,0.,-1.));
#9503=DIRECTION('',(-0.922565639761194,-0.385840174595671,0.));
#9504=DIRECTION('',(0.,0.,-1.));
#9505=DIRECTION('',(-1.,0.,0.));
#9506=DIRECTION('',(0.,0.,-1.));
#9507=DIRECTION('',(0.,0.,-1.));
#9508=DIRECTION('',(-1.,0.,0.));
#9509=DIRECTION('',(0.924813876154589,0.380419892318902,0.));
#9510=DIRECTION('',(-0.380419892318902,0.924813876154589,0.));
#9511=DIRECTION('',(0.,0.,-1.));
#9512=DIRECTION('',(0.380419892318902,-0.924813876154589,0.));
#9513=DIRECTION('',(0.,0.,-1.));
#9514=DIRECTION('',(0.,1.,0.));
#9515=DIRECTION('',(0.,0.,1.));
#9516=DIRECTION('',(0.,0.,-1.));
#9517=DIRECTION('',(1.,0.,0.));
#9518=DIRECTION('',(-0.997229566829531,-0.0743854222343719,0.));
#9519=DIRECTION('',(0.074385422234372,-0.997229566829531,0.));
#9520=DIRECTION('',(0.,0.,-1.));
#9521=DIRECTION('',(-0.074385422234372,0.997229566829531,0.));
#9522=DIRECTION('',(0.0646791000353894,-0.997906114831757,0.));
#9523=DIRECTION('',(0.997906114831757,0.0646791000353894,0.));
#9524=DIRECTION('',(0.,0.,-1.));
#9525=DIRECTION('',(-0.997906114831757,-0.0646791000353894,0.));
#9526=DIRECTION('',(0.994036223192021,-0.109050387354392,0.));
#9527=DIRECTION('',(0.109050387354392,0.994036223192021,0.));
#9528=DIRECTION('',(0.,0.,-1.));
#9529=DIRECTION('',(-0.109050387354392,-0.994036223192021,0.));
#9530=DIRECTION('',(0.,0.,-1.));
#9531=DIRECTION('',(0.,0.,-1.));
#9532=DIRECTION('',(0.,0.,-1.));
#9533=DIRECTION('',(-1.,0.,0.));
#9534=DIRECTION('',(0.,0.,1.));
#9535=DIRECTION('',(0.,0.,-1.));
#9536=DIRECTION('',(0.,1.,0.));
#9537=DIRECTION('',(0.,0.,-1.));
#9538=DIRECTION('',(0.,0.,-1.));
#9539=DIRECTION('',(0.,0.,-1.));
#9540=DIRECTION('',(0.,0.,-1.));
#9541=DIRECTION('',(0.,0.,-1.));
#9542=DIRECTION('',(-1.,0.,0.));
#9543=DIRECTION('',(0.,0.,1.));
#9544=DIRECTION('',(0.,0.,-1.));
#9545=DIRECTION('',(0.,1.,0.));
#9546=DIRECTION('',(0.0716041415058471,-0.997433129046359,0.));
#9547=DIRECTION('',(0.997433129046359,0.0716041415058471,0.));
#9548=DIRECTION('',(0.,0.,-1.));
#9549=DIRECTION('',(-0.997433129046359,-0.0716041415058471,0.));
#9550=DIRECTION('',(0.998792837062467,-0.049120959199789,0.));
#9551=DIRECTION('',(0.049120959199789,0.998792837062468,0.));
#9552=DIRECTION('',(0.,0.,-1.));
#9553=DIRECTION('',(-0.049120959199789,-0.998792837062467,0.));
#9554=DIRECTION('',(0.20215992453624,0.979352523308896,0.));
#9555=DIRECTION('',(-0.979352523308896,0.20215992453624,0.));
#9556=DIRECTION('',(0.,0.,-1.));
#9557=DIRECTION('',(0.979352523308896,-0.20215992453624,0.));
#9558=DIRECTION('',(0.998241951679597,0.0592706158809775,0.));
#9559=DIRECTION('',(-0.0592706158809775,0.998241951679597,0.));
#9560=DIRECTION('',(0.,0.,-1.));
#9561=DIRECTION('',(0.0592706158809775,-0.998241951679596,0.));
#9562=DIRECTION('',(0.999789179938815,-0.0205327951646232,0.));
#9563=DIRECTION('',(0.0205327951646232,0.999789179938815,0.));
#9564=DIRECTION('',(0.,0.,-1.));
#9565=DIRECTION('',(-0.0205327951646232,-0.999789179938815,0.));
#9566=DIRECTION('',(0.,0.,-1.));
#9567=DIRECTION('',(0.,0.,-1.));
#9568=DIRECTION('',(0.,0.,1.));
#9569=DIRECTION('',(1.,0.,0.));
#9570=DIRECTION('',(0.,0.,1.));
#9571=DIRECTION('',(1.,0.,0.));
#9572=DIRECTION('',(0.930459291792877,-0.36639528697337,0.));
#9573=DIRECTION('',(0.36639528697337,0.930459291792877,0.));
#9574=DIRECTION('',(-0.36639528697337,-0.930459291792877,0.));
#9575=DIRECTION('',(0.,0.,-1.));
#9576=DIRECTION('',(-0.36639528697337,-0.930459291792877,0.));
#9577=DIRECTION('',(0.,0.,-1.));
#9578=DIRECTION('',(-0.940879473679018,-0.338741517989004,0.));
#9579=DIRECTION('',(0.338741517989004,-0.940879473679018,0.));
#9580=DIRECTION('',(-0.338741517989004,0.940879473679018,0.));
#9581=DIRECTION('',(0.,0.,-1.));
#9582=DIRECTION('',(-0.338741517989004,0.940879473679018,0.));
#9583=DIRECTION('',(-0.942117467513615,-0.335282981085728,0.));
#9584=DIRECTION('',(0.335282981085728,-0.942117467513615,0.));
#9585=DIRECTION('',(0.,0.,-1.));
#9586=DIRECTION('',(-0.335282981085728,0.942117467513615,0.));
#9587=DIRECTION('',(0.,0.,-1.));
#9588=DIRECTION('',(-0.980580675690921,-0.196116135138181,0.));
#9589=DIRECTION('',(0.196116135138182,-0.980580675690921,0.));
#9590=DIRECTION('',(0.,0.,-1.));
#9591=DIRECTION('',(-0.196116135138182,0.980580675690921,0.));
#9592=DIRECTION('',(-0.115583736986271,0.993297739725752,0.));
#9593=DIRECTION('',(-0.993297739725753,-0.115583736986271,0.));
#9594=DIRECTION('',(0.,0.,-1.));
#9595=DIRECTION('',(0.993297739725752,0.115583736986271,0.));
#9596=DIRECTION('',(-0.998999054411901,-0.0447313009438324,0.));
#9597=DIRECTION('',(0.0447313009438324,-0.998999054411901,0.));
#9598=DIRECTION('',(0.,0.,-1.));
#9599=DIRECTION('',(-0.0447313009438324,0.998999054411901,0.));
#9600=DIRECTION('',(0.,-1.,0.));
#9601=DIRECTION('',(0.,0.,-1.));
#9602=DIRECTION('',(0.,0.,-1.));
#9603=DIRECTION('',(-1.,0.,0.));
#9604=DIRECTION('',(0.998792837062466,-0.0491209591998105,0.));
#9605=DIRECTION('',(0.0491209591998105,0.998792837062467,0.));
#9606=DIRECTION('',(0.,0.,-1.));
#9607=DIRECTION('',(-0.0491209591998105,-0.998792837062466,0.));
#9608=DIRECTION('',(0.223376156329396,0.974732318528274,0.));
#9609=DIRECTION('',(-0.974732318528274,0.223376156329396,0.));
#9610=DIRECTION('',(0.,0.,-1.));
#9611=DIRECTION('',(0.974732318528274,-0.223376156329396,0.));
#9612=DIRECTION('',(0.935413842843878,0.353554723651161,0.));
#9613=DIRECTION('',(-0.353554723651161,0.935413842843878,0.));
#9614=DIRECTION('',(0.,0.,-1.));
#9615=DIRECTION('',(0.353554723651161,-0.935413842843878,0.));
#9616=DIRECTION('',(0.177465527736001,-0.984127017445097,0.));
#9617=DIRECTION('',(0.984127017445097,0.177465527736001,0.));
#9618=DIRECTION('',(0.,0.,-1.));
#9619=DIRECTION('',(-0.984127017445097,-0.177465527736001,0.));
#9620=DIRECTION('',(0.998357990280128,0.0572828355078963,0.));
#9621=DIRECTION('',(-0.0572828355078963,0.998357990280128,0.));
#9622=DIRECTION('',(0.,0.,-1.));
#9623=DIRECTION('',(0.0572828355078963,-0.998357990280128,0.));
#9624=DIRECTION('',(0.,1.,0.));
#9625=DIRECTION('',(0.,0.,1.));
#9626=DIRECTION('',(0.,0.,-1.));
#9627=DIRECTION('',(1.,0.,0.));
#9628=DIRECTION('',(-0.998357990280128,0.0572828355078963,0.));
#9629=DIRECTION('',(-0.0572828355078963,-0.998357990280128,0.));
#9630=DIRECTION('',(0.,0.,-1.));
#9631=DIRECTION('',(0.0572828355078963,0.998357990280128,0.));
#9632=DIRECTION('',(-0.178172700465803,-0.983999232117954,0.));
#9633=DIRECTION('',(0.983999232117954,-0.178172700465803,0.));
#9634=DIRECTION('',(0.,0.,-1.));
#9635=DIRECTION('',(-0.983999232117954,0.178172700465803,0.));
#9636=DIRECTION('',(-0.9257467784556,0.378144023064067,0.));
#9637=DIRECTION('',(-0.378144023064067,-0.9257467784556,0.));
#9638=DIRECTION('',(0.,0.,-1.));
#9639=DIRECTION('',(0.378144023064067,0.9257467784556,0.));
#9640=DIRECTION('',(-0.223376156329396,0.974732318528274,0.));
#9641=DIRECTION('',(-0.974732318528274,-0.223376156329396,0.));
#9642=DIRECTION('',(0.,0.,-1.));
#9643=DIRECTION('',(0.974732318528275,0.223376156329396,0.));
#9644=DIRECTION('',(-0.998792837062466,-0.0491209591998105,0.));
#9645=DIRECTION('',(0.0491209591998105,-0.998792837062467,0.));
#9646=DIRECTION('',(0.,0.,-1.));
#9647=DIRECTION('',(-0.0491209591998105,0.998792837062466,0.));
#9648=DIRECTION('',(0.,-1.,0.));
#9649=DIRECTION('',(0.,0.,-1.));
#9650=DIRECTION('',(0.,0.,-1.));
#9651=DIRECTION('',(-1.,0.,0.));
#9652=DIRECTION('',(0.998638339811078,-0.0521676744677615,0.));
#9653=DIRECTION('',(0.0521676744677615,0.998638339811078,0.));
#9654=DIRECTION('',(0.,0.,-1.));
#9655=DIRECTION('',(-0.0521676744677615,-0.998638339811078,0.));
#9656=DIRECTION('',(0.115170520119793,0.993345736033198,0.));
#9657=DIRECTION('',(-0.993345736033198,0.115170520119793,0.));
#9658=DIRECTION('',(0.,0.,-1.));
#9659=DIRECTION('',(0.993345736033198,-0.115170520119793,0.));
#9660=DIRECTION('',(0.972387301980518,-0.233372952475322,0.));
#9661=DIRECTION('',(0.233372952475322,0.972387301980518,0.));
#9662=DIRECTION('',(0.,0.,-1.));
#9663=DIRECTION('',(-0.233372952475322,-0.972387301980518,0.));
#9664=DIRECTION('',(0.935875921829127,-0.352329758806265,0.));
#9665=DIRECTION('',(0.352329758806265,0.935875921829127,0.));
#9666=DIRECTION('',(0.,0.,-1.));
#9667=DIRECTION('',(-0.352329758806265,-0.935875921829127,0.));
#9668=DIRECTION('',(0.,-1.,0.));
#9669=DIRECTION('',(0.,0.,-1.));
#9670=DIRECTION('',(-1.,0.,0.));
#9671=DIRECTION('',(0.,1.,0.));
#9672=DIRECTION('',(0.,0.,1.));
#9673=DIRECTION('',(1.,0.,0.));
#9674=DIRECTION('',(1.,0.,0.));
#9675=DIRECTION('',(0.,0.,1.));
#9676=DIRECTION('',(1.,0.,0.));
#9677=DIRECTION('',(0.,0.,1.));
#9678=DIRECTION('',(1.,0.,0.));
#9679=DIRECTION('',(0.,0.,-1.));
#9680=DIRECTION('',(0.,0.,-1.));
#9681=DIRECTION('',(0.,0.,-1.));
#9682=DIRECTION('',(0.,0.,-1.));
#9683=DIRECTION('',(1.,0.,0.));
#9684=DIRECTION('',(0.,0.,-1.));
#9685=DIRECTION('',(0.,-1.,0.));
#9686=DIRECTION('',(0.,0.,-1.));
#9687=DIRECTION('',(0.,-1.,0.));
#9688=DIRECTION('',(0.998527418820348,-0.0542493674061999,0.));
#9689=DIRECTION('',(0.0542493674061999,0.998527418820348,0.));
#9690=DIRECTION('',(-0.0542493674061999,-0.998527418820348,0.));
#9691=DIRECTION('',(0.,0.,-1.));
#9692=DIRECTION('',(-0.0542493674061999,-0.998527418820348,0.));
#9693=DIRECTION('',(0.,0.,-1.));
#9694=DIRECTION('',(0.,0.,-1.));
#9695=DIRECTION('',(-1.,0.,0.));
#9696=DIRECTION('',(0.,0.,1.));
#9697=DIRECTION('',(0.,0.,-1.));
#9698=DIRECTION('',(0.,1.,0.));
#9699=DIRECTION('',(0.,0.,-1.));
#9700=DIRECTION('',(-0.998263666295542,0.0589037567068785,0.));
#9701=DIRECTION('',(-0.0589037567068785,-0.998263666295542,0.));
#9702=DIRECTION('',(0.,0.,-1.));
#9703=DIRECTION('',(0.0589037567068785,0.998263666295542,0.));
#9704=DIRECTION('',(-0.228191322789329,0.973616310567801,0.));
#9705=DIRECTION('',(-0.973616310567801,-0.228191322789329,0.));
#9706=DIRECTION('',(0.,0.,-1.));
#9707=DIRECTION('',(0.973616310567801,0.228191322789329,0.));
#9708=DIRECTION('',(-0.998772838370546,-0.0495259258696312,0.));
#9709=DIRECTION('',(0.0495259258696312,-0.998772838370545,0.));
#9710=DIRECTION('',(0.,0.,-1.));
#9711=DIRECTION('',(-0.0495259258696312,0.998772838370546,0.));
#9712=DIRECTION('',(0.,-1.,0.));
#9713=DIRECTION('',(0.,0.,-1.));
#9714=DIRECTION('',(0.,0.,-1.));
#9715=DIRECTION('',(-1.,0.,0.));
#9716=DIRECTION('',(0.998999054411901,-0.0447313009438324,0.));
#9717=DIRECTION('',(0.0447313009438324,0.998999054411901,0.));
#9718=DIRECTION('',(0.,0.,-1.));
#9719=DIRECTION('',(-0.0447313009438324,-0.998999054411901,0.));
#9720=DIRECTION('',(0.110431526074849,0.993883734673619,0.));
#9721=DIRECTION('',(-0.993883734673619,0.110431526074849,0.));
#9722=DIRECTION('',(0.,0.,-1.));
#9723=DIRECTION('',(0.993883734673619,-0.110431526074849,0.));
#9724=DIRECTION('',(0.998609249019654,0.0527216063147042,0.));
#9725=DIRECTION('',(-0.0527216063147042,0.998609249019654,0.));
#9726=DIRECTION('',(0.,0.,-1.));
#9727=DIRECTION('',(0.0527216063147042,-0.998609249019654,0.));
#9728=DIRECTION('',(1.,0.,0.));
#9729=DIRECTION('',(0.,0.,-1.));
#9730=DIRECTION('',(0.,0.,-1.));
#9731=DIRECTION('',(0.,-1.,0.));
#9732=DIRECTION('',(0.,0.,-1.));
#9733=DIRECTION('',(-0.111703279174922,-0.993741604956525,0.));
#9734=DIRECTION('',(0.,0.,-1.));
#9735=DIRECTION('',(0.,0.,-1.));
#9736=DIRECTION('',(-1.,0.,0.));
#9737=DIRECTION('',(0.,0.,-1.));
#9738=DIRECTION('',(0.,0.,-1.));
#9739=DIRECTION('',(0.,0.,-1.));
#9740=DIRECTION('',(0.,0.,-1.));
#9741=DIRECTION('',(0.,0.,-1.));
#9742=DIRECTION('',(1.,0.,0.));
#9743=DIRECTION('',(0.,0.,-1.));
#9744=DIRECTION('',(0.,0.,-1.));
#9745=DIRECTION('',(0.,-1.,0.));
#9746=DIRECTION('',(-0.0728537441322009,0.997342635189091,0.));
#9747=DIRECTION('',(-0.997342635189091,-0.0728537441322009,0.));
#9748=DIRECTION('',(0.,0.,-1.));
#9749=DIRECTION('',(0.997342635189091,0.0728537441322009,0.));
#9750=DIRECTION('',(-0.998772838370546,0.0495259258696312,0.));
#9751=DIRECTION('',(-0.0495259258696312,-0.998772838370545,0.));
#9752=DIRECTION('',(0.,0.,-1.));
#9753=DIRECTION('',(0.0495259258696312,0.998772838370546,0.));
#9754=DIRECTION('',(-0.202159924536241,-0.979352523308896,0.));
#9755=DIRECTION('',(0.979352523308896,-0.202159924536241,0.));
#9756=DIRECTION('',(0.,0.,-1.));
#9757=DIRECTION('',(-0.979352523308896,0.202159924536241,0.));
#9758=DIRECTION('',(-0.998267246291186,-0.0588430538144739,0.));
#9759=DIRECTION('',(0.0588430538144739,-0.998267246291186,0.));
#9760=DIRECTION('',(-0.0588430538144739,0.998267246291186,0.));
#9761=DIRECTION('',(0.,0.,1.));
#9762=DIRECTION('',(1.,0.,0.));
#9763=DIRECTION('',(0.,0.,1.));
#9764=DIRECTION('',(1.,0.,0.));
#9765=DIRECTION('',(0.,0.,-1.));
#9766=DIRECTION('',(0.,0.,-1.));
#9767=DIRECTION('',(0.,0.,-1.));
#9768=DIRECTION('',(0.,0.,-1.));
#9769=DIRECTION('',(1.,0.,0.));
#9770=DIRECTION('',(0.,0.,-1.));
#9771=DIRECTION('',(0.,-1.,0.));
#9772=DIRECTION('',(0.,0.,-1.));
#9773=DIRECTION('',(0.,-1.,0.));
#9774=DIRECTION('',(0.998527418820348,-0.0542493674061999,0.));
#9775=DIRECTION('',(0.0542493674061999,0.998527418820348,0.));
#9776=DIRECTION('',(-0.0542493674061999,-0.998527418820348,0.));
#9777=DIRECTION('',(0.,0.,-1.));
#9778=DIRECTION('',(-0.0542493674061999,-0.998527418820348,0.));
#9779=DIRECTION('',(0.,0.,-1.));
#9780=DIRECTION('',(0.,0.,-1.));
#9781=DIRECTION('',(-1.,0.,0.));
#9782=DIRECTION('',(0.,0.,1.));
#9783=DIRECTION('',(0.,0.,-1.));
#9784=DIRECTION('',(0.,1.,0.));
#9785=DIRECTION('',(0.,0.,-1.));
#9786=DIRECTION('',(-0.998263666295542,0.0589037567068785,0.));
#9787=DIRECTION('',(-0.0589037567068785,-0.998263666295542,0.));
#9788=DIRECTION('',(0.,0.,-1.));
#9789=DIRECTION('',(0.0589037567068785,0.998263666295542,0.));
#9790=DIRECTION('',(-0.228191322789325,0.973616310567802,0.));
#9791=DIRECTION('',(-0.973616310567802,-0.228191322789325,0.));
#9792=DIRECTION('',(0.,0.,-1.));
#9793=DIRECTION('',(0.973616310567802,0.228191322789325,0.));
#9794=DIRECTION('',(-0.998772838370546,-0.0495259258696312,0.));
#9795=DIRECTION('',(0.0495259258696312,-0.998772838370545,0.));
#9796=DIRECTION('',(0.,0.,-1.));
#9797=DIRECTION('',(-0.0495259258696312,0.998772838370546,0.));
#9798=DIRECTION('',(0.,-1.,0.));
#9799=DIRECTION('',(0.,0.,-1.));
#9800=DIRECTION('',(0.,0.,-1.));
#9801=DIRECTION('',(-1.,0.,0.));
#9802=DIRECTION('',(0.998999054411901,-0.0447313009438225,0.));
#9803=DIRECTION('',(0.0447313009438225,0.998999054411902,0.));
#9804=DIRECTION('',(0.,0.,-1.));
#9805=DIRECTION('',(-0.0447313009438225,-0.998999054411902,0.));
#9806=DIRECTION('',(0.110431526074849,0.993883734673619,0.));
#9807=DIRECTION('',(-0.993883734673619,0.110431526074849,0.));
#9808=DIRECTION('',(0.,0.,-1.));
#9809=DIRECTION('',(0.993883734673619,-0.110431526074849,0.));
#9810=DIRECTION('',(0.998609249019654,0.0527216063147029,0.));
#9811=DIRECTION('',(-0.0527216063147029,0.998609249019654,0.));
#9812=DIRECTION('',(0.,0.,-1.));
#9813=DIRECTION('',(0.0527216063147029,-0.998609249019654,0.));
#9814=DIRECTION('',(1.,0.,0.));
#9815=DIRECTION('',(0.,0.,-1.));
#9816=DIRECTION('',(0.,0.,-1.));
#9817=DIRECTION('',(0.,-1.,0.));
#9818=DIRECTION('',(0.,0.,-1.));
#9819=DIRECTION('',(-0.111703279174984,-0.993741604956518,0.));
#9820=DIRECTION('',(0.,0.,-1.));
#9821=DIRECTION('',(0.,0.,-1.));
#9822=DIRECTION('',(-1.,0.,0.));
#9823=DIRECTION('',(0.,0.,-1.));
#9824=DIRECTION('',(0.,0.,-1.));
#9825=DIRECTION('',(0.,0.,-1.));
#9826=DIRECTION('',(0.,0.,-1.));
#9827=DIRECTION('',(0.,0.,-1.));
#9828=DIRECTION('',(1.,0.,0.));
#9829=DIRECTION('',(0.,0.,-1.));
#9830=DIRECTION('',(0.,0.,-1.));
#9831=DIRECTION('',(0.,-1.,0.));
#9832=DIRECTION('',(-0.072853744132201,0.997342635189091,0.));
#9833=DIRECTION('',(-0.997342635189091,-0.072853744132201,0.));
#9834=DIRECTION('',(0.,0.,-1.));
#9835=DIRECTION('',(0.997342635189091,0.072853744132201,0.));
#9836=DIRECTION('',(-0.998772838370546,0.0495259258696312,0.));
#9837=DIRECTION('',(-0.0495259258696312,-0.998772838370545,0.));
#9838=DIRECTION('',(0.,0.,-1.));
#9839=DIRECTION('',(0.0495259258696312,0.998772838370546,0.));
#9840=DIRECTION('',(-0.202159924536239,-0.979352523308896,0.));
#9841=DIRECTION('',(0.979352523308896,-0.202159924536239,0.));
#9842=DIRECTION('',(0.,0.,-1.));
#9843=DIRECTION('',(-0.979352523308896,0.202159924536239,0.));
#9844=DIRECTION('',(-0.998267246291186,-0.058843053814474,0.));
#9845=DIRECTION('',(0.058843053814474,-0.998267246291186,0.));
#9846=DIRECTION('',(-0.058843053814474,0.998267246291186,0.));
#9847=DIRECTION('',(0.,0.,1.));
#9848=DIRECTION('',(1.,0.,0.));
#9849=DIRECTION('',(0.,0.,1.));
#9850=DIRECTION('',(1.,0.,0.));
#9851=DIRECTION('',(-0.0856406206067222,0.996326093255665,0.));
#9852=DIRECTION('',(-0.996326093255665,-0.0856406206067222,0.));
#9853=DIRECTION('',(0.,0.,-1.));
#9854=DIRECTION('',(0.996326093255665,0.0856406206067222,0.));
#9855=DIRECTION('',(0.,0.,-1.));
#9856=DIRECTION('',(-0.998772838370546,0.0495259258696203,0.));
#9857=DIRECTION('',(-0.0495259258696203,-0.998772838370546,0.));
#9858=DIRECTION('',(0.,0.,-1.));
#9859=DIRECTION('',(0.0495259258696203,0.998772838370546,0.));
#9860=DIRECTION('',(-0.202159924536239,-0.979352523308896,0.));
#9861=DIRECTION('',(0.979352523308896,-0.202159924536239,0.));
#9862=DIRECTION('',(0.,0.,-1.));
#9863=DIRECTION('',(-0.979352523308896,0.202159924536239,0.));
#9864=DIRECTION('',(-0.998267246291186,-0.058843053814474,0.));
#9865=DIRECTION('',(0.058843053814474,-0.998267246291186,0.));
#9866=DIRECTION('',(0.,0.,-1.));
#9867=DIRECTION('',(-0.058843053814474,0.998267246291186,0.));
#9868=DIRECTION('',(-1.,0.,0.));
#9869=DIRECTION('',(0.,0.,1.));
#9870=DIRECTION('',(0.,0.,-1.));
#9871=DIRECTION('',(0.,1.,0.));
#9872=DIRECTION('',(-0.998267246291186,0.0588430538144739,0.));
#9873=DIRECTION('',(-0.058843053814474,-0.998267246291186,0.));
#9874=DIRECTION('',(0.,0.,-1.));
#9875=DIRECTION('',(0.058843053814474,0.998267246291186,0.));
#9876=DIRECTION('',(-0.223376156329394,0.974732318528275,0.));
#9877=DIRECTION('',(-0.974732318528275,-0.223376156329394,0.));
#9878=DIRECTION('',(0.,0.,-1.));
#9879=DIRECTION('',(0.974732318528275,0.223376156329394,0.));
#9880=DIRECTION('',(-0.998792837062467,-0.0491209591997889,0.));
#9881=DIRECTION('',(0.0491209591997889,-0.998792837062468,0.));
#9882=DIRECTION('',(0.,0.,-1.));
#9883=DIRECTION('',(-0.0491209591997889,0.998792837062467,0.));
#9884=DIRECTION('',(0.,-1.,0.));
#9885=DIRECTION('',(0.,0.,-1.));
#9886=DIRECTION('',(0.,0.,-1.));
#9887=DIRECTION('',(-1.,0.,0.));
#9888=DIRECTION('',(0.998792837062467,-0.0491209591997889,0.));
#9889=DIRECTION('',(0.0491209591997889,0.998792837062468,0.));
#9890=DIRECTION('',(0.,0.,-1.));
#9891=DIRECTION('',(-0.0491209591997889,-0.998792837062467,0.));
#9892=DIRECTION('',(0.113838458361488,0.993499272973,0.));
#9893=DIRECTION('',(-0.993499272973,0.113838458361488,0.));
#9894=DIRECTION('',(0.,0.,-1.));
#9895=DIRECTION('',(0.993499272973,-0.113838458361488,0.));
#9896=DIRECTION('',(0.998612117973975,0.0526672368321324,0.));
#9897=DIRECTION('',(-0.0526672368321324,0.998612117973975,0.));
#9898=DIRECTION('',(0.,0.,-1.));
#9899=DIRECTION('',(0.0526672368321324,-0.998612117973975,0.));
#9900=DIRECTION('',(1.,0.,0.));
#9901=DIRECTION('',(0.,0.,-1.));
#9902=DIRECTION('',(0.,0.,-1.));
#9903=DIRECTION('',(0.,-1.,0.));
#9904=DIRECTION('',(0.998498997746179,-0.0547699872181445,0.));
#9905=DIRECTION('',(0.0547699872181445,0.998498997746179,0.));
#9906=DIRECTION('',(0.,0.,-1.));
#9907=DIRECTION('',(-0.0547699872181444,-0.998498997746179,0.));
#9908=DIRECTION('',(0.,0.,-1.));
#9909=DIRECTION('',(0.,0.,-1.));
#9910=DIRECTION('',(-0.263985627173502,0.964526613757139,0.));
#9911=DIRECTION('',(0.,0.,-1.));
#9912=DIRECTION('',(0.,0.,-1.));
#9913=DIRECTION('',(-1.,0.,0.));
#9914=DIRECTION('',(0.,0.,-1.));
#9915=DIRECTION('',(-0.987440631916705,-0.157990501106676,0.));
#9916=DIRECTION('',(0.157990501106676,-0.987440631916705,0.));
#9917=DIRECTION('',(0.,0.,-1.));
#9918=DIRECTION('',(-0.157990501106676,0.987440631916705,0.));
#9919=DIRECTION('',(0.,-1.,0.));
#9920=DIRECTION('',(0.,0.,-1.));
#9921=DIRECTION('',(0.,0.,-1.));
#9922=DIRECTION('',(-1.,0.,0.));
#9923=DIRECTION('',(0.999073834361376,-0.0430287519509618,0.));
#9924=DIRECTION('',(0.0430287519509618,0.999073834361376,0.));
#9925=DIRECTION('',(0.,0.,-1.));
#9926=DIRECTION('',(-0.0430287519509618,-0.999073834361376,0.));
#9927=DIRECTION('',(0.,0.,-1.));
#9928=DIRECTION('',(0.0848948228561126,0.996389918180744,0.));
#9929=DIRECTION('',(0.,0.,-1.));
#9930=DIRECTION('',(0.,0.,-1.));
#9931=DIRECTION('',(-1.,0.,0.));
#9932=DIRECTION('',(0.,0.,-1.));
#9933=DIRECTION('',(0.,0.,-1.));
#9934=DIRECTION('',(0.998116318352447,-0.0613499391895116,0.));
#9935=DIRECTION('',(0.0613499391895117,0.998116318352447,0.));
#9936=DIRECTION('',(-0.0613499391895117,-0.998116318352447,0.));
#9937=DIRECTION('',(0.,0.,1.));
#9938=DIRECTION('',(1.,0.,0.));
#9939=DIRECTION('',(0.,0.,-1.));
#9940=DIRECTION('',(0.,0.,-1.));
#9941=DIRECTION('',(0.,0.,-1.));
#9942=DIRECTION('',(0.,0.,-1.));
#9943=DIRECTION('',(0.,0.,-1.));
#9944=DIRECTION('',(0.,0.,-1.));
#9945=DIRECTION('',(0.,0.,-1.));
#9946=DIRECTION('',(0.,0.,-1.));
#9947=DIRECTION('',(0.,0.,-1.));
#9948=DIRECTION('',(0.,0.,-1.));
#9949=DIRECTION('',(0.,0.,-1.));
#9950=DIRECTION('',(0.,0.,-1.));
#9951=DIRECTION('',(0.,0.,-1.));
#9952=DIRECTION('',(0.,0.,1.));
#9953=DIRECTION('',(1.,0.,0.));
#9954=DIRECTION('',(0.,0.,1.));
#9955=DIRECTION('',(1.,0.,0.));
#9956=DIRECTION('',(0.109170164393305,-0.994023075791673,0.));
#9957=DIRECTION('',(0.994023075791673,0.109170164393305,0.));
#9958=DIRECTION('',(0.,0.,-1.));
#9959=DIRECTION('',(-0.994023075791673,-0.109170164393306,0.));
#9960=DIRECTION('',(0.,0.,-1.));
#9961=DIRECTION('',(0.917383487511673,-0.398004443242686,0.));
#9962=DIRECTION('',(0.398004443242686,0.917383487511673,0.));
#9963=DIRECTION('',(0.,0.,-1.));
#9964=DIRECTION('',(-0.398004443242686,-0.917383487511673,0.));
#9965=DIRECTION('',(0.215409655911161,-0.976523773463931,0.));
#9966=DIRECTION('',(0.976523773463931,0.215409655911161,0.));
#9967=DIRECTION('',(0.,0.,-1.));
#9968=DIRECTION('',(-0.976523773463931,-0.215409655911161,0.));
#9969=DIRECTION('',(0.998792837062467,0.0491209591997889,0.));
#9970=DIRECTION('',(-0.0491209591997889,0.998792837062468,0.));
#9971=DIRECTION('',(0.,0.,-1.));
#9972=DIRECTION('',(0.0491209591997889,-0.998792837062467,0.));
#9973=DIRECTION('',(0.,1.,0.));
#9974=DIRECTION('',(0.,0.,1.));
#9975=DIRECTION('',(0.,0.,-1.));
#9976=DIRECTION('',(1.,0.,0.));
#9977=DIRECTION('',(-0.998658397413623,0.0517822872732974,0.));
#9978=DIRECTION('',(-0.0517822872732974,-0.998658397413623,0.));
#9979=DIRECTION('',(0.,0.,-1.));
#9980=DIRECTION('',(0.0517822872732974,0.998658397413623,0.));
#9981=DIRECTION('',(-0.120782239032054,-0.992679027044696,0.));
#9982=DIRECTION('',(0.992679027044696,-0.120782239032054,0.));
#9983=DIRECTION('',(0.,0.,-1.));
#9984=DIRECTION('',(-0.992679027044696,0.120782239032054,0.));
#9985=DIRECTION('',(-0.980317964672611,0.197425145663235,0.));
#9986=DIRECTION('',(-0.197425145663235,-0.980317964672611,0.));
#9987=DIRECTION('',(0.,0.,-1.));
#9988=DIRECTION('',(0.197425145663235,0.980317964672611,0.));
#9989=DIRECTION('',(-0.934526082805161,0.355894648114919,0.));
#9990=DIRECTION('',(-0.355894648114919,-0.934526082805161,0.));
#9991=DIRECTION('',(0.,0.,-1.));
#9992=DIRECTION('',(0.355894648114919,0.934526082805161,0.));
#9993=DIRECTION('',(0.9342574861469,0.356599144107882,0.));
#9994=DIRECTION('',(-0.356599144107882,0.9342574861469,0.));
#9995=DIRECTION('',(0.,0.,-1.));
#9996=DIRECTION('',(0.356599144107882,-0.9342574861469,0.));
#9997=DIRECTION('',(0.973990672144077,0.226588107755744,0.));
#9998=DIRECTION('',(-0.226588107755744,0.973990672144078,0.));
#9999=DIRECTION('',(0.,0.,-1.));
#10000=DIRECTION('',(0.226588107755744,-0.973990672144077,0.));
#10001=DIRECTION('',(0.113147693083351,-0.993578179888183,0.));
#10002=DIRECTION('',(0.993578179888184,0.113147693083351,0.));
#10003=DIRECTION('',(0.,0.,-1.));
#10004=DIRECTION('',(-0.993578179888184,-0.113147693083351,0.));
#10005=DIRECTION('',(0.999013806466209,0.0444006136207162,0.));
#10006=DIRECTION('',(-0.0444006136207162,0.999013806466209,0.));
#10007=DIRECTION('',(0.,0.,-1.));
#10008=DIRECTION('',(0.0444006136207162,-0.999013806466209,0.));
#10009=DIRECTION('',(0.,1.,0.));
#10010=DIRECTION('',(0.,0.,1.));
#10011=DIRECTION('',(0.,0.,-1.));
#10012=DIRECTION('',(1.,0.,0.));
#10013=DIRECTION('',(-0.998792837062466,0.0491209591998105,0.));
#10014=DIRECTION('',(-0.0491209591998105,-0.998792837062467,0.));
#10015=DIRECTION('',(0.,0.,-1.));
#10016=DIRECTION('',(0.0491209591998105,0.998792837062466,0.));
#10017=DIRECTION('',(-0.221621103588967,-0.97513285579146,0.));
#10018=DIRECTION('',(0.97513285579146,-0.221621103588967,0.));
#10019=DIRECTION('',(0.,0.,-1.));
#10020=DIRECTION('',(-0.97513285579146,0.221621103588967,0.));
#10021=DIRECTION('',(-0.914160400849237,-0.405352638475638,0.));
#10022=DIRECTION('',(0.405352638475639,-0.914160400849237,0.));
#10023=DIRECTION('',(-0.405352638475638,0.914160400849237,0.));
#10024=DIRECTION('',(0.,0.,1.));
#10025=DIRECTION('',(1.,0.,0.));
#10026=DIRECTION('',(-0.00483086150396325,0.999988331320486,0.));
#10027=DIRECTION('',(-0.999988331320486,-0.00483086150396326,0.));
#10028=DIRECTION('',(0.999988331320486,0.00483086150396326,0.));
#10029=DIRECTION('',(0.,0.,-1.));
#10030=DIRECTION('',(0.999988331320486,0.00483086150396326,0.));
#10031=DIRECTION('',(0.,0.,-1.));
#10032=DIRECTION('',(0.,0.,-1.));
#10033=DIRECTION('',(0.,0.,-1.));
#10034=DIRECTION('',(0.,0.,-1.));
#10035=DIRECTION('',(0.,0.,-1.));
#10036=DIRECTION('',(0.,0.,-1.));
#10037=DIRECTION('',(-0.931057024993511,-0.364873698983954,0.));
#10038=DIRECTION('',(0.364873698983954,-0.931057024993511,0.));
#10039=DIRECTION('',(0.,0.,-1.));
#10040=DIRECTION('',(-0.364873698983954,0.931057024993511,0.));
#10041=DIRECTION('',(0.,-1.,0.));
#10042=DIRECTION('',(0.,0.,-1.));
#10043=DIRECTION('',(0.,0.,-1.));
#10044=DIRECTION('',(-1.,0.,0.));
#10045=DIRECTION('',(0.998724197970036,0.0504972909085972,0.));
#10046=DIRECTION('',(-0.0504972909085972,0.998724197970037,0.));
#10047=DIRECTION('',(0.,0.,-1.));
#10048=DIRECTION('',(0.0504972909085972,-0.998724197970036,0.));
#10049=DIRECTION('',(0.0554700196225236,0.998460353205412,0.));
#10050=DIRECTION('',(-0.998460353205412,0.0554700196225236,0.));
#10051=DIRECTION('',(0.,0.,-1.));
#10052=DIRECTION('',(0.998460353205412,-0.0554700196225236,0.));
#10053=DIRECTION('',(-0.985568508916994,0.169277033974292,0.));
#10054=DIRECTION('',(-0.169277033974292,-0.985568508916994,0.));
#10055=DIRECTION('',(0.,0.,-1.));
#10056=DIRECTION('',(0.169277033974292,0.985568508916994,0.));
#10057=DIRECTION('',(0.,0.,-1.));
#10058=DIRECTION('',(0.,0.,-1.));
#10059=DIRECTION('',(0.,0.,-1.));
#10060=DIRECTION('',(0.,-1.,0.));
#10061=DIRECTION('',(0.,0.,-1.));
#10062=DIRECTION('',(0.,0.,-1.));
#10063=DIRECTION('',(-1.,0.,0.));
#10064=DIRECTION('',(0.,0.,-1.));
#10065=DIRECTION('',(0.998379581196897,-0.0569052884107265,0.));
#10066=DIRECTION('',(0.,0.,-1.));
#10067=DIRECTION('',(0.,0.,-1.));
#10068=DIRECTION('',(-1.,0.,0.));
#10069=DIRECTION('',(0.,0.,-1.));
#10070=DIRECTION('',(0.,0.,-1.));
#10071=DIRECTION('',(0.,0.,-1.));
#10072=DIRECTION('',(0.,0.,-1.));
#10073=DIRECTION('',(0.,0.,1.));
#10074=DIRECTION('',(1.,0.,0.));
#10075=DIRECTION('',(0.,0.,1.));
#10076=DIRECTION('',(1.,0.,0.));
#10077=DIRECTION('',(0.,0.,-1.));
#10078=DIRECTION('',(0.,0.,-1.));
#10079=DIRECTION('',(0.,0.,-1.));
#10080=DIRECTION('',(0.,0.,-1.));
#10081=DIRECTION('',(-1.,0.,0.));
#10082=DIRECTION('',(0.,0.,1.));
#10083=DIRECTION('',(0.,1.,0.));
#10084=DIRECTION('',(0.,0.,-1.));
#10085=DIRECTION('',(0.,1.,0.));
#10086=DIRECTION('',(-0.998527418820348,0.0542493674061998,0.));
#10087=DIRECTION('',(-0.0542493674061998,-0.998527418820348,0.));
#10088=DIRECTION('',(0.0542493674061998,0.998527418820348,0.));
#10089=DIRECTION('',(0.,0.,-1.));
#10090=DIRECTION('',(0.0542493674061998,0.998527418820348,0.));
#10091=DIRECTION('',(0.,0.,-1.));
#10092=DIRECTION('',(0.,0.,-1.));
#10093=DIRECTION('',(-1.,0.,0.));
#10094=DIRECTION('',(0.,0.,1.));
#10095=DIRECTION('',(0.,0.,-1.));
#10096=DIRECTION('',(0.,1.,0.));
#10097=DIRECTION('',(0.,0.,-1.));
#10098=DIRECTION('',(0.0716939729370605,-0.997426676124366,0.));
#10099=DIRECTION('',(0.997426676124366,0.0716939729370605,0.));
#10100=DIRECTION('',(0.,0.,-1.));
#10101=DIRECTION('',(-0.997426676124366,-0.0716939729370605,0.));
#10102=DIRECTION('',(0.998357990280128,-0.0572828355078961,0.));
#10103=DIRECTION('',(0.0572828355078961,0.998357990280128,0.));
#10104=DIRECTION('',(0.,0.,-1.));
#10105=DIRECTION('',(-0.0572828355078961,-0.998357990280128,0.));
#10106=DIRECTION('',(0.202159924536238,0.979352523308897,0.));
#10107=DIRECTION('',(-0.979352523308897,0.202159924536238,0.));
#10108=DIRECTION('',(0.,0.,-1.));
#10109=DIRECTION('',(0.979352523308897,-0.202159924536238,0.));
#10110=DIRECTION('',(0.998202373506243,0.0599334758419888,0.));
#10111=DIRECTION('',(-0.0599334758419888,0.998202373506243,0.));
#10112=DIRECTION('',(0.,0.,-1.));
#10113=DIRECTION('',(0.0599334758419888,-0.998202373506243,0.));
#10114=DIRECTION('',(1.,0.,0.));
#10115=DIRECTION('',(0.,0.,-1.));
#10116=DIRECTION('',(0.,0.,-1.));
#10117=DIRECTION('',(0.,-1.,0.));
#10118=DIRECTION('',(0.998573697233737,-0.0533907407042275,0.));
#10119=DIRECTION('',(0.0533907407042275,0.998573697233737,0.));
#10120=DIRECTION('',(0.,0.,-1.));
#10121=DIRECTION('',(-0.0533907407042275,-0.998573697233736,0.));
#10122=DIRECTION('',(-0.0796115225532618,0.996825965490843,0.));
#10123=DIRECTION('',(-0.996825965490843,-0.0796115225532618,0.));
#10124=DIRECTION('',(0.,0.,-1.));
#10125=DIRECTION('',(0.996825965490843,0.0796115225532618,0.));
#10126=DIRECTION('',(-0.998330805669821,0.0577546747081697,0.));
#10127=DIRECTION('',(-0.0577546747081697,-0.998330805669821,0.));
#10128=DIRECTION('',(0.,0.,-1.));
#10129=DIRECTION('',(0.0577546747081697,0.998330805669821,0.));
#10130=DIRECTION('',(-0.157580761137784,-0.987506103130121,0.));
#10131=DIRECTION('',(0.987506103130121,-0.157580761137784,0.));
#10132=DIRECTION('',(0.,0.,-1.));
#10133=DIRECTION('',(-0.987506103130121,0.157580761137784,0.));
#10134=DIRECTION('',(-0.998156991505271,-0.0606845969678247,0.));
#10135=DIRECTION('',(0.0606845969678247,-0.998156991505271,0.));
#10136=DIRECTION('',(0.,0.,-1.));
#10137=DIRECTION('',(-0.0606845969678247,0.99815699150527,0.));
#10138=DIRECTION('',(-1.,0.,0.));
#10139=DIRECTION('',(0.,0.,1.));
#10140=DIRECTION('',(0.,0.,-1.));
#10141=DIRECTION('',(0.,1.,0.));
#10142=DIRECTION('',(0.,0.,-1.));
#10143=DIRECTION('',(0.11384905887788,0.993498058273201,0.));
#10144=DIRECTION('',(0.,0.,-1.));
#10145=DIRECTION('',(0.,0.,-1.));
#10146=DIRECTION('',(-1.,0.,0.));
#10147=DIRECTION('',(0.,0.,-1.));
#10148=DIRECTION('',(0.,0.,-1.));
#10149=DIRECTION('',(0.,0.,-1.));
#10150=DIRECTION('',(0.,0.,-1.));
#10151=DIRECTION('',(0.,0.,1.));
#10152=DIRECTION('',(1.,0.,0.));
#10153=DIRECTION('',(0.,0.,1.));
#10154=DIRECTION('',(1.,0.,0.));
#10155=DIRECTION('',(-1.,0.,0.));
#10156=DIRECTION('',(0.,0.,1.));
#10157=DIRECTION('',(0.,1.,0.));
#10158=DIRECTION('',(1.23908819712629E-16,-1.,0.));
#10159=DIRECTION('',(1.,1.23908819712629E-16,0.));
#10160=DIRECTION('',(-1.,-1.23908819712629E-16,0.));
#10161=DIRECTION('',(-1.,0.,0.));
#10162=DIRECTION('',(0.,0.,1.));
#10163=DIRECTION('',(0.,1.,0.));
#10164=DIRECTION('',(1.23908819712629E-16,-1.,0.));
#10165=DIRECTION('',(1.,1.23908819712629E-16,0.));
#10166=DIRECTION('',(-1.,-1.23908819712629E-16,0.));
#10167=DIRECTION('',(0.,0.,1.));
#10168=DIRECTION('',(1.,0.,0.));
#10169=DIRECTION('',(-1.,0.,0.));
#10170=DIRECTION('',(0.,1.,0.));
#10171=DIRECTION('',(-1.,0.,0.));
#10172=DIRECTION('',(0.,1.,0.));
#10173=DIRECTION('',(0.,0.,1.));
#10174=DIRECTION('',(1.,0.,0.));
#10175=DIRECTION('',(0.,0.,1.));
#10176=DIRECTION('',(1.,0.,0.));
#10177=DIRECTION('',(0.,0.,1.));
#10178=DIRECTION('',(1.,0.,0.));
#10179=DIRECTION('',(0.,1.,0.));
#10180=DIRECTION('',(-1.,-1.15648231731787E-16,0.));
#10181=DIRECTION('',(0.,1.,0.));
#10182=DIRECTION('',(-1.,-1.15648231731787E-16,0.));
#10183=DIRECTION('',(1.,0.,0.));
#10184=DIRECTION('',(0.,0.,-1.));
#10185=DIRECTION('',(-1.15648231731787E-16,1.,0.));
#10186=DIRECTION('',(-1.,-1.15648231731787E-16,0.));
#10187=DIRECTION('',(1.,0.,0.));
#10188=DIRECTION('',(0.,0.,-1.));
#10189=DIRECTION('',(-1.15648231731787E-16,1.,0.));
#10190=DIRECTION('',(-1.,-1.15648231731787E-16,0.));
#10191=DIRECTION('',(0.,0.,-1.));
#10192=DIRECTION('',(-1.,0.,0.));
#10193=DIRECTION('',(0.,0.,1.));
#10194=DIRECTION('',(1.,0.,0.));
#10195=DIRECTION('',(0.,0.,1.));
#10196=DIRECTION('',(1.,0.,0.));
#10197=DIRECTION('',(0.,0.,-1.));
#10198=DIRECTION('',(-1.,0.,0.));
#10199=DIRECTION('',(0.,0.,1.));
#10200=DIRECTION('',(1.,0.,0.));
#10201=DIRECTION('',(0.,0.,1.));
#10202=DIRECTION('',(1.,0.,0.));
#10203=DIRECTION('',(0.,0.,1.));
#10204=DIRECTION('',(1.,0.,0.));
#10205=DIRECTION('',(0.,0.,1.));
#10206=DIRECTION('',(1.,0.,0.));
#10207=DIRECTION('',(0.,0.,1.));
#10208=DIRECTION('',(1.,0.,0.));
#10209=DIRECTION('',(0.,0.,-1.));
#10210=DIRECTION('',(-1.,0.,0.));
#10211=DIRECTION('',(0.,0.,1.));
#10212=DIRECTION('',(1.,0.,0.));
#10213=DIRECTION('',(0.,0.,1.));
#10214=DIRECTION('',(1.,0.,0.));
#10215=DIRECTION('',(0.,0.,-1.));
#10216=DIRECTION('',(-1.,0.,0.));
#10217=DIRECTION('',(0.,0.,1.));
#10218=DIRECTION('',(1.,0.,0.));
#10219=DIRECTION('',(0.,0.,1.));
#10220=DIRECTION('',(1.,0.,0.));
#10221=DIRECTION('',(0.,0.,1.));
#10222=DIRECTION('',(1.,0.,0.));
#10223=DIRECTION('',(0.,0.,1.));
#10224=DIRECTION('',(1.,0.,0.));
#10225=DIRECTION('',(0.,0.,1.));
#10226=DIRECTION('',(1.,0.,0.));
#10227=CARTESIAN_POINT('',(0.,0.,0.));
#10228=CARTESIAN_POINT('',(0.,0.,0.));
#10229=CARTESIAN_POINT('',(0.003,-1.1327982892113E-19,0.));
#10230=CARTESIAN_POINT('',(0.00385,-1.1327982892113E-19,0.));
#10231=CARTESIAN_POINT('',(-0.007,1.55463659143465E-6,0.));
#10232=CARTESIAN_POINT('',(-0.00615,1.55463659143465E-6,0.));
#10233=CARTESIAN_POINT('',(0.0170274786651135,4.62887109841444E-19,0.));
#10234=CARTESIAN_POINT('',(0.0245869988494429,4.62887109841444E-19,0.));
#10235=CARTESIAN_POINT('',(0.,0.013,0.));
#10236=CARTESIAN_POINT('',(0.021,0.013,0.));
#10237=CARTESIAN_POINT('',(-0.021,0.013,0.));
#10238=CARTESIAN_POINT('',(-0.021,0.013,0.));
#10239=CARTESIAN_POINT('',(-0.0256666666666667,0.013,0.));
#10240=CARTESIAN_POINT('',(-0.028,0.0106666666666667,0.));
#10241=CARTESIAN_POINT('',(-0.028,0.006,0.));
#10242=CARTESIAN_POINT('',(-0.028,0.006,0.));
#10243=CARTESIAN_POINT('',(-0.028,-3.46944695195361E-18,0.));
#10244=CARTESIAN_POINT('',(-0.028,-0.006,0.));
#10245=CARTESIAN_POINT('',(-0.028,-0.006,0.));
#10246=CARTESIAN_POINT('',(-0.028,-0.0106666666666667,0.));
#10247=CARTESIAN_POINT('',(-0.0256666666666667,-0.013,0.));
#10248=CARTESIAN_POINT('',(-0.021,-0.013,0.));
#10249=CARTESIAN_POINT('',(-0.021,-0.013,0.));
#10250=CARTESIAN_POINT('',(0.,-0.013,0.));
#10251=CARTESIAN_POINT('',(0.021,-0.013,0.));
#10252=CARTESIAN_POINT('',(0.021,-0.013,0.));
#10253=CARTESIAN_POINT('',(0.0256666666666667,-0.013,0.));
#10254=CARTESIAN_POINT('',(0.028,-0.0106666666666667,0.));
#10255=CARTESIAN_POINT('',(0.028,-0.006,0.));
#10256=CARTESIAN_POINT('',(0.028,-0.006,0.));
#10257=CARTESIAN_POINT('',(0.028,3.46944695195361E-18,0.));
#10258=CARTESIAN_POINT('',(0.028,0.006,0.));
#10259=CARTESIAN_POINT('',(0.028,0.006,0.));
#10260=CARTESIAN_POINT('',(0.028,0.0106666666666667,0.));
#10261=CARTESIAN_POINT('',(0.0256666666666667,0.013,0.));
#10262=CARTESIAN_POINT('',(0.021,0.013,0.));
#10263=CARTESIAN_POINT('',(0.00460575899826099,-0.00610900183188802,0.));
#10264=CARTESIAN_POINT('',(0.00460575899826099,-0.00628025810481848,0.));
#10265=CARTESIAN_POINT('',(0.00460575899826099,-0.00593774555895756,0.));
#10266=CARTESIAN_POINT('',(0.00460575899826099,-0.00593774555895756,0.));
#10267=CARTESIAN_POINT('',(0.00414558947099746,-0.00633908659551978,0.));
#10268=CARTESIAN_POINT('',(0.00360567465633883,-0.00633908659551978,0.));
#10269=CARTESIAN_POINT('',(0.00360567465633883,-0.00633908659551978,0.));
#10270=CARTESIAN_POINT('',(0.00360567465633883,-0.00633908659551978,0.));
#10271=CARTESIAN_POINT('',(0.00306575984168021,-0.00633908659551978,0.));
#10272=CARTESIAN_POINT('',(0.00268925750119187,-0.00585800027156246,0.));
#10273=CARTESIAN_POINT('',(0.00268925750119187,-0.00585800027156246,0.));
#10274=CARTESIAN_POINT('',(0.00268925750119187,-0.00585800027156246,0.));
#10275=CARTESIAN_POINT('',(0.00231275516070353,-0.00537691394760513,0.));
#10276=CARTESIAN_POINT('',(0.00231275516070353,-0.00456965632520392,0.));
#10277=CARTESIAN_POINT('',(0.00231275516070353,-0.00456965632520392,0.));
#10278=CARTESIAN_POINT('',(0.00231275516070353,-0.00456965632520392,0.));
#10279=CARTESIAN_POINT('',(0.00231275516070353,-0.00376239870280271,0.));
#10280=CARTESIAN_POINT('',(0.00278142213662391,-0.00325582003287481,0.));
#10281=CARTESIAN_POINT('',(0.00278142213662391,-0.00325582003287481,0.));
#10282=CARTESIAN_POINT('',(0.00278142213662391,-0.00325582003287481,0.));
#10283=CARTESIAN_POINT('',(0.00325008911254429,-0.00274924136294693,0.));
#10284=CARTESIAN_POINT('',(0.00406976608298245,-0.00274924136294693,0.));
#10285=CARTESIAN_POINT('',(0.00406976608298245,-0.00274924136294693,0.));
#10286=CARTESIAN_POINT('',(0.00403929092701193,-0.00546209839602499,0.));
#10287=CARTESIAN_POINT('',(0.00464759259164858,-0.00281722095220177,0.));
#10288=CARTESIAN_POINT('',(0.00464759259164858,-0.00272505631676973,0.));
#10289=CARTESIAN_POINT('',(0.00464759259164858,-0.00263289168133769,0.));
#10290=CARTESIAN_POINT('',(0.00460968089764107,-0.00200930967990387,0.));
#10291=CARTESIAN_POINT('',(0.00457176920363357,-0.00138572767847006,0.));
#10292=CARTESIAN_POINT('',(0.00438743993276948,-0.00135631343311941,0.));
#10293=CARTESIAN_POINT('',(0.0042031106619054,-0.00132689918776876,0.));
#10294=CARTESIAN_POINT('',(0.00420768621118217,-0.00124780755027034,0.));
#10295=CARTESIAN_POINT('',(0.00421226176045894,-0.00116871591277192,0.));
#10296=CARTESIAN_POINT('',(0.00479335651860848,-0.00112230677010756,0.));
#10297=CARTESIAN_POINT('',(0.00537445127675801,-0.0010758976274432,0.));
#10298=CARTESIAN_POINT('',(0.00533261768337042,-0.00185831655377053,0.));
#10299=CARTESIAN_POINT('',(0.00529078408998283,-0.00264073548009786,0.));
#10300=CARTESIAN_POINT('',(0.00529078408998283,-0.0036826534154076,0.));
#10301=CARTESIAN_POINT('',(0.00529078408998283,-0.00472457135071735,0.));
#10302=CARTESIAN_POINT('',(0.00532869578399033,-0.00535599715091134,0.));
#10303=CARTESIAN_POINT('',(0.00536660747799784,-0.00598742295110532,0.));
#10304=CARTESIAN_POINT('',(0.00550910315547433,-0.00601683719645597,0.));
#10305=CARTESIAN_POINT('',(0.00565159883295082,-0.00604625144180663,0.));
#10306=CARTESIAN_POINT('',(0.00564702328367405,-0.00612599672920173,0.));
#10307=CARTESIAN_POINT('',(0.00564244773439728,-0.00620574201659683,0.));
#10308=CARTESIAN_POINT('',(0.00512410336632913,-0.00624300006070765,0.));
#10309=CARTESIAN_POINT('',(0.000120413407234968,-0.00633908659551978,0.));
#10310=CARTESIAN_POINT('',(-0.000548924086966527,-0.00633908659551978,0.));
#10311=CARTESIAN_POINT('',(-0.0009796793688794,-0.00587891706825625,0.));
#10312=CARTESIAN_POINT('',(0.000120413407234968,-0.00633908659551978,0.));
#10313=CARTESIAN_POINT('',(-0.0009796793688794,-0.00587891706825625,0.));
#10314=CARTESIAN_POINT('',(-0.0009796793688794,-0.00587891706825625,0.));
#10315=CARTESIAN_POINT('',(-0.00141043465079228,-0.00541874754099273,0.));
#10316=CARTESIAN_POINT('',(-0.00141043465079228,-0.00460299246993466,0.));
#10317=CARTESIAN_POINT('',(-0.00141043465079228,-0.00460299246993466,0.));
#10318=CARTESIAN_POINT('',(-0.00141043465079228,-0.00460299246993466,0.));
#10319=CARTESIAN_POINT('',(-0.00141043465079228,-0.00378723739887659,0.));
#10320=CARTESIAN_POINT('',(-0.000967260020842457,-0.00326823938091176,0.));
#10321=CARTESIAN_POINT('',(-0.000967260020842457,-0.00326823938091176,0.));
#10322=CARTESIAN_POINT('',(-0.000967260020842457,-0.00326823938091176,0.));
#10323=CARTESIAN_POINT('',(-0.000524085390892642,-0.00274924136294693,0.));
#10324=CARTESIAN_POINT('',(0.00020800249339024,-0.00274924136294693,0.));
#10325=CARTESIAN_POINT('',(0.00020800249339024,-0.00274924136294693,0.));
#10326=CARTESIAN_POINT('',(0.00020800249339024,-0.00274924136294693,0.));
#10327=CARTESIAN_POINT('',(0.000940090377673123,-0.00274924136294693,0.));
#10328=CARTESIAN_POINT('',(0.00129175402208758,-0.00308391011004768,0.));
#10329=CARTESIAN_POINT('',(0.00129175402208758,-0.00308391011004768,0.));
#10330=CARTESIAN_POINT('',(0.00129175402208758,-0.00308391011004768,0.));
#10331=CARTESIAN_POINT('',(0.00164341766650204,-0.00341857885714842,0.));
#10332=CARTESIAN_POINT('',(0.00164341766650204,-0.0041297499447375,0.));
#10333=CARTESIAN_POINT('',(0.00164341766650204,-0.0041297499447375,0.));
#10334=CARTESIAN_POINT('',(-0.0022872221126916,-0.00411360049934589,0.));
#10335=CARTESIAN_POINT('',(0.00161845925956815,-0.00455723697716698,0.));
#10336=CARTESIAN_POINT('',(0.00046357960299257,-0.00455723697716698,0.));
#10337=CARTESIAN_POINT('',(-0.000691419764443015,-0.00455723697716698,0.));
#10338=CARTESIAN_POINT('',(-0.000691419764443015,-0.00455723697716698,0.));
#10339=CARTESIAN_POINT('',(-0.000691419764443015,-0.00515075108335346,0.));
#10340=CARTESIAN_POINT('',(-0.000431920755460599,-0.00551091217642477,0.));
#10341=CARTESIAN_POINT('',(-0.000431920755460599,-0.00551091217642477,0.));
#10342=CARTESIAN_POINT('',(-0.000431920755460599,-0.00551091217642477,0.));
#10343=CARTESIAN_POINT('',(-0.000172421746478187,-0.00587107326949608,0.));
#10344=CARTESIAN_POINT('',(0.000313240126755904,-0.00587107326949608,0.));
#10345=CARTESIAN_POINT('',(0.000313240126755904,-0.00587107326949608,0.));
#10346=CARTESIAN_POINT('',(0.000313240126755904,-0.00587107326949608,0.));
#10347=CARTESIAN_POINT('',(0.000798901999989995,-0.00587107326949608,0.));
#10348=CARTESIAN_POINT('',(0.0012839102233274,-0.00550241472776791,0.));
#10349=CARTESIAN_POINT('',(0.0012839102233274,-0.00550241472776791,0.));
#10350=CARTESIAN_POINT('',(0.00131332446867806,-0.00533115845483745,0.));
#10351=CARTESIAN_POINT('',(0.00134273871402871,-0.00515990218190699,0.));
#10352=CARTESIAN_POINT('',(0.00141333290287027,-0.00516382408128708,0.));
#10353=CARTESIAN_POINT('',(0.00148392709171183,-0.00516774598066717,0.));
#10354=CARTESIAN_POINT('',(0.00151334133706248,-0.00574949438871339,0.));
#10355=CARTESIAN_POINT('',(0.00154275558241314,-0.0063312427967596,0.));
#10356=CARTESIAN_POINT('',(0.00147608329295166,-0.0063312427967596,0.));
#10357=CARTESIAN_POINT('',(0.00140941100349019,-0.0063312427967596,0.));
#10358=CARTESIAN_POINT('',(0.00137149930948268,-0.0062345026120508,0.));
#10359=CARTESIAN_POINT('',(0.00133358761547517,-0.00613776242734199,0.));
#10360=CARTESIAN_POINT('',(0.00133358761547517,-0.00613776242734198,0.));
#10361=CARTESIAN_POINT('',(0.000789750901436459,-0.00633908659551978,0.));
#10362=CARTESIAN_POINT('',(0.000120413407234968,-0.00633908659551978,0.));
#10363=CARTESIAN_POINT('',(-0.00347270007482129,-0.00632666724748284,0.));
#10364=CARTESIAN_POINT('',(-0.00335961864269545,-0.0063142478994459,0.));
#10365=CARTESIAN_POINT('',(-0.00358578150694713,-0.00633908659551978,0.));
#10366=CARTESIAN_POINT('',(-0.00430545004319307,-0.0047160739020605,0.));
#10367=CARTESIAN_POINT('',(-0.00502511857943901,-0.00309306120860121,0.));
#10368=CARTESIAN_POINT('',(-0.00515454125898188,-0.00306364696325056,0.));
#10369=CARTESIAN_POINT('',(-0.00528396393852474,-0.00303423271789991,0.));
#10370=CARTESIAN_POINT('',(-0.00528004203914466,-0.00295448743050481,0.));
#10371=CARTESIAN_POINT('',(-0.00527612013976457,-0.00287474214310971,0.));
#10372=CARTESIAN_POINT('',(-0.00453553480682483,-0.00287474214310971,0.));
#10373=CARTESIAN_POINT('',(-0.00379494947388509,-0.00287474214310971,0.));
#10374=CARTESIAN_POINT('',(-0.00379102757450501,-0.00296298487916167,0.));
#10375=CARTESIAN_POINT('',(-0.00378710567512492,-0.00305122761521361,0.));
#10376=CARTESIAN_POINT('',(-0.00397078129609232,-0.00307214441190742,0.));
#10377=CARTESIAN_POINT('',(-0.00415445691705972,-0.00309306120860121,0.));
#10378=CARTESIAN_POINT('',(-0.00406686783090445,-0.00346956354908955,0.));
#10379=CARTESIAN_POINT('',(-0.00397927874474918,-0.00384606588957789,0.));
#10380=CARTESIAN_POINT('',(-0.00369036549041611,-0.00460299246993466,0.));
#10381=CARTESIAN_POINT('',(-0.00340145223608305,-0.00535991905029142,0.));
#10382=CARTESIAN_POINT('',(-0.00311319263164666,-0.00460299246993466,0.));
#10383=CARTESIAN_POINT('',(-0.00282493302721027,-0.00384606588957789,0.));
#10384=CARTESIAN_POINT('',(-0.00274910963919526,-0.00346956354908955,0.));
#10385=CARTESIAN_POINT('',(-0.00267328625118024,-0.00309306120860121,0.));
#10386=CARTESIAN_POINT('',(-0.00284519617400739,-0.00307214441190742,0.));
#10387=CARTESIAN_POINT('',(-0.00301710609683453,-0.00305122761521361,0.));
#10388=CARTESIAN_POINT('',(-0.00301253054755776,-0.00296298487916167,0.));
#10389=CARTESIAN_POINT('',(-0.00300795499828099,-0.00287474214310971,0.));
#10390=CARTESIAN_POINT('',(-0.00235561240139321,-0.00287474214310971,0.));
#10391=CARTESIAN_POINT('',(-0.00170326980450542,-0.00287474214310971,0.));
#10392=CARTESIAN_POINT('',(-0.00169934790512534,-0.00295448743050481,0.));
#10393=CARTESIAN_POINT('',(-0.00169542600574526,-0.00303423271789991,0.));
#10394=CARTESIAN_POINT('',(-0.00182877058466821,-0.00306364696325056,0.));
#10395=CARTESIAN_POINT('',(-0.00196211516359117,-0.00309306120860121,0.));
#10396=CARTESIAN_POINT('',(-0.00266086690314331,-0.00470365455402355,0.));
#10397=CARTESIAN_POINT('',(-0.00725014282774163,-0.00633908659551978,0.));
#10398=CARTESIAN_POINT('',(-0.00802798620479219,-0.00633908659551978,0.));
#10399=CARTESIAN_POINT('',(-0.00846331703598183,-0.00588283896763634,0.));
#10400=CARTESIAN_POINT('',(-0.00725014282774163,-0.00633908659551978,0.));
#10401=CARTESIAN_POINT('',(-0.00846331703598183,-0.00588283896763634,0.));
#10402=CARTESIAN_POINT('',(-0.00846331703598183,-0.00588283896763634,0.));
#10403=CARTESIAN_POINT('',(-0.00889864786717148,-0.0054265913397529,0.));
#10404=CARTESIAN_POINT('',(-0.00889864786717148,-0.0045944950212778,0.));
#10405=CARTESIAN_POINT('',(-0.00889864786717148,-0.0045944950212778,0.));
#10406=CARTESIAN_POINT('',(-0.00889864786717148,-0.0045944950212778,0.));
#10407=CARTESIAN_POINT('',(-0.00889864786717148,-0.00376239870280271,0.));
#10408=CARTESIAN_POINT('',(-0.00843847833990795,-0.00325582003287481,0.));
#10409=CARTESIAN_POINT('',(-0.00843847833990795,-0.00325582003287481,0.));
#10410=CARTESIAN_POINT('',(-0.00843847833990795,-0.00325582003287481,0.));
#10411=CARTESIAN_POINT('',(-0.00797830881264442,-0.00274924136294693,0.));
#10412=CARTESIAN_POINT('',(-0.00719588988631709,-0.00274924136294693,0.));
#10413=CARTESIAN_POINT('',(-0.00719588988631709,-0.00274924136294693,0.));
#10414=CARTESIAN_POINT('',(-0.00719588988631709,-0.00274924136294693,0.));
#10415=CARTESIAN_POINT('',(-0.00641347095998976,-0.00274924136294693,0.));
#10416=CARTESIAN_POINT('',(-0.00598271567807689,-0.00319699154217352,0.));
#10417=CARTESIAN_POINT('',(-0.00598271567807689,-0.00319699154217352,0.));
#10418=CARTESIAN_POINT('',(-0.00598271567807689,-0.00319699154217352,0.));
#10419=CARTESIAN_POINT('',(-0.00555196039616401,-0.0036447417214001,0.));
#10420=CARTESIAN_POINT('',(-0.00555196039616401,-0.00448598913842873,0.));
#10421=CARTESIAN_POINT('',(-0.00555196039616401,-0.00448598913842873,0.));
#10422=CARTESIAN_POINT('',(-0.00555196039616401,-0.00448598913842873,0.));
#10423=CARTESIAN_POINT('',(-0.00555196039616401,-0.00532723655545737,0.));
#10424=CARTESIAN_POINT('',(-0.00601212992342754,-0.00583316157548857,0.));
#10425=CARTESIAN_POINT('',(-0.00601212992342754,-0.00583316157548857,0.));
#10426=CARTESIAN_POINT('',(-0.00601212992342754,-0.00583316157548857,0.));
#10427=CARTESIAN_POINT('',(-0.00647229945069107,-0.00633908659551978,0.));
#10428=CARTESIAN_POINT('',(-0.00725014282774163,-0.00633908659551978,0.));
#10429=CARTESIAN_POINT('',(-0.0110949115200201,-0.00283748409899888,0.));
#10430=CARTESIAN_POINT('',(-0.0116348263346787,-0.00288389324166325,0.));
#10431=CARTESIAN_POINT('',(-0.0105549967053615,-0.00279107495633452,0.));
#10432=CARTESIAN_POINT('',(-0.0105719916026752,-0.00306756886263064,0.));
#10433=CARTESIAN_POINT('',(-0.0105889864999889,-0.00334406276892677,0.));
#10434=CARTESIAN_POINT('',(-0.0105889864999889,-0.00334406276892677,0.));
#10435=CARTESIAN_POINT('',(-0.0103706674344974,-0.00299239912451232,0.));
#10436=CARTESIAN_POINT('',(-0.0101948356122902,-0.00287082024372962,0.));
#10437=CARTESIAN_POINT('',(-0.0101948356122902,-0.00287082024372962,0.));
#10438=CARTESIAN_POINT('',(-0.0101948356122902,-0.00287082024372962,0.));
#10439=CARTESIAN_POINT('',(-0.010019003790083,-0.00274924136294693,0.));
#10440=CARTESIAN_POINT('',(-0.0097680022297574,-0.00274924136294693,0.));
#10441=CARTESIAN_POINT('',(-0.0097680022297574,-0.00274924136294693,0.));
#10442=CARTESIAN_POINT('',(-0.00976431150117094,-0.0056354758758252,0.));
#10443=CARTESIAN_POINT('',(-0.00927514857963131,-0.00279103715554777,0.));
#10444=CARTESIAN_POINT('',(-0.00929606700435361,-0.00327673682956861,0.));
#10445=CARTESIAN_POINT('',(-0.00931698380104741,-0.00376239870280271,0.));
#10446=CARTESIAN_POINT('',(-0.00938823163978565,-0.00376239870280271,0.));
#10447=CARTESIAN_POINT('',(-0.0094594794785239,-0.00376239870280271,0.));
#10448=CARTESIAN_POINT('',(-0.00948824007397787,-0.00358264498121539,0.));
#10449=CARTESIAN_POINT('',(-0.00951700066943184,-0.00340289125962808,0.));
#10450=CARTESIAN_POINT('',(-0.00951700066943184,-0.00340289125962808,0.));
#10451=CARTESIAN_POINT('',(-0.00976015843099723,-0.00331922407285289,0.));
#10452=CARTESIAN_POINT('',(-0.00992357090516751,-0.00331922407285289,0.));
#10453=CARTESIAN_POINT('',(-0.00992357090516751,-0.00331922407285289,0.));
#10454=CARTESIAN_POINT('',(-0.00992585069991523,-0.00390916972844949,0.));
#10455=CARTESIAN_POINT('',(-0.0102288254069176,-0.00340289125962808,0.));
#10456=CARTESIAN_POINT('',(-0.0102288254069176,-0.00340289125962808,0.));
#10457=CARTESIAN_POINT('',(-0.0103706674344974,-0.00348655844640326,0.));
#10458=CARTESIAN_POINT('',(-0.0106046740975093,-0.00374540380548899,0.));
#10459=CARTESIAN_POINT('',(-0.0106046740975093,-0.00374540380548899,0.));
#10460=CARTESIAN_POINT('',(-0.010621668994823,-0.00405523385651585,0.));
#10461=CARTESIAN_POINT('',(-0.0106386638921367,-0.00436506390754272,0.));
#10462=CARTESIAN_POINT('',(-0.0106386638921367,-0.00454873952851012,0.));
#10463=CARTESIAN_POINT('',(-0.0106386638921367,-0.00473241514947752,0.));
#10464=CARTESIAN_POINT('',(-0.0106053277474059,-0.00536449459956819,0.));
#10465=CARTESIAN_POINT('',(-0.0105719916026752,-0.00599657404965886,0.));
#10466=CARTESIAN_POINT('',(-0.0103209900423496,-0.00602533464511283,0.));
#10467=CARTESIAN_POINT('',(-0.0100699884820241,-0.0060540952405668,0.));
#10468=CARTESIAN_POINT('',(-0.0100739103814042,-0.0061338405279619,0.));
#10469=CARTESIAN_POINT('',(-0.0100778322807843,-0.006213585815357,0.));
#10470=CARTESIAN_POINT('',(-0.0108393344104178,-0.006213585815357,0.));
#10471=CARTESIAN_POINT('',(-0.0116008365400513,-0.006213585815357,0.));
#10472=CARTESIAN_POINT('',(-0.0116047584394314,-0.0061338405279619,0.));
#10473=CARTESIAN_POINT('',(-0.0116086803388115,-0.0060540952405668,0.));
#10474=CARTESIAN_POINT('',(-0.0114831795586487,-0.00602533464511283,0.));
#10475=CARTESIAN_POINT('',(-0.0113576787784859,-0.00599657404965886,0.));
#10476=CARTESIAN_POINT('',(-0.0113204207343751,-0.00536449459956819,0.));
#10477=CARTESIAN_POINT('',(-0.0112831626902643,-0.00473241514947752,0.));
#10478=CARTESIAN_POINT('',(-0.0112831626902643,-0.00454873952851012,0.));
#10479=CARTESIAN_POINT('',(-0.0112831626902643,-0.00436506390754272,0.));
#10480=CARTESIAN_POINT('',(-0.0113204207343751,-0.00373298445745205,0.));
#10481=CARTESIAN_POINT('',(-0.0113576787784859,-0.00310090500736139,0.));
#10482=CARTESIAN_POINT('',(-0.0115001744559624,-0.00307149076201073,0.));
#10483=CARTESIAN_POINT('',(-0.0116426701334389,-0.00304207651666008,0.));
#10484=CARTESIAN_POINT('',(-0.0116387482340588,-0.00296298487916167,0.));
#10485=CARTESIAN_POINT('',(-0.0153331774501007,-0.00541090374223255,0.));
#10486=CARTESIAN_POINT('',(-0.0153331774501007,-0.00645674357692239,0.));
#10487=CARTESIAN_POINT('',(-0.0153331774501007,-0.00436506390754272,0.));
#10488=CARTESIAN_POINT('',(-0.0153704354942115,-0.00373298445745205,0.));
#10489=CARTESIAN_POINT('',(-0.0154076935383223,-0.00310090500736139,0.));
#10490=CARTESIAN_POINT('',(-0.0155501892157988,-0.00307149076201073,0.));
#10491=CARTESIAN_POINT('',(-0.0156926848932753,-0.00304207651666008,0.));
#10492=CARTESIAN_POINT('',(-0.0156887629938952,-0.00296298487916167,0.));
#10493=CARTESIAN_POINT('',(-0.0156848410945151,-0.00288389324166325,0.));
#10494=CARTESIAN_POINT('',(-0.0151658430765503,-0.00284598154765574,0.));
#10495=CARTESIAN_POINT('',(-0.0146468450585855,-0.00280806985364823,0.));
#10496=CARTESIAN_POINT('',(-0.0146468450585855,-0.00297997977647538,0.));
#10497=CARTESIAN_POINT('',(-0.0146468450585855,-0.00315188969930251,0.));
#10498=CARTESIAN_POINT('',(-0.0146468450585855,-0.00315188969930251,0.));
#10499=CARTESIAN_POINT('',(-0.0141945193300821,-0.00274924136294693,0.));
#10500=CARTESIAN_POINT('',(-0.0136506826160434,-0.00274924136294693,0.));
#10501=CARTESIAN_POINT('',(-0.0136506826160434,-0.00274924136294693,0.));
#10502=CARTESIAN_POINT('',(-0.0136506826160434,-0.00274924136294693,0.));
#10503=CARTESIAN_POINT('',(-0.0131068459020047,-0.00274924136294693,0.));
#10504=CARTESIAN_POINT('',(-0.0127303435615163,-0.00323032768690425,0.));
#10505=CARTESIAN_POINT('',(-0.0127303435615163,-0.00323032768690425,0.));
#10506=CARTESIAN_POINT('',(-0.0127303435615163,-0.00323032768690425,0.));
#10507=CARTESIAN_POINT('',(-0.012353841221028,-0.00371141401086158,0.));
#10508=CARTESIAN_POINT('',(-0.012353841221028,-0.00451932528315947,0.));
#10509=CARTESIAN_POINT('',(-0.012353841221028,-0.00451932528315947,0.));
#10510=CARTESIAN_POINT('',(-0.012353841221028,-0.00451932528315947,0.));
#10511=CARTESIAN_POINT('',(-0.012353841221028,-0.00532723655545737,0.));
#10512=CARTESIAN_POINT('',(-0.0128225081969484,-0.00583316157548857,0.));
#10513=CARTESIAN_POINT('',(-0.0128225081969484,-0.00583316157548857,0.));
#10514=CARTESIAN_POINT('',(-0.0128225081969484,-0.00583316157548857,0.));
#10515=CARTESIAN_POINT('',(-0.0132911751728688,-0.00633908659551978,0.));
#10516=CARTESIAN_POINT('',(-0.0141108521433069,-0.00633908659551978,0.));
#10517=CARTESIAN_POINT('',(-0.0141108521433069,-0.00633908659551978,0.));
#10518=CARTESIAN_POINT('',(-0.0140805328358029,-0.00357548275670172,0.));
#10519=CARTESIAN_POINT('',(-0.0146886786519731,-0.0062724143060583,0.));
#10520=CARTESIAN_POINT('',(-0.0146886786519731,-0.00636457894149034,0.));
#10521=CARTESIAN_POINT('',(-0.0146886786519731,-0.00645674357692238,0.));
#10522=CARTESIAN_POINT('',(-0.0146553425072423,-0.00708816937711637,0.));
#10523=CARTESIAN_POINT('',(-0.0146220063625116,-0.00771959517731036,0.));
#10524=CARTESIAN_POINT('',(-0.0144337551922674,-0.00774051197400415,0.));
#10525=CARTESIAN_POINT('',(-0.0142455040220232,-0.00776142877069795,0.));
#10526=CARTESIAN_POINT('',(-0.0142494259214033,-0.00784901785685322,0.));
#10527=CARTESIAN_POINT('',(-0.0142533478207834,-0.0079366069430085,0.));
#10528=CARTESIAN_POINT('',(-0.0149520995603356,-0.0079366069430085,0.));
#10529=CARTESIAN_POINT('',(-0.0156508512998877,-0.0079366069430085,0.));
#10530=CARTESIAN_POINT('',(-0.0156547731992678,-0.00785751530551008,0.));
#10531=CARTESIAN_POINT('',(-0.0156586950986479,-0.00777842366801166,0.));
#10532=CARTESIAN_POINT('',(-0.0155331943184851,-0.00774900942266101,0.));
#10533=CARTESIAN_POINT('',(-0.0154076935383223,-0.00771959517731036,0.));
#10534=CARTESIAN_POINT('',(-0.0153704354942115,-0.00708816937711637,0.));
#10535=CARTESIAN_POINT('',(-0.0193831922099371,-0.00541090374223255,0.));
#10536=CARTESIAN_POINT('',(-0.0193831922099371,-0.00645674357692238,0.));
#10537=CARTESIAN_POINT('',(-0.0193831922099371,-0.00436506390754272,0.));
#10538=CARTESIAN_POINT('',(-0.0194204502540478,-0.00373298445745205,0.));
#10539=CARTESIAN_POINT('',(-0.0194577082981587,-0.00310090500736139,0.));
#10540=CARTESIAN_POINT('',(-0.0196002039756352,-0.00307149076201073,0.));
#10541=CARTESIAN_POINT('',(-0.0197426996531117,-0.00304207651666008,0.));
#10542=CARTESIAN_POINT('',(-0.0197387777537316,-0.00296298487916167,0.));
#10543=CARTESIAN_POINT('',(-0.0197348558543515,-0.00288389324166325,0.));
#10544=CARTESIAN_POINT('',(-0.0192158578363867,-0.00284598154765574,0.));
#10545=CARTESIAN_POINT('',(-0.0186968598184219,-0.00280806985364823,0.));
#10546=CARTESIAN_POINT('',(-0.0186968598184219,-0.00297997977647538,0.));
#10547=CARTESIAN_POINT('',(-0.0186968598184219,-0.00315188969930251,0.));
#10548=CARTESIAN_POINT('',(-0.0186968598184219,-0.00315188969930251,0.));
#10549=CARTESIAN_POINT('',(-0.0182445340899185,-0.00274924136294693,0.));
#10550=CARTESIAN_POINT('',(-0.0177006973758798,-0.00274924136294693,0.));
#10551=CARTESIAN_POINT('',(-0.0177006973758798,-0.00274924136294693,0.));
#10552=CARTESIAN_POINT('',(-0.0177006973758798,-0.00274924136294693,0.));
#10553=CARTESIAN_POINT('',(-0.0171568606618411,-0.00274924136294693,0.));
#10554=CARTESIAN_POINT('',(-0.0167803583213528,-0.00323032768690425,0.));
#10555=CARTESIAN_POINT('',(-0.0167803583213528,-0.00323032768690425,0.));
#10556=CARTESIAN_POINT('',(-0.0167803583213528,-0.00323032768690425,0.));
#10557=CARTESIAN_POINT('',(-0.0164038559808644,-0.00371141401086158,0.));
#10558=CARTESIAN_POINT('',(-0.0164038559808644,-0.00451932528315947,0.));
#10559=CARTESIAN_POINT('',(-0.0164038559808644,-0.00451932528315947,0.));
#10560=CARTESIAN_POINT('',(-0.0164038559808644,-0.00451932528315947,0.));
#10561=CARTESIAN_POINT('',(-0.0164038559808644,-0.00532723655545737,0.));
#10562=CARTESIAN_POINT('',(-0.0168725229567847,-0.00583316157548857,0.));
#10563=CARTESIAN_POINT('',(-0.0168725229567847,-0.00583316157548857,0.));
#10564=CARTESIAN_POINT('',(-0.0168725229567847,-0.00583316157548857,0.));
#10565=CARTESIAN_POINT('',(-0.0173411899327051,-0.00633908659551978,0.));
#10566=CARTESIAN_POINT('',(-0.0181608669031433,-0.00633908659551978,0.));
#10567=CARTESIAN_POINT('',(-0.0181608669031433,-0.00633908659551978,0.));
#10568=CARTESIAN_POINT('',(-0.0181305475956392,-0.0035754827566993,0.));
#10569=CARTESIAN_POINT('',(-0.0187386934118094,-0.0062724143060583,0.));
#10570=CARTESIAN_POINT('',(-0.0187386934118094,-0.00636457894149034,0.));
#10571=CARTESIAN_POINT('',(-0.0187386934118094,-0.00645674357692238,0.));
#10572=CARTESIAN_POINT('',(-0.0187053572670787,-0.00708816937711637,0.));
#10573=CARTESIAN_POINT('',(-0.018672021122348,-0.00771959517731036,0.));
#10574=CARTESIAN_POINT('',(-0.0184837699521038,-0.00774051197400415,0.));
#10575=CARTESIAN_POINT('',(-0.0182955187818596,-0.00776142877069795,0.));
#10576=CARTESIAN_POINT('',(-0.0182994406812397,-0.00784901785685322,0.));
#10577=CARTESIAN_POINT('',(-0.0183033625806198,-0.0079366069430085,0.));
#10578=CARTESIAN_POINT('',(-0.0190021143201719,-0.0079366069430085,0.));
#10579=CARTESIAN_POINT('',(-0.0197008660597241,-0.0079366069430085,0.));
#10580=CARTESIAN_POINT('',(-0.0197047879591042,-0.00785751530551008,0.));
#10581=CARTESIAN_POINT('',(-0.0197087098584843,-0.00777842366801166,0.));
#10582=CARTESIAN_POINT('',(-0.0195832090783215,-0.00774900942266101,0.));
#10583=CARTESIAN_POINT('',(-0.0194577082981587,-0.00771959517731036,0.));
#10584=CARTESIAN_POINT('',(-0.0194204502540478,-0.00708816937711637,0.));
#10585=CARTESIAN_POINT('',(-0.02147029633004,-0.00472849325009744,0.));
#10586=CARTESIAN_POINT('',(-0.0213912046925415,-0.00495073421496903,0.));
#10587=CARTESIAN_POINT('',(-0.0215493879675384,-0.00450625228522585,0.));
#10588=CARTESIAN_POINT('',(-0.0225037168166928,-0.00450625228522585,0.));
#10589=CARTESIAN_POINT('',(-0.0234580456658473,-0.00450625228522585,0.));
#10590=CARTESIAN_POINT('',(-0.0235417128526225,-0.00472849325009744,0.));
#10591=CARTESIAN_POINT('',(-0.0236253800393977,-0.00495073421496903,0.));
#10592=CARTESIAN_POINT('',(-0.0237508808195604,-0.00547365413231394,0.));
#10593=CARTESIAN_POINT('',(-0.0238763815997232,-0.00599657404965886,0.));
#10594=CARTESIAN_POINT('',(-0.0236959742282393,-0.00601749084635266,0.));
#10595=CARTESIAN_POINT('',(-0.0235155668567552,-0.00603840764304645,0.));
#10596=CARTESIAN_POINT('',(-0.023520142406032,-0.00612599672920173,0.));
#10597=CARTESIAN_POINT('',(-0.0235247179553088,-0.006213585815357,0.));
#10598=CARTESIAN_POINT('',(-0.0242234696948609,-0.006213585815357,0.));
#10599=CARTESIAN_POINT('',(-0.024922221434413,-0.006213585815357,0.));
#10600=CARTESIAN_POINT('',(-0.0249261433337931,-0.0061338405279619,0.));
#10601=CARTESIAN_POINT('',(-0.0249300652331732,-0.0060540952405668,0.));
#10602=CARTESIAN_POINT('',(-0.0248045644530104,-0.00602533464511283,0.));
#10603=CARTESIAN_POINT('',(-0.0246790636728477,-0.00599657404965886,0.));
#10604=CARTESIAN_POINT('',(-0.0237338859222468,-0.0036826534154076,0.));
#10605=CARTESIAN_POINT('',(-0.0227887081716458,-0.00136873278115635,0.));
#10606=CARTESIAN_POINT('',(-0.0229475450965393,-0.00133997218570238,0.));
#10607=CARTESIAN_POINT('',(-0.0231063820214329,-0.00131121159024841,0.));
#10608=CARTESIAN_POINT('',(-0.0231018064721561,-0.00123146630285331,0.));
#10609=CARTESIAN_POINT('',(-0.0230972309228793,-0.00115172101545821,0.));
#10610=CARTESIAN_POINT('',(-0.0224115521812608,-0.00115172101545821,0.));
#10611=CARTESIAN_POINT('',(-0.0217258734396423,-0.00115172101545821,0.));
#10612=CARTESIAN_POINT('',(-0.0217212978903655,-0.00123146630285331,0.));
#10613=CARTESIAN_POINT('',(-0.0217167223410888,-0.00131121159024841,0.));
#10614=CARTESIAN_POINT('',(-0.021876212915879,-0.00133997218570238,0.));
#10615=CARTESIAN_POINT('',(-0.0220357034906691,-0.00136873278115635,0.));
#10616=CARTESIAN_POINT('',(-0.0211611199289098,-0.0036826534154076,0.));
#10617=CARTESIAN_POINT('',(-0.0202865363671504,-0.00599657404965886,0.));
#10618=CARTESIAN_POINT('',(-0.0201610355869876,-0.00602533464511283,0.));
#10619=CARTESIAN_POINT('',(-0.0200355348068249,-0.0060540952405668,0.));
#10620=CARTESIAN_POINT('',(-0.0200394567062049,-0.0061338405279619,0.));
#10621=CARTESIAN_POINT('',(-0.020043378605585,-0.006213585815357,0.));
#10622=CARTESIAN_POINT('',(-0.0207885394878015,-0.006213585815357,0.));
#10623=CARTESIAN_POINT('',(-0.021533700370018,-0.006213585815357,0.));
#10624=CARTESIAN_POINT('',(-0.0215376222693981,-0.00612599672920173,0.));
#10625=CARTESIAN_POINT('',(-0.0215415441687782,-0.00603840764304645,0.));
#10626=CARTESIAN_POINT('',(-0.0213617904471908,-0.00601749084635266,0.));
#10627=CARTESIAN_POINT('',(-0.0211820367256035,-0.00599657404965886,0.));
#10628=CARTESIAN_POINT('',(-0.0212866207090725,-0.00547365413231394,0.));
#10629=CARTESIAN_POINT('',(0.00209966529438547,0.00578415803822542,0.));
#10630=CARTESIAN_POINT('',(0.00206175360037797,0.00587632267365747,0.));
#10631=CARTESIAN_POINT('',(0.00213757698839298,0.00569199340279338,0.));
#10632=CARTESIAN_POINT('',(0.00213757698839298,0.00569199340279338,0.));
#10633=CARTESIAN_POINT('',(0.00267226260387816,0.0057848116881221,0.));
#10634=CARTESIAN_POINT('',(0.00304876494436649,0.0057848116881221,0.));
#10635=CARTESIAN_POINT('',(0.00304876494436649,0.0057848116881221,0.));
#10636=CARTESIAN_POINT('',(0.00304876494436649,0.0057848116881221,0.));
#10637=CARTESIAN_POINT('',(0.00375993603195559,0.0057848116881221,0.));
#10638=CARTESIAN_POINT('',(0.00414101392172069,0.00548740098513218,0.));
#10639=CARTESIAN_POINT('',(0.00414101392172069,0.00548740098513218,0.));
#10640=CARTESIAN_POINT('',(0.00414101392172069,0.00548740098513218,0.));
#10641=CARTESIAN_POINT('',(0.0045220918114858,0.00518999028214226,0.));
#10642=CARTESIAN_POINT('',(0.0045220918114858,0.00462915867078984,0.));
#10643=CARTESIAN_POINT('',(0.0045220918114858,0.00462915867078984,0.));
#10644=CARTESIAN_POINT('',(0.00451359436282894,0.00421539828619067,0.));
#10645=CARTESIAN_POINT('',(0.00450509691417209,0.00380163790159151,0.));
#10646=CARTESIAN_POINT('',(0.00454235495828292,0.00317413400077761,0.));
#10647=CARTESIAN_POINT('',(0.00457961300239374,0.00254663009996371,0.));
#10648=CARTESIAN_POINT('',(0.00472210867987023,0.00251721585461306,0.));
#10649=CARTESIAN_POINT('',(0.00486460435734672,0.00248780160926241,0.));
#10650=CARTESIAN_POINT('',(0.00486068245796664,0.00240805632186731,0.));
#10651=CARTESIAN_POINT('',(0.00485676055858655,0.00232831103447221,0.));
#10652=CARTESIAN_POINT('',(0.00433776254062172,0.00229105299036138,0.));
#10653=CARTESIAN_POINT('',(0.00381876452265689,0.00225379494625056,0.));
#10654=CARTESIAN_POINT('',(0.00381876452265689,0.00242505121918102,0.));
#10655=CARTESIAN_POINT('',(0.00381876452265689,0.00259630749211148,0.));
#10656=CARTESIAN_POINT('',(0.00381876452265689,0.00259630749211148,0.));
#10657=CARTESIAN_POINT('',(0.00332460520076594,0.00219496645554926,0.));
#10658=CARTESIAN_POINT('',(0.00281475828135465,0.00219496645554926,0.));
#10659=CARTESIAN_POINT('',(0.00281475828135465,0.00219496645554926,0.));
#10660=CARTESIAN_POINT('',(0.00281475828135465,0.00219496645554926,0.));
#10661=CARTESIAN_POINT('',(0.00230491136194336,0.00219496645554926,0.));
#10662=CARTESIAN_POINT('',(0.00201599810761029,0.0024708067119487,0.));
#10663=CARTESIAN_POINT('',(0.00201599810761029,0.0024708067119487,0.));
#10664=CARTESIAN_POINT('',(0.00201599810761029,0.0024708067119487,0.));
#10665=CARTESIAN_POINT('',(0.00172708485327723,0.00274664696834814,0.));
#10666=CARTESIAN_POINT('',(0.00172708485327723,0.00323230884158223,0.));
#10667=CARTESIAN_POINT('',(0.00172708485327723,0.00323230884158223,0.));
#10668=CARTESIAN_POINT('',(0.00172708485327723,0.00323230884158223,0.));
#10669=CARTESIAN_POINT('',(0.00172708485327723,0.00371797071481632,0.));
#10670=CARTESIAN_POINT('',(0.00214542078715316,0.00395655292710494,0.));
#10671=CARTESIAN_POINT('',(0.00214542078715316,0.00395655292710494,0.));
#10672=CARTESIAN_POINT('',(0.00214542078715316,0.00395655292710494,0.));
#10673=CARTESIAN_POINT('',(0.00256375672102909,0.00419513513939356,0.));
#10674=CARTESIAN_POINT('',(0.00387759301335819,0.0044121469050917,0.));
#10675=CARTESIAN_POINT('',(0.00387759301335819,0.0044121469050917,0.));
#10676=CARTESIAN_POINT('',(0.00387759301335819,0.00452065278794077,0.));
#10677=CARTESIAN_POINT('',(0.00387759301335819,0.00462915867078984,0.));
#10678=CARTESIAN_POINT('',(0.00387759301335819,0.00462915867078984,0.));
#10679=CARTESIAN_POINT('',(0.00387759301335819,0.00495598361913041,0.));
#10680=CARTESIAN_POINT('',(0.00368934184311402,0.00513573734071773,0.));
#10681=CARTESIAN_POINT('',(0.00368934184311402,0.00513573734071773,0.));
#10682=CARTESIAN_POINT('',(0.00368934184311402,0.00513573734071773,0.));
#10683=CARTESIAN_POINT('',(0.00350109067286985,0.00531549106230504,0.));
#10684=CARTESIAN_POINT('',(0.00313308578103837,0.00531549106230504,0.));
#10685=CARTESIAN_POINT('',(0.00313308578103837,0.00531549106230504,0.));
#10686=CARTESIAN_POINT('',(0.00313308578103837,0.00531549106230504,0.));
#10687=CARTESIAN_POINT('',(0.00276508088920688,0.00531549106230504,0.));
#10688=CARTESIAN_POINT('',(0.00218725438054075,0.00507364060053302,0.));
#10689=CARTESIAN_POINT('',(0.00218725438054075,0.00507364060053302,0.));
#10690=CARTESIAN_POINT('',(0.00217025948322704,0.00491872557501959,0.));
#10691=CARTESIAN_POINT('',(0.00215326458591333,0.00476381054950615,0.));
#10692=CARTESIAN_POINT('',(0.00208267039707177,0.00475923500022939,0.));
#10693=CARTESIAN_POINT('',(0.0020120762082302,0.00475465945095262,0.));
#10694=CARTESIAN_POINT('',(0.00197024261484261,0.00531549106230504,0.));
#10695=CARTESIAN_POINT('',(0.00192840902145501,0.00587632267365747,0.));
#10696=CARTESIAN_POINT('',(0.00199508131091649,0.00587632267365747,0.));
#10697=CARTESIAN_POINT('',(-0.00245235258610202,0.00240021252310714,0.));
#10698=CARTESIAN_POINT('',(-0.00244843068672194,0.00232046723571204,0.));
#10699=CARTESIAN_POINT('',(-0.00245627448548211,0.00247995781050223,0.));
#10700=CARTESIAN_POINT('',(-0.00233077370531933,0.00250871840595621,0.));
#10701=CARTESIAN_POINT('',(-0.00220527292515654,0.00253747900141017,0.));
#10702=CARTESIAN_POINT('',(-0.00216801488104572,0.00316955845150084,0.));
#10703=CARTESIAN_POINT('',(-0.0021307568369349,0.00380163790159151,0.));
#10704=CARTESIAN_POINT('',(-0.0021307568369349,0.00398531352255891,0.));
#10705=CARTESIAN_POINT('',(-0.0021307568369349,0.00416898914352631,0.));
#10706=CARTESIAN_POINT('',(-0.00216801488104572,0.00480106859361698,0.));
#10707=CARTESIAN_POINT('',(-0.00220527292515654,0.00543314804370765,0.));
#10708=CARTESIAN_POINT('',(-0.00234776860263304,0.0054625622890583,0.));
#10709=CARTESIAN_POINT('',(-0.00249026428010953,0.00549197653440895,0.));
#10710=CARTESIAN_POINT('',(-0.00248634238072944,0.00557106817190737,0.));
#10711=CARTESIAN_POINT('',(-0.00248242048134935,0.00565015980940579,0.));
#10712=CARTESIAN_POINT('',(-0.00194250566669072,0.00569656895207015,0.));
#10713=CARTESIAN_POINT('',(-0.0014025908520321,0.00574297809473451,0.));
#10714=CARTESIAN_POINT('',(-0.00141501020006904,0.00555015137521357,0.));
#10715=CARTESIAN_POINT('',(-0.00142742954810598,0.00535732465569264,0.));
#10716=CARTESIAN_POINT('',(-0.00142742954810598,0.00535732465569264,0.));
#10717=CARTESIAN_POINT('',(-0.000858754137993387,0.0057848116881221,0.));
#10718=CARTESIAN_POINT('',(-0.000331912321268383,0.0057848116881221,0.));
#10719=CARTESIAN_POINT('',(-0.000331912321268383,0.0057848116881221,0.));
#10720=CARTESIAN_POINT('',(-0.000331912321268383,0.0057848116881221,0.));
#10721=CARTESIAN_POINT('',(0.000194929495456617,0.0057848116881221,0.));
#10722=CARTESIAN_POINT('',(0.000466847852475975,0.00546648418843839,0.));
#10723=CARTESIAN_POINT('',(0.000466847852475975,0.00546648418843839,0.));
#10724=CARTESIAN_POINT('',(0.000466847852475975,0.00546648418843839,0.));
#10725=CARTESIAN_POINT('',(0.000738766209495329,0.00514815668875467,0.));
#10726=CARTESIAN_POINT('',(0.000738766209495329,0.00457948127864207,0.));
#10727=CARTESIAN_POINT('',(0.000738766209495329,0.00457948127864207,0.));
#10728=CARTESIAN_POINT('',(0.000738766209495329,0.00419055959011679,0.));
#10729=CARTESIAN_POINT('',(0.000738766209495329,0.00380163790159151,0.));
#10730=CARTESIAN_POINT('',(0.00077275600412275,0.00316955845150084,0.));
#10731=CARTESIAN_POINT('',(0.000806745798750171,0.00253747900141017,0.));
#10732=CARTESIAN_POINT('',(0.00093224657891295,0.00250871840595621,0.));
#10733=CARTESIAN_POINT('',(0.00105774735907573,0.00247995781050223,0.));
#10734=CARTESIAN_POINT('',(0.00105317180979896,0.00240021252310714,0.));
#10735=CARTESIAN_POINT('',(0.00104859626052219,0.00232046723571204,0.));
#10736=CARTESIAN_POINT('',(0.000358341969626905,0.00232046723571204,0.));
#10737=CARTESIAN_POINT('',(-0.000331912321268383,0.00232046723571204,0.));
#10738=CARTESIAN_POINT('',(-0.000335834220648472,0.00240805632186731,0.));
#10739=CARTESIAN_POINT('',(-0.00033975612002856,0.00249564540802258,0.));
#10740=CARTESIAN_POINT('',(-0.000160002398441244,0.00251656220471638,0.));
#10741=CARTESIAN_POINT('',(1.97513231460708E-5,0.00253747900141017,0.));
#10742=CARTESIAN_POINT('',(5.76630171535766E-5,0.00316955845150084,0.));
#10743=CARTESIAN_POINT('',(9.55747111610825E-5,0.00380163790159151,0.));
#10744=CARTESIAN_POINT('',(9.55747111610825E-5,0.00417356469280308,0.));
#10745=CARTESIAN_POINT('',(9.55747111610825E-5,0.00454549148401465,0.));
#10746=CARTESIAN_POINT('',(9.55747111610825E-5,0.00454549148401465,0.));
#10747=CARTESIAN_POINT('',(9.55747111610825E-5,0.00486447263359505,0.));
#10748=CARTESIAN_POINT('',(-8.48326603229109E-5,0.00503572890652551,0.));
#10749=CARTESIAN_POINT('',(-8.48326603229109E-5,0.00503572890652551,0.));
#10750=CARTESIAN_POINT('',(-8.48326603229109E-5,0.00503572890652551,0.));
#10751=CARTESIAN_POINT('',(-0.000265240031806908,0.00520698517945597,0.));
#10752=CARTESIAN_POINT('',(-0.000645664271675336,0.00520698517945597,0.));
#10753=CARTESIAN_POINT('',(-0.000645664271675336,0.00520698517945597,0.));
#10754=CARTESIAN_POINT('',(-0.000645664271675336,0.00520698517945597,0.));
#10755=CARTESIAN_POINT('',(-0.00102608851154376,0.00520698517945597,0.));
#10756=CARTESIAN_POINT('',(-0.00144442444541969,0.00490630622698265,0.));
#10757=CARTESIAN_POINT('',(-0.00144442444541969,0.00490630622698265,0.));
#10758=CARTESIAN_POINT('',(-0.00146534124211349,0.00453764768525448,0.));
#10759=CARTESIAN_POINT('',(-0.00148625803880729,0.00416898914352631,0.));
#10760=CARTESIAN_POINT('',(-0.00148625803880729,0.00398531352255891,0.));
#10761=CARTESIAN_POINT('',(-0.00148625803880729,0.00380163790159151,0.));
#10762=CARTESIAN_POINT('',(-0.00145292189407655,0.00316955845150084,0.));
#10763=CARTESIAN_POINT('',(-0.00141958574934581,0.00253747900141017,0.));
#10764=CARTESIAN_POINT('',(-0.00123133457910164,0.00251656220471638,0.));
#10765=CARTESIAN_POINT('',(-0.00104308340885747,0.00249564540802258,0.));
#10766=CARTESIAN_POINT('',(-0.00104700530823756,0.00240805632186731,0.));
#10767=CARTESIAN_POINT('',(-0.00105092720761764,0.00232046723571204,0.));
#10768=CARTESIAN_POINT('',(-0.00174967894716979,0.00232046723571204,0.));
#10769=CARTESIAN_POINT('',(-0.00671153531287636,0.00240021252310714,0.));
#10770=CARTESIAN_POINT('',(-0.00670761341349628,0.00232046723571204,0.));
#10771=CARTESIAN_POINT('',(-0.00671545721225645,0.00247995781050223,0.));
#10772=CARTESIAN_POINT('',(-0.00658995643209367,0.00250871840595621,0.));
#10773=CARTESIAN_POINT('',(-0.00646445565193089,0.00253747900141017,0.));
#10774=CARTESIAN_POINT('',(-0.00642719760782006,0.00316955845150084,0.));
#10775=CARTESIAN_POINT('',(-0.00638993956370924,0.00380163790159151,0.));
#10776=CARTESIAN_POINT('',(-0.00638993956370924,0.00398531352255891,0.));
#10777=CARTESIAN_POINT('',(-0.00638993956370924,0.00416898914352631,0.));
#10778=CARTESIAN_POINT('',(-0.00642719760782006,0.00480106859361698,0.));
#10779=CARTESIAN_POINT('',(-0.00646445565193089,0.00543314804370765,0.));
#10780=CARTESIAN_POINT('',(-0.00660695132940738,0.0054625622890583,0.));
#10781=CARTESIAN_POINT('',(-0.00674944700688387,0.00549197653440895,0.));
#10782=CARTESIAN_POINT('',(-0.00674552510750378,0.00557106817190737,0.));
#10783=CARTESIAN_POINT('',(-0.00674160320812369,0.00565015980940579,0.));
#10784=CARTESIAN_POINT('',(-0.00620168839346507,0.00569656895207015,0.));
#10785=CARTESIAN_POINT('',(-0.00566177357880644,0.00574297809473451,0.));
#10786=CARTESIAN_POINT('',(-0.00567419292684339,0.00555015137521357,0.));
#10787=CARTESIAN_POINT('',(-0.00568661227488033,0.00535732465569264,0.));
#10788=CARTESIAN_POINT('',(-0.00568661227488033,0.00535732465569264,0.));
#10789=CARTESIAN_POINT('',(-0.00511793686476773,0.0057848116881221,0.));
#10790=CARTESIAN_POINT('',(-0.00459109504804273,0.0057848116881221,0.));
#10791=CARTESIAN_POINT('',(-0.00459109504804273,0.0057848116881221,0.));
#10792=CARTESIAN_POINT('',(-0.00459109504804273,0.0057848116881221,0.));
#10793=CARTESIAN_POINT('',(-0.00406425323131772,0.0057848116881221,0.));
#10794=CARTESIAN_POINT('',(-0.00379233487429837,0.00546648418843839,0.));
#10795=CARTESIAN_POINT('',(-0.00379233487429837,0.00546648418843839,0.));
#10796=CARTESIAN_POINT('',(-0.00379233487429837,0.00546648418843839,0.));
#10797=CARTESIAN_POINT('',(-0.00352041651727901,0.00514815668875467,0.));
#10798=CARTESIAN_POINT('',(-0.00352041651727901,0.00457948127864207,0.));
#10799=CARTESIAN_POINT('',(-0.00352041651727901,0.00457948127864207,0.));
#10800=CARTESIAN_POINT('',(-0.00352041651727901,0.00419055959011679,0.));
#10801=CARTESIAN_POINT('',(-0.00352041651727901,0.00380163790159151,0.));
#10802=CARTESIAN_POINT('',(-0.00348642672265159,0.00316955845150084,0.));
#10803=CARTESIAN_POINT('',(-0.00345243692802417,0.00253747900141017,0.));
#10804=CARTESIAN_POINT('',(-0.00332693614786139,0.00250871840595621,0.));
#10805=CARTESIAN_POINT('',(-0.00320143536769861,0.00247995781050223,0.));
#10806=CARTESIAN_POINT('',(-0.00320601091697538,0.00240021252310714,0.));
#10807=CARTESIAN_POINT('',(-0.00321058646625215,0.00232046723571204,0.));
#10808=CARTESIAN_POINT('',(-0.00390084075714744,0.00232046723571204,0.));
#10809=CARTESIAN_POINT('',(-0.00459109504804273,0.00232046723571204,0.));
#10810=CARTESIAN_POINT('',(-0.00459501694742281,0.00240805632186731,0.));
#10811=CARTESIAN_POINT('',(-0.0045989388468029,0.00249564540802258,0.));
#10812=CARTESIAN_POINT('',(-0.00441918512521559,0.00251656220471638,0.));
#10813=CARTESIAN_POINT('',(-0.00423943140362827,0.00253747900141017,0.));
#10814=CARTESIAN_POINT('',(-0.00420151970962076,0.00316955845150084,0.));
#10815=CARTESIAN_POINT('',(-0.00416360801561326,0.00380163790159151,0.));
#10816=CARTESIAN_POINT('',(-0.00416360801561326,0.00417356469280308,0.));
#10817=CARTESIAN_POINT('',(-0.00416360801561326,0.00454549148401465,0.));
#10818=CARTESIAN_POINT('',(-0.00416360801561326,0.00454549148401465,0.));
#10819=CARTESIAN_POINT('',(-0.00416360801561326,0.00486447263359505,0.));
#10820=CARTESIAN_POINT('',(-0.00434401538709725,0.00503572890652551,0.));
#10821=CARTESIAN_POINT('',(-0.00434401538709725,0.00503572890652551,0.));
#10822=CARTESIAN_POINT('',(-0.00434401538709725,0.00503572890652551,0.));
#10823=CARTESIAN_POINT('',(-0.00452442275858125,0.00520698517945597,0.));
#10824=CARTESIAN_POINT('',(-0.00490484699844968,0.00520698517945597,0.));
#10825=CARTESIAN_POINT('',(-0.00490484699844968,0.00520698517945597,0.));
#10826=CARTESIAN_POINT('',(-0.00490484699844968,0.00520698517945597,0.));
#10827=CARTESIAN_POINT('',(-0.0052852712383181,0.00520698517945597,0.));
#10828=CARTESIAN_POINT('',(-0.00570360717219404,0.00490630622698265,0.));
#10829=CARTESIAN_POINT('',(-0.00570360717219404,0.00490630622698265,0.));
#10830=CARTESIAN_POINT('',(-0.00572452396888783,0.00453764768525448,0.));
#10831=CARTESIAN_POINT('',(-0.00574544076558163,0.00416898914352631,0.));
#10832=CARTESIAN_POINT('',(-0.00574544076558163,0.00398531352255891,0.));
#10833=CARTESIAN_POINT('',(-0.00574544076558163,0.00380163790159151,0.));
#10834=CARTESIAN_POINT('',(-0.00571210462085089,0.00316955845150084,0.));
#10835=CARTESIAN_POINT('',(-0.00567876847612016,0.00253747900141017,0.));
#10836=CARTESIAN_POINT('',(-0.00549051730587599,0.00251656220471638,0.));
#10837=CARTESIAN_POINT('',(-0.00530226613563181,0.00249564540802258,0.));
#10838=CARTESIAN_POINT('',(-0.0053061880350119,0.00240805632186731,0.));
#10839=CARTESIAN_POINT('',(-0.00531010993439199,0.00232046723571204,0.));
#10840=CARTESIAN_POINT('',(-0.00600886167394413,0.00232046723571204,0.));
#10841=CARTESIAN_POINT('',(-0.0102255571574342,0.00578415803822542,0.));
#10842=CARTESIAN_POINT('',(-0.0102634688514417,0.00587632267365747,0.));
#10843=CARTESIAN_POINT('',(-0.0101876454634267,0.00569199340279338,0.));
#10844=CARTESIAN_POINT('',(-0.0101876454634267,0.00569199340279338,0.));
#10845=CARTESIAN_POINT('',(-0.00965295984794152,0.0057848116881221,0.));
#10846=CARTESIAN_POINT('',(-0.00927645750745318,0.0057848116881221,0.));
#10847=CARTESIAN_POINT('',(-0.00927645750745318,0.0057848116881221,0.));
#10848=CARTESIAN_POINT('',(-0.00927645750745318,0.0057848116881221,0.));
#10849=CARTESIAN_POINT('',(-0.00856528641986409,0.0057848116881221,0.));
#10850=CARTESIAN_POINT('',(-0.00818420853009898,0.00548740098513218,0.));
#10851=CARTESIAN_POINT('',(-0.00818420853009898,0.00548740098513218,0.));
#10852=CARTESIAN_POINT('',(-0.00818420853009898,0.00548740098513218,0.));
#10853=CARTESIAN_POINT('',(-0.00780313064033388,0.00518999028214226,0.));
#10854=CARTESIAN_POINT('',(-0.00780313064033388,0.00462915867078984,0.));
#10855=CARTESIAN_POINT('',(-0.00780313064033388,0.00462915867078984,0.));
#10856=CARTESIAN_POINT('',(-0.00781162808899073,0.00421539828619067,0.));
#10857=CARTESIAN_POINT('',(-0.00782012553764759,0.00380163790159151,0.));
#10858=CARTESIAN_POINT('',(-0.00778286749353676,0.00317413400077761,0.));
#10859=CARTESIAN_POINT('',(-0.00774560944942593,0.00254663009996371,0.));
#10860=CARTESIAN_POINT('',(-0.00760311377194945,0.00251721585461306,0.));
#10861=CARTESIAN_POINT('',(-0.00746061809447295,0.00248780160926241,0.));
#10862=CARTESIAN_POINT('',(-0.00746453999385304,0.00240805632186731,0.));
#10863=CARTESIAN_POINT('',(-0.00746846189323313,0.00232831103447221,0.));
#10864=CARTESIAN_POINT('',(-0.00798745991119796,0.00229105299036138,0.));
#10865=CARTESIAN_POINT('',(-0.00850645792916279,0.00225379494625056,0.));
#10866=CARTESIAN_POINT('',(-0.00850645792916279,0.00242505121918102,0.));
#10867=CARTESIAN_POINT('',(-0.00850645792916279,0.00259630749211148,0.));
#10868=CARTESIAN_POINT('',(-0.00850645792916279,0.00259630749211148,0.));
#10869=CARTESIAN_POINT('',(-0.00900061725105373,0.00219496645554926,0.));
#10870=CARTESIAN_POINT('',(-0.00951046417046503,0.00219496645554926,0.));
#10871=CARTESIAN_POINT('',(-0.00951046417046503,0.00219496645554926,0.));
#10872=CARTESIAN_POINT('',(-0.00951046417046503,0.00219496645554926,0.));
#10873=CARTESIAN_POINT('',(-0.0100203110898763,0.00219496645554926,0.));
#10874=CARTESIAN_POINT('',(-0.0103092243442094,0.0024708067119487,0.));
#10875=CARTESIAN_POINT('',(-0.0103092243442094,0.0024708067119487,0.));
#10876=CARTESIAN_POINT('',(-0.0103092243442094,0.0024708067119487,0.));
#10877=CARTESIAN_POINT('',(-0.0105981375985424,0.00274664696834814,0.));
#10878=CARTESIAN_POINT('',(-0.0105981375985424,0.00323230884158223,0.));
#10879=CARTESIAN_POINT('',(-0.0105981375985424,0.00323230884158223,0.));
#10880=CARTESIAN_POINT('',(-0.0105981375985424,0.00323230884158223,0.));
#10881=CARTESIAN_POINT('',(-0.0105981375985424,0.00371797071481632,0.));
#10882=CARTESIAN_POINT('',(-0.0101798016646665,0.00395655292710494,0.));
#10883=CARTESIAN_POINT('',(-0.0101798016646665,0.00395655292710494,0.));
#10884=CARTESIAN_POINT('',(-0.0101798016646665,0.00395655292710494,0.));
#10885=CARTESIAN_POINT('',(-0.00976146573079059,0.00419513513939356,0.));
#10886=CARTESIAN_POINT('',(-0.00844762943846148,0.0044121469050917,0.));
#10887=CARTESIAN_POINT('',(-0.00844762943846148,0.0044121469050917,0.));
#10888=CARTESIAN_POINT('',(-0.00844762943846148,0.00452065278794077,0.));
#10889=CARTESIAN_POINT('',(-0.00844762943846148,0.00462915867078984,0.));
#10890=CARTESIAN_POINT('',(-0.00844762943846148,0.00462915867078984,0.));
#10891=CARTESIAN_POINT('',(-0.00844762943846148,0.00495598361913041,0.));
#10892=CARTESIAN_POINT('',(-0.00863588060870565,0.00513573734071773,0.));
#10893=CARTESIAN_POINT('',(-0.00863588060870565,0.00513573734071773,0.));
#10894=CARTESIAN_POINT('',(-0.00863588060870565,0.00513573734071773,0.));
#10895=CARTESIAN_POINT('',(-0.00882413177894982,0.00531549106230504,0.));
#10896=CARTESIAN_POINT('',(-0.00919213667078131,0.00531549106230504,0.));
#10897=CARTESIAN_POINT('',(-0.00919213667078131,0.00531549106230504,0.));
#10898=CARTESIAN_POINT('',(-0.00919213667078131,0.00531549106230504,0.));
#10899=CARTESIAN_POINT('',(-0.00956014156261279,0.00531549106230504,0.));
#10900=CARTESIAN_POINT('',(-0.0101379680712789,0.00507364060053302,0.));
#10901=CARTESIAN_POINT('',(-0.0101379680712789,0.00507364060053302,0.));
#10902=CARTESIAN_POINT('',(-0.0101549629685926,0.00491872557501959,0.));
#10903=CARTESIAN_POINT('',(-0.0101719578659063,0.00476381054950615,0.));
#10904=CARTESIAN_POINT('',(-0.0102425520547479,0.00475923500022939,0.));
#10905=CARTESIAN_POINT('',(-0.0103131462435895,0.00475465945095262,0.));
#10906=CARTESIAN_POINT('',(-0.0103549798369771,0.00531549106230504,0.));
#10907=CARTESIAN_POINT('',(-0.0103968134303647,0.00587632267365747,0.));
#10908=CARTESIAN_POINT('',(-0.0103301411409032,0.00587632267365747,0.));
#10909=CARTESIAN_POINT('',(-0.0136892479599476,0.00582599163161302,0.));
#10910=CARTESIAN_POINT('',(-0.0137265060040584,0.00591815626704506,0.));
#10911=CARTESIAN_POINT('',(-0.0136519899158368,0.00573382699618098,0.));
#10912=CARTESIAN_POINT('',(-0.0127944012513911,0.00569656895207015,0.));
#10913=CARTESIAN_POINT('',(-0.0119368125869454,0.00565931090795932,0.));
#10914=CARTESIAN_POINT('',(-0.011572729594494,0.00568414960403321,0.));
#10915=CARTESIAN_POINT('',(-0.0112086466020426,0.00570898830010709,0.));
#10916=CARTESIAN_POINT('',(-0.0111962272540057,0.00565015980940579,0.));
#10917=CARTESIAN_POINT('',(-0.0111838079059688,0.00559133131870449,0.));
#10918=CARTESIAN_POINT('',(-0.0120786546145252,0.00418598404084003,0.));
#10919=CARTESIAN_POINT('',(-0.0129735013230817,0.00278063676297556,0.));
#10920=CARTESIAN_POINT('',(-0.0125133317958182,0.00278063676297556,0.));
#10921=CARTESIAN_POINT('',(-0.0120531622685547,0.00278063676297556,0.));
#10922=CARTESIAN_POINT('',(-0.0117688245634984,0.00281005100832621,0.));
#10923=CARTESIAN_POINT('',(-0.0114844868584421,0.00283946525367686,0.));
#10924=CARTESIAN_POINT('',(-0.0114178145689806,0.00299438027919029,0.));
#10925=CARTESIAN_POINT('',(-0.0113511422795191,0.00314929530470372,0.));
#10926=CARTESIAN_POINT('',(-0.0112753188915041,0.00313230040739001,0.));
#10927=CARTESIAN_POINT('',(-0.0111994955034891,0.00311530551007631,0.));
#10928=CARTESIAN_POINT('',(-0.0113171524848917,0.0026093804900451,0.));
#10929=CARTESIAN_POINT('',(-0.0114348094662943,0.0021034554700139,0.));
#10930=CARTESIAN_POINT('',(-0.0115184766530695,0.0021034554700139,0.));
#10931=CARTESIAN_POINT('',(-0.0116021438398447,0.0021034554700139,0.));
#10932=CARTESIAN_POINT('',(-0.0115975682905679,0.00219496645554926,0.));
#10933=CARTESIAN_POINT('',(-0.0115929927412912,0.00228647744108461,0.));
#10934=CARTESIAN_POINT('',(-0.01244208395708,0.00232438913509212,0.));
#10935=CARTESIAN_POINT('',(-0.0132911751728688,0.00236230082909963,0.));
#10936=CARTESIAN_POINT('',(-0.0136258439199695,0.00232438913509212,0.));
#10937=CARTESIAN_POINT('',(-0.0139605126670703,0.00228647744108461,0.));
#10938=CARTESIAN_POINT('',(-0.013977507564384,0.00235380338044278,0.));
#10939=CARTESIAN_POINT('',(-0.0139945024616977,0.00242112931980093,0.));
#10940=CARTESIAN_POINT('',(-0.0130990021032445,0.00383105214694216,0.));
#10941=CARTESIAN_POINT('',(-0.0122035017447913,0.00524097497408339,0.));
#10942=CARTESIAN_POINT('',(-0.0125590872885859,0.00524097497408339,0.));
#10943=CARTESIAN_POINT('',(-0.0129146728323804,0.00524097497408339,0.));
#10944=CARTESIAN_POINT('',(-0.013257839028138,0.0051991413806958,0.));
#10945=CARTESIAN_POINT('',(-0.0136010052238956,0.00515730778730821,0.));
#10946=CARTESIAN_POINT('',(-0.0136180001212093,0.00500631466117486,0.));
#10947=CARTESIAN_POINT('',(-0.013634995018523,0.00485532153504152,0.));
#10948=CARTESIAN_POINT('',(-0.0137062428572613,0.00485139963566143,0.));
#10949=CARTESIAN_POINT('',(-0.0137774906959995,0.00484747773628134,0.));
#10950=CARTESIAN_POINT('',(-0.0138193242893871,0.0053828170016632,0.));
#10951=CARTESIAN_POINT('',(-0.0138611578827747,0.00591815626704506,0.));
#10952=CARTESIAN_POINT('',(-0.0137938319434166,0.00591815626704506,0.));
#10953=CARTESIAN_POINT('',(-0.0178896021960206,0.00480106859361698,0.));
#10954=CARTESIAN_POINT('',(-0.0178523441519098,0.00416898914352631,0.));
#10955=CARTESIAN_POINT('',(-0.0179268602401314,0.00543314804370765,0.));
#10956=CARTESIAN_POINT('',(-0.018069355917608,0.0054625622890583,0.));
#10957=CARTESIAN_POINT('',(-0.0182118515950845,0.00549197653440895,0.));
#10958=CARTESIAN_POINT('',(-0.0182079296957043,0.00557106817190737,0.));
#10959=CARTESIAN_POINT('',(-0.0182040077963243,0.00565015980940579,0.));
#10960=CARTESIAN_POINT('',(-0.0176640929816657,0.00569656895207015,0.));
#10961=CARTESIAN_POINT('',(-0.017124178167007,0.00574297809473451,0.));
#10962=CARTESIAN_POINT('',(-0.0171660117603946,0.00495598361913041,0.));
#10963=CARTESIAN_POINT('',(-0.0172078453537822,0.00416898914352631,0.));
#10964=CARTESIAN_POINT('',(-0.0172078453537822,0.00380098425169483,0.));
#10965=CARTESIAN_POINT('',(-0.0172078453537822,0.00343297935986334,0.));
#10966=CARTESIAN_POINT('',(-0.0172078453537822,0.00343297935986334,0.));
#10967=CARTESIAN_POINT('',(-0.0172078453537822,0.00311530551007631,0.));
#10968=CARTESIAN_POINT('',(-0.0170280916321949,0.00294404923714585,0.));
#10969=CARTESIAN_POINT('',(-0.0170280916321949,0.00294404923714585,0.));
#10970=CARTESIAN_POINT('',(-0.0170280916321949,0.00294404923714585,0.));
#10971=CARTESIAN_POINT('',(-0.0168483379106075,0.00277279296421539,0.));
#10972=CARTESIAN_POINT('',(-0.0164548406728055,0.00277279296421539,0.));
#10973=CARTESIAN_POINT('',(-0.0164548406728055,0.00277279296421539,0.));
#10974=CARTESIAN_POINT('',(-0.0164548406728055,0.00277279296421539,0.));
#10975=CARTESIAN_POINT('',(-0.0160613434350034,0.00277279296421539,0.));
#10976=CARTESIAN_POINT('',(-0.0156678461972014,0.00307347191668872,0.));
#10977=CARTESIAN_POINT('',(-0.0156678461972014,0.00307347191668872,0.));
#10978=CARTESIAN_POINT('',(-0.0156469294005076,0.0034414768085202,0.));
#10979=CARTESIAN_POINT('',(-0.0156260126038138,0.00380948170035168,0.));
#10980=CARTESIAN_POINT('',(-0.0156260126038138,0.003989235421939,0.));
#10981=CARTESIAN_POINT('',(-0.0156260126038138,0.00416898914352631,0.));
#10982=CARTESIAN_POINT('',(-0.0156639242978214,0.00480106859361698,0.));
#10983=CARTESIAN_POINT('',(-0.0157018359918288,0.00543314804370765,0.));
#10984=CARTESIAN_POINT('',(-0.0158443316693053,0.0054625622890583,0.));
#10985=CARTESIAN_POINT('',(-0.0159868273467818,0.00549197653440895,0.));
#10986=CARTESIAN_POINT('',(-0.015982251797505,0.00557106817190737,0.));
#10987=CARTESIAN_POINT('',(-0.0159776762482283,0.00565015980940579,0.));
#10988=CARTESIAN_POINT('',(-0.0154384150834664,0.00569656895207015,0.));
#10989=CARTESIAN_POINT('',(-0.0148991539187044,0.00574297809473451,0.));
#10990=CARTESIAN_POINT('',(-0.014940987512092,0.00495598361913041,0.));
#10991=CARTESIAN_POINT('',(-0.0149828211054796,0.00416898914352631,0.));
#10992=CARTESIAN_POINT('',(-0.0149828211054796,0.003989235421939,0.));
#10993=CARTESIAN_POINT('',(-0.0149828211054796,0.00380948170035168,0.));
#10994=CARTESIAN_POINT('',(-0.0149449094114721,0.00317805590015769,0.));
#10995=CARTESIAN_POINT('',(-0.0149069977174646,0.00254663009996371,0.));
#10996=CARTESIAN_POINT('',(-0.0147645020399881,0.00251721585461306,0.));
#10997=CARTESIAN_POINT('',(-0.0146220063625116,0.00248780160926241,0.));
#10998=CARTESIAN_POINT('',(-0.0146265819117883,0.00240805632186731,0.));
#10999=CARTESIAN_POINT('',(-0.0146311574610651,0.00232831103447221,0.));
#11000=CARTESIAN_POINT('',(-0.0151704186258271,0.00228255554170453,0.));
#11001=CARTESIAN_POINT('',(-0.015709679790589,0.00223680004893685,0.));
#11002=CARTESIAN_POINT('',(-0.0157018359918288,0.00242897311856111,0.));
#11003=CARTESIAN_POINT('',(-0.0156939921930686,0.00262114618818536,0.));
#11004=CARTESIAN_POINT('',(-0.0156939921930686,0.00262114618818536,0.));
#11005=CARTESIAN_POINT('',(-0.0162456727058676,0.00219496645554926,0.));
#11006=CARTESIAN_POINT('',(-0.0167770900718693,0.00219496645554926,0.));
#11007=CARTESIAN_POINT('',(-0.0167770900718693,0.00219496645554926,0.));
#11008=CARTESIAN_POINT('',(-0.0167770900718693,0.00219496645554926,0.));
#11009=CARTESIAN_POINT('',(-0.0173085074378711,0.00219496645554926,0.));
#11010=CARTESIAN_POINT('',(-0.0175804257948904,0.00251264030533629,0.));
#11011=CARTESIAN_POINT('',(-0.0175804257948904,0.00251264030533629,0.));
#11012=CARTESIAN_POINT('',(-0.0175804257948904,0.00251264030533629,0.));
#11013=CARTESIAN_POINT('',(-0.0178523441519098,0.00283031415512333,0.));
#11014=CARTESIAN_POINT('',(-0.0178523441519098,0.00340029686502929,0.));
#11015=CARTESIAN_POINT('',(-0.0178523441519098,0.00340029686502929,0.));
#11016=CARTESIAN_POINT('',(-0.0178523441519098,0.0037846430042778,0.));
#11017=CARTESIAN_POINT('',(-0.0225455504100804,0.00250871840595621,0.));
#11018=CARTESIAN_POINT('',(-0.0226710511902432,0.00247995781050223,0.));
#11019=CARTESIAN_POINT('',(-0.0224200496299177,0.00253747900141017,0.));
#11020=CARTESIAN_POINT('',(-0.0223697185878732,0.00325714753765611,0.));
#11021=CARTESIAN_POINT('',(-0.0223193875458287,0.00397681607390205,0.));
#11022=CARTESIAN_POINT('',(-0.0223193875458287,0.00485532153504152,0.));
#11023=CARTESIAN_POINT('',(-0.0223193875458287,0.00573382699618098,0.));
#11024=CARTESIAN_POINT('',(-0.0223697185878732,0.00644499808377006,0.));
#11025=CARTESIAN_POINT('',(-0.0224200496299177,0.00715616917135915,0.));
#11026=CARTESIAN_POINT('',(-0.0225455504100804,0.0071855834167098,0.));
#11027=CARTESIAN_POINT('',(-0.0226710511902432,0.00721499766206045,0.));
#11028=CARTESIAN_POINT('',(-0.0226671292908631,0.00729474294945555,0.));
#11029=CARTESIAN_POINT('',(-0.0226632340805453,0.00737394556253598,0.));
#11030=CARTESIAN_POINT('',(-0.0197655920988877,-0.0981940696814275,0.));
#11031=CARTESIAN_POINT('',(-0.0208643628758165,0.00740717073168471,0.));
#11032=CARTESIAN_POINT('',(-0.0208643628758165,0.00740717073168471,0.));
#11033=CARTESIAN_POINT('',(-0.0189648562760611,0.00740717073168471,0.));
#11034=CARTESIAN_POINT('',(-0.0189648562760611,0.00595214606167248,0.));
#11035=CARTESIAN_POINT('',(-0.0189648562760611,0.00595214606167248,0.));
#11036=CARTESIAN_POINT('',(-0.0189648562760611,0.00595214606167248,0.));
#11037=CARTESIAN_POINT('',(-0.0189648562760611,0.00529849616499133,0.));
#11038=CARTESIAN_POINT('',(-0.0193537779645864,0.00492199382450299,0.));
#11039=CARTESIAN_POINT('',(-0.0193537779645864,0.00492199382450299,0.));
#11040=CARTESIAN_POINT('',(-0.0193537779645864,0.00492199382450299,0.));
#11041=CARTESIAN_POINT('',(-0.0197426996531117,0.00454549148401465,0.));
#11042=CARTESIAN_POINT('',(-0.0204708656380145,0.0045128089891806,0.));
#11043=CARTESIAN_POINT('',(-0.0204708656380145,0.0045128089891806,0.));
#11044=CARTESIAN_POINT('',(-0.0196171988729489,0.00352514399529538,0.));
#11045=CARTESIAN_POINT('',(-0.0187635321078833,0.00253747900141017,0.));
#11046=CARTESIAN_POINT('',(-0.0186341094283404,0.00250871840595621,0.));
#11047=CARTESIAN_POINT('',(-0.0185046867487976,0.00247995781050223,0.));
#11048=CARTESIAN_POINT('',(-0.0185086086481777,0.00240021252310714,0.));
#11049=CARTESIAN_POINT('',(-0.0185125305475577,0.00232046723571204,0.));
#11050=CARTESIAN_POINT('',(-0.0193282856186159,0.00232046723571204,0.));
#11051=CARTESIAN_POINT('',(-0.0201440406896739,0.00232046723571204,0.));
#11052=CARTESIAN_POINT('',(-0.0201486162389506,0.00240805632186731,0.));
#11053=CARTESIAN_POINT('',(-0.0201531917882274,0.00249564540802258,0.));
#11054=CARTESIAN_POINT('',(-0.0199773599660202,0.00251656220471638,0.));
#11055=CARTESIAN_POINT('',(-0.019801528143813,0.00253747900141017,0.));
#11056=CARTESIAN_POINT('',(-0.0202532002224197,0.00319439714757473,0.));
#11057=CARTESIAN_POINT('',(-0.0207048723010263,0.00385131529373927,0.));
#11058=CARTESIAN_POINT('',(-0.0211317056835591,0.00434089906635346,0.));
#11059=CARTESIAN_POINT('',(-0.0215585390660919,0.00483048283896763,0.));
#11060=CARTESIAN_POINT('',(-0.021550041617435,0.00487231643235523,0.));
#11061=CARTESIAN_POINT('',(-0.0215415441687782,0.00491415002574282,0.));
#11062=CARTESIAN_POINT('',(-0.0215415441687782,0.00491415002574282,0.));
#11063=CARTESIAN_POINT('',(-0.0204708656380145,0.00494813982037024,0.));
#11064=CARTESIAN_POINT('',(-0.0201067826455631,0.00514881033865135,0.));
#11065=CARTESIAN_POINT('',(-0.0201067826455631,0.00514881033865135,0.));
#11066=CARTESIAN_POINT('',(-0.0201067826455631,0.00514881033865135,0.));
#11067=CARTESIAN_POINT('',(-0.0197426996531117,0.00534948085693246,0.));
#11068=CARTESIAN_POINT('',(-0.0197426996531117,0.00591815626704506,0.));
#11069=CARTESIAN_POINT('',(-0.0197426996531117,0.00591815626704506,0.));
#11070=CARTESIAN_POINT('',(-0.0197426996531117,0.00591815626704506,0.));
#11071=CARTESIAN_POINT('',(-0.0197426996531117,0.00690516761103359,0.));
#11072=CARTESIAN_POINT('',(-0.0208970453706506,0.00690516761103359,0.));
#11073=CARTESIAN_POINT('',(-0.0208970453706506,0.00690516761103359,0.));
#11074=CARTESIAN_POINT('',(-0.0208709806497299,0.00411872859265578,0.));
#11075=CARTESIAN_POINT('',(-0.0215834123193935,0.0068131609080245,6.50521303491303E-19));
#11076=CARTESIAN_POINT('',(-0.0216212894561733,0.00626981991145952,0.));
#11077=CARTESIAN_POINT('',(-0.0216592011501808,0.0057259831974208,0.));
#11078=CARTESIAN_POINT('',(-0.0216592011501808,0.00484747773628134,0.));
#11079=CARTESIAN_POINT('',(-0.0216592011501808,0.00396897227514189,0.));
#11080=CARTESIAN_POINT('',(-0.0216088701081363,0.00325322563827603,0.));
#11081=CARTESIAN_POINT('',(-0.0215585390660919,0.00253747900141017,0.));
#11082=CARTESIAN_POINT('',(-0.0213827072438846,0.00251656220471638,0.));
#11083=CARTESIAN_POINT('',(-0.0212068754216774,0.00249564540802258,0.));
#11084=CARTESIAN_POINT('',(-0.0212107973210575,0.00240805632186731,0.));
#11085=CARTESIAN_POINT('',(-0.0212147192204376,0.00232046723571204,0.));
#11086=CARTESIAN_POINT('',(-0.0219389633059603,0.00232046723571204,0.));
#11087=CARTESIAN_POINT('',(-0.0226632073914831,0.00232046723571204,0.));
#11088=CARTESIAN_POINT('',(-0.0226671292908631,0.00240021252310714,0.));
#11089=CARTESIAN_POINT('',(-0.0223697185878732,0.00325714753765611,0.003));
#11090=CARTESIAN_POINT('',(-0.0224200496299177,0.00253747900141017,0.003));
#11091=CARTESIAN_POINT('',(-0.0224200496299177,0.00253747900141017,0.003));
#11092=CARTESIAN_POINT('',(-0.0223697185878732,0.00325714753765611,0.003));
#11093=CARTESIAN_POINT('',(-0.0223193875458287,0.00397681607390205,0.003));
#11094=CARTESIAN_POINT('',(-0.0223193875458287,0.00397681607390205,0.003));
#11095=CARTESIAN_POINT('',(-0.0225455504100804,0.00250871840595621,0.003));
#11096=CARTESIAN_POINT('',(-0.0226710511902432,0.00247995781050223,0.003));
#11097=CARTESIAN_POINT('',(-0.0226710511902432,0.00247995781050223,0.003));
#11098=CARTESIAN_POINT('',(-0.0225455504100804,0.00250871840595621,0.003));
#11099=CARTESIAN_POINT('',(-0.0226671292908631,0.00240021252310714,0.003));
#11100=CARTESIAN_POINT('',(-0.0226632073914831,0.00232046723571204,0.003));
#11101=CARTESIAN_POINT('',(-0.0226632073914831,0.00232046723571204,0.003));
#11102=CARTESIAN_POINT('',(-0.0226671292908631,0.00240021252310714,0.003));
#11103=CARTESIAN_POINT('',(-0.0219389633059603,0.00232046723571204,0.003));
#11104=CARTESIAN_POINT('',(-0.0212147192204376,0.00232046723571204,0.003));
#11105=CARTESIAN_POINT('',(-0.0212147192204376,0.00232046723571204,0.003));
#11106=CARTESIAN_POINT('',(-0.0219389633059603,0.00232046723571204,0.003));
#11107=CARTESIAN_POINT('',(-0.0212107973210575,0.00240805632186731,0.003));
#11108=CARTESIAN_POINT('',(-0.0212068754216774,0.00249564540802258,0.003));
#11109=CARTESIAN_POINT('',(-0.0212068754216774,0.00249564540802258,0.003));
#11110=CARTESIAN_POINT('',(-0.0212107973210575,0.00240805632186731,0.003));
#11111=CARTESIAN_POINT('',(-0.0213827072438846,0.00251656220471638,0.003));
#11112=CARTESIAN_POINT('',(-0.0215585390660919,0.00253747900141017,0.003));
#11113=CARTESIAN_POINT('',(-0.0215585390660919,0.00253747900141017,0.003));
#11114=CARTESIAN_POINT('',(-0.0213827072438846,0.00251656220471638,0.003));
#11115=CARTESIAN_POINT('',(-0.0216088701081363,0.00325322563827603,0.003));
#11116=CARTESIAN_POINT('',(-0.0216592011501808,0.00396897227514189,0.003));
#11117=CARTESIAN_POINT('',(-0.0216592011501808,0.00396897227514189,0.003));
#11118=CARTESIAN_POINT('',(-0.0216088701081363,0.00325322563827603,0.003));
#11119=CARTESIAN_POINT('',(-0.0216592011501808,0.00484747773628134,0.003));
#11120=CARTESIAN_POINT('',(-0.0216592011501808,0.0057259831974208,0.003));
#11121=CARTESIAN_POINT('',(-0.0216592011501808,0.0057259831974208,0.003));
#11122=CARTESIAN_POINT('',(-0.0216592011501808,0.00484747773628134,0.003));
#11123=CARTESIAN_POINT('',(-0.0216212894561733,0.00626981991145952,0.003));
#11124=CARTESIAN_POINT('',(-0.0215834123193935,0.0068131609080245,0.003));
#11125=CARTESIAN_POINT('',(-0.0215834123193935,0.0068131609080245,0.003));
#11126=CARTESIAN_POINT('',(-0.0216212894561733,0.00626981991145952,0.003));
#11127=CARTESIAN_POINT('',(-0.0208709806497299,0.00411872859265578,0.003));
#11128=CARTESIAN_POINT('',(-0.0208970453706506,0.00690516761103359,0.003));
#11129=CARTESIAN_POINT('',(-0.0208970453706506,0.00690516761103359,0.003));
#11130=CARTESIAN_POINT('',(-0.0208709806497299,0.00411872859265578,0.003));
#11131=CARTESIAN_POINT('',(-0.0197426996531117,0.00591815626704506,0.003));
#11132=CARTESIAN_POINT('',(-0.0197426996531117,0.00591815626704506,0.));
#11133=CARTESIAN_POINT('',(-0.0197426996531117,0.00657616382970408,0.003));
#11134=CARTESIAN_POINT('',(-0.0197426996531117,0.00657616382970408,4.33680868994202E-19));
#11135=CARTESIAN_POINT('',(-0.020127481558958,0.00690516761103359,0.003));
#11136=CARTESIAN_POINT('',(-0.020127481558958,0.00690516761103359,4.33680868994202E-19));
#11137=CARTESIAN_POINT('',(-0.0208970453706506,0.00690516761103359,0.003));
#11138=CARTESIAN_POINT('',(-0.0208970453706506,0.00690516761103359,0.));
#11139=CARTESIAN_POINT('',(-0.0197426996531117,0.00591815626704506,0.003));
#11140=CARTESIAN_POINT('',(-0.0197426996531117,0.00591815626704506,0.003));
#11141=CARTESIAN_POINT('',(-0.0197426996531117,0.00591815626704506,0.003));
#11142=CARTESIAN_POINT('',(-0.0197426996531117,0.00690516761103359,0.003));
#11143=CARTESIAN_POINT('',(-0.0208970453706506,0.00690516761103359,0.003));
#11144=CARTESIAN_POINT('',(-0.0201067826455631,0.00514881033865135,0.003));
#11145=CARTESIAN_POINT('',(-0.0201067826455631,0.00514881033865135,0.));
#11146=CARTESIAN_POINT('',(-0.0198640606505955,0.00528259068417209,0.003));
#11147=CARTESIAN_POINT('',(-0.0198640606505955,0.00528259068417209,4.33680868994202E-19));
#11148=CARTESIAN_POINT('',(-0.0197426996531117,0.00553903932696999,0.003));
#11149=CARTESIAN_POINT('',(-0.0197426996531117,0.00553903932696999,4.33680868994202E-19));
#11150=CARTESIAN_POINT('',(-0.0197426996531117,0.00591815626704506,0.003));
#11151=CARTESIAN_POINT('',(-0.0197426996531117,0.00591815626704506,0.));
#11152=CARTESIAN_POINT('',(-0.0201067826455631,0.00514881033865135,0.003));
#11153=CARTESIAN_POINT('',(-0.0201067826455631,0.00514881033865135,0.003));
#11154=CARTESIAN_POINT('',(-0.0201067826455631,0.00514881033865135,0.003));
#11155=CARTESIAN_POINT('',(-0.0197426996531117,0.00534948085693246,0.003));
#11156=CARTESIAN_POINT('',(-0.0197426996531117,0.00591815626704506,0.003));
#11157=CARTESIAN_POINT('',(-0.0215415441687782,0.00491415002574282,0.003));
#11158=CARTESIAN_POINT('',(-0.0215415441687782,0.00491415002574282,0.));
#11159=CARTESIAN_POINT('',(-0.0208277584816024,0.00493680988882777,0.003));
#11160=CARTESIAN_POINT('',(-0.0208277584816024,0.00493680988882777,4.33680868994202E-19));
#11161=CARTESIAN_POINT('',(-0.0203495046405307,0.00501502999313061,0.003));
#11162=CARTESIAN_POINT('',(-0.0203495046405307,0.00501502999313061,4.33680868994202E-19));
#11163=CARTESIAN_POINT('',(-0.0201067826455631,0.00514881033865135,0.003));
#11164=CARTESIAN_POINT('',(-0.0201067826455631,0.00514881033865135,0.));
#11165=CARTESIAN_POINT('',(-0.0215415441687782,0.00491415002574282,0.003));
#11166=CARTESIAN_POINT('',(-0.0215415441687782,0.00491415002574282,0.003));
#11167=CARTESIAN_POINT('',(-0.0215415441687782,0.00491415002574282,0.003));
#11168=CARTESIAN_POINT('',(-0.0204708656380145,0.00494813982037024,0.003));
#11169=CARTESIAN_POINT('',(-0.0201067826455631,0.00514881033865135,0.003));
#11170=CARTESIAN_POINT('',(-0.021550041617435,0.00487231643235523,0.003));
#11171=CARTESIAN_POINT('',(-0.0215585390660919,0.00483048283896763,0.003));
#11172=CARTESIAN_POINT('',(-0.0215585390660919,0.00483048283896763,0.003));
#11173=CARTESIAN_POINT('',(-0.021550041617435,0.00487231643235523,0.003));
#11174=CARTESIAN_POINT('',(-0.0211317056835591,0.00434089906635346,0.003));
#11175=CARTESIAN_POINT('',(-0.0207048723010263,0.00385131529373927,0.003));
#11176=CARTESIAN_POINT('',(-0.0207048723010263,0.00385131529373927,0.003));
#11177=CARTESIAN_POINT('',(-0.0211317056835591,0.00434089906635346,0.003));
#11178=CARTESIAN_POINT('',(-0.0202532002224197,0.00319439714757473,0.003));
#11179=CARTESIAN_POINT('',(-0.019801528143813,0.00253747900141017,0.003));
#11180=CARTESIAN_POINT('',(-0.019801528143813,0.00253747900141017,0.003));
#11181=CARTESIAN_POINT('',(-0.0202532002224197,0.00319439714757473,0.003));
#11182=CARTESIAN_POINT('',(-0.0199773599660202,0.00251656220471638,0.003));
#11183=CARTESIAN_POINT('',(-0.0201531917882274,0.00249564540802258,0.003));
#11184=CARTESIAN_POINT('',(-0.0201531917882274,0.00249564540802258,0.003));
#11185=CARTESIAN_POINT('',(-0.0199773599660202,0.00251656220471638,0.003));
#11186=CARTESIAN_POINT('',(-0.0201486162389506,0.00240805632186731,0.003));
#11187=CARTESIAN_POINT('',(-0.0201440406896739,0.00232046723571204,0.003));
#11188=CARTESIAN_POINT('',(-0.0201440406896739,0.00232046723571204,0.003));
#11189=CARTESIAN_POINT('',(-0.0201486162389506,0.00240805632186731,0.003));
#11190=CARTESIAN_POINT('',(-0.0193282856186159,0.00232046723571204,0.003));
#11191=CARTESIAN_POINT('',(-0.0185125305475577,0.00232046723571204,0.003));
#11192=CARTESIAN_POINT('',(-0.0185125305475577,0.00232046723571204,0.003));
#11193=CARTESIAN_POINT('',(-0.0193282856186159,0.00232046723571204,0.003));
#11194=CARTESIAN_POINT('',(-0.0185086086481777,0.00240021252310714,0.003));
#11195=CARTESIAN_POINT('',(-0.0185046867487976,0.00247995781050223,0.003));
#11196=CARTESIAN_POINT('',(-0.0185046867487976,0.00247995781050223,0.003));
#11197=CARTESIAN_POINT('',(-0.0185086086481777,0.00240021252310714,0.003));
#11198=CARTESIAN_POINT('',(-0.0186341094283404,0.00250871840595621,0.003));
#11199=CARTESIAN_POINT('',(-0.0187635321078833,0.00253747900141017,0.003));
#11200=CARTESIAN_POINT('',(-0.0187635321078833,0.00253747900141017,0.003));
#11201=CARTESIAN_POINT('',(-0.0186341094283404,0.00250871840595621,0.003));
#11202=CARTESIAN_POINT('',(-0.0196171988729489,0.00352514399529538,0.003));
#11203=CARTESIAN_POINT('',(-0.0204708656380145,0.0045128089891806,0.003));
#11204=CARTESIAN_POINT('',(-0.0204708656380145,0.0045128089891806,0.003));
#11205=CARTESIAN_POINT('',(-0.0196171988729489,0.00352514399529538,0.003));
#11206=CARTESIAN_POINT('',(-0.0193537779645864,0.00492199382450299,0.003));
#11207=CARTESIAN_POINT('',(-0.0193537779645864,0.00492199382450299,0.));
#11208=CARTESIAN_POINT('',(-0.0196130590902699,0.00467099226417743,0.003));
#11209=CARTESIAN_POINT('',(-0.0196130590902699,0.00467099226417743,4.33680868994202E-19));
#11210=CARTESIAN_POINT('',(-0.0199854216480793,0.00453459731906997,0.003));
#11211=CARTESIAN_POINT('',(-0.0199854216480793,0.00453459731906997,4.33680868994202E-19));
#11212=CARTESIAN_POINT('',(-0.0204708656380145,0.0045128089891806,0.003));
#11213=CARTESIAN_POINT('',(-0.0204708656380145,0.0045128089891806,0.));
#11214=CARTESIAN_POINT('',(-0.0193537779645864,0.00492199382450299,0.003));
#11215=CARTESIAN_POINT('',(-0.0193537779645864,0.00492199382450299,0.003));
#11216=CARTESIAN_POINT('',(-0.0193537779645864,0.00492199382450299,0.003));
#11217=CARTESIAN_POINT('',(-0.0197426996531117,0.00454549148401465,0.003));
#11218=CARTESIAN_POINT('',(-0.0204708656380145,0.0045128089891806,0.003));
#11219=CARTESIAN_POINT('',(-0.0189648562760611,0.00595214606167248,0.003));
#11220=CARTESIAN_POINT('',(-0.0189648562760611,0.00595214606167248,0.));
#11221=CARTESIAN_POINT('',(-0.0189648562760611,0.00551637946388505,0.003));
#11222=CARTESIAN_POINT('',(-0.0189648562760611,0.00551637946388505,4.33680868994202E-19));
#11223=CARTESIAN_POINT('',(-0.0190944968389029,0.00517299538482855,0.003));
#11224=CARTESIAN_POINT('',(-0.0190944968389029,0.00517299538482855,4.33680868994202E-19));
#11225=CARTESIAN_POINT('',(-0.0193537779645864,0.00492199382450299,0.003));
#11226=CARTESIAN_POINT('',(-0.0193537779645864,0.00492199382450299,0.));
#11227=CARTESIAN_POINT('',(-0.0189648562760611,0.00595214606167248,0.003));
#11228=CARTESIAN_POINT('',(-0.0189648562760611,0.00595214606167248,0.003));
#11229=CARTESIAN_POINT('',(-0.0189648562760611,0.00595214606167248,0.003));
#11230=CARTESIAN_POINT('',(-0.0189648562760611,0.00529849616499133,0.003));
#11231=CARTESIAN_POINT('',(-0.0193537779645864,0.00492199382450299,0.003));
#11232=CARTESIAN_POINT('',(-0.0208643628758165,0.00740717073168471,0.003));
#11233=CARTESIAN_POINT('',(-0.0208643628758165,0.00740717073168471,0.));
#11234=CARTESIAN_POINT('',(-0.0195980251426462,0.00740717073168471,0.003));
#11235=CARTESIAN_POINT('',(-0.0195980251426462,0.00740717073168471,4.33680868994202E-19));
#11236=CARTESIAN_POINT('',(-0.0189648562760611,0.0069221625083473,0.003));
#11237=CARTESIAN_POINT('',(-0.0189648562760611,0.0069221625083473,4.33680868994202E-19));
#11238=CARTESIAN_POINT('',(-0.0189648562760611,0.00595214606167248,0.003));
#11239=CARTESIAN_POINT('',(-0.0189648562760611,0.00595214606167248,0.));
#11240=CARTESIAN_POINT('',(-0.0208643628758165,0.00740717073168471,0.003));
#11241=CARTESIAN_POINT('',(-0.0208643628758165,0.00740717073168471,0.003));
#11242=CARTESIAN_POINT('',(-0.0208643628758165,0.00740717073168471,0.003));
#11243=CARTESIAN_POINT('',(-0.0189648562760611,0.00740717073168471,0.003));
#11244=CARTESIAN_POINT('',(-0.0189648562760611,0.00595214606167248,0.003));
#11245=CARTESIAN_POINT('',(-0.0197655920988877,-0.0981940696814275,0.003));
#11246=CARTESIAN_POINT('',(-0.0226632340806991,0.00737394556269315,0.003));
#11247=CARTESIAN_POINT('',(-0.0226632340805453,0.00737394556253598,0.003));
#11248=CARTESIAN_POINT('',(-0.0197655920988877,-0.0981940696814275,0.003));
#11249=CARTESIAN_POINT('',(-0.0226671292908631,0.00729474294945555,0.003));
#11250=CARTESIAN_POINT('',(-0.0226710511902432,0.00721499766206045,0.003));
#11251=CARTESIAN_POINT('',(-0.0226710511902432,0.00721499766206045,0.003));
#11252=CARTESIAN_POINT('',(-0.0226671292908631,0.00729474294945555,0.003));
#11253=CARTESIAN_POINT('',(-0.0225455504100804,0.0071855834167098,0.003));
#11254=CARTESIAN_POINT('',(-0.0224200496299177,0.00715616917135915,0.003));
#11255=CARTESIAN_POINT('',(-0.0224200496299177,0.00715616917135915,0.003));
#11256=CARTESIAN_POINT('',(-0.0225455504100804,0.0071855834167098,0.003));
#11257=CARTESIAN_POINT('',(-0.0223697185878732,0.00644499808377006,0.003));
#11258=CARTESIAN_POINT('',(-0.0223193875458287,0.00573382699618098,0.003));
#11259=CARTESIAN_POINT('',(-0.0223193875458287,0.00573382699618098,0.003));
#11260=CARTESIAN_POINT('',(-0.0223697185878732,0.00644499808377006,0.003));
#11261=CARTESIAN_POINT('',(-0.0223193875458287,0.00485532153504152,0.003));
#11262=CARTESIAN_POINT('',(-0.0223193875458287,0.00485532153504152,0.003));
#11263=CARTESIAN_POINT('',(0.,0.,0.003));
#11264=CARTESIAN_POINT('',(-0.0178896021960206,0.00480106859361698,0.003));
#11265=CARTESIAN_POINT('',(-0.0178523441519098,0.00416898914352631,0.003));
#11266=CARTESIAN_POINT('',(-0.0178523441519098,0.00416898914352631,0.003));
#11267=CARTESIAN_POINT('',(-0.0178896021960206,0.00480106859361698,0.003));
#11268=CARTESIAN_POINT('',(-0.0179268602401314,0.00543314804370765,0.003));
#11269=CARTESIAN_POINT('',(-0.0179268602401314,0.00543314804370765,0.003));
#11270=CARTESIAN_POINT('',(-0.0178523441519098,0.0037846430042778,0.003));
#11271=CARTESIAN_POINT('',(-0.0178523441519098,0.00340029686502929,0.003));
#11272=CARTESIAN_POINT('',(-0.0178523441519098,0.00340029686502929,0.003));
#11273=CARTESIAN_POINT('',(-0.0178523441519098,0.0037846430042778,0.003));
#11274=CARTESIAN_POINT('',(-0.0175804257948904,0.00251264030533629,0.003));
#11275=CARTESIAN_POINT('',(-0.0175804257948904,0.00251264030533629,0.));
#11276=CARTESIAN_POINT('',(-0.01776170469957,0.00272442287186098,0.003));
#11277=CARTESIAN_POINT('',(-0.01776170469957,0.00272442287186098,4.33680868994202E-19));
#11278=CARTESIAN_POINT('',(-0.0178523441519098,0.00302030839175865,0.003));
#11279=CARTESIAN_POINT('',(-0.0178523441519098,0.00302030839175865,4.33680868994202E-19));
#11280=CARTESIAN_POINT('',(-0.0178523441519098,0.00340029686502929,0.003));
#11281=CARTESIAN_POINT('',(-0.0178523441519098,0.00340029686502929,0.));
#11282=CARTESIAN_POINT('',(-0.0175804257948904,0.00251264030533629,0.003));
#11283=CARTESIAN_POINT('',(-0.0175804257948904,0.00251264030533629,0.003));
#11284=CARTESIAN_POINT('',(-0.0175804257948904,0.00251264030533629,0.003));
#11285=CARTESIAN_POINT('',(-0.0178523441519098,0.00283031415512333,0.003));
#11286=CARTESIAN_POINT('',(-0.0178523441519098,0.00340029686502929,0.003));
#11287=CARTESIAN_POINT('',(-0.0167770900718693,0.00219496645554926,0.003));
#11288=CARTESIAN_POINT('',(-0.0167770900718693,0.00219496645554926,0.));
#11289=CARTESIAN_POINT('',(-0.0171313683158705,0.00219496645554926,0.003));
#11290=CARTESIAN_POINT('',(-0.0171313683158705,0.00219496645554926,4.33680868994202E-19));
#11291=CARTESIAN_POINT('',(-0.0173991468902109,0.0023008577388116,0.003));
#11292=CARTESIAN_POINT('',(-0.0173991468902109,0.0023008577388116,4.33680868994202E-19));
#11293=CARTESIAN_POINT('',(-0.0175804257948904,0.00251264030533629,0.003));
#11294=CARTESIAN_POINT('',(-0.0175804257948904,0.00251264030533629,0.));
#11295=CARTESIAN_POINT('',(-0.0167770900718693,0.00219496645554926,0.003));
#11296=CARTESIAN_POINT('',(-0.0167770900718693,0.00219496645554926,0.003));
#11297=CARTESIAN_POINT('',(-0.0167770900718693,0.00219496645554926,0.003));
#11298=CARTESIAN_POINT('',(-0.0173085074378711,0.00219496645554926,0.003));
#11299=CARTESIAN_POINT('',(-0.0175804257948904,0.00251264030533629,0.003));
#11300=CARTESIAN_POINT('',(-0.0156939921930686,0.00262114618818536,0.003));
#11301=CARTESIAN_POINT('',(-0.0156939921930686,0.00262114618818536,0.));
#11302=CARTESIAN_POINT('',(-0.0160617792016013,0.00233702636642796,0.003));
#11303=CARTESIAN_POINT('',(-0.0160617792016013,0.00233702636642796,4.33680868994202E-19));
#11304=CARTESIAN_POINT('',(-0.0164228118278681,0.00219496645554926,0.003));
#11305=CARTESIAN_POINT('',(-0.0164228118278681,0.00219496645554926,4.33680868994202E-19));
#11306=CARTESIAN_POINT('',(-0.0167770900718693,0.00219496645554926,0.003));
#11307=CARTESIAN_POINT('',(-0.0167770900718693,0.00219496645554926,0.));
#11308=CARTESIAN_POINT('',(-0.0156939921930686,0.00262114618818536,0.003));
#11309=CARTESIAN_POINT('',(-0.0156939921930686,0.00262114618818536,0.003));
#11310=CARTESIAN_POINT('',(-0.0156939921930686,0.00262114618818536,0.003));
#11311=CARTESIAN_POINT('',(-0.0162456727058676,0.00219496645554926,0.003));
#11312=CARTESIAN_POINT('',(-0.0167770900718693,0.00219496645554926,0.003));
#11313=CARTESIAN_POINT('',(-0.0157018359918288,0.00242897311856111,0.003));
#11314=CARTESIAN_POINT('',(-0.015709679790589,0.00223680004893685,0.003));
#11315=CARTESIAN_POINT('',(-0.015709679790589,0.00223680004893685,0.003));
#11316=CARTESIAN_POINT('',(-0.0157018359918288,0.00242897311856111,0.003));
#11317=CARTESIAN_POINT('',(-0.0151704186258271,0.00228255554170453,0.003));
#11318=CARTESIAN_POINT('',(-0.0146311574610651,0.00232831103447221,0.003));
#11319=CARTESIAN_POINT('',(-0.0146311574610651,0.00232831103447221,0.003));
#11320=CARTESIAN_POINT('',(-0.0151704186258271,0.00228255554170453,0.003));
#11321=CARTESIAN_POINT('',(-0.0146265819117883,0.00240805632186731,0.003));
#11322=CARTESIAN_POINT('',(-0.0146220063625116,0.00248780160926241,0.003));
#11323=CARTESIAN_POINT('',(-0.0146220063625116,0.00248780160926241,0.003));
#11324=CARTESIAN_POINT('',(-0.0146265819117883,0.00240805632186731,0.003));
#11325=CARTESIAN_POINT('',(-0.0147645020399881,0.00251721585461306,0.003));
#11326=CARTESIAN_POINT('',(-0.0149069977174646,0.00254663009996371,0.003));
#11327=CARTESIAN_POINT('',(-0.0149069977174646,0.00254663009996371,0.003));
#11328=CARTESIAN_POINT('',(-0.0147645020399881,0.00251721585461306,0.003));
#11329=CARTESIAN_POINT('',(-0.0149449094114721,0.00317805590015769,0.003));
#11330=CARTESIAN_POINT('',(-0.0149828211054796,0.00380948170035168,0.003));
#11331=CARTESIAN_POINT('',(-0.0149828211054796,0.00380948170035168,0.003));
#11332=CARTESIAN_POINT('',(-0.0149449094114721,0.00317805590015769,0.003));
#11333=CARTESIAN_POINT('',(-0.0149828211054796,0.003989235421939,0.003));
#11334=CARTESIAN_POINT('',(-0.0149828211054796,0.00416898914352631,0.003));
#11335=CARTESIAN_POINT('',(-0.0149828211054796,0.00416898914352631,0.003));
#11336=CARTESIAN_POINT('',(-0.0149828211054796,0.003989235421939,0.003));
#11337=CARTESIAN_POINT('',(-0.014940987512092,0.00495598361913041,0.003));
#11338=CARTESIAN_POINT('',(-0.0148991539187044,0.00574297809473451,0.003));
#11339=CARTESIAN_POINT('',(-0.0148991539187044,0.00574297809473451,0.003));
#11340=CARTESIAN_POINT('',(-0.014940987512092,0.00495598361913041,0.003));
#11341=CARTESIAN_POINT('',(-0.0154384150834664,0.00569656895207015,0.003));
#11342=CARTESIAN_POINT('',(-0.0159776762482283,0.00565015980940579,0.003));
#11343=CARTESIAN_POINT('',(-0.0159776762482283,0.00565015980940579,0.003));
#11344=CARTESIAN_POINT('',(-0.0154384150834664,0.00569656895207015,0.003));
#11345=CARTESIAN_POINT('',(-0.015982251797505,0.00557106817190737,0.003));
#11346=CARTESIAN_POINT('',(-0.0159868273467818,0.00549197653440895,0.003));
#11347=CARTESIAN_POINT('',(-0.0159868273467818,0.00549197653440895,0.003));
#11348=CARTESIAN_POINT('',(-0.015982251797505,0.00557106817190737,0.003));
#11349=CARTESIAN_POINT('',(-0.0158443316693053,0.0054625622890583,0.003));
#11350=CARTESIAN_POINT('',(-0.0157018359918288,0.00543314804370765,0.003));
#11351=CARTESIAN_POINT('',(-0.0157018359918288,0.00543314804370765,0.003));
#11352=CARTESIAN_POINT('',(-0.0158443316693053,0.0054625622890583,0.003));
#11353=CARTESIAN_POINT('',(-0.0156639242978214,0.00480106859361698,0.003));
#11354=CARTESIAN_POINT('',(-0.0156260126038138,0.00416898914352631,0.003));
#11355=CARTESIAN_POINT('',(-0.0156260126038138,0.00416898914352631,0.003));
#11356=CARTESIAN_POINT('',(-0.0156639242978214,0.00480106859361698,0.003));
#11357=CARTESIAN_POINT('',(-0.0156260126038138,0.003989235421939,0.003));
#11358=CARTESIAN_POINT('',(-0.0156260126038138,0.00380948170035168,0.003));
#11359=CARTESIAN_POINT('',(-0.0156260126038138,0.00380948170035168,0.003));
#11360=CARTESIAN_POINT('',(-0.0156260126038138,0.003989235421939,0.003));
#11361=CARTESIAN_POINT('',(-0.0156469294005076,0.0034414768085202,0.003));
#11362=CARTESIAN_POINT('',(-0.0156678461972014,0.00307347191668872,0.003));
#11363=CARTESIAN_POINT('',(-0.0156678461972014,0.00307347191668872,0.003));
#11364=CARTESIAN_POINT('',(-0.0156469294005076,0.0034414768085202,0.003));
#11365=CARTESIAN_POINT('',(-0.0164548406728055,0.00277279296421539,0.003));
#11366=CARTESIAN_POINT('',(-0.0164548406728055,0.00277279296421539,0.));
#11367=CARTESIAN_POINT('',(-0.0161925091809375,0.00277279296421539,0.003));
#11368=CARTESIAN_POINT('',(-0.0161925091809375,0.00277279296421539,4.33680868994202E-19));
#11369=CARTESIAN_POINT('',(-0.0159301776890694,0.00287301928170649,0.003));
#11370=CARTESIAN_POINT('',(-0.0159301776890694,0.00287301928170649,4.33680868994202E-19));
#11371=CARTESIAN_POINT('',(-0.0156678461972014,0.00307347191668872,0.003));
#11372=CARTESIAN_POINT('',(-0.0156678461972014,0.00307347191668872,0.));
#11373=CARTESIAN_POINT('',(-0.0164548406728055,0.00277279296421539,0.003));
#11374=CARTESIAN_POINT('',(-0.0164548406728055,0.00277279296421539,0.003));
#11375=CARTESIAN_POINT('',(-0.0164548406728055,0.00277279296421539,0.003));
#11376=CARTESIAN_POINT('',(-0.0160613434350034,0.00277279296421539,0.003));
#11377=CARTESIAN_POINT('',(-0.0156678461972014,0.00307347191668872,0.003));
#11378=CARTESIAN_POINT('',(-0.0170280916321949,0.00294404923714585,0.003));
#11379=CARTESIAN_POINT('',(-0.0170280916321949,0.00294404923714585,0.));
#11380=CARTESIAN_POINT('',(-0.0169082558178033,0.00282987838852554,0.003));
#11381=CARTESIAN_POINT('',(-0.0169082558178033,0.00282987838852554,4.33680868994202E-19));
#11382=CARTESIAN_POINT('',(-0.0167171721646735,0.00277279296421539,0.003));
#11383=CARTESIAN_POINT('',(-0.0167171721646735,0.00277279296421539,4.33680868994202E-19));
#11384=CARTESIAN_POINT('',(-0.0164548406728055,0.00277279296421539,0.003));
#11385=CARTESIAN_POINT('',(-0.0164548406728055,0.00277279296421539,0.));
#11386=CARTESIAN_POINT('',(-0.0170280916321949,0.00294404923714585,0.003));
#11387=CARTESIAN_POINT('',(-0.0170280916321949,0.00294404923714585,0.003));
#11388=CARTESIAN_POINT('',(-0.0170280916321949,0.00294404923714585,0.003));
#11389=CARTESIAN_POINT('',(-0.0168483379106075,0.00277279296421539,0.003));
#11390=CARTESIAN_POINT('',(-0.0164548406728055,0.00277279296421539,0.003));
#11391=CARTESIAN_POINT('',(-0.0172078453537822,0.00343297935986334,0.003));
#11392=CARTESIAN_POINT('',(-0.0172078453537822,0.00343297935986334,0.));
#11393=CARTESIAN_POINT('',(-0.0172078453537822,0.00322119679333865,0.003));
#11394=CARTESIAN_POINT('',(-0.0172078453537822,0.00322119679333865,4.33680868994202E-19));
#11395=CARTESIAN_POINT('',(-0.0171479274465864,0.00305822008576615,0.003));
#11396=CARTESIAN_POINT('',(-0.0171479274465864,0.00305822008576615,4.33680868994202E-19));
#11397=CARTESIAN_POINT('',(-0.0170280916321949,0.00294404923714585,0.003));
#11398=CARTESIAN_POINT('',(-0.0170280916321949,0.00294404923714585,0.));
#11399=CARTESIAN_POINT('',(-0.0172078453537822,0.00343297935986334,0.003));
#11400=CARTESIAN_POINT('',(-0.0172078453537822,0.00343297935986334,0.003));
#11401=CARTESIAN_POINT('',(-0.0172078453537822,0.00343297935986334,0.003));
#11402=CARTESIAN_POINT('',(-0.0172078453537822,0.00311530551007631,0.003));
#11403=CARTESIAN_POINT('',(-0.0170280916321949,0.00294404923714585,0.003));
#11404=CARTESIAN_POINT('',(-0.0172078453537822,0.00380098425169483,0.003));
#11405=CARTESIAN_POINT('',(-0.0172078453537822,0.00416898914352631,0.003));
#11406=CARTESIAN_POINT('',(-0.0172078453537822,0.00416898914352631,0.003));
#11407=CARTESIAN_POINT('',(-0.0172078453537822,0.00380098425169483,0.003));
#11408=CARTESIAN_POINT('',(-0.0171660117603946,0.00495598361913041,0.003));
#11409=CARTESIAN_POINT('',(-0.017124178167007,0.00574297809473451,0.003));
#11410=CARTESIAN_POINT('',(-0.017124178167007,0.00574297809473451,0.003));
#11411=CARTESIAN_POINT('',(-0.0171660117603946,0.00495598361913041,0.003));
#11412=CARTESIAN_POINT('',(-0.0176640929816657,0.00569656895207015,0.003));
#11413=CARTESIAN_POINT('',(-0.0182040077963243,0.00565015980940579,0.003));
#11414=CARTESIAN_POINT('',(-0.0182040077963243,0.00565015980940579,0.003));
#11415=CARTESIAN_POINT('',(-0.0176640929816657,0.00569656895207015,0.003));
#11416=CARTESIAN_POINT('',(-0.0182079296957043,0.00557106817190737,0.003));
#11417=CARTESIAN_POINT('',(-0.0182118515950845,0.00549197653440895,0.003));
#11418=CARTESIAN_POINT('',(-0.0182118515950845,0.00549197653440895,0.003));
#11419=CARTESIAN_POINT('',(-0.0182079296957043,0.00557106817190737,0.003));
#11420=CARTESIAN_POINT('',(-0.018069355917608,0.0054625622890583,0.003));
#11421=CARTESIAN_POINT('',(-0.018069355917608,0.0054625622890583,0.003));
#11422=CARTESIAN_POINT('',(0.,0.,0.003));
#11423=CARTESIAN_POINT('',(-0.0136892479599476,0.00582599163161302,0.003));
#11424=CARTESIAN_POINT('',(-0.0137265060040584,0.00591815626704506,0.003));
#11425=CARTESIAN_POINT('',(-0.0137265060040584,0.00591815626704506,0.003));
#11426=CARTESIAN_POINT('',(-0.0136892479599476,0.00582599163161302,0.003));
#11427=CARTESIAN_POINT('',(-0.0136519899158368,0.00573382699618098,0.003));
#11428=CARTESIAN_POINT('',(-0.0136519899158368,0.00573382699618098,0.003));
#11429=CARTESIAN_POINT('',(-0.0137938319434166,0.00591815626704506,0.003));
#11430=CARTESIAN_POINT('',(-0.0138611578827747,0.00591815626704506,0.003));
#11431=CARTESIAN_POINT('',(-0.0138611578827747,0.00591815626704506,0.003));
#11432=CARTESIAN_POINT('',(-0.0137938319434166,0.00591815626704506,0.003));
#11433=CARTESIAN_POINT('',(-0.0138193242893871,0.0053828170016632,0.003));
#11434=CARTESIAN_POINT('',(-0.0137774906959995,0.00484747773628134,0.003));
#11435=CARTESIAN_POINT('',(-0.0137774906959995,0.00484747773628134,0.003));
#11436=CARTESIAN_POINT('',(-0.0138193242893871,0.0053828170016632,0.003));
#11437=CARTESIAN_POINT('',(-0.0137062428572613,0.00485139963566143,0.003));
#11438=CARTESIAN_POINT('',(-0.013634995018523,0.00485532153504152,0.003));
#11439=CARTESIAN_POINT('',(-0.013634995018523,0.00485532153504152,0.003));
#11440=CARTESIAN_POINT('',(-0.0137062428572613,0.00485139963566143,0.003));
#11441=CARTESIAN_POINT('',(-0.0136180001212093,0.00500631466117486,0.003));
#11442=CARTESIAN_POINT('',(-0.0136010052238956,0.00515730778730821,0.003));
#11443=CARTESIAN_POINT('',(-0.0136010052238956,0.00515730778730821,0.003));
#11444=CARTESIAN_POINT('',(-0.0136180001212093,0.00500631466117486,0.003));
#11445=CARTESIAN_POINT('',(-0.013257839028138,0.0051991413806958,0.003));
#11446=CARTESIAN_POINT('',(-0.0129146728323804,0.00524097497408339,0.003));
#11447=CARTESIAN_POINT('',(-0.0129146728323804,0.00524097497408339,0.003));
#11448=CARTESIAN_POINT('',(-0.013257839028138,0.0051991413806958,0.003));
#11449=CARTESIAN_POINT('',(-0.0125590872885859,0.00524097497408339,0.003));
#11450=CARTESIAN_POINT('',(-0.0122035017447913,0.00524097497408339,0.003));
#11451=CARTESIAN_POINT('',(-0.0122035017447913,0.00524097497408339,0.003));
#11452=CARTESIAN_POINT('',(-0.0125590872885859,0.00524097497408339,0.003));
#11453=CARTESIAN_POINT('',(-0.0130990021032445,0.00383105214694216,0.003));
#11454=CARTESIAN_POINT('',(-0.0139945024616977,0.00242112931980093,0.003));
#11455=CARTESIAN_POINT('',(-0.0139945024616977,0.00242112931980093,0.003));
#11456=CARTESIAN_POINT('',(-0.0130990021032445,0.00383105214694216,0.003));
#11457=CARTESIAN_POINT('',(-0.013977507564384,0.00235380338044278,0.003));
#11458=CARTESIAN_POINT('',(-0.0139605126670703,0.00228647744108461,0.003));
#11459=CARTESIAN_POINT('',(-0.0139605126670703,0.00228647744108461,0.003));
#11460=CARTESIAN_POINT('',(-0.013977507564384,0.00235380338044278,0.003));
#11461=CARTESIAN_POINT('',(-0.0136258439199695,0.00232438913509212,0.003));
#11462=CARTESIAN_POINT('',(-0.0132911751728688,0.00236230082909963,0.003));
#11463=CARTESIAN_POINT('',(-0.0132911751728688,0.00236230082909963,0.003));
#11464=CARTESIAN_POINT('',(-0.0136258439199695,0.00232438913509212,0.003));
#11465=CARTESIAN_POINT('',(-0.01244208395708,0.00232438913509212,0.003));
#11466=CARTESIAN_POINT('',(-0.0115929927412912,0.00228647744108461,0.003));
#11467=CARTESIAN_POINT('',(-0.0115929927412912,0.00228647744108461,0.003));
#11468=CARTESIAN_POINT('',(-0.01244208395708,0.00232438913509212,0.003));
#11469=CARTESIAN_POINT('',(-0.0115975682905679,0.00219496645554926,0.003));
#11470=CARTESIAN_POINT('',(-0.0116021438398447,0.0021034554700139,0.003));
#11471=CARTESIAN_POINT('',(-0.0116021438398447,0.0021034554700139,0.003));
#11472=CARTESIAN_POINT('',(-0.0115975682905679,0.00219496645554926,0.003));
#11473=CARTESIAN_POINT('',(-0.0115184766530695,0.0021034554700139,0.003));
#11474=CARTESIAN_POINT('',(-0.0114348094662943,0.0021034554700139,0.003));
#11475=CARTESIAN_POINT('',(-0.0114348094662943,0.0021034554700139,0.003));
#11476=CARTESIAN_POINT('',(-0.0115184766530695,0.0021034554700139,0.003));
#11477=CARTESIAN_POINT('',(-0.0113171524848917,0.0026093804900451,0.003));
#11478=CARTESIAN_POINT('',(-0.0111994955034891,0.00311530551007631,0.003));
#11479=CARTESIAN_POINT('',(-0.0111994955034891,0.00311530551007631,0.003));
#11480=CARTESIAN_POINT('',(-0.0113171524848917,0.0026093804900451,0.003));
#11481=CARTESIAN_POINT('',(-0.0112753188915041,0.00313230040739001,0.003));
#11482=CARTESIAN_POINT('',(-0.0113511422795191,0.00314929530470372,0.003));
#11483=CARTESIAN_POINT('',(-0.0113511422795191,0.00314929530470372,0.003));
#11484=CARTESIAN_POINT('',(-0.0112753188915041,0.00313230040739001,0.003));
#11485=CARTESIAN_POINT('',(-0.0114178145689806,0.00299438027919029,0.003));
#11486=CARTESIAN_POINT('',(-0.0114844868584421,0.00283946525367686,0.003));
#11487=CARTESIAN_POINT('',(-0.0114844868584421,0.00283946525367686,0.003));
#11488=CARTESIAN_POINT('',(-0.0114178145689806,0.00299438027919029,0.003));
#11489=CARTESIAN_POINT('',(-0.0117688245634984,0.00281005100832621,0.003));
#11490=CARTESIAN_POINT('',(-0.0120531622685547,0.00278063676297556,0.003));
#11491=CARTESIAN_POINT('',(-0.0120531622685547,0.00278063676297556,0.003));
#11492=CARTESIAN_POINT('',(-0.0117688245634984,0.00281005100832621,0.003));
#11493=CARTESIAN_POINT('',(-0.0125133317958182,0.00278063676297556,0.003));
#11494=CARTESIAN_POINT('',(-0.0129735013230817,0.00278063676297556,0.003));
#11495=CARTESIAN_POINT('',(-0.0129735013230817,0.00278063676297556,0.003));
#11496=CARTESIAN_POINT('',(-0.0125133317958182,0.00278063676297556,0.003));
#11497=CARTESIAN_POINT('',(-0.0120786546145252,0.00418598404084003,0.003));
#11498=CARTESIAN_POINT('',(-0.0111838079059688,0.00559133131870449,0.003));
#11499=CARTESIAN_POINT('',(-0.0111838079059688,0.00559133131870449,0.003));
#11500=CARTESIAN_POINT('',(-0.0120786546145252,0.00418598404084003,0.003));
#11501=CARTESIAN_POINT('',(-0.0111962272540057,0.00565015980940579,0.003));
#11502=CARTESIAN_POINT('',(-0.0112086466020426,0.00570898830010709,0.003));
#11503=CARTESIAN_POINT('',(-0.0112086466020426,0.00570898830010709,0.003));
#11504=CARTESIAN_POINT('',(-0.0111962272540057,0.00565015980940579,0.003));
#11505=CARTESIAN_POINT('',(-0.011572729594494,0.00568414960403321,0.003));
#11506=CARTESIAN_POINT('',(-0.0119368125869454,0.00565931090795933,0.003));
#11507=CARTESIAN_POINT('',(-0.0119368125869454,0.00565931090795933,0.003));
#11508=CARTESIAN_POINT('',(-0.011572729594494,0.00568414960403321,0.003));
#11509=CARTESIAN_POINT('',(-0.0127944012513911,0.00569656895207015,0.003));
#11510=CARTESIAN_POINT('',(-0.0127944012513911,0.00569656895207015,0.003));
#11511=CARTESIAN_POINT('',(0.,0.,0.003));
#11512=CARTESIAN_POINT('',(-0.0084646243357752,0.00393498248051447,0.003));
#11513=CARTESIAN_POINT('',(-0.0084646243357752,0.00393498248051447,0.));
#11514=CARTESIAN_POINT('',(-0.00903896471165903,0.0038295269638499,0.003));
#11515=CARTESIAN_POINT('',(-0.00903896471165903,0.0038295269638499,4.33680868994202E-19));
#11516=CARTESIAN_POINT('',(-0.00941960683482635,0.00373344042903778,0.003));
#11517=CARTESIAN_POINT('',(-0.00941960683482635,0.00373344042903778,4.33680868994202E-19));
#11518=CARTESIAN_POINT('',(-0.00960655070527716,0.00364672287607808,0.003));
#11519=CARTESIAN_POINT('',(-0.00960655070527716,0.00364672287607808,0.));
#11520=CARTESIAN_POINT('',(-0.0084646243357752,0.00393498248051447,0.));
#11521=CARTESIAN_POINT('',(-0.00932613489960094,0.00377679920551763,0.));
#11522=CARTESIAN_POINT('',(-0.00960655070527716,0.00364672287607808,0.));
#11523=CARTESIAN_POINT('',(-0.0084646243357752,0.00393498248051447,0.));
#11524=CARTESIAN_POINT('',(-0.00960655070527716,0.00364672287607808,0.));
#11525=CARTESIAN_POINT('',(-0.0084646243357752,0.00393498248051447,0.003));
#11526=CARTESIAN_POINT('',(-0.0084646243357752,0.00393498248051447,0.003));
#11527=CARTESIAN_POINT('',(-0.0084646243357752,0.00393498248051447,0.003));
#11528=CARTESIAN_POINT('',(-0.00932613489960094,0.00377679920551763,0.003));
#11529=CARTESIAN_POINT('',(-0.00960655070527716,0.00364672287607808,0.003));
#11530=CARTESIAN_POINT('',(-0.00960655070527716,0.00364672287607808,0.003));
#11531=CARTESIAN_POINT('',(-0.00960655070527716,0.00364672287607808,0.003));
#11532=CARTESIAN_POINT('',(-0.00848554113246899,0.00348331040190779,0.003));
#11533=CARTESIAN_POINT('',(-0.00848554113246899,0.00348331040190779,0.));
#11534=CARTESIAN_POINT('',(-0.00850645792916279,0.00303163832330112,0.));
#11535=CARTESIAN_POINT('',(-0.00850645792916279,0.00303163832330112,0.003));
#11536=CARTESIAN_POINT('',(-0.00850645792916279,0.00303163832330112,0.003));
#11537=CARTESIAN_POINT('',(-0.00848554113246899,0.00348331040190779,0.003));
#11538=CARTESIAN_POINT('',(-0.00920520966871493,0.00266297978157296,0.003));
#11539=CARTESIAN_POINT('',(-0.00920520966871493,0.00266297978157296,0.));
#11540=CARTESIAN_POINT('',(-0.00898514753683228,0.00266297978157296,0.003));
#11541=CARTESIAN_POINT('',(-0.00898514753683228,0.00266297978157296,4.33680868994202E-19));
#11542=CARTESIAN_POINT('',(-0.0087522302903149,0.00278586596214901,0.003));
#11543=CARTESIAN_POINT('',(-0.0087522302903149,0.00278586596214901,4.33680868994202E-19));
#11544=CARTESIAN_POINT('',(-0.00850645792916279,0.00303163832330112,0.003));
#11545=CARTESIAN_POINT('',(-0.00850645792916279,0.00303163832330112,0.));
#11546=CARTESIAN_POINT('',(-0.00920520966871493,0.00266297978157296,0.));
#11547=CARTESIAN_POINT('',(-0.00887511647089095,0.00266297978157296,0.));
#11548=CARTESIAN_POINT('',(-0.00850645792916279,0.00303163832330112,0.));
#11549=CARTESIAN_POINT('',(-0.00920520966871493,0.00266297978157296,0.));
#11550=CARTESIAN_POINT('',(-0.00920520966871493,0.00266297978157296,0.003));
#11551=CARTESIAN_POINT('',(-0.00920520966871493,0.00266297978157296,0.003));
#11552=CARTESIAN_POINT('',(-0.00920520966871493,0.00266297978157296,0.003));
#11553=CARTESIAN_POINT('',(-0.00887511647089095,0.00266297978157296,0.003));
#11554=CARTESIAN_POINT('',(-0.00850645792916279,0.00303163832330112,0.003));
#11555=CARTESIAN_POINT('',(-0.00971113468874614,0.00283031415512333,0.003));
#11556=CARTESIAN_POINT('',(-0.00971113468874614,0.00283031415512333,0.));
#11557=CARTESIAN_POINT('',(-0.00959391347394132,0.00271875790608975,0.003));
#11558=CARTESIAN_POINT('',(-0.00959391347394132,0.00271875790608975,4.33680868994202E-19));
#11559=CARTESIAN_POINT('',(-0.00942527180059758,0.00266297978157296,0.003));
#11560=CARTESIAN_POINT('',(-0.00942527180059758,0.00266297978157296,4.33680868994202E-19));
#11561=CARTESIAN_POINT('',(-0.00920520966871493,0.00266297978157296,0.003));
#11562=CARTESIAN_POINT('',(-0.00920520966871493,0.00266297978157296,0.));
#11563=CARTESIAN_POINT('',(-0.00971113468874614,0.00283031415512333,0.));
#11564=CARTESIAN_POINT('',(-0.00953530286653891,0.00266297978157296,0.));
#11565=CARTESIAN_POINT('',(-0.00920520966871493,0.00266297978157296,0.));
#11566=CARTESIAN_POINT('',(-0.00971113468874614,0.00283031415512333,0.));
#11567=CARTESIAN_POINT('',(-0.00971113468874614,0.00283031415512333,0.003));
#11568=CARTESIAN_POINT('',(-0.00971113468874614,0.00283031415512333,0.003));
#11569=CARTESIAN_POINT('',(-0.00971113468874614,0.00283031415512333,0.003));
#11570=CARTESIAN_POINT('',(-0.00953530286653891,0.00266297978157296,0.003));
#11571=CARTESIAN_POINT('',(-0.00920520966871493,0.00266297978157296,0.003));
#11572=CARTESIAN_POINT('',(-0.00932412244413159,0.00323770092135514,0.003));
#11573=CARTESIAN_POINT('',(-0.00932412244413159,0.00323770092135514,0.));
#11574=CARTESIAN_POINT('',(-0.00988696651095337,0.00325714753765611,0.));
#11575=CARTESIAN_POINT('',(-0.00988696651095337,0.00325714753765611,0.003));
#11576=CARTESIAN_POINT('',(-0.00988696651095337,0.00325714753765611,0.003));
#11577=CARTESIAN_POINT('',(-0.00932412244413159,0.00323770092135514,0.003));
#11578=CARTESIAN_POINT('',(-0.0102255571574342,0.00578415803822542,0.003));
#11579=CARTESIAN_POINT('',(-0.0102634688514417,0.00587632267365747,0.003));
#11580=CARTESIAN_POINT('',(-0.0102634688514417,0.00587632267365747,0.003));
#11581=CARTESIAN_POINT('',(-0.0102255571574342,0.00578415803822542,0.003));
#11582=CARTESIAN_POINT('',(-0.0101876454634267,0.00569199340279338,0.003));
#11583=CARTESIAN_POINT('',(-0.0101876454634267,0.00569199340279338,0.003));
#11584=CARTESIAN_POINT('',(-0.0103301411409032,0.00587632267365747,0.003));
#11585=CARTESIAN_POINT('',(-0.0103968134303647,0.00587632267365747,0.003));
#11586=CARTESIAN_POINT('',(-0.0103968134303647,0.00587632267365747,0.003));
#11587=CARTESIAN_POINT('',(-0.0103301411409032,0.00587632267365747,0.003));
#11588=CARTESIAN_POINT('',(-0.0103549798369771,0.00531549106230504,0.003));
#11589=CARTESIAN_POINT('',(-0.0103131462435895,0.00475465945095262,0.003));
#11590=CARTESIAN_POINT('',(-0.0103131462435895,0.00475465945095262,0.003));
#11591=CARTESIAN_POINT('',(-0.0103549798369771,0.00531549106230504,0.003));
#11592=CARTESIAN_POINT('',(-0.0102425520547479,0.00475923500022939,0.003));
#11593=CARTESIAN_POINT('',(-0.0101719578659063,0.00476381054950615,0.003));
#11594=CARTESIAN_POINT('',(-0.0101719578659063,0.00476381054950615,0.003));
#11595=CARTESIAN_POINT('',(-0.0102425520547479,0.00475923500022939,0.003));
#11596=CARTESIAN_POINT('',(-0.0101549629685926,0.00491872557501959,0.003));
#11597=CARTESIAN_POINT('',(-0.0101379680712789,0.00507364060053302,0.003));
#11598=CARTESIAN_POINT('',(-0.0101379680712789,0.00507364060053302,0.003));
#11599=CARTESIAN_POINT('',(-0.0101549629685926,0.00491872557501959,0.003));
#11600=CARTESIAN_POINT('',(-0.00919213667078131,0.00531549106230504,0.003));
#11601=CARTESIAN_POINT('',(-0.00919213667078131,0.00531549106230504,0.));
#11602=CARTESIAN_POINT('',(-0.00943747326533563,0.00531549106230504,0.003));
#11603=CARTESIAN_POINT('',(-0.00943747326533563,0.00531549106230504,4.33680868994202E-19));
#11604=CARTESIAN_POINT('',(-0.00975275039883483,0.00523487424171437,0.003));
#11605=CARTESIAN_POINT('',(-0.00975275039883483,0.00523487424171437,4.33680868994202E-19));
#11606=CARTESIAN_POINT('',(-0.0101379680712789,0.00507364060053302,0.003));
#11607=CARTESIAN_POINT('',(-0.0101379680712789,0.00507364060053302,0.));
#11608=CARTESIAN_POINT('',(-0.00919213667078131,0.00531549106230504,0.003));
#11609=CARTESIAN_POINT('',(-0.00919213667078131,0.00531549106230504,0.003));
#11610=CARTESIAN_POINT('',(-0.00919213667078131,0.00531549106230504,0.003));
#11611=CARTESIAN_POINT('',(-0.00956014156261279,0.00531549106230504,0.003));
#11612=CARTESIAN_POINT('',(-0.0101379680712789,0.00507364060053302,0.003));
#11613=CARTESIAN_POINT('',(-0.00863588060870565,0.00513573734071773,0.003));
#11614=CARTESIAN_POINT('',(-0.00863588060870565,0.00513573734071773,0.));
#11615=CARTESIAN_POINT('',(-0.00876138138886843,0.00525557315510927,0.003));
#11616=CARTESIAN_POINT('',(-0.00876138138886843,0.00525557315510927,4.33680868994202E-19));
#11617=CARTESIAN_POINT('',(-0.00894680007622698,0.00531549106230504,0.003));
#11618=CARTESIAN_POINT('',(-0.00894680007622698,0.00531549106230504,4.33680868994202E-19));
#11619=CARTESIAN_POINT('',(-0.00919213667078131,0.00531549106230504,0.003));
#11620=CARTESIAN_POINT('',(-0.00919213667078131,0.00531549106230504,0.));
#11621=CARTESIAN_POINT('',(-0.00863588060870565,0.00513573734071773,0.003));
#11622=CARTESIAN_POINT('',(-0.00863588060870565,0.00513573734071773,0.003));
#11623=CARTESIAN_POINT('',(-0.00863588060870565,0.00513573734071773,0.003));
#11624=CARTESIAN_POINT('',(-0.00882413177894982,0.00531549106230504,0.003));
#11625=CARTESIAN_POINT('',(-0.00919213667078131,0.00531549106230504,0.003));
#11626=CARTESIAN_POINT('',(-0.00844762943846148,0.00462915867078984,0.003));
#11627=CARTESIAN_POINT('',(-0.00844762943846148,0.00462915867078984,0.));
#11628=CARTESIAN_POINT('',(-0.00844762943846148,0.00484704196968355,0.003));
#11629=CARTESIAN_POINT('',(-0.00844762943846148,0.00484704196968355,4.33680868994202E-19));
#11630=CARTESIAN_POINT('',(-0.00851037982854287,0.00501590152632618,0.003));
#11631=CARTESIAN_POINT('',(-0.00851037982854287,0.00501590152632618,4.33680868994202E-19));
#11632=CARTESIAN_POINT('',(-0.00863588060870565,0.00513573734071773,0.003));
#11633=CARTESIAN_POINT('',(-0.00863588060870565,0.00513573734071773,0.));
#11634=CARTESIAN_POINT('',(-0.00844762943846148,0.00462915867078984,0.003));
#11635=CARTESIAN_POINT('',(-0.00844762943846148,0.00462915867078984,0.003));
#11636=CARTESIAN_POINT('',(-0.00844762943846148,0.00462915867078984,0.003));
#11637=CARTESIAN_POINT('',(-0.00844762943846148,0.00495598361913041,0.003));
#11638=CARTESIAN_POINT('',(-0.00863588060870565,0.00513573734071773,0.003));
#11639=CARTESIAN_POINT('',(-0.00844762943846148,0.00452065278794077,0.003));
#11640=CARTESIAN_POINT('',(-0.00844762943846148,0.0044121469050917,0.003));
#11641=CARTESIAN_POINT('',(-0.00844762943846148,0.0044121469050917,0.003));
#11642=CARTESIAN_POINT('',(-0.00844762943846148,0.00452065278794077,0.003));
#11643=CARTESIAN_POINT('',(-0.0101798016646665,0.00395655292710494,0.003));
#11644=CARTESIAN_POINT('',(-0.0101798016646665,0.00395655292710494,0.));
#11645=CARTESIAN_POINT('',(-0.00990091104208257,0.00411560773529735,0.003));
#11646=CARTESIAN_POINT('',(-0.00990091104208257,0.00411560773529735,4.33680868994202E-19));
#11647=CARTESIAN_POINT('',(-0.00932352030001422,0.00426747239462627,0.003));
#11648=CARTESIAN_POINT('',(-0.00932352030001422,0.00426747239462627,4.33680868994202E-19));
#11649=CARTESIAN_POINT('',(-0.00844762943846148,0.0044121469050917,0.003));
#11650=CARTESIAN_POINT('',(-0.00844762943846148,0.0044121469050917,0.));
#11651=CARTESIAN_POINT('',(-0.0101798016646665,0.00395655292710494,0.003));
#11652=CARTESIAN_POINT('',(-0.0101798016646665,0.00395655292710494,0.003));
#11653=CARTESIAN_POINT('',(-0.0101798016646665,0.00395655292710494,0.003));
#11654=CARTESIAN_POINT('',(-0.00976146573079059,0.00419513513939356,0.003));
#11655=CARTESIAN_POINT('',(-0.00844762943846148,0.0044121469050917,0.003));
#11656=CARTESIAN_POINT('',(-0.0105981375985424,0.00323230884158223,0.003));
#11657=CARTESIAN_POINT('',(-0.0105981375985424,0.00323230884158223,0.));
#11658=CARTESIAN_POINT('',(-0.0105981375985424,0.00355608342373829,0.003));
#11659=CARTESIAN_POINT('',(-0.0105981375985424,0.00355608342373829,4.33680868994202E-19));
#11660=CARTESIAN_POINT('',(-0.0104586922872505,0.00379749811891253,0.003));
#11661=CARTESIAN_POINT('',(-0.0104586922872505,0.00379749811891253,4.33680868994202E-19));
#11662=CARTESIAN_POINT('',(-0.0101798016646665,0.00395655292710494,0.003));
#11663=CARTESIAN_POINT('',(-0.0101798016646665,0.00395655292710494,0.));
#11664=CARTESIAN_POINT('',(-0.0105981375985424,0.00323230884158223,0.003));
#11665=CARTESIAN_POINT('',(-0.0105981375985424,0.00323230884158223,0.003));
#11666=CARTESIAN_POINT('',(-0.0105981375985424,0.00323230884158223,0.003));
#11667=CARTESIAN_POINT('',(-0.0105981375985424,0.00371797071481632,0.003));
#11668=CARTESIAN_POINT('',(-0.0101798016646665,0.00395655292710494,0.003));
#11669=CARTESIAN_POINT('',(-0.0103092243442094,0.0024708067119487,0.003));
#11670=CARTESIAN_POINT('',(-0.0103092243442094,0.0024708067119487,0.));
#11671=CARTESIAN_POINT('',(-0.0105018331804314,0.00265470021621499,0.003));
#11672=CARTESIAN_POINT('',(-0.0105018331804314,0.00265470021621499,4.33680868994202E-19));
#11673=CARTESIAN_POINT('',(-0.0105981375985424,0.00290853425942617,0.003));
#11674=CARTESIAN_POINT('',(-0.0105981375985424,0.00290853425942617,4.33680868994202E-19));
#11675=CARTESIAN_POINT('',(-0.0105981375985424,0.00323230884158223,0.003));
#11676=CARTESIAN_POINT('',(-0.0105981375985424,0.00323230884158223,0.));
#11677=CARTESIAN_POINT('',(-0.0103092243442094,0.0024708067119487,0.003));
#11678=CARTESIAN_POINT('',(-0.0103092243442094,0.0024708067119487,0.003));
#11679=CARTESIAN_POINT('',(-0.0103092243442094,0.0024708067119487,0.003));
#11680=CARTESIAN_POINT('',(-0.0105981375985424,0.00274664696834814,0.003));
#11681=CARTESIAN_POINT('',(-0.0105981375985424,0.00323230884158223,0.003));
#11682=CARTESIAN_POINT('',(-0.00951046417046503,0.00219496645554926,0.003));
#11683=CARTESIAN_POINT('',(-0.00951046417046503,0.00219496645554926,0.));
#11684=CARTESIAN_POINT('',(-0.00985036211673922,0.00219496645554926,0.003));
#11685=CARTESIAN_POINT('',(-0.00985036211673922,0.00219496645554926,4.33680868994202E-19));
#11686=CARTESIAN_POINT('',(-0.0101166155079873,0.0022869132076824,0.003));
#11687=CARTESIAN_POINT('',(-0.0101166155079873,0.0022869132076824,4.33680868994202E-19));
#11688=CARTESIAN_POINT('',(-0.0103092243442094,0.0024708067119487,0.003));
#11689=CARTESIAN_POINT('',(-0.0103092243442094,0.0024708067119487,0.));
#11690=CARTESIAN_POINT('',(-0.00951046417046503,0.00219496645554926,0.003));
#11691=CARTESIAN_POINT('',(-0.00951046417046503,0.00219496645554926,0.003));
#11692=CARTESIAN_POINT('',(-0.00951046417046503,0.00219496645554926,0.003));
#11693=CARTESIAN_POINT('',(-0.0100203110898763,0.00219496645554926,0.003));
#11694=CARTESIAN_POINT('',(-0.0103092243442094,0.0024708067119487,0.003));
#11695=CARTESIAN_POINT('',(-0.00850645792916279,0.00259630749211148,0.003));
#11696=CARTESIAN_POINT('',(-0.00850645792916279,0.00259630749211148,0.));
#11697=CARTESIAN_POINT('',(-0.00883589747709008,0.00232874680107,0.003));
#11698=CARTESIAN_POINT('',(-0.00883589747709008,0.00232874680107,4.33680868994202E-19));
#11699=CARTESIAN_POINT('',(-0.00917056622419083,0.00219496645554926,0.003));
#11700=CARTESIAN_POINT('',(-0.00917056622419083,0.00219496645554926,4.33680868994202E-19));
#11701=CARTESIAN_POINT('',(-0.00951046417046503,0.00219496645554926,0.003));
#11702=CARTESIAN_POINT('',(-0.00951046417046503,0.00219496645554926,0.));
#11703=CARTESIAN_POINT('',(-0.00850645792916279,0.00259630749211148,0.003));
#11704=CARTESIAN_POINT('',(-0.00850645792916279,0.00259630749211148,0.003));
#11705=CARTESIAN_POINT('',(-0.00850645792916279,0.00259630749211148,0.003));
#11706=CARTESIAN_POINT('',(-0.00900061725105373,0.00219496645554926,0.003));
#11707=CARTESIAN_POINT('',(-0.00951046417046503,0.00219496645554926,0.003));
#11708=CARTESIAN_POINT('',(-0.00850645792916279,0.00242505121918102,0.003));
#11709=CARTESIAN_POINT('',(-0.00850645792916279,0.00225379494625056,0.003));
#11710=CARTESIAN_POINT('',(-0.00850645792916279,0.00225379494625056,0.003));
#11711=CARTESIAN_POINT('',(-0.00850645792916279,0.00242505121918102,0.003));
#11712=CARTESIAN_POINT('',(-0.00798745991119796,0.00229105299036138,0.003));
#11713=CARTESIAN_POINT('',(-0.00746846189323313,0.00232831103447221,0.003));
#11714=CARTESIAN_POINT('',(-0.00746846189323313,0.00232831103447221,0.003));
#11715=CARTESIAN_POINT('',(-0.00798745991119796,0.00229105299036138,0.003));
#11716=CARTESIAN_POINT('',(-0.00746453999385304,0.00240805632186731,0.003));
#11717=CARTESIAN_POINT('',(-0.00746061809447295,0.00248780160926241,0.003));
#11718=CARTESIAN_POINT('',(-0.00746061809447295,0.00248780160926241,0.003));
#11719=CARTESIAN_POINT('',(-0.00746453999385304,0.00240805632186731,0.003));
#11720=CARTESIAN_POINT('',(-0.00760311377194945,0.00251721585461306,0.003));
#11721=CARTESIAN_POINT('',(-0.00774560944942593,0.00254663009996371,0.003));
#11722=CARTESIAN_POINT('',(-0.00774560944942593,0.00254663009996371,0.003));
#11723=CARTESIAN_POINT('',(-0.00760311377194945,0.00251721585461306,0.003));
#11724=CARTESIAN_POINT('',(-0.00778286749353676,0.00317413400077761,0.003));
#11725=CARTESIAN_POINT('',(-0.00782012553764759,0.00380163790159151,0.003));
#11726=CARTESIAN_POINT('',(-0.00782012553764759,0.00380163790159151,0.003));
#11727=CARTESIAN_POINT('',(-0.00778286749353676,0.00317413400077761,0.003));
#11728=CARTESIAN_POINT('',(-0.00781162808899073,0.00421539828619067,0.003));
#11729=CARTESIAN_POINT('',(-0.00780313064033388,0.00462915867078984,0.003));
#11730=CARTESIAN_POINT('',(-0.00780313064033388,0.00462915867078984,0.003));
#11731=CARTESIAN_POINT('',(-0.00781162808899073,0.00421539828619067,0.003));
#11732=CARTESIAN_POINT('',(-0.00818420853009898,0.00548740098513218,0.003));
#11733=CARTESIAN_POINT('',(-0.00818420853009898,0.00548740098513218,0.));
#11734=CARTESIAN_POINT('',(-0.00793015660358891,0.0052891271831389,0.003));
#11735=CARTESIAN_POINT('',(-0.00793015660358891,0.0052891271831389,4.33680868994202E-19));
#11736=CARTESIAN_POINT('',(-0.00780313064033388,0.00500304641169145,0.003));
#11737=CARTESIAN_POINT('',(-0.00780313064033388,0.00500304641169145,4.33680868994202E-19));
#11738=CARTESIAN_POINT('',(-0.00780313064033388,0.00462915867078984,0.003));
#11739=CARTESIAN_POINT('',(-0.00780313064033388,0.00462915867078984,0.));
#11740=CARTESIAN_POINT('',(-0.00818420853009898,0.00548740098513218,0.003));
#11741=CARTESIAN_POINT('',(-0.00818420853009898,0.00548740098513218,0.003));
#11742=CARTESIAN_POINT('',(-0.00818420853009898,0.00548740098513218,0.003));
#11743=CARTESIAN_POINT('',(-0.00780313064033388,0.00518999028214226,0.003));
#11744=CARTESIAN_POINT('',(-0.00780313064033388,0.00462915867078984,0.003));
#11745=CARTESIAN_POINT('',(-0.00927645750745318,0.0057848116881221,0.003));
#11746=CARTESIAN_POINT('',(-0.00927645750745318,0.0057848116881221,0.));
#11747=CARTESIAN_POINT('',(-0.00880234344906045,0.0057848116881221,0.003));
#11748=CARTESIAN_POINT('',(-0.00880234344906045,0.0057848116881221,4.33680868994202E-19));
#11749=CARTESIAN_POINT('',(-0.00843826045660905,0.00568567478712546,0.003));
#11750=CARTESIAN_POINT('',(-0.00843826045660905,0.00568567478712546,4.33680868994202E-19));
#11751=CARTESIAN_POINT('',(-0.00818420853009898,0.00548740098513218,0.003));
#11752=CARTESIAN_POINT('',(-0.00818420853009898,0.00548740098513218,0.));
#11753=CARTESIAN_POINT('',(-0.00927645750745318,0.0057848116881221,0.003));
#11754=CARTESIAN_POINT('',(-0.00927645750745318,0.0057848116881221,0.003));
#11755=CARTESIAN_POINT('',(-0.00927645750745318,0.0057848116881221,0.003));
#11756=CARTESIAN_POINT('',(-0.00856528641986409,0.0057848116881221,0.003));
#11757=CARTESIAN_POINT('',(-0.00818420853009898,0.00548740098513218,0.003));
#11758=CARTESIAN_POINT('',(-0.0101876454634267,0.00569199340279338,0.003));
#11759=CARTESIAN_POINT('',(-0.0101876454634267,0.00569199340279338,0.));
#11760=CARTESIAN_POINT('',(-0.00983118838643658,0.00575387225967919,0.003));
#11761=CARTESIAN_POINT('',(-0.00983118838643658,0.00575387225967919,4.33680868994202E-19));
#11762=CARTESIAN_POINT('',(-0.00952745906777874,0.0057848116881221,0.003));
#11763=CARTESIAN_POINT('',(-0.00952745906777874,0.0057848116881221,4.33680868994202E-19));
#11764=CARTESIAN_POINT('',(-0.00927645750745318,0.0057848116881221,0.003));
#11765=CARTESIAN_POINT('',(-0.00927645750745318,0.0057848116881221,0.));
#11766=CARTESIAN_POINT('',(-0.0101876454634267,0.00569199340279338,0.003));
#11767=CARTESIAN_POINT('',(-0.00965295984794152,0.0057848116881221,0.003));
#11768=CARTESIAN_POINT('',(-0.00927645750745318,0.0057848116881221,0.003));
#11769=CARTESIAN_POINT('',(-0.00960655070527716,0.00364672287607808,0.003));
#11770=CARTESIAN_POINT('',(-0.00960655070527716,0.00364672287607808,0.));
#11771=CARTESIAN_POINT('',(-0.00979349457572797,0.00356000532311838,0.003));
#11772=CARTESIAN_POINT('',(-0.00979349457572797,0.00356000532311838,4.33680868994202E-19));
#11773=CARTESIAN_POINT('',(-0.00988696651095337,0.00343014687697773,0.003));
#11774=CARTESIAN_POINT('',(-0.00988696651095337,0.00343014687697773,4.33680868994202E-19));
#11775=CARTESIAN_POINT('',(-0.00988696651095337,0.00325714753765611,0.003));
#11776=CARTESIAN_POINT('',(-0.00988696651095337,0.00325714753765611,0.));
#11777=CARTESIAN_POINT('',(-0.00960655070527716,0.00364672287607808,0.));
#11778=CARTESIAN_POINT('',(-0.00988696651095337,0.00351664654663853,0.));
#11779=CARTESIAN_POINT('',(-0.00988696651095337,0.00325714753765611,0.));
#11780=CARTESIAN_POINT('',(-0.00960655070527716,0.00364672287607808,0.003));
#11781=CARTESIAN_POINT('',(-0.00988696651095337,0.00351664654663853,0.003));
#11782=CARTESIAN_POINT('',(-0.00988696651095337,0.00325714753765611,0.003));
#11783=CARTESIAN_POINT('',(0.,0.,0.003));
#11784=CARTESIAN_POINT('',(0.,0.,0.));
#11785=CARTESIAN_POINT('',(-0.00671153531287636,0.00240021252310714,0.003));
#11786=CARTESIAN_POINT('',(-0.00670761341349628,0.00232046723571204,0.003));
#11787=CARTESIAN_POINT('',(-0.00670761341349628,0.00232046723571204,0.003));
#11788=CARTESIAN_POINT('',(-0.00671153531287636,0.00240021252310714,0.003));
#11789=CARTESIAN_POINT('',(-0.00671545721225645,0.00247995781050223,0.003));
#11790=CARTESIAN_POINT('',(-0.00671545721225645,0.00247995781050223,0.003));
#11791=CARTESIAN_POINT('',(-0.00600886167394413,0.00232046723571204,0.003));
#11792=CARTESIAN_POINT('',(-0.00531010993439199,0.00232046723571204,0.003));
#11793=CARTESIAN_POINT('',(-0.00531010993439199,0.00232046723571204,0.003));
#11794=CARTESIAN_POINT('',(-0.00600886167394413,0.00232046723571204,0.003));
#11795=CARTESIAN_POINT('',(-0.0053061880350119,0.00240805632186731,0.003));
#11796=CARTESIAN_POINT('',(-0.00530226613563181,0.00249564540802258,0.003));
#11797=CARTESIAN_POINT('',(-0.00530226613563181,0.00249564540802258,0.003));
#11798=CARTESIAN_POINT('',(-0.0053061880350119,0.00240805632186731,0.003));
#11799=CARTESIAN_POINT('',(-0.00549051730587599,0.00251656220471638,0.003));
#11800=CARTESIAN_POINT('',(-0.00567876847612015,0.00253747900141017,0.003));
#11801=CARTESIAN_POINT('',(-0.00567876847612015,0.00253747900141017,0.003));
#11802=CARTESIAN_POINT('',(-0.00549051730587599,0.00251656220471638,0.003));
#11803=CARTESIAN_POINT('',(-0.00571210462085089,0.00316955845150084,0.003));
#11804=CARTESIAN_POINT('',(-0.00574544076558163,0.00380163790159151,0.003));
#11805=CARTESIAN_POINT('',(-0.00574544076558163,0.00380163790159151,0.003));
#11806=CARTESIAN_POINT('',(-0.00571210462085089,0.00316955845150084,0.003));
#11807=CARTESIAN_POINT('',(-0.00574544076558163,0.00398531352255891,0.003));
#11808=CARTESIAN_POINT('',(-0.00574544076558163,0.00416898914352631,0.003));
#11809=CARTESIAN_POINT('',(-0.00574544076558163,0.00416898914352631,0.003));
#11810=CARTESIAN_POINT('',(-0.00574544076558163,0.00398531352255891,0.003));
#11811=CARTESIAN_POINT('',(-0.00572452396888783,0.00453764768525448,0.003));
#11812=CARTESIAN_POINT('',(-0.00570360717219404,0.00490630622698265,0.003));
#11813=CARTESIAN_POINT('',(-0.00570360717219404,0.00490630622698265,0.003));
#11814=CARTESIAN_POINT('',(-0.00572452396888783,0.00453764768525448,0.003));
#11815=CARTESIAN_POINT('',(-0.00490484699844968,0.00520698517945597,0.003));
#11816=CARTESIAN_POINT('',(-0.00490484699844968,0.00520698517945597,0.));
#11817=CARTESIAN_POINT('',(-0.00515846315836196,0.00520698517945597,0.003));
#11818=CARTESIAN_POINT('',(-0.00515846315836196,0.00520698517945597,4.33680868994202E-19));
#11819=CARTESIAN_POINT('',(-0.00542471654961008,0.00510675886196486,0.003));
#11820=CARTESIAN_POINT('',(-0.00542471654961008,0.00510675886196486,4.33680868994202E-19));
#11821=CARTESIAN_POINT('',(-0.00570360717219404,0.00490630622698265,0.003));
#11822=CARTESIAN_POINT('',(-0.00570360717219404,0.00490630622698265,0.));
#11823=CARTESIAN_POINT('',(-0.00490484699844968,0.00520698517945597,0.003));
#11824=CARTESIAN_POINT('',(-0.00490484699844968,0.00520698517945597,0.003));
#11825=CARTESIAN_POINT('',(-0.00490484699844968,0.00520698517945597,0.003));
#11826=CARTESIAN_POINT('',(-0.0052852712383181,0.00520698517945597,0.003));
#11827=CARTESIAN_POINT('',(-0.00570360717219404,0.00490630622698265,0.003));
#11828=CARTESIAN_POINT('',(-0.00434401538709725,0.00503572890652551,0.003));
#11829=CARTESIAN_POINT('',(-0.00434401538709725,0.00503572890652551,0.));
#11830=CARTESIAN_POINT('',(-0.00446428696808659,0.00514989975514582,0.003));
#11831=CARTESIAN_POINT('',(-0.00446428696808659,0.00514989975514582,4.33680868994202E-19));
#11832=CARTESIAN_POINT('',(-0.00465123083853739,0.00520698517945597,0.003));
#11833=CARTESIAN_POINT('',(-0.00465123083853739,0.00520698517945597,4.33680868994202E-19));
#11834=CARTESIAN_POINT('',(-0.00490484699844968,0.00520698517945597,0.003));
#11835=CARTESIAN_POINT('',(-0.00490484699844968,0.00520698517945597,0.));
#11836=CARTESIAN_POINT('',(-0.00434401538709725,0.00503572890652551,0.003));
#11837=CARTESIAN_POINT('',(-0.00434401538709725,0.00503572890652551,0.003));
#11838=CARTESIAN_POINT('',(-0.00434401538709725,0.00503572890652551,0.003));
#11839=CARTESIAN_POINT('',(-0.00452442275858125,0.00520698517945597,0.003));
#11840=CARTESIAN_POINT('',(-0.00490484699844968,0.00520698517945597,0.003));
#11841=CARTESIAN_POINT('',(-0.00416360801561326,0.00454549148401465,0.003));
#11842=CARTESIAN_POINT('',(-0.00416360801561326,0.00454549148401465,0.));
#11843=CARTESIAN_POINT('',(-0.00416360801561326,0.00475814558373492,0.003));
#11844=CARTESIAN_POINT('',(-0.00416360801561326,0.00475814558373492,4.33680868994202E-19));
#11845=CARTESIAN_POINT('',(-0.00422374380610792,0.0049215580579052,0.003));
#11846=CARTESIAN_POINT('',(-0.00422374380610792,0.0049215580579052,4.33680868994202E-19));
#11847=CARTESIAN_POINT('',(-0.00434401538709725,0.00503572890652551,0.003));
#11848=CARTESIAN_POINT('',(-0.00434401538709725,0.00503572890652551,0.));
#11849=CARTESIAN_POINT('',(-0.00416360801561326,0.00454549148401465,0.003));
#11850=CARTESIAN_POINT('',(-0.00416360801561326,0.00454549148401465,0.003));
#11851=CARTESIAN_POINT('',(-0.00416360801561326,0.00454549148401465,0.003));
#11852=CARTESIAN_POINT('',(-0.00416360801561326,0.00486447263359505,0.003));
#11853=CARTESIAN_POINT('',(-0.00434401538709725,0.00503572890652551,0.003));
#11854=CARTESIAN_POINT('',(-0.00416360801561326,0.00417356469280308,0.003));
#11855=CARTESIAN_POINT('',(-0.00416360801561326,0.00380163790159151,0.003));
#11856=CARTESIAN_POINT('',(-0.00416360801561326,0.00380163790159151,0.003));
#11857=CARTESIAN_POINT('',(-0.00416360801561326,0.00417356469280308,0.003));
#11858=CARTESIAN_POINT('',(-0.00420151970962076,0.00316955845150084,0.003));
#11859=CARTESIAN_POINT('',(-0.00423943140362827,0.00253747900141017,0.003));
#11860=CARTESIAN_POINT('',(-0.00423943140362827,0.00253747900141017,0.003));
#11861=CARTESIAN_POINT('',(-0.00420151970962076,0.00316955845150084,0.003));
#11862=CARTESIAN_POINT('',(-0.00441918512521559,0.00251656220471638,0.003));
#11863=CARTESIAN_POINT('',(-0.0045989388468029,0.00249564540802258,0.003));
#11864=CARTESIAN_POINT('',(-0.0045989388468029,0.00249564540802258,0.003));
#11865=CARTESIAN_POINT('',(-0.00441918512521559,0.00251656220471638,0.003));
#11866=CARTESIAN_POINT('',(-0.00459501694742281,0.00240805632186731,0.003));
#11867=CARTESIAN_POINT('',(-0.00459109504804273,0.00232046723571204,0.003));
#11868=CARTESIAN_POINT('',(-0.00459109504804273,0.00232046723571204,0.003));
#11869=CARTESIAN_POINT('',(-0.00459501694742281,0.00240805632186731,0.003));
#11870=CARTESIAN_POINT('',(-0.00390084075714744,0.00232046723571204,0.003));
#11871=CARTESIAN_POINT('',(-0.00321058646625215,0.00232046723571204,0.003));
#11872=CARTESIAN_POINT('',(-0.00321058646625215,0.00232046723571204,0.003));
#11873=CARTESIAN_POINT('',(-0.00390084075714744,0.00232046723571204,0.003));
#11874=CARTESIAN_POINT('',(-0.00320601091697538,0.00240021252310714,0.003));
#11875=CARTESIAN_POINT('',(-0.00320143536769861,0.00247995781050223,0.003));
#11876=CARTESIAN_POINT('',(-0.00320143536769861,0.00247995781050223,0.003));
#11877=CARTESIAN_POINT('',(-0.00320601091697538,0.00240021252310714,0.003));
#11878=CARTESIAN_POINT('',(-0.00332693614786139,0.00250871840595621,0.003));
#11879=CARTESIAN_POINT('',(-0.00345243692802417,0.00253747900141017,0.003));
#11880=CARTESIAN_POINT('',(-0.00345243692802417,0.00253747900141017,0.003));
#11881=CARTESIAN_POINT('',(-0.00332693614786139,0.00250871840595621,0.003));
#11882=CARTESIAN_POINT('',(-0.00348642672265159,0.00316955845150084,0.003));
#11883=CARTESIAN_POINT('',(-0.00352041651727901,0.00380163790159151,0.003));
#11884=CARTESIAN_POINT('',(-0.00352041651727901,0.00380163790159151,0.003));
#11885=CARTESIAN_POINT('',(-0.00348642672265159,0.00316955845150084,0.003));
#11886=CARTESIAN_POINT('',(-0.00352041651727901,0.00419055959011679,0.003));
#11887=CARTESIAN_POINT('',(-0.00352041651727901,0.00457948127864207,0.003));
#11888=CARTESIAN_POINT('',(-0.00352041651727901,0.00457948127864207,0.003));
#11889=CARTESIAN_POINT('',(-0.00352041651727901,0.00419055959011679,0.003));
#11890=CARTESIAN_POINT('',(-0.00379233487429837,0.00546648418843839,0.003));
#11891=CARTESIAN_POINT('',(-0.00379233487429837,0.00546648418843839,0.));
#11892=CARTESIAN_POINT('',(-0.0036110559696188,0.00525426585531591,0.003));
#11893=CARTESIAN_POINT('',(-0.0036110559696188,0.00525426585531591,4.33680868994202E-19));
#11894=CARTESIAN_POINT('',(-0.00352041651727901,0.00495859821871714,0.003));
#11895=CARTESIAN_POINT('',(-0.00352041651727901,0.00495859821871714,4.33680868994202E-19));
#11896=CARTESIAN_POINT('',(-0.00352041651727901,0.00457948127864207,0.003));
#11897=CARTESIAN_POINT('',(-0.00352041651727901,0.00457948127864207,0.));
#11898=CARTESIAN_POINT('',(-0.00379233487429837,0.00546648418843839,0.003));
#11899=CARTESIAN_POINT('',(-0.00379233487429837,0.00546648418843839,0.003));
#11900=CARTESIAN_POINT('',(-0.00379233487429837,0.00546648418843839,0.003));
#11901=CARTESIAN_POINT('',(-0.00352041651727901,0.00514815668875467,0.003));
#11902=CARTESIAN_POINT('',(-0.00352041651727901,0.00457948127864207,0.003));
#11903=CARTESIAN_POINT('',(-0.00459109504804273,0.0057848116881221,0.003));
#11904=CARTESIAN_POINT('',(-0.00459109504804273,0.0057848116881221,0.));
#11905=CARTESIAN_POINT('',(-0.00423986717022606,0.0057848116881221,0.003));
#11906=CARTESIAN_POINT('',(-0.00423986717022606,0.0057848116881221,4.33680868994202E-19));
#11907=CARTESIAN_POINT('',(-0.00397361377897794,0.00567870252156086,0.003));
#11908=CARTESIAN_POINT('',(-0.00397361377897794,0.00567870252156086,4.33680868994202E-19));
#11909=CARTESIAN_POINT('',(-0.00379233487429837,0.00546648418843839,0.003));
#11910=CARTESIAN_POINT('',(-0.00379233487429837,0.00546648418843839,0.));
#11911=CARTESIAN_POINT('',(-0.00459109504804273,0.0057848116881221,0.003));
#11912=CARTESIAN_POINT('',(-0.00459109504804273,0.0057848116881221,0.003));
#11913=CARTESIAN_POINT('',(-0.00459109504804273,0.0057848116881221,0.003));
#11914=CARTESIAN_POINT('',(-0.00406425323131772,0.0057848116881221,0.003));
#11915=CARTESIAN_POINT('',(-0.00379233487429837,0.00546648418843839,0.003));
#11916=CARTESIAN_POINT('',(-0.00568661227488033,0.00535732465569264,0.003));
#11917=CARTESIAN_POINT('',(-0.00568661227488033,0.00535732465569264,0.));
#11918=CARTESIAN_POINT('',(-0.00530749533480526,0.00564231601064561,0.003));
#11919=CARTESIAN_POINT('',(-0.00530749533480526,0.00564231601064561,4.33680868994202E-19));
#11920=CARTESIAN_POINT('',(-0.0049423229258594,0.0057848116881221,0.003));
#11921=CARTESIAN_POINT('',(-0.0049423229258594,0.0057848116881221,4.33680868994202E-19));
#11922=CARTESIAN_POINT('',(-0.00459109504804273,0.0057848116881221,0.003));
#11923=CARTESIAN_POINT('',(-0.00459109504804273,0.0057848116881221,0.));
#11924=CARTESIAN_POINT('',(-0.00568661227488033,0.00535732465569264,0.003));
#11925=CARTESIAN_POINT('',(-0.00568661227488033,0.00535732465569264,0.003));
#11926=CARTESIAN_POINT('',(-0.00568661227488033,0.00535732465569264,0.003));
#11927=CARTESIAN_POINT('',(-0.00511793686476773,0.0057848116881221,0.003));
#11928=CARTESIAN_POINT('',(-0.00459109504804273,0.0057848116881221,0.003));
#11929=CARTESIAN_POINT('',(-0.00567419292684339,0.00555015137521357,0.003));
#11930=CARTESIAN_POINT('',(-0.00566177357880644,0.00574297809473451,0.003));
#11931=CARTESIAN_POINT('',(-0.00566177357880644,0.00574297809473451,0.003));
#11932=CARTESIAN_POINT('',(-0.00567419292684339,0.00555015137521357,0.003));
#11933=CARTESIAN_POINT('',(-0.00620168839346507,0.00569656895207015,0.003));
#11934=CARTESIAN_POINT('',(-0.00674160320812369,0.00565015980940579,0.003));
#11935=CARTESIAN_POINT('',(-0.00674160320812369,0.00565015980940579,0.003));
#11936=CARTESIAN_POINT('',(-0.00620168839346507,0.00569656895207015,0.003));
#11937=CARTESIAN_POINT('',(-0.00674552510750378,0.00557106817190737,0.003));
#11938=CARTESIAN_POINT('',(-0.00674944700688387,0.00549197653440895,0.003));
#11939=CARTESIAN_POINT('',(-0.00674944700688387,0.00549197653440895,0.003));
#11940=CARTESIAN_POINT('',(-0.00674552510750378,0.00557106817190737,0.003));
#11941=CARTESIAN_POINT('',(-0.00660695132940738,0.0054625622890583,0.003));
#11942=CARTESIAN_POINT('',(-0.00646445565193089,0.00543314804370765,0.003));
#11943=CARTESIAN_POINT('',(-0.00646445565193089,0.00543314804370765,0.003));
#11944=CARTESIAN_POINT('',(-0.00660695132940738,0.0054625622890583,0.003));
#11945=CARTESIAN_POINT('',(-0.00642719760782006,0.00480106859361698,0.003));
#11946=CARTESIAN_POINT('',(-0.00638993956370924,0.00416898914352631,0.003));
#11947=CARTESIAN_POINT('',(-0.00638993956370924,0.00416898914352631,0.003));
#11948=CARTESIAN_POINT('',(-0.00642719760782006,0.00480106859361698,0.003));
#11949=CARTESIAN_POINT('',(-0.00638993956370924,0.00398531352255891,0.003));
#11950=CARTESIAN_POINT('',(-0.00638993956370924,0.00380163790159151,0.003));
#11951=CARTESIAN_POINT('',(-0.00638993956370924,0.00380163790159151,0.003));
#11952=CARTESIAN_POINT('',(-0.00638993956370924,0.00398531352255891,0.003));
#11953=CARTESIAN_POINT('',(-0.00642719760782006,0.00316955845150084,0.003));
#11954=CARTESIAN_POINT('',(-0.00646445565193089,0.00253747900141017,0.003));
#11955=CARTESIAN_POINT('',(-0.00646445565193089,0.00253747900141017,0.003));
#11956=CARTESIAN_POINT('',(-0.00642719760782006,0.00316955845150084,0.003));
#11957=CARTESIAN_POINT('',(-0.00658995643209367,0.00250871840595621,0.003));
#11958=CARTESIAN_POINT('',(-0.00658995643209367,0.00250871840595621,0.003));
#11959=CARTESIAN_POINT('',(0.,0.,0.003));
#11960=CARTESIAN_POINT('',(-0.00245235258610202,0.00240021252310714,0.003));
#11961=CARTESIAN_POINT('',(-0.00244843068672194,0.00232046723571204,0.003));
#11962=CARTESIAN_POINT('',(-0.00244843068672194,0.00232046723571204,0.003));
#11963=CARTESIAN_POINT('',(-0.00245235258610202,0.00240021252310714,0.003));
#11964=CARTESIAN_POINT('',(-0.00245627448548211,0.00247995781050223,0.003));
#11965=CARTESIAN_POINT('',(-0.00245627448548211,0.00247995781050223,0.003));
#11966=CARTESIAN_POINT('',(-0.00174967894716979,0.00232046723571204,0.003));
#11967=CARTESIAN_POINT('',(-0.00105092720761764,0.00232046723571204,0.003));
#11968=CARTESIAN_POINT('',(-0.00105092720761764,0.00232046723571204,0.003));
#11969=CARTESIAN_POINT('',(-0.00174967894716979,0.00232046723571204,0.003));
#11970=CARTESIAN_POINT('',(-0.00104700530823756,0.00240805632186731,0.003));
#11971=CARTESIAN_POINT('',(-0.00104308340885747,0.00249564540802258,0.003));
#11972=CARTESIAN_POINT('',(-0.00104308340885747,0.00249564540802258,0.003));
#11973=CARTESIAN_POINT('',(-0.00104700530823756,0.00240805632186731,0.003));
#11974=CARTESIAN_POINT('',(-0.00123133457910164,0.00251656220471638,0.003));
#11975=CARTESIAN_POINT('',(-0.00141958574934581,0.00253747900141017,0.003));
#11976=CARTESIAN_POINT('',(-0.00141958574934581,0.00253747900141017,0.003));
#11977=CARTESIAN_POINT('',(-0.00123133457910164,0.00251656220471638,0.003));
#11978=CARTESIAN_POINT('',(-0.00145292189407655,0.00316955845150084,0.003));
#11979=CARTESIAN_POINT('',(-0.00148625803880729,0.00380163790159151,0.003));
#11980=CARTESIAN_POINT('',(-0.00148625803880729,0.00380163790159151,0.003));
#11981=CARTESIAN_POINT('',(-0.00145292189407655,0.00316955845150084,0.003));
#11982=CARTESIAN_POINT('',(-0.00148625803880729,0.00398531352255891,0.003));
#11983=CARTESIAN_POINT('',(-0.00148625803880729,0.00416898914352631,0.003));
#11984=CARTESIAN_POINT('',(-0.00148625803880729,0.00416898914352631,0.003));
#11985=CARTESIAN_POINT('',(-0.00148625803880729,0.00398531352255891,0.003));
#11986=CARTESIAN_POINT('',(-0.00146534124211349,0.00453764768525448,0.003));
#11987=CARTESIAN_POINT('',(-0.00144442444541969,0.00490630622698265,0.003));
#11988=CARTESIAN_POINT('',(-0.00144442444541969,0.00490630622698265,0.003));
#11989=CARTESIAN_POINT('',(-0.00146534124211349,0.00453764768525448,0.003));
#11990=CARTESIAN_POINT('',(-0.000645664271675336,0.00520698517945597,0.003));
#11991=CARTESIAN_POINT('',(-0.000645664271675336,0.00520698517945597,0.));
#11992=CARTESIAN_POINT('',(-0.000899280431587619,0.00520698517945597,0.003));
#11993=CARTESIAN_POINT('',(-0.000899280431587619,0.00520698517945597,4.33680868994202E-19));
#11994=CARTESIAN_POINT('',(-0.00116553382283574,0.00510675886196486,0.003));
#11995=CARTESIAN_POINT('',(-0.00116553382283574,0.00510675886196486,4.33680868994202E-19));
#11996=CARTESIAN_POINT('',(-0.00144442444541969,0.00490630622698265,0.003));
#11997=CARTESIAN_POINT('',(-0.00144442444541969,0.00490630622698265,0.));
#11998=CARTESIAN_POINT('',(-0.000645664271675336,0.00520698517945597,0.003));
#11999=CARTESIAN_POINT('',(-0.000645664271675336,0.00520698517945597,0.003));
#12000=CARTESIAN_POINT('',(-0.000645664271675336,0.00520698517945597,0.003));
#12001=CARTESIAN_POINT('',(-0.00102608851154376,0.00520698517945597,0.003));
#12002=CARTESIAN_POINT('',(-0.00144442444541969,0.00490630622698265,0.003));
#12003=CARTESIAN_POINT('',(-8.48326603229109E-5,0.00503572890652551,0.003));
#12004=CARTESIAN_POINT('',(-8.48326603229109E-5,0.00503572890652551,0.));
#12005=CARTESIAN_POINT('',(-0.000205104241312242,0.00514989975514582,0.003));
#12006=CARTESIAN_POINT('',(-0.000205104241312242,0.00514989975514582,4.33680868994202E-19));
#12007=CARTESIAN_POINT('',(-0.00039204811176305,0.00520698517945597,0.003));
#12008=CARTESIAN_POINT('',(-0.00039204811176305,0.00520698517945597,4.33680868994202E-19));
#12009=CARTESIAN_POINT('',(-0.000645664271675336,0.00520698517945597,0.003));
#12010=CARTESIAN_POINT('',(-0.000645664271675336,0.00520698517945597,0.));
#12011=CARTESIAN_POINT('',(-8.48326603229109E-5,0.00503572890652551,0.003));
#12012=CARTESIAN_POINT('',(-8.48326603229109E-5,0.00503572890652551,0.003));
#12013=CARTESIAN_POINT('',(-8.48326603229109E-5,0.00503572890652551,0.003));
#12014=CARTESIAN_POINT('',(-0.000265240031806908,0.00520698517945597,0.003));
#12015=CARTESIAN_POINT('',(-0.000645664271675336,0.00520698517945597,0.003));
#12016=CARTESIAN_POINT('',(9.55747111610825E-5,0.00454549148401465,0.003));
#12017=CARTESIAN_POINT('',(9.55747111610825E-5,0.00454549148401465,0.));
#12018=CARTESIAN_POINT('',(9.55747111610825E-5,0.00475814558373492,0.003));
#12019=CARTESIAN_POINT('',(9.55747111610825E-5,0.00475814558373492,4.33680868994202E-19));
#12020=CARTESIAN_POINT('',(3.5438920666418E-5,0.0049215580579052,0.003));
#12021=CARTESIAN_POINT('',(3.5438920666418E-5,0.0049215580579052,4.33680868994202E-19));
#12022=CARTESIAN_POINT('',(-8.48326603229109E-5,0.00503572890652551,0.003));
#12023=CARTESIAN_POINT('',(-8.48326603229109E-5,0.00503572890652551,0.));
#12024=CARTESIAN_POINT('',(9.55747111610825E-5,0.00454549148401465,0.003));
#12025=CARTESIAN_POINT('',(9.55747111610825E-5,0.00454549148401465,0.003));
#12026=CARTESIAN_POINT('',(9.55747111610825E-5,0.00454549148401465,0.003));
#12027=CARTESIAN_POINT('',(9.55747111610825E-5,0.00486447263359505,0.003));
#12028=CARTESIAN_POINT('',(-8.48326603229109E-5,0.00503572890652551,0.003));
#12029=CARTESIAN_POINT('',(9.55747111610825E-5,0.00417356469280308,0.003));
#12030=CARTESIAN_POINT('',(9.55747111610825E-5,0.00380163790159151,0.003));
#12031=CARTESIAN_POINT('',(9.55747111610825E-5,0.00380163790159151,0.003));
#12032=CARTESIAN_POINT('',(9.55747111610825E-5,0.00417356469280308,0.003));
#12033=CARTESIAN_POINT('',(5.76630171535766E-5,0.00316955845150084,0.003));
#12034=CARTESIAN_POINT('',(1.97513231460708E-5,0.00253747900141017,0.003));
#12035=CARTESIAN_POINT('',(1.97513231460708E-5,0.00253747900141017,0.003));
#12036=CARTESIAN_POINT('',(5.76630171535766E-5,0.00316955845150084,0.003));
#12037=CARTESIAN_POINT('',(-0.000160002398441244,0.00251656220471638,0.003));
#12038=CARTESIAN_POINT('',(-0.00033975612002856,0.00249564540802258,0.003));
#12039=CARTESIAN_POINT('',(-0.00033975612002856,0.00249564540802258,0.003));
#12040=CARTESIAN_POINT('',(-0.000160002398441244,0.00251656220471638,0.003));
#12041=CARTESIAN_POINT('',(-0.000335834220648472,0.00240805632186731,0.003));
#12042=CARTESIAN_POINT('',(-0.000331912321268383,0.00232046723571204,0.003));
#12043=CARTESIAN_POINT('',(-0.000331912321268383,0.00232046723571204,0.003));
#12044=CARTESIAN_POINT('',(-0.000335834220648472,0.00240805632186731,0.003));
#12045=CARTESIAN_POINT('',(0.000358341969626905,0.00232046723571204,0.003));
#12046=CARTESIAN_POINT('',(0.00104859626052219,0.00232046723571204,0.003));
#12047=CARTESIAN_POINT('',(0.00104859626052219,0.00232046723571204,0.003));
#12048=CARTESIAN_POINT('',(0.000358341969626905,0.00232046723571204,0.003));
#12049=CARTESIAN_POINT('',(0.00105317180979896,0.00240021252310714,0.003));
#12050=CARTESIAN_POINT('',(0.00105774735907573,0.00247995781050223,0.003));
#12051=CARTESIAN_POINT('',(0.00105774735907573,0.00247995781050223,0.003));
#12052=CARTESIAN_POINT('',(0.00105317180979896,0.00240021252310714,0.003));
#12053=CARTESIAN_POINT('',(0.00093224657891295,0.00250871840595621,0.003));
#12054=CARTESIAN_POINT('',(0.000806745798750171,0.00253747900141017,0.003));
#12055=CARTESIAN_POINT('',(0.000806745798750171,0.00253747900141017,0.003));
#12056=CARTESIAN_POINT('',(0.00093224657891295,0.00250871840595621,0.003));
#12057=CARTESIAN_POINT('',(0.00077275600412275,0.00316955845150084,0.003));
#12058=CARTESIAN_POINT('',(0.000738766209495329,0.00380163790159151,0.003));
#12059=CARTESIAN_POINT('',(0.000738766209495329,0.00380163790159151,0.003));
#12060=CARTESIAN_POINT('',(0.00077275600412275,0.00316955845150084,0.003));
#12061=CARTESIAN_POINT('',(0.000738766209495329,0.00419055959011679,0.003));
#12062=CARTESIAN_POINT('',(0.000738766209495329,0.00457948127864207,0.003));
#12063=CARTESIAN_POINT('',(0.000738766209495329,0.00457948127864207,0.003));
#12064=CARTESIAN_POINT('',(0.000738766209495329,0.00419055959011679,0.003));
#12065=CARTESIAN_POINT('',(0.000466847852475975,0.00546648418843839,0.003));
#12066=CARTESIAN_POINT('',(0.000466847852475975,0.00546648418843839,0.));
#12067=CARTESIAN_POINT('',(0.000648126757155544,0.00525426585531591,0.003));
#12068=CARTESIAN_POINT('',(0.000648126757155544,0.00525426585531591,4.33680868994202E-19));
#12069=CARTESIAN_POINT('',(0.000738766209495329,0.00495859821871714,0.003));
#12070=CARTESIAN_POINT('',(0.000738766209495329,0.00495859821871714,4.33680868994202E-19));
#12071=CARTESIAN_POINT('',(0.000738766209495329,0.00457948127864207,0.003));
#12072=CARTESIAN_POINT('',(0.000738766209495329,0.00457948127864207,0.));
#12073=CARTESIAN_POINT('',(0.000466847852475975,0.00546648418843839,0.003));
#12074=CARTESIAN_POINT('',(0.000466847852475975,0.00546648418843839,0.003));
#12075=CARTESIAN_POINT('',(0.000466847852475975,0.00546648418843839,0.003));
#12076=CARTESIAN_POINT('',(0.000738766209495329,0.00514815668875467,0.003));
#12077=CARTESIAN_POINT('',(0.000738766209495329,0.00457948127864207,0.003));
#12078=CARTESIAN_POINT('',(-0.000331912321268383,0.0057848116881221,0.003));
#12079=CARTESIAN_POINT('',(-0.000331912321268383,0.0057848116881221,0.));
#12080=CARTESIAN_POINT('',(1.93155565482832E-5,0.0057848116881221,0.003));
#12081=CARTESIAN_POINT('',(1.93155565482832E-5,0.0057848116881221,4.33680868994202E-19));
#12082=CARTESIAN_POINT('',(0.000285568947796403,0.00567870252156086,0.003));
#12083=CARTESIAN_POINT('',(0.000285568947796403,0.00567870252156086,4.33680868994202E-19));
#12084=CARTESIAN_POINT('',(0.000466847852475975,0.00546648418843839,0.003));
#12085=CARTESIAN_POINT('',(0.000466847852475975,0.00546648418843839,0.));
#12086=CARTESIAN_POINT('',(-0.000331912321268383,0.0057848116881221,0.003));
#12087=CARTESIAN_POINT('',(-0.000331912321268383,0.0057848116881221,0.003));
#12088=CARTESIAN_POINT('',(-0.000331912321268383,0.0057848116881221,0.003));
#12089=CARTESIAN_POINT('',(0.000194929495456617,0.0057848116881221,0.003));
#12090=CARTESIAN_POINT('',(0.000466847852475975,0.00546648418843839,0.003));
#12091=CARTESIAN_POINT('',(-0.00142742954810598,0.00535732465569264,0.003));
#12092=CARTESIAN_POINT('',(-0.00142742954810598,0.00535732465569264,0.));
#12093=CARTESIAN_POINT('',(-0.00104831260803092,0.00564231601064561,0.003));
#12094=CARTESIAN_POINT('',(-0.00104831260803092,0.00564231601064561,4.33680868994202E-19));
#12095=CARTESIAN_POINT('',(-0.000683140199085052,0.0057848116881221,0.003));
#12096=CARTESIAN_POINT('',(-0.000683140199085052,0.0057848116881221,4.33680868994202E-19));
#12097=CARTESIAN_POINT('',(-0.000331912321268383,0.0057848116881221,0.003));
#12098=CARTESIAN_POINT('',(-0.000331912321268383,0.0057848116881221,0.));
#12099=CARTESIAN_POINT('',(-0.00142742954810598,0.00535732465569264,0.003));
#12100=CARTESIAN_POINT('',(-0.00142742954810598,0.00535732465569264,0.003));
#12101=CARTESIAN_POINT('',(-0.00142742954810598,0.00535732465569264,0.003));
#12102=CARTESIAN_POINT('',(-0.000858754137993387,0.0057848116881221,0.003));
#12103=CARTESIAN_POINT('',(-0.000331912321268383,0.0057848116881221,0.003));
#12104=CARTESIAN_POINT('',(-0.00141501020006904,0.00555015137521357,0.003));
#12105=CARTESIAN_POINT('',(-0.0014025908520321,0.00574297809473451,0.003));
#12106=CARTESIAN_POINT('',(-0.0014025908520321,0.00574297809473451,0.003));
#12107=CARTESIAN_POINT('',(-0.00141501020006904,0.00555015137521357,0.003));
#12108=CARTESIAN_POINT('',(-0.00194250566669072,0.00569656895207015,0.003));
#12109=CARTESIAN_POINT('',(-0.00248242048134935,0.00565015980940579,0.003));
#12110=CARTESIAN_POINT('',(-0.00248242048134935,0.00565015980940579,0.003));
#12111=CARTESIAN_POINT('',(-0.00194250566669072,0.00569656895207015,0.003));
#12112=CARTESIAN_POINT('',(-0.00248634238072944,0.00557106817190737,0.003));
#12113=CARTESIAN_POINT('',(-0.00249026428010953,0.00549197653440895,0.003));
#12114=CARTESIAN_POINT('',(-0.00249026428010953,0.00549197653440895,0.003));
#12115=CARTESIAN_POINT('',(-0.00248634238072944,0.00557106817190737,0.003));
#12116=CARTESIAN_POINT('',(-0.00234776860263304,0.0054625622890583,0.003));
#12117=CARTESIAN_POINT('',(-0.00220527292515654,0.00543314804370765,0.003));
#12118=CARTESIAN_POINT('',(-0.00220527292515654,0.00543314804370765,0.003));
#12119=CARTESIAN_POINT('',(-0.00234776860263304,0.0054625622890583,0.003));
#12120=CARTESIAN_POINT('',(-0.00216801488104572,0.00480106859361698,0.003));
#12121=CARTESIAN_POINT('',(-0.0021307568369349,0.00416898914352631,0.003));
#12122=CARTESIAN_POINT('',(-0.0021307568369349,0.00416898914352631,0.003));
#12123=CARTESIAN_POINT('',(-0.00216801488104572,0.00480106859361698,0.003));
#12124=CARTESIAN_POINT('',(-0.0021307568369349,0.00398531352255891,0.003));
#12125=CARTESIAN_POINT('',(-0.0021307568369349,0.00380163790159151,0.003));
#12126=CARTESIAN_POINT('',(-0.0021307568369349,0.00380163790159151,0.003));
#12127=CARTESIAN_POINT('',(-0.0021307568369349,0.00398531352255891,0.003));
#12128=CARTESIAN_POINT('',(-0.00216801488104572,0.00316955845150084,0.003));
#12129=CARTESIAN_POINT('',(-0.00220527292515654,0.00253747900141017,0.003));
#12130=CARTESIAN_POINT('',(-0.00220527292515654,0.00253747900141017,0.003));
#12131=CARTESIAN_POINT('',(-0.00216801488104572,0.00316955845150084,0.003));
#12132=CARTESIAN_POINT('',(-0.00233077370531933,0.00250871840595621,0.003));
#12133=CARTESIAN_POINT('',(-0.00233077370531933,0.00250871840595621,0.003));
#12134=CARTESIAN_POINT('',(0.,0.,0.003));
#12135=CARTESIAN_POINT('',(0.00386059811604448,0.00393498248051447,0.003));
#12136=CARTESIAN_POINT('',(0.00386059811604448,0.00393498248051447,0.));
#12137=CARTESIAN_POINT('',(0.00328625774016065,0.0038295269638499,0.003));
#12138=CARTESIAN_POINT('',(0.00328625774016065,0.0038295269638499,4.33680868994202E-19));
#12139=CARTESIAN_POINT('',(0.00290561561699333,0.00373344042903778,0.003));
#12140=CARTESIAN_POINT('',(0.00290561561699333,0.00373344042903778,4.33680868994202E-19));
#12141=CARTESIAN_POINT('',(0.00271867174654252,0.00364672287607808,0.003));
#12142=CARTESIAN_POINT('',(0.00271867174654252,0.00364672287607808,0.));
#12143=CARTESIAN_POINT('',(0.00386059811604448,0.00393498248051447,0.));
#12144=CARTESIAN_POINT('',(0.00299908755221873,0.00377679920551763,0.));
#12145=CARTESIAN_POINT('',(0.00271867174654252,0.00364672287607808,0.));
#12146=CARTESIAN_POINT('',(0.00386059811604448,0.00393498248051447,0.));
#12147=CARTESIAN_POINT('',(0.00271867174654252,0.00364672287607808,0.));
#12148=CARTESIAN_POINT('',(0.00386059811604448,0.00393498248051447,0.003));
#12149=CARTESIAN_POINT('',(0.00386059811604448,0.00393498248051447,0.003));
#12150=CARTESIAN_POINT('',(0.00386059811604448,0.00393498248051447,0.003));
#12151=CARTESIAN_POINT('',(0.00299908755221873,0.00377679920551763,0.003));
#12152=CARTESIAN_POINT('',(0.00271867174654252,0.00364672287607808,0.003));
#12153=CARTESIAN_POINT('',(0.00271867174654252,0.00364672287607808,0.003));
#12154=CARTESIAN_POINT('',(0.00271867174654252,0.00364672287607808,0.003));
#12155=CARTESIAN_POINT('',(0.00383968131935068,0.00348331040190779,0.003));
#12156=CARTESIAN_POINT('',(0.00383968131935068,0.00348331040190779,0.));
#12157=CARTESIAN_POINT('',(0.00381876452265689,0.00303163832330112,0.));
#12158=CARTESIAN_POINT('',(0.00381876452265689,0.00303163832330112,0.003));
#12159=CARTESIAN_POINT('',(0.00381876452265689,0.00303163832330112,0.003));
#12160=CARTESIAN_POINT('',(0.00383968131935068,0.00348331040190779,0.003));
#12161=CARTESIAN_POINT('',(0.00312001278310475,0.00266297978157296,0.003));
#12162=CARTESIAN_POINT('',(0.00312001278310475,0.00266297978157296,0.));
#12163=CARTESIAN_POINT('',(0.0033400749149874,0.00266297978157296,0.003));
#12164=CARTESIAN_POINT('',(0.0033400749149874,0.00266297978157296,4.33680868994202E-19));
#12165=CARTESIAN_POINT('',(0.00357299216150478,0.00278586596214901,0.003));
#12166=CARTESIAN_POINT('',(0.00357299216150478,0.00278586596214901,4.33680868994202E-19));
#12167=CARTESIAN_POINT('',(0.00381876452265689,0.00303163832330112,0.003));
#12168=CARTESIAN_POINT('',(0.00381876452265689,0.00303163832330112,0.));
#12169=CARTESIAN_POINT('',(0.00312001278310475,0.00266297978157296,0.));
#12170=CARTESIAN_POINT('',(0.00345010598092872,0.00266297978157296,0.));
#12171=CARTESIAN_POINT('',(0.00381876452265689,0.00303163832330112,0.));
#12172=CARTESIAN_POINT('',(0.00312001278310475,0.00266297978157296,0.));
#12173=CARTESIAN_POINT('',(0.00312001278310475,0.00266297978157296,0.003));
#12174=CARTESIAN_POINT('',(0.00312001278310475,0.00266297978157296,0.003));
#12175=CARTESIAN_POINT('',(0.00312001278310475,0.00266297978157296,0.003));
#12176=CARTESIAN_POINT('',(0.00345010598092872,0.00266297978157296,0.003));
#12177=CARTESIAN_POINT('',(0.00381876452265689,0.00303163832330112,0.003));
#12178=CARTESIAN_POINT('',(0.00261408776307354,0.00283031415512333,0.003));
#12179=CARTESIAN_POINT('',(0.00261408776307354,0.00283031415512333,0.));
#12180=CARTESIAN_POINT('',(0.00273130897787835,0.00271875790608975,0.003));
#12181=CARTESIAN_POINT('',(0.00273130897787835,0.00271875790608975,4.33680868994202E-19));
#12182=CARTESIAN_POINT('',(0.00289995065122209,0.00266297978157296,0.003));
#12183=CARTESIAN_POINT('',(0.00289995065122209,0.00266297978157296,4.33680868994202E-19));
#12184=CARTESIAN_POINT('',(0.00312001278310475,0.00266297978157296,0.003));
#12185=CARTESIAN_POINT('',(0.00312001278310475,0.00266297978157296,0.));
#12186=CARTESIAN_POINT('',(0.00261408776307354,0.00283031415512333,0.));
#12187=CARTESIAN_POINT('',(0.00278991958528076,0.00266297978157296,0.));
#12188=CARTESIAN_POINT('',(0.00312001278310475,0.00266297978157296,0.));
#12189=CARTESIAN_POINT('',(0.00261408776307354,0.00283031415512333,0.));
#12190=CARTESIAN_POINT('',(0.00261408776307354,0.00283031415512333,0.003));
#12191=CARTESIAN_POINT('',(0.00261408776307354,0.00283031415512333,0.003));
#12192=CARTESIAN_POINT('',(0.00261408776307354,0.00283031415512333,0.003));
#12193=CARTESIAN_POINT('',(0.00278991958528076,0.00266297978157296,0.003));
#12194=CARTESIAN_POINT('',(0.00312001278310475,0.00266297978157296,0.003));
#12195=CARTESIAN_POINT('',(0.00300110000768809,0.00323770092135514,0.003));
#12196=CARTESIAN_POINT('',(0.00300110000768809,0.00323770092135514,0.));
#12197=CARTESIAN_POINT('',(0.00243825594086631,0.00325714753765611,0.));
#12198=CARTESIAN_POINT('',(0.00243825594086631,0.00325714753765611,0.003));
#12199=CARTESIAN_POINT('',(0.00243825594086631,0.00325714753765611,0.003));
#12200=CARTESIAN_POINT('',(0.00300110000768809,0.00323770092135514,0.003));
#12201=CARTESIAN_POINT('',(0.00209966529438547,0.00578415803822542,0.003));
#12202=CARTESIAN_POINT('',(0.00206175360037797,0.00587632267365747,0.003));
#12203=CARTESIAN_POINT('',(0.00206175360037797,0.00587632267365747,0.003));
#12204=CARTESIAN_POINT('',(0.00209966529438547,0.00578415803822542,0.003));
#12205=CARTESIAN_POINT('',(0.00213757698839298,0.00569199340279338,0.003));
#12206=CARTESIAN_POINT('',(0.00213757698839298,0.00569199340279338,0.003));
#12207=CARTESIAN_POINT('',(0.00199508131091649,0.00587632267365747,0.003));
#12208=CARTESIAN_POINT('',(0.00192840902145501,0.00587632267365747,0.003));
#12209=CARTESIAN_POINT('',(0.00192840902145501,0.00587632267365747,0.003));
#12210=CARTESIAN_POINT('',(0.00199508131091649,0.00587632267365747,0.003));
#12211=CARTESIAN_POINT('',(0.00197024261484261,0.00531549106230504,0.003));
#12212=CARTESIAN_POINT('',(0.0020120762082302,0.00475465945095262,0.003));
#12213=CARTESIAN_POINT('',(0.0020120762082302,0.00475465945095262,0.003));
#12214=CARTESIAN_POINT('',(0.00197024261484261,0.00531549106230504,0.003));
#12215=CARTESIAN_POINT('',(0.00208267039707177,0.00475923500022939,0.003));
#12216=CARTESIAN_POINT('',(0.00215326458591333,0.00476381054950615,0.003));
#12217=CARTESIAN_POINT('',(0.00215326458591333,0.00476381054950615,0.003));
#12218=CARTESIAN_POINT('',(0.00208267039707177,0.00475923500022939,0.003));
#12219=CARTESIAN_POINT('',(0.00217025948322704,0.00491872557501959,0.003));
#12220=CARTESIAN_POINT('',(0.00218725438054075,0.00507364060053302,0.003));
#12221=CARTESIAN_POINT('',(0.00218725438054075,0.00507364060053302,0.003));
#12222=CARTESIAN_POINT('',(0.00217025948322704,0.00491872557501959,0.003));
#12223=CARTESIAN_POINT('',(0.00313308578103837,0.00531549106230504,0.003));
#12224=CARTESIAN_POINT('',(0.00313308578103837,0.00531549106230504,0.));
#12225=CARTESIAN_POINT('',(0.00288774918648404,0.00531549106230504,0.003));
#12226=CARTESIAN_POINT('',(0.00288774918648404,0.00531549106230504,4.33680868994202E-19));
#12227=CARTESIAN_POINT('',(0.00257247205298484,0.00523487424171437,0.003));
#12228=CARTESIAN_POINT('',(0.00257247205298484,0.00523487424171437,4.33680868994202E-19));
#12229=CARTESIAN_POINT('',(0.00218725438054075,0.00507364060053302,0.003));
#12230=CARTESIAN_POINT('',(0.00218725438054075,0.00507364060053302,0.));
#12231=CARTESIAN_POINT('',(0.00313308578103837,0.00531549106230504,0.003));
#12232=CARTESIAN_POINT('',(0.00313308578103837,0.00531549106230504,0.003));
#12233=CARTESIAN_POINT('',(0.00313308578103837,0.00531549106230504,0.003));
#12234=CARTESIAN_POINT('',(0.00276508088920688,0.00531549106230504,0.003));
#12235=CARTESIAN_POINT('',(0.00218725438054075,0.00507364060053302,0.003));
#12236=CARTESIAN_POINT('',(0.00368934184311402,0.00513573734071773,0.003));
#12237=CARTESIAN_POINT('',(0.00368934184311402,0.00513573734071773,0.));
#12238=CARTESIAN_POINT('',(0.00356384106295124,0.00525557315510927,0.003));
#12239=CARTESIAN_POINT('',(0.00356384106295124,0.00525557315510927,4.33680868994202E-19));
#12240=CARTESIAN_POINT('',(0.00337842237559269,0.00531549106230504,0.003));
#12241=CARTESIAN_POINT('',(0.00337842237559269,0.00531549106230504,4.33680868994202E-19));
#12242=CARTESIAN_POINT('',(0.00313308578103837,0.00531549106230504,0.003));
#12243=CARTESIAN_POINT('',(0.00313308578103837,0.00531549106230504,0.));
#12244=CARTESIAN_POINT('',(0.00368934184311402,0.00513573734071773,0.003));
#12245=CARTESIAN_POINT('',(0.00368934184311402,0.00513573734071773,0.003));
#12246=CARTESIAN_POINT('',(0.00368934184311402,0.00513573734071773,0.003));
#12247=CARTESIAN_POINT('',(0.00350109067286985,0.00531549106230504,0.003));
#12248=CARTESIAN_POINT('',(0.00313308578103837,0.00531549106230504,0.003));
#12249=CARTESIAN_POINT('',(0.00387759301335819,0.00462915867078984,0.003));
#12250=CARTESIAN_POINT('',(0.00387759301335819,0.00462915867078984,0.));
#12251=CARTESIAN_POINT('',(0.00387759301335819,0.00484704196968355,0.003));
#12252=CARTESIAN_POINT('',(0.00387759301335819,0.00484704196968355,4.33680868994202E-19));
#12253=CARTESIAN_POINT('',(0.0038148426232768,0.00501590152632618,0.003));
#12254=CARTESIAN_POINT('',(0.0038148426232768,0.00501590152632618,4.33680868994202E-19));
#12255=CARTESIAN_POINT('',(0.00368934184311402,0.00513573734071773,0.003));
#12256=CARTESIAN_POINT('',(0.00368934184311402,0.00513573734071773,0.));
#12257=CARTESIAN_POINT('',(0.00387759301335819,0.00462915867078984,0.003));
#12258=CARTESIAN_POINT('',(0.00387759301335819,0.00462915867078984,0.003));
#12259=CARTESIAN_POINT('',(0.00387759301335819,0.00462915867078984,0.003));
#12260=CARTESIAN_POINT('',(0.00387759301335819,0.00495598361913041,0.003));
#12261=CARTESIAN_POINT('',(0.00368934184311402,0.00513573734071773,0.003));
#12262=CARTESIAN_POINT('',(0.00387759301335819,0.00452065278794077,0.003));
#12263=CARTESIAN_POINT('',(0.00387759301335819,0.0044121469050917,0.003));
#12264=CARTESIAN_POINT('',(0.00387759301335819,0.0044121469050917,0.003));
#12265=CARTESIAN_POINT('',(0.00387759301335819,0.00452065278794077,0.003));
#12266=CARTESIAN_POINT('',(0.00214542078715316,0.00395655292710494,0.003));
#12267=CARTESIAN_POINT('',(0.00214542078715316,0.00395655292710494,0.));
#12268=CARTESIAN_POINT('',(0.00242431140973711,0.00411560773529735,0.003));
#12269=CARTESIAN_POINT('',(0.00242431140973711,0.00411560773529735,4.33680868994202E-19));
#12270=CARTESIAN_POINT('',(0.00300170215180546,0.00426747239462627,0.003));
#12271=CARTESIAN_POINT('',(0.00300170215180546,0.00426747239462627,4.33680868994202E-19));
#12272=CARTESIAN_POINT('',(0.00387759301335819,0.0044121469050917,0.003));
#12273=CARTESIAN_POINT('',(0.00387759301335819,0.0044121469050917,0.));
#12274=CARTESIAN_POINT('',(0.00214542078715316,0.00395655292710494,0.003));
#12275=CARTESIAN_POINT('',(0.00214542078715316,0.00395655292710494,0.003));
#12276=CARTESIAN_POINT('',(0.00214542078715316,0.00395655292710494,0.003));
#12277=CARTESIAN_POINT('',(0.00256375672102909,0.00419513513939356,0.003));
#12278=CARTESIAN_POINT('',(0.00387759301335819,0.0044121469050917,0.003));
#12279=CARTESIAN_POINT('',(0.00172708485327723,0.00323230884158223,0.003));
#12280=CARTESIAN_POINT('',(0.00172708485327723,0.00323230884158223,0.));
#12281=CARTESIAN_POINT('',(0.00172708485327723,0.00355608342373829,0.003));
#12282=CARTESIAN_POINT('',(0.00172708485327723,0.00355608342373829,4.33680868994202E-19));
#12283=CARTESIAN_POINT('',(0.0018665301645692,0.00379749811891253,0.003));
#12284=CARTESIAN_POINT('',(0.0018665301645692,0.00379749811891253,4.33680868994202E-19));
#12285=CARTESIAN_POINT('',(0.00214542078715316,0.00395655292710494,0.003));
#12286=CARTESIAN_POINT('',(0.00214542078715316,0.00395655292710494,0.));
#12287=CARTESIAN_POINT('',(0.00172708485327723,0.00323230884158223,0.003));
#12288=CARTESIAN_POINT('',(0.00172708485327723,0.00323230884158223,0.003));
#12289=CARTESIAN_POINT('',(0.00172708485327723,0.00323230884158223,0.003));
#12290=CARTESIAN_POINT('',(0.00172708485327723,0.00371797071481632,0.003));
#12291=CARTESIAN_POINT('',(0.00214542078715316,0.00395655292710494,0.003));
#12292=CARTESIAN_POINT('',(0.00201599810761029,0.0024708067119487,0.003));
#12293=CARTESIAN_POINT('',(0.00201599810761029,0.0024708067119487,0.));
#12294=CARTESIAN_POINT('',(0.00182338927138825,0.00265470021621499,0.003));
#12295=CARTESIAN_POINT('',(0.00182338927138825,0.00265470021621499,4.33680868994202E-19));
#12296=CARTESIAN_POINT('',(0.00172708485327723,0.00290853425942617,0.003));
#12297=CARTESIAN_POINT('',(0.00172708485327723,0.00290853425942617,4.33680868994202E-19));
#12298=CARTESIAN_POINT('',(0.00172708485327723,0.00323230884158223,0.003));
#12299=CARTESIAN_POINT('',(0.00172708485327723,0.00323230884158223,0.));
#12300=CARTESIAN_POINT('',(0.00201599810761029,0.0024708067119487,0.003));
#12301=CARTESIAN_POINT('',(0.00201599810761029,0.0024708067119487,0.003));
#12302=CARTESIAN_POINT('',(0.00201599810761029,0.0024708067119487,0.003));
#12303=CARTESIAN_POINT('',(0.00172708485327723,0.00274664696834814,0.003));
#12304=CARTESIAN_POINT('',(0.00172708485327723,0.00323230884158223,0.003));
#12305=CARTESIAN_POINT('',(0.00281475828135465,0.00219496645554926,0.003));
#12306=CARTESIAN_POINT('',(0.00281475828135465,0.00219496645554926,0.));
#12307=CARTESIAN_POINT('',(0.00247486033508045,0.00219496645554926,0.003));
#12308=CARTESIAN_POINT('',(0.00247486033508045,0.00219496645554926,4.33680868994202E-19));
#12309=CARTESIAN_POINT('',(0.00220860694383233,0.0022869132076824,0.003));
#12310=CARTESIAN_POINT('',(0.00220860694383233,0.0022869132076824,4.33680868994202E-19));
#12311=CARTESIAN_POINT('',(0.00201599810761029,0.0024708067119487,0.003));
#12312=CARTESIAN_POINT('',(0.00201599810761029,0.0024708067119487,0.));
#12313=CARTESIAN_POINT('',(0.00281475828135465,0.00219496645554926,0.003));
#12314=CARTESIAN_POINT('',(0.00281475828135465,0.00219496645554926,0.003));
#12315=CARTESIAN_POINT('',(0.00281475828135465,0.00219496645554926,0.003));
#12316=CARTESIAN_POINT('',(0.00230491136194336,0.00219496645554926,0.003));
#12317=CARTESIAN_POINT('',(0.00201599810761029,0.0024708067119487,0.003));
#12318=CARTESIAN_POINT('',(0.00381876452265689,0.00259630749211148,0.003));
#12319=CARTESIAN_POINT('',(0.00381876452265689,0.00259630749211148,0.));
#12320=CARTESIAN_POINT('',(0.00348932497472959,0.00232874680107,0.003));
#12321=CARTESIAN_POINT('',(0.00348932497472959,0.00232874680107,4.33680868994202E-19));
#12322=CARTESIAN_POINT('',(0.00315465622762884,0.00219496645554926,0.003));
#12323=CARTESIAN_POINT('',(0.00315465622762884,0.00219496645554926,4.33680868994202E-19));
#12324=CARTESIAN_POINT('',(0.00281475828135465,0.00219496645554926,0.003));
#12325=CARTESIAN_POINT('',(0.00281475828135465,0.00219496645554926,0.));
#12326=CARTESIAN_POINT('',(0.00381876452265689,0.00259630749211148,0.003));
#12327=CARTESIAN_POINT('',(0.00381876452265689,0.00259630749211148,0.003));
#12328=CARTESIAN_POINT('',(0.00381876452265689,0.00259630749211148,0.003));
#12329=CARTESIAN_POINT('',(0.00332460520076594,0.00219496645554926,0.003));
#12330=CARTESIAN_POINT('',(0.00281475828135465,0.00219496645554926,0.003));
#12331=CARTESIAN_POINT('',(0.00381876452265689,0.00242505121918102,0.003));
#12332=CARTESIAN_POINT('',(0.00381876452265689,0.00225379494625056,0.003));
#12333=CARTESIAN_POINT('',(0.00381876452265689,0.00225379494625056,0.003));
#12334=CARTESIAN_POINT('',(0.00381876452265689,0.00242505121918102,0.003));
#12335=CARTESIAN_POINT('',(0.00433776254062172,0.00229105299036138,0.003));
#12336=CARTESIAN_POINT('',(0.00485676055858655,0.00232831103447221,0.003));
#12337=CARTESIAN_POINT('',(0.00485676055858655,0.00232831103447221,0.003));
#12338=CARTESIAN_POINT('',(0.00433776254062172,0.00229105299036138,0.003));
#12339=CARTESIAN_POINT('',(0.00486068245796664,0.00240805632186731,0.003));
#12340=CARTESIAN_POINT('',(0.00486460435734672,0.00248780160926241,0.003));
#12341=CARTESIAN_POINT('',(0.00486460435734672,0.00248780160926241,0.003));
#12342=CARTESIAN_POINT('',(0.00486068245796664,0.00240805632186731,0.003));
#12343=CARTESIAN_POINT('',(0.00472210867987023,0.00251721585461306,0.003));
#12344=CARTESIAN_POINT('',(0.00457961300239374,0.00254663009996371,0.003));
#12345=CARTESIAN_POINT('',(0.00457961300239374,0.00254663009996371,0.003));
#12346=CARTESIAN_POINT('',(0.00472210867987023,0.00251721585461306,0.003));
#12347=CARTESIAN_POINT('',(0.00454235495828292,0.00317413400077761,0.003));
#12348=CARTESIAN_POINT('',(0.00450509691417209,0.00380163790159151,0.003));
#12349=CARTESIAN_POINT('',(0.00450509691417209,0.00380163790159151,0.003));
#12350=CARTESIAN_POINT('',(0.00454235495828292,0.00317413400077761,0.003));
#12351=CARTESIAN_POINT('',(0.00451359436282894,0.00421539828619067,0.003));
#12352=CARTESIAN_POINT('',(0.0045220918114858,0.00462915867078984,0.003));
#12353=CARTESIAN_POINT('',(0.0045220918114858,0.00462915867078984,0.003));
#12354=CARTESIAN_POINT('',(0.00451359436282894,0.00421539828619067,0.003));
#12355=CARTESIAN_POINT('',(0.00414101392172069,0.00548740098513218,0.003));
#12356=CARTESIAN_POINT('',(0.00414101392172069,0.00548740098513218,0.));
#12357=CARTESIAN_POINT('',(0.00439506584823076,0.0052891271831389,0.003));
#12358=CARTESIAN_POINT('',(0.00439506584823076,0.0052891271831389,4.33680868994202E-19));
#12359=CARTESIAN_POINT('',(0.0045220918114858,0.00500304641169145,0.003));
#12360=CARTESIAN_POINT('',(0.0045220918114858,0.00500304641169145,4.33680868994202E-19));
#12361=CARTESIAN_POINT('',(0.0045220918114858,0.00462915867078984,0.003));
#12362=CARTESIAN_POINT('',(0.0045220918114858,0.00462915867078984,0.));
#12363=CARTESIAN_POINT('',(0.00414101392172069,0.00548740098513218,0.003));
#12364=CARTESIAN_POINT('',(0.00414101392172069,0.00548740098513218,0.003));
#12365=CARTESIAN_POINT('',(0.00414101392172069,0.00548740098513218,0.003));
#12366=CARTESIAN_POINT('',(0.0045220918114858,0.00518999028214226,0.003));
#12367=CARTESIAN_POINT('',(0.0045220918114858,0.00462915867078984,0.003));
#12368=CARTESIAN_POINT('',(0.00304876494436649,0.0057848116881221,0.003));
#12369=CARTESIAN_POINT('',(0.00304876494436649,0.0057848116881221,0.));
#12370=CARTESIAN_POINT('',(0.00352287900275922,0.0057848116881221,0.003));
#12371=CARTESIAN_POINT('',(0.00352287900275922,0.0057848116881221,4.33680868994202E-19));
#12372=CARTESIAN_POINT('',(0.00388696199521062,0.00568567478712546,0.003));
#12373=CARTESIAN_POINT('',(0.00388696199521062,0.00568567478712546,4.33680868994202E-19));
#12374=CARTESIAN_POINT('',(0.00414101392172069,0.00548740098513218,0.003));
#12375=CARTESIAN_POINT('',(0.00414101392172069,0.00548740098513218,0.));
#12376=CARTESIAN_POINT('',(0.00304876494436649,0.0057848116881221,0.003));
#12377=CARTESIAN_POINT('',(0.00304876494436649,0.0057848116881221,0.003));
#12378=CARTESIAN_POINT('',(0.00304876494436649,0.0057848116881221,0.003));
#12379=CARTESIAN_POINT('',(0.00375993603195559,0.0057848116881221,0.003));
#12380=CARTESIAN_POINT('',(0.00414101392172069,0.00548740098513218,0.003));
#12381=CARTESIAN_POINT('',(0.00213757698839298,0.00569199340279338,0.003));
#12382=CARTESIAN_POINT('',(0.00213757698839298,0.00569199340279338,0.));
#12383=CARTESIAN_POINT('',(0.0024940340653831,0.00575387225967919,0.003));
#12384=CARTESIAN_POINT('',(0.0024940340653831,0.00575387225967919,4.33680868994202E-19));
#12385=CARTESIAN_POINT('',(0.00279776338404094,0.0057848116881221,0.003));
#12386=CARTESIAN_POINT('',(0.00279776338404094,0.0057848116881221,4.33680868994202E-19));
#12387=CARTESIAN_POINT('',(0.00304876494436649,0.0057848116881221,0.003));
#12388=CARTESIAN_POINT('',(0.00304876494436649,0.0057848116881221,0.));
#12389=CARTESIAN_POINT('',(0.00213757698839298,0.00569199340279338,0.003));
#12390=CARTESIAN_POINT('',(0.00267226260387816,0.0057848116881221,0.003));
#12391=CARTESIAN_POINT('',(0.00304876494436649,0.0057848116881221,0.003));
#12392=CARTESIAN_POINT('',(0.00271867174654252,0.00364672287607808,0.003));
#12393=CARTESIAN_POINT('',(0.00271867174654252,0.00364672287607808,0.));
#12394=CARTESIAN_POINT('',(0.00253172787609171,0.00356000532311838,0.003));
#12395=CARTESIAN_POINT('',(0.00253172787609171,0.00356000532311838,4.33680868994202E-19));
#12396=CARTESIAN_POINT('',(0.00243825594086631,0.00343014687697773,0.003));
#12397=CARTESIAN_POINT('',(0.00243825594086631,0.00343014687697773,4.33680868994202E-19));
#12398=CARTESIAN_POINT('',(0.00243825594086631,0.00325714753765611,0.003));
#12399=CARTESIAN_POINT('',(0.00243825594086631,0.00325714753765611,0.));
#12400=CARTESIAN_POINT('',(0.00271867174654252,0.00364672287607808,0.));
#12401=CARTESIAN_POINT('',(0.00243825594086631,0.00351664654663853,0.));
#12402=CARTESIAN_POINT('',(0.00243825594086631,0.00325714753765611,0.));
#12403=CARTESIAN_POINT('',(0.00271867174654252,0.00364672287607808,0.003));
#12404=CARTESIAN_POINT('',(0.00243825594086631,0.00351664654663853,0.003));
#12405=CARTESIAN_POINT('',(0.00243825594086631,0.00325714753765611,0.003));
#12406=CARTESIAN_POINT('',(0.,0.,0.003));
#12407=CARTESIAN_POINT('',(0.,0.,0.));
#12408=CARTESIAN_POINT('',(-0.0228508049118306,-0.00295906297978158,0.003));
#12409=CARTESIAN_POINT('',(-0.0228508049118306,-0.00295906297978158,0.));
#12410=CARTESIAN_POINT('',(-0.0224618832233053,-0.00197139798589637,0.));
#12411=CARTESIAN_POINT('',(-0.0232397266003558,-0.00394672797366678,0.));
#12412=CARTESIAN_POINT('',(-0.0224618832233053,-0.00197139798589637,0.003));
#12413=CARTESIAN_POINT('',(-0.0224618832233053,-0.00197139798589637,0.003));
#12414=CARTESIAN_POINT('',(-0.0228508049118306,-0.00295906297978158,0.003));
#12415=CARTESIAN_POINT('',(-0.0232397266003558,-0.00394672797366678,0.003));
#12416=CARTESIAN_POINT('',(-0.0232397266003558,-0.00394672797366678,0.003));
#12417=CARTESIAN_POINT('',(-0.0221062976795107,-0.00295906297978158,0.003));
#12418=CARTESIAN_POINT('',(-0.0221062976795107,-0.00295906297978158,0.));
#12419=CARTESIAN_POINT('',(-0.0217507121357161,-0.00394672797366678,0.));
#12420=CARTESIAN_POINT('',(-0.0217507121357161,-0.00394672797366678,0.003));
#12421=CARTESIAN_POINT('',(-0.0217507121357161,-0.00394672797366678,0.003));
#12422=CARTESIAN_POINT('',(-0.0221062976795107,-0.00295906297978158,0.003));
#12423=CARTESIAN_POINT('',(-0.02147029633004,-0.00472849325009744,0.003));
#12424=CARTESIAN_POINT('',(-0.0213912046925415,-0.00495073421496903,0.003));
#12425=CARTESIAN_POINT('',(-0.0213912046925415,-0.00495073421496903,0.003));
#12426=CARTESIAN_POINT('',(-0.02147029633004,-0.00472849325009744,0.003));
#12427=CARTESIAN_POINT('',(-0.0215493879675384,-0.00450625228522585,0.003));
#12428=CARTESIAN_POINT('',(-0.0215493879675384,-0.00450625228522585,0.003));
#12429=CARTESIAN_POINT('',(-0.0212866207090725,-0.00547365413231394,0.003));
#12430=CARTESIAN_POINT('',(-0.0211820367256035,-0.00599657404965886,0.003));
#12431=CARTESIAN_POINT('',(-0.0211820367256035,-0.00599657404965886,0.003));
#12432=CARTESIAN_POINT('',(-0.0212866207090725,-0.00547365413231394,0.003));
#12433=CARTESIAN_POINT('',(-0.0213617904471908,-0.00601749084635266,0.003));
#12434=CARTESIAN_POINT('',(-0.0215415441687782,-0.00603840764304645,0.003));
#12435=CARTESIAN_POINT('',(-0.0215415441687782,-0.00603840764304645,0.003));
#12436=CARTESIAN_POINT('',(-0.0213617904471908,-0.00601749084635266,0.003));
#12437=CARTESIAN_POINT('',(-0.0215376222693981,-0.00612599672920173,0.003));
#12438=CARTESIAN_POINT('',(-0.021533700370018,-0.006213585815357,0.003));
#12439=CARTESIAN_POINT('',(-0.021533700370018,-0.006213585815357,0.003));
#12440=CARTESIAN_POINT('',(-0.0215376222693981,-0.00612599672920173,0.003));
#12441=CARTESIAN_POINT('',(-0.0207885394878015,-0.006213585815357,0.003));
#12442=CARTESIAN_POINT('',(-0.020043378605585,-0.006213585815357,0.003));
#12443=CARTESIAN_POINT('',(-0.020043378605585,-0.006213585815357,0.003));
#12444=CARTESIAN_POINT('',(-0.0207885394878015,-0.006213585815357,0.003));
#12445=CARTESIAN_POINT('',(-0.0200394567062049,-0.0061338405279619,0.003));
#12446=CARTESIAN_POINT('',(-0.0200355348068249,-0.0060540952405668,0.003));
#12447=CARTESIAN_POINT('',(-0.0200355348068249,-0.0060540952405668,0.003));
#12448=CARTESIAN_POINT('',(-0.0200394567062049,-0.0061338405279619,0.003));
#12449=CARTESIAN_POINT('',(-0.0201610355869876,-0.00602533464511283,0.003));
#12450=CARTESIAN_POINT('',(-0.0202865363671504,-0.00599657404965886,0.003));
#12451=CARTESIAN_POINT('',(-0.0202865363671504,-0.00599657404965886,0.003));
#12452=CARTESIAN_POINT('',(-0.0201610355869876,-0.00602533464511283,0.003));
#12453=CARTESIAN_POINT('',(-0.0211611199289098,-0.0036826534154076,0.003));
#12454=CARTESIAN_POINT('',(-0.0220357034906691,-0.00136873278115635,0.003));
#12455=CARTESIAN_POINT('',(-0.0220357034906691,-0.00136873278115635,0.003));
#12456=CARTESIAN_POINT('',(-0.0211611199289098,-0.0036826534154076,0.003));
#12457=CARTESIAN_POINT('',(-0.021876212915879,-0.00133997218570238,0.003));
#12458=CARTESIAN_POINT('',(-0.0217167223410888,-0.00131121159024841,0.003));
#12459=CARTESIAN_POINT('',(-0.0217167223410888,-0.00131121159024841,0.003));
#12460=CARTESIAN_POINT('',(-0.021876212915879,-0.00133997218570238,0.003));
#12461=CARTESIAN_POINT('',(-0.0217212978903655,-0.00123146630285331,0.003));
#12462=CARTESIAN_POINT('',(-0.0217258734396423,-0.00115172101545821,0.003));
#12463=CARTESIAN_POINT('',(-0.0217258734396423,-0.00115172101545821,0.003));
#12464=CARTESIAN_POINT('',(-0.0217212978903655,-0.00123146630285331,0.003));
#12465=CARTESIAN_POINT('',(-0.0224115521812608,-0.00115172101545821,0.003));
#12466=CARTESIAN_POINT('',(-0.0230972309228793,-0.00115172101545821,0.003));
#12467=CARTESIAN_POINT('',(-0.0230972309228793,-0.00115172101545821,0.003));
#12468=CARTESIAN_POINT('',(-0.0224115521812608,-0.00115172101545821,0.003));
#12469=CARTESIAN_POINT('',(-0.0231018064721561,-0.00123146630285331,0.003));
#12470=CARTESIAN_POINT('',(-0.0231063820214329,-0.00131121159024841,0.003));
#12471=CARTESIAN_POINT('',(-0.0231063820214329,-0.00131121159024841,0.003));
#12472=CARTESIAN_POINT('',(-0.0231018064721561,-0.00123146630285331,0.003));
#12473=CARTESIAN_POINT('',(-0.0229475450965393,-0.00133997218570238,0.003));
#12474=CARTESIAN_POINT('',(-0.0227887081716458,-0.00136873278115635,0.003));
#12475=CARTESIAN_POINT('',(-0.0227887081716458,-0.00136873278115635,0.003));
#12476=CARTESIAN_POINT('',(-0.0229475450965393,-0.00133997218570238,0.003));
#12477=CARTESIAN_POINT('',(-0.0237338859222468,-0.0036826534154076,0.003));
#12478=CARTESIAN_POINT('',(-0.0246790636728477,-0.00599657404965886,0.003));
#12479=CARTESIAN_POINT('',(-0.0246790636728477,-0.00599657404965886,0.003));
#12480=CARTESIAN_POINT('',(-0.0237338859222468,-0.0036826534154076,0.003));
#12481=CARTESIAN_POINT('',(-0.0248045644530104,-0.00602533464511283,0.003));
#12482=CARTESIAN_POINT('',(-0.0249300652331732,-0.0060540952405668,0.003));
#12483=CARTESIAN_POINT('',(-0.0249300652331732,-0.0060540952405668,0.003));
#12484=CARTESIAN_POINT('',(-0.0248045644530104,-0.00602533464511283,0.003));
#12485=CARTESIAN_POINT('',(-0.0249261433337931,-0.0061338405279619,0.003));
#12486=CARTESIAN_POINT('',(-0.024922221434413,-0.006213585815357,0.003));
#12487=CARTESIAN_POINT('',(-0.024922221434413,-0.006213585815357,0.003));
#12488=CARTESIAN_POINT('',(-0.0249261433337931,-0.0061338405279619,0.003));
#12489=CARTESIAN_POINT('',(-0.0242234696948609,-0.006213585815357,0.003));
#12490=CARTESIAN_POINT('',(-0.0235247179553088,-0.006213585815357,0.003));
#12491=CARTESIAN_POINT('',(-0.0235247179553088,-0.006213585815357,0.003));
#12492=CARTESIAN_POINT('',(-0.0242234696948609,-0.006213585815357,0.003));
#12493=CARTESIAN_POINT('',(-0.023520142406032,-0.00612599672920173,0.003));
#12494=CARTESIAN_POINT('',(-0.0235155668567552,-0.00603840764304645,0.003));
#12495=CARTESIAN_POINT('',(-0.0235155668567552,-0.00603840764304645,0.003));
#12496=CARTESIAN_POINT('',(-0.023520142406032,-0.00612599672920173,0.003));
#12497=CARTESIAN_POINT('',(-0.0236959742282393,-0.00601749084635266,0.003));
#12498=CARTESIAN_POINT('',(-0.0238763815997232,-0.00599657404965886,0.003));
#12499=CARTESIAN_POINT('',(-0.0238763815997232,-0.00599657404965886,0.003));
#12500=CARTESIAN_POINT('',(-0.0236959742282393,-0.00601749084635266,0.003));
#12501=CARTESIAN_POINT('',(-0.0237508808195604,-0.00547365413231394,0.003));
#12502=CARTESIAN_POINT('',(-0.0236253800393977,-0.00495073421496903,0.003));
#12503=CARTESIAN_POINT('',(-0.0236253800393977,-0.00495073421496903,0.003));
#12504=CARTESIAN_POINT('',(-0.0237508808195604,-0.00547365413231394,0.003));
#12505=CARTESIAN_POINT('',(-0.0235417128526225,-0.00472849325009744,0.003));
#12506=CARTESIAN_POINT('',(-0.0234580456658473,-0.00450625228522585,0.003));
#12507=CARTESIAN_POINT('',(-0.0234580456658473,-0.00450625228522585,0.003));
#12508=CARTESIAN_POINT('',(-0.0235417128526225,-0.00472849325009744,0.003));
#12509=CARTESIAN_POINT('',(-0.0225037168166928,-0.00450625228522585,0.003));
#12510=CARTESIAN_POINT('',(-0.0225037168166928,-0.00450625228522585,0.003));
#12511=CARTESIAN_POINT('',(-0.022495219368036,-0.00394672797366678,0.003));
#12512=CARTESIAN_POINT('',(-0.022495219368036,-0.00394672797366678,0.));
#12513=CARTESIAN_POINT('',(-0.022495219368036,-0.00394672797366678,0.003));
#12514=CARTESIAN_POINT('',(0.,0.,0.003));
#12515=CARTESIAN_POINT('',(0.,0.,0.));
#12516=CARTESIAN_POINT('',(-0.0173542629306387,-0.00557366256650616,0.003));
#12517=CARTESIAN_POINT('',(-0.0173542629306387,-0.00557366256650616,0.));
#12518=CARTESIAN_POINT('',(-0.0172008730882176,-0.00537015956533943,0.003));
#12519=CARTESIAN_POINT('',(-0.0172008730882176,-0.00537015956533943,4.33680868994202E-19));
#12520=CARTESIAN_POINT('',(-0.017124178167007,-0.00504812804957452,0.003));
#12521=CARTESIAN_POINT('',(-0.017124178167007,-0.00504812804957452,4.33680868994202E-19));
#12522=CARTESIAN_POINT('',(-0.017124178167007,-0.00460756801921143,0.003));
#12523=CARTESIAN_POINT('',(-0.017124178167007,-0.00460756801921143,0.));
#12524=CARTESIAN_POINT('',(-0.0173542629306387,-0.00557366256650616,0.));
#12525=CARTESIAN_POINT('',(-0.017124178167007,-0.00526840806475606,0.));
#12526=CARTESIAN_POINT('',(-0.017124178167007,-0.00460756801921143,0.));
#12527=CARTESIAN_POINT('',(-0.0173542629306387,-0.00557366256650616,0.));
#12528=CARTESIAN_POINT('',(-0.017124178167007,-0.00460756801921143,0.));
#12529=CARTESIAN_POINT('',(-0.0173542629306387,-0.00557366256650616,0.003));
#12530=CARTESIAN_POINT('',(-0.0173542629306387,-0.00557366256650616,0.003));
#12531=CARTESIAN_POINT('',(-0.0173542629306387,-0.00557366256650616,0.003));
#12532=CARTESIAN_POINT('',(-0.017124178167007,-0.00526840806475606,0.003));
#12533=CARTESIAN_POINT('',(-0.017124178167007,-0.00460756801921143,0.003));
#12534=CARTESIAN_POINT('',(-0.017124178167007,-0.00460756801921143,0.003));
#12535=CARTESIAN_POINT('',(-0.017124178167007,-0.00460756801921143,0.003));
#12536=CARTESIAN_POINT('',(-0.0180771997163681,-0.00587891706825625,0.003));
#12537=CARTESIAN_POINT('',(-0.0180771997163681,-0.00587891706825625,0.));
#12538=CARTESIAN_POINT('',(-0.0177486317016364,-0.00587891706825625,0.003));
#12539=CARTESIAN_POINT('',(-0.0177486317016364,-0.00587891706825625,4.33680868994202E-19));
#12540=CARTESIAN_POINT('',(-0.0175076527730599,-0.00577716556767289,0.003));
#12541=CARTESIAN_POINT('',(-0.0175076527730599,-0.00577716556767289,4.33680868994202E-19));
#12542=CARTESIAN_POINT('',(-0.0173542629306387,-0.00557366256650616,0.003));
#12543=CARTESIAN_POINT('',(-0.0173542629306387,-0.00557366256650616,0.));
#12544=CARTESIAN_POINT('',(-0.0180771997163681,-0.00587891706825625,0.));
#12545=CARTESIAN_POINT('',(-0.0175843476942705,-0.00587891706825625,0.));
#12546=CARTESIAN_POINT('',(-0.0173542629306387,-0.00557366256650616,0.));
#12547=CARTESIAN_POINT('',(-0.0180771997163681,-0.00587891706825625,0.));
#12548=CARTESIAN_POINT('',(-0.0180771997163681,-0.00587891706825625,0.003));
#12549=CARTESIAN_POINT('',(-0.0180771997163681,-0.00587891706825625,0.003));
#12550=CARTESIAN_POINT('',(-0.0180771997163681,-0.00587891706825625,0.003));
#12551=CARTESIAN_POINT('',(-0.0175843476942705,-0.00587891706825625,0.003));
#12552=CARTESIAN_POINT('',(-0.0173542629306387,-0.00557366256650616,0.003));
#12553=CARTESIAN_POINT('',(-0.0187386934118094,-0.00578740608272089,0.003));
#12554=CARTESIAN_POINT('',(-0.0187386934118094,-0.00578740608272089,0.));
#12555=CARTESIAN_POINT('',(-0.0184763619199414,-0.00584841340641113,0.003));
#12556=CARTESIAN_POINT('',(-0.0184763619199414,-0.00584841340641113,4.33680868994202E-19));
#12557=CARTESIAN_POINT('',(-0.018255864021461,-0.00587891706825625,0.003));
#12558=CARTESIAN_POINT('',(-0.018255864021461,-0.00587891706825625,4.33680868994202E-19));
#12559=CARTESIAN_POINT('',(-0.0180771997163681,-0.00587891706825625,0.003));
#12560=CARTESIAN_POINT('',(-0.0180771997163681,-0.00587891706825625,0.));
#12561=CARTESIAN_POINT('',(-0.0187386934118094,-0.00578740608272089,0.));
#12562=CARTESIAN_POINT('',(-0.0183451961740074,-0.00587891706825625,0.));
#12563=CARTESIAN_POINT('',(-0.0180771997163681,-0.00587891706825625,0.));
#12564=CARTESIAN_POINT('',(-0.0187386934118094,-0.00578740608272089,0.));
#12565=CARTESIAN_POINT('',(-0.0187386934118094,-0.00578740608272089,0.003));
#12566=CARTESIAN_POINT('',(-0.0187386934118094,-0.00578740608272089,0.003));
#12567=CARTESIAN_POINT('',(-0.0187386934118094,-0.00578740608272089,0.003));
#12568=CARTESIAN_POINT('',(-0.0183451961740074,-0.00587891706825625,0.003));
#12569=CARTESIAN_POINT('',(-0.0180771997163681,-0.00587891706825625,0.003));
#12570=CARTESIAN_POINT('',(-0.0187386934118094,-0.00507165944585504,0.003));
#12571=CARTESIAN_POINT('',(-0.0187386934118094,-0.00507165944585504,0.));
#12572=CARTESIAN_POINT('',(-0.0187386934118094,-0.00435591280898919,0.));
#12573=CARTESIAN_POINT('',(-0.0187386934118094,-0.00435591280898919,0.003));
#12574=CARTESIAN_POINT('',(-0.0187386934118094,-0.00435591280898919,0.003));
#12575=CARTESIAN_POINT('',(-0.0187386934118094,-0.00507165944585504,0.003));
#12576=CARTESIAN_POINT('',(-0.0187177766151157,-0.00397091301984399,0.003));
#12577=CARTESIAN_POINT('',(-0.0187177766151157,-0.00397091301984399,0.));
#12578=CARTESIAN_POINT('',(-0.0186968598184219,-0.0035859132306988,0.));
#12579=CARTESIAN_POINT('',(-0.0186968598184219,-0.0035859132306988,0.003));
#12580=CARTESIAN_POINT('',(-0.0186968598184219,-0.0035859132306988,0.003));
#12581=CARTESIAN_POINT('',(-0.0187177766151157,-0.00397091301984399,0.003));
#12582=CARTESIAN_POINT('',(-0.017964771934139,-0.00321856198876399,0.003));
#12583=CARTESIAN_POINT('',(-0.017964771934139,-0.00321856198876399,0.));
#12584=CARTESIAN_POINT('',(-0.0182183880940513,-0.00321856198876399,0.003));
#12585=CARTESIAN_POINT('',(-0.0182183880940513,-0.00321856198876399,4.33680868994202E-19));
#12586=CARTESIAN_POINT('',(-0.0184624173888122,-0.00334101240274226,0.003));
#12587=CARTESIAN_POINT('',(-0.0184624173888122,-0.00334101240274226,4.33680868994202E-19));
#12588=CARTESIAN_POINT('',(-0.0186968598184219,-0.0035859132306988,0.003));
#12589=CARTESIAN_POINT('',(-0.0186968598184219,-0.0035859132306988,0.));
#12590=CARTESIAN_POINT('',(-0.017964771934139,-0.00321856198876399,0.));
#12591=CARTESIAN_POINT('',(-0.0183451961740074,-0.00321856198876399,0.));
#12592=CARTESIAN_POINT('',(-0.0186968598184219,-0.0035859132306988,0.));
#12593=CARTESIAN_POINT('',(-0.017964771934139,-0.00321856198876399,0.));
#12594=CARTESIAN_POINT('',(-0.017964771934139,-0.00321856198876399,0.003));
#12595=CARTESIAN_POINT('',(-0.017964771934139,-0.00321856198876399,0.003));
#12596=CARTESIAN_POINT('',(-0.017964771934139,-0.00321856198876399,0.003));
#12597=CARTESIAN_POINT('',(-0.0183451961740074,-0.00321856198876399,0.003));
#12598=CARTESIAN_POINT('',(-0.0186968598184219,-0.0035859132306988,0.003));
#12599=CARTESIAN_POINT('',(-0.0173542629306387,-0.00358264498121539,0.003));
#12600=CARTESIAN_POINT('',(-0.0173542629306387,-0.00358264498121539,0.));
#12601=CARTESIAN_POINT('',(-0.0175076527730599,-0.00333992298624779,0.003));
#12602=CARTESIAN_POINT('',(-0.0175076527730599,-0.00333992298624779,4.33680868994202E-19));
#12603=CARTESIAN_POINT('',(-0.0177111557742267,-0.00321856198876399,0.003));
#12604=CARTESIAN_POINT('',(-0.0177111557742267,-0.00321856198876399,4.33680868994202E-19));
#12605=CARTESIAN_POINT('',(-0.017964771934139,-0.00321856198876399,0.003));
#12606=CARTESIAN_POINT('',(-0.017964771934139,-0.00321856198876399,0.));
#12607=CARTESIAN_POINT('',(-0.0173542629306387,-0.00358264498121539,0.));
#12608=CARTESIAN_POINT('',(-0.0175843476942705,-0.00321856198876399,0.));
#12609=CARTESIAN_POINT('',(-0.017964771934139,-0.00321856198876399,0.));
#12610=CARTESIAN_POINT('',(-0.0173542629306387,-0.00358264498121539,0.));
#12611=CARTESIAN_POINT('',(-0.0173542629306387,-0.00358264498121539,0.003));
#12612=CARTESIAN_POINT('',(-0.0173542629306387,-0.00358264498121539,0.003));
#12613=CARTESIAN_POINT('',(-0.0173542629306387,-0.00358264498121539,0.003));
#12614=CARTESIAN_POINT('',(-0.0175843476942705,-0.00321856198876399,0.003));
#12615=CARTESIAN_POINT('',(-0.017964771934139,-0.00321856198876399,0.003));
#12616=CARTESIAN_POINT('',(-0.0193831922099371,-0.00541090374223255,0.003));
#12617=CARTESIAN_POINT('',(-0.0193831922099371,-0.00645674357692238,0.003));
#12618=CARTESIAN_POINT('',(-0.0193831922099371,-0.00645674357692238,0.003));
#12619=CARTESIAN_POINT('',(-0.0193831922099371,-0.00541090374223255,0.003));
#12620=CARTESIAN_POINT('',(-0.0193831922099371,-0.00436506390754272,0.003));
#12621=CARTESIAN_POINT('',(-0.0193831922099371,-0.00436506390754272,0.003));
#12622=CARTESIAN_POINT('',(-0.0194204502540478,-0.00708816937711637,0.003));
#12623=CARTESIAN_POINT('',(-0.0194577082981587,-0.00771959517731036,0.003));
#12624=CARTESIAN_POINT('',(-0.0194577082981587,-0.00771959517731036,0.003));
#12625=CARTESIAN_POINT('',(-0.0194204502540478,-0.00708816937711637,0.003));
#12626=CARTESIAN_POINT('',(-0.0195832090783215,-0.00774900942266101,0.003));
#12627=CARTESIAN_POINT('',(-0.0197087098584843,-0.00777842366801166,0.003));
#12628=CARTESIAN_POINT('',(-0.0197087098584843,-0.00777842366801166,0.003));
#12629=CARTESIAN_POINT('',(-0.0195832090783215,-0.00774900942266101,0.003));
#12630=CARTESIAN_POINT('',(-0.0197047879591042,-0.00785751530551008,0.003));
#12631=CARTESIAN_POINT('',(-0.0197008660597241,-0.0079366069430085,0.003));
#12632=CARTESIAN_POINT('',(-0.0197008660597241,-0.0079366069430085,0.003));
#12633=CARTESIAN_POINT('',(-0.0197047879591042,-0.00785751530551008,0.003));
#12634=CARTESIAN_POINT('',(-0.0190021143201719,-0.0079366069430085,0.003));
#12635=CARTESIAN_POINT('',(-0.0183033625806198,-0.0079366069430085,0.003));
#12636=CARTESIAN_POINT('',(-0.0183033625806198,-0.0079366069430085,0.003));
#12637=CARTESIAN_POINT('',(-0.0190021143201719,-0.0079366069430085,0.003));
#12638=CARTESIAN_POINT('',(-0.0182994406812397,-0.00784901785685322,0.003));
#12639=CARTESIAN_POINT('',(-0.0182955187818596,-0.00776142877069795,0.003));
#12640=CARTESIAN_POINT('',(-0.0182955187818596,-0.00776142877069795,0.003));
#12641=CARTESIAN_POINT('',(-0.0182994406812397,-0.00784901785685322,0.003));
#12642=CARTESIAN_POINT('',(-0.0184837699521038,-0.00774051197400415,0.003));
#12643=CARTESIAN_POINT('',(-0.018672021122348,-0.00771959517731036,0.003));
#12644=CARTESIAN_POINT('',(-0.018672021122348,-0.00771959517731036,0.003));
#12645=CARTESIAN_POINT('',(-0.0184837699521038,-0.00774051197400415,0.003));
#12646=CARTESIAN_POINT('',(-0.0187053572670787,-0.00708816937711637,0.003));
#12647=CARTESIAN_POINT('',(-0.0187386934118094,-0.00645674357692238,0.003));
#12648=CARTESIAN_POINT('',(-0.0187386934118094,-0.00645674357692238,0.003));
#12649=CARTESIAN_POINT('',(-0.0187053572670787,-0.00708816937711637,0.003));
#12650=CARTESIAN_POINT('',(-0.0187386934118094,-0.00636457894149034,0.003));
#12651=CARTESIAN_POINT('',(-0.0187386934118094,-0.00627197207977315,0.003));
#12652=CARTESIAN_POINT('',(-0.0187386934118094,-0.0062724143060583,0.003));
#12653=CARTESIAN_POINT('',(-0.0187386934118094,-0.00636457894149034,0.003));
#12654=CARTESIAN_POINT('',(-0.0181305475956392,-0.0035754827566993,0.003));
#12655=CARTESIAN_POINT('',(-0.0181608669031433,-0.00633908659551978,0.003));
#12656=CARTESIAN_POINT('',(-0.0181608669031433,-0.00633908659551978,0.003));
#12657=CARTESIAN_POINT('',(-0.0181305475956392,-0.0035754827566993,0.003));
#12658=CARTESIAN_POINT('',(-0.0168725229567847,-0.00583316157548857,0.003));
#12659=CARTESIAN_POINT('',(-0.0168725229567847,-0.00583316157548857,0.));
#12660=CARTESIAN_POINT('',(-0.0171849676073983,-0.00617044492217604,0.003));
#12661=CARTESIAN_POINT('',(-0.0171849676073983,-0.00617044492217604,4.33680868994202E-19));
#12662=CARTESIAN_POINT('',(-0.0176144155895179,-0.00633908659551978,0.003));
#12663=CARTESIAN_POINT('',(-0.0176144155895179,-0.00633908659551978,4.33680868994202E-19));
#12664=CARTESIAN_POINT('',(-0.0181608669031433,-0.00633908659551978,0.003));
#12665=CARTESIAN_POINT('',(-0.0181608669031433,-0.00633908659551978,0.));
#12666=CARTESIAN_POINT('',(-0.0168725229567847,-0.00583316157548857,0.003));
#12667=CARTESIAN_POINT('',(-0.0168725229567847,-0.00583316157548857,0.003));
#12668=CARTESIAN_POINT('',(-0.0168725229567847,-0.00583316157548857,0.003));
#12669=CARTESIAN_POINT('',(-0.0173411899327051,-0.00633908659551978,0.003));
#12670=CARTESIAN_POINT('',(-0.0181608669031433,-0.00633908659551978,0.003));
#12671=CARTESIAN_POINT('',(-0.0164038559808644,-0.00451932528315947,0.003));
#12672=CARTESIAN_POINT('',(-0.0164038559808644,-0.00451932528315947,0.));
#12673=CARTESIAN_POINT('',(-0.0164038559808644,-0.00505793279802474,0.003));
#12674=CARTESIAN_POINT('',(-0.0164038559808644,-0.00505793279802474,4.33680868994202E-19));
#12675=CARTESIAN_POINT('',(-0.0165600783061712,-0.0054958782288011,0.003));
#12676=CARTESIAN_POINT('',(-0.0165600783061712,-0.0054958782288011,4.33680868994202E-19));
#12677=CARTESIAN_POINT('',(-0.0168725229567847,-0.00583316157548857,0.003));
#12678=CARTESIAN_POINT('',(-0.0168725229567847,-0.00583316157548857,0.));
#12679=CARTESIAN_POINT('',(-0.0164038559808644,-0.00451932528315947,0.003));
#12680=CARTESIAN_POINT('',(-0.0164038559808644,-0.00451932528315947,0.003));
#12681=CARTESIAN_POINT('',(-0.0164038559808644,-0.00451932528315947,0.003));
#12682=CARTESIAN_POINT('',(-0.0164038559808644,-0.00532723655545737,0.003));
#12683=CARTESIAN_POINT('',(-0.0168725229567847,-0.00583316157548857,0.003));
#12684=CARTESIAN_POINT('',(-0.0167803583213528,-0.00323032768690425,0.003));
#12685=CARTESIAN_POINT('',(-0.0167803583213528,-0.00323032768690425,0.));
#12686=CARTESIAN_POINT('',(-0.0165293567610272,-0.0035510519028758,0.003));
#12687=CARTESIAN_POINT('',(-0.0165293567610272,-0.0035510519028758,4.33680868994202E-19));
#12688=CARTESIAN_POINT('',(-0.0164038559808644,-0.00398071776829421,0.003));
#12689=CARTESIAN_POINT('',(-0.0164038559808644,-0.00398071776829421,4.33680868994202E-19));
#12690=CARTESIAN_POINT('',(-0.0164038559808644,-0.00451932528315947,0.003));
#12691=CARTESIAN_POINT('',(-0.0164038559808644,-0.00451932528315947,0.));
#12692=CARTESIAN_POINT('',(-0.0167803583213528,-0.00323032768690425,0.003));
#12693=CARTESIAN_POINT('',(-0.0167803583213528,-0.00323032768690425,0.003));
#12694=CARTESIAN_POINT('',(-0.0167803583213528,-0.00323032768690425,0.003));
#12695=CARTESIAN_POINT('',(-0.0164038559808644,-0.00371141401086158,0.003));
#12696=CARTESIAN_POINT('',(-0.0164038559808644,-0.00451932528315947,0.003));
#12697=CARTESIAN_POINT('',(-0.0177006973758798,-0.00274924136294693,0.003));
#12698=CARTESIAN_POINT('',(-0.0177006973758798,-0.00274924136294693,0.));
#12699=CARTESIAN_POINT('',(-0.0173381395665206,-0.00274924136294693,0.003));
#12700=CARTESIAN_POINT('',(-0.0173381395665206,-0.00274924136294693,4.33680868994202E-19));
#12701=CARTESIAN_POINT('',(-0.0170313598816783,-0.0029096034709327,0.003));
#12702=CARTESIAN_POINT('',(-0.0170313598816783,-0.0029096034709327,4.33680868994202E-19));
#12703=CARTESIAN_POINT('',(-0.0167803583213528,-0.00323032768690425,0.003));
#12704=CARTESIAN_POINT('',(-0.0167803583213528,-0.00323032768690425,0.));
#12705=CARTESIAN_POINT('',(-0.0177006973758798,-0.00274924136294693,0.003));
#12706=CARTESIAN_POINT('',(-0.0177006973758798,-0.00274924136294693,0.003));
#12707=CARTESIAN_POINT('',(-0.0177006973758798,-0.00274924136294693,0.003));
#12708=CARTESIAN_POINT('',(-0.0171568606618411,-0.00274924136294693,0.003));
#12709=CARTESIAN_POINT('',(-0.0167803583213528,-0.00323032768690425,0.003));
#12710=CARTESIAN_POINT('',(-0.0186968598184219,-0.00315188969930251,0.003));
#12711=CARTESIAN_POINT('',(-0.0186968598184219,-0.00315188969930251,0.));
#12712=CARTESIAN_POINT('',(-0.0183953093327529,-0.00288345747506546,0.003));
#12713=CARTESIAN_POINT('',(-0.0183953093327529,-0.00288345747506546,4.33680868994202E-19));
#12714=CARTESIAN_POINT('',(-0.0180632551852389,-0.00274924136294693,0.003));
#12715=CARTESIAN_POINT('',(-0.0180632551852389,-0.00274924136294693,4.33680868994202E-19));
#12716=CARTESIAN_POINT('',(-0.0177006973758798,-0.00274924136294693,0.003));
#12717=CARTESIAN_POINT('',(-0.0177006973758798,-0.00274924136294693,0.));
#12718=CARTESIAN_POINT('',(-0.0186968598184219,-0.00315188969930251,0.003));
#12719=CARTESIAN_POINT('',(-0.0186968598184219,-0.00315188969930251,0.003));
#12720=CARTESIAN_POINT('',(-0.0186968598184219,-0.00315188969930251,0.003));
#12721=CARTESIAN_POINT('',(-0.0182445340899185,-0.00274924136294693,0.003));
#12722=CARTESIAN_POINT('',(-0.0177006973758798,-0.00274924136294693,0.003));
#12723=CARTESIAN_POINT('',(-0.0186968598184219,-0.00297997977647538,0.003));
#12724=CARTESIAN_POINT('',(-0.0186968598184219,-0.00280806985364823,0.003));
#12725=CARTESIAN_POINT('',(-0.0186968598184219,-0.00280806985364823,0.003));
#12726=CARTESIAN_POINT('',(-0.0186968598184219,-0.00297997977647538,0.003));
#12727=CARTESIAN_POINT('',(-0.0192158578363867,-0.00284598154765574,0.003));
#12728=CARTESIAN_POINT('',(-0.0197348558543515,-0.00288389324166325,0.003));
#12729=CARTESIAN_POINT('',(-0.0197348558543515,-0.00288389324166325,0.003));
#12730=CARTESIAN_POINT('',(-0.0192158578363867,-0.00284598154765574,0.003));
#12731=CARTESIAN_POINT('',(-0.0197387777537316,-0.00296298487916167,0.003));
#12732=CARTESIAN_POINT('',(-0.0197426996531117,-0.00304207651666008,0.003));
#12733=CARTESIAN_POINT('',(-0.0197426996531117,-0.00304207651666008,0.003));
#12734=CARTESIAN_POINT('',(-0.0197387777537316,-0.00296298487916167,0.003));
#12735=CARTESIAN_POINT('',(-0.0196002039756352,-0.00307149076201073,0.003));
#12736=CARTESIAN_POINT('',(-0.0194577082981587,-0.00310090500736139,0.003));
#12737=CARTESIAN_POINT('',(-0.0194577082981587,-0.00310090500736139,0.003));
#12738=CARTESIAN_POINT('',(-0.0196002039756352,-0.00307149076201073,0.003));
#12739=CARTESIAN_POINT('',(-0.0194204502540478,-0.00373298445745205,0.003));
#12740=CARTESIAN_POINT('',(-0.0194204502540478,-0.00373298445745205,0.003));
#12741=CARTESIAN_POINT('',(-0.017124178167007,-0.00460756801921143,0.003));
#12742=CARTESIAN_POINT('',(-0.017124178167007,-0.00460756801921143,0.));
#12743=CARTESIAN_POINT('',(-0.017124178167007,-0.00416700798884833,0.003));
#12744=CARTESIAN_POINT('',(-0.017124178167007,-0.00416700798884833,4.33680868994202E-19));
#12745=CARTESIAN_POINT('',(-0.0172008730882176,-0.00382536697618299,0.003));
#12746=CARTESIAN_POINT('',(-0.0172008730882176,-0.00382536697618299,4.33680868994202E-19));
#12747=CARTESIAN_POINT('',(-0.0173542629306387,-0.00358264498121539,0.003));
#12748=CARTESIAN_POINT('',(-0.0173542629306387,-0.00358264498121539,0.));
#12749=CARTESIAN_POINT('',(-0.017124178167007,-0.00460756801921143,0.));
#12750=CARTESIAN_POINT('',(-0.017124178167007,-0.00394672797366678,0.));
#12751=CARTESIAN_POINT('',(-0.0173542629306387,-0.00358264498121539,0.));
#12752=CARTESIAN_POINT('',(-0.017124178167007,-0.00460756801921143,0.003));
#12753=CARTESIAN_POINT('',(-0.017124178167007,-0.00394672797366678,0.003));
#12754=CARTESIAN_POINT('',(-0.0173542629306387,-0.00358264498121539,0.003));
#12755=CARTESIAN_POINT('',(0.,0.,0.003));
#12756=CARTESIAN_POINT('',(0.,0.,0.));
#12757=CARTESIAN_POINT('',(-0.0133042481708024,-0.00557366256650616,0.003));
#12758=CARTESIAN_POINT('',(-0.0133042481708024,-0.00557366256650616,0.));
#12759=CARTESIAN_POINT('',(-0.0131508583283812,-0.00537015956533943,0.003));
#12760=CARTESIAN_POINT('',(-0.0131508583283812,-0.00537015956533943,4.33680868994202E-19));
#12761=CARTESIAN_POINT('',(-0.0130741634071706,-0.00504812804957452,0.003));
#12762=CARTESIAN_POINT('',(-0.0130741634071706,-0.00504812804957452,4.33680868994202E-19));
#12763=CARTESIAN_POINT('',(-0.0130741634071706,-0.00460756801921143,0.003));
#12764=CARTESIAN_POINT('',(-0.0130741634071706,-0.00460756801921143,0.));
#12765=CARTESIAN_POINT('',(-0.0133042481708024,-0.00557366256650616,0.));
#12766=CARTESIAN_POINT('',(-0.0130741634071706,-0.00526840806475606,0.));
#12767=CARTESIAN_POINT('',(-0.0130741634071706,-0.00460756801921143,0.));
#12768=CARTESIAN_POINT('',(-0.0133042481708024,-0.00557366256650616,0.));
#12769=CARTESIAN_POINT('',(-0.0130741634071706,-0.00460756801921143,0.));
#12770=CARTESIAN_POINT('',(-0.0133042481708024,-0.00557366256650616,0.003));
#12771=CARTESIAN_POINT('',(-0.0133042481708024,-0.00557366256650616,0.003));
#12772=CARTESIAN_POINT('',(-0.0133042481708024,-0.00557366256650616,0.003));
#12773=CARTESIAN_POINT('',(-0.0130741634071706,-0.00526840806475606,0.003));
#12774=CARTESIAN_POINT('',(-0.0130741634071706,-0.00460756801921143,0.003));
#12775=CARTESIAN_POINT('',(-0.0130741634071706,-0.00460756801921143,0.003));
#12776=CARTESIAN_POINT('',(-0.0130741634071706,-0.00460756801921143,0.003));
#12777=CARTESIAN_POINT('',(-0.0140271849565317,-0.00587891706825625,0.003));
#12778=CARTESIAN_POINT('',(-0.0140271849565317,-0.00587891706825625,0.));
#12779=CARTESIAN_POINT('',(-0.0136986169418,-0.00587891706825625,0.003));
#12780=CARTESIAN_POINT('',(-0.0136986169418,-0.00587891706825625,4.33680868994202E-19));
#12781=CARTESIAN_POINT('',(-0.0134576380132236,-0.00577716556767289,0.003));
#12782=CARTESIAN_POINT('',(-0.0134576380132236,-0.00577716556767289,4.33680868994202E-19));
#12783=CARTESIAN_POINT('',(-0.0133042481708024,-0.00557366256650616,0.003));
#12784=CARTESIAN_POINT('',(-0.0133042481708024,-0.00557366256650616,0.));
#12785=CARTESIAN_POINT('',(-0.0140271849565317,-0.00587891706825625,0.));
#12786=CARTESIAN_POINT('',(-0.0135343329344342,-0.00587891706825625,0.));
#12787=CARTESIAN_POINT('',(-0.0133042481708024,-0.00557366256650616,0.));
#12788=CARTESIAN_POINT('',(-0.0140271849565317,-0.00587891706825625,0.));
#12789=CARTESIAN_POINT('',(-0.0140271849565317,-0.00587891706825625,0.003));
#12790=CARTESIAN_POINT('',(-0.0140271849565317,-0.00587891706825625,0.003));
#12791=CARTESIAN_POINT('',(-0.0140271849565317,-0.00587891706825625,0.003));
#12792=CARTESIAN_POINT('',(-0.0135343329344342,-0.00587891706825625,0.003));
#12793=CARTESIAN_POINT('',(-0.0133042481708024,-0.00557366256650616,0.003));
#12794=CARTESIAN_POINT('',(-0.0146886786519731,-0.00578740608272089,0.003));
#12795=CARTESIAN_POINT('',(-0.0146886786519731,-0.00578740608272089,0.));
#12796=CARTESIAN_POINT('',(-0.014426347160105,-0.00584841340641113,0.003));
#12797=CARTESIAN_POINT('',(-0.014426347160105,-0.00584841340641113,4.33680868994202E-19));
#12798=CARTESIAN_POINT('',(-0.0142058492616246,-0.00587891706825625,0.003));
#12799=CARTESIAN_POINT('',(-0.0142058492616246,-0.00587891706825625,4.33680868994202E-19));
#12800=CARTESIAN_POINT('',(-0.0140271849565317,-0.00587891706825625,0.003));
#12801=CARTESIAN_POINT('',(-0.0140271849565317,-0.00587891706825625,0.));
#12802=CARTESIAN_POINT('',(-0.0146886786519731,-0.00578740608272089,0.));
#12803=CARTESIAN_POINT('',(-0.014295181414171,-0.00587891706825625,0.));
#12804=CARTESIAN_POINT('',(-0.0140271849565317,-0.00587891706825625,0.));
#12805=CARTESIAN_POINT('',(-0.0146886786519731,-0.00578740608272089,0.));
#12806=CARTESIAN_POINT('',(-0.0146886786519731,-0.00578740608272089,0.003));
#12807=CARTESIAN_POINT('',(-0.0146886786519731,-0.00578740608272089,0.003));
#12808=CARTESIAN_POINT('',(-0.0146886786519731,-0.00578740608272089,0.003));
#12809=CARTESIAN_POINT('',(-0.014295181414171,-0.00587891706825625,0.003));
#12810=CARTESIAN_POINT('',(-0.0140271849565317,-0.00587891706825625,0.003));
#12811=CARTESIAN_POINT('',(-0.0146886786519731,-0.00507165944585504,0.003));
#12812=CARTESIAN_POINT('',(-0.0146886786519731,-0.00507165944585504,0.));
#12813=CARTESIAN_POINT('',(-0.0146886786519731,-0.00435591280898919,0.));
#12814=CARTESIAN_POINT('',(-0.0146886786519731,-0.00435591280898919,0.003));
#12815=CARTESIAN_POINT('',(-0.0146886786519731,-0.00435591280898919,0.003));
#12816=CARTESIAN_POINT('',(-0.0146886786519731,-0.00507165944585504,0.003));
#12817=CARTESIAN_POINT('',(-0.0146677618552793,-0.00397091301984399,0.003));
#12818=CARTESIAN_POINT('',(-0.0146677618552793,-0.00397091301984399,0.));
#12819=CARTESIAN_POINT('',(-0.0146468450585855,-0.0035859132306988,0.));
#12820=CARTESIAN_POINT('',(-0.0146468450585855,-0.0035859132306988,0.003));
#12821=CARTESIAN_POINT('',(-0.0146468450585855,-0.0035859132306988,0.003));
#12822=CARTESIAN_POINT('',(-0.0146677618552793,-0.00397091301984399,0.003));
#12823=CARTESIAN_POINT('',(-0.0139147571743026,-0.00321856198876399,0.003));
#12824=CARTESIAN_POINT('',(-0.0139147571743026,-0.00321856198876399,0.));
#12825=CARTESIAN_POINT('',(-0.0141683733342149,-0.00321856198876399,0.003));
#12826=CARTESIAN_POINT('',(-0.0141683733342149,-0.00321856198876399,4.33680868994202E-19));
#12827=CARTESIAN_POINT('',(-0.0144124026289758,-0.00334101240274226,0.003));
#12828=CARTESIAN_POINT('',(-0.0144124026289758,-0.00334101240274226,4.33680868994202E-19));
#12829=CARTESIAN_POINT('',(-0.0146468450585855,-0.0035859132306988,0.003));
#12830=CARTESIAN_POINT('',(-0.0146468450585855,-0.0035859132306988,0.));
#12831=CARTESIAN_POINT('',(-0.0139147571743026,-0.00321856198876399,0.));
#12832=CARTESIAN_POINT('',(-0.014295181414171,-0.00321856198876399,0.));
#12833=CARTESIAN_POINT('',(-0.0146468450585855,-0.0035859132306988,0.));
#12834=CARTESIAN_POINT('',(-0.0139147571743026,-0.00321856198876399,0.));
#12835=CARTESIAN_POINT('',(-0.0139147571743026,-0.00321856198876399,0.003));
#12836=CARTESIAN_POINT('',(-0.0139147571743026,-0.00321856198876399,0.003));
#12837=CARTESIAN_POINT('',(-0.0139147571743026,-0.00321856198876399,0.003));
#12838=CARTESIAN_POINT('',(-0.014295181414171,-0.00321856198876399,0.003));
#12839=CARTESIAN_POINT('',(-0.0146468450585855,-0.0035859132306988,0.003));
#12840=CARTESIAN_POINT('',(-0.0133042481708024,-0.00358264498121539,0.003));
#12841=CARTESIAN_POINT('',(-0.0133042481708024,-0.00358264498121539,0.));
#12842=CARTESIAN_POINT('',(-0.0134576380132236,-0.00333992298624779,0.003));
#12843=CARTESIAN_POINT('',(-0.0134576380132236,-0.00333992298624779,4.33680868994202E-19));
#12844=CARTESIAN_POINT('',(-0.0136611410143903,-0.00321856198876399,0.003));
#12845=CARTESIAN_POINT('',(-0.0136611410143903,-0.00321856198876399,4.33680868994202E-19));
#12846=CARTESIAN_POINT('',(-0.0139147571743026,-0.00321856198876399,0.003));
#12847=CARTESIAN_POINT('',(-0.0139147571743026,-0.00321856198876399,0.));
#12848=CARTESIAN_POINT('',(-0.0133042481708024,-0.00358264498121539,0.));
#12849=CARTESIAN_POINT('',(-0.0135343329344342,-0.00321856198876399,0.));
#12850=CARTESIAN_POINT('',(-0.0139147571743026,-0.00321856198876399,0.));
#12851=CARTESIAN_POINT('',(-0.0133042481708024,-0.00358264498121539,0.));
#12852=CARTESIAN_POINT('',(-0.0133042481708024,-0.00358264498121539,0.003));
#12853=CARTESIAN_POINT('',(-0.0133042481708024,-0.00358264498121539,0.003));
#12854=CARTESIAN_POINT('',(-0.0133042481708024,-0.00358264498121539,0.003));
#12855=CARTESIAN_POINT('',(-0.0135343329344342,-0.00321856198876399,0.003));
#12856=CARTESIAN_POINT('',(-0.0139147571743026,-0.00321856198876399,0.003));
#12857=CARTESIAN_POINT('',(-0.0153331774501007,-0.00541090374223255,0.003));
#12858=CARTESIAN_POINT('',(-0.0153331774501007,-0.00645674357692238,0.003));
#12859=CARTESIAN_POINT('',(-0.0153331774501007,-0.00645674357692238,0.003));
#12860=CARTESIAN_POINT('',(-0.0153331774501007,-0.00541090374223255,0.003));
#12861=CARTESIAN_POINT('',(-0.0153331774501007,-0.00436506390754272,0.003));
#12862=CARTESIAN_POINT('',(-0.0153331774501007,-0.00436506390754272,0.003));
#12863=CARTESIAN_POINT('',(-0.0153704354942115,-0.00708816937711637,0.003));
#12864=CARTESIAN_POINT('',(-0.0154076935383223,-0.00771959517731036,0.003));
#12865=CARTESIAN_POINT('',(-0.0154076935383223,-0.00771959517731036,0.003));
#12866=CARTESIAN_POINT('',(-0.0153704354942115,-0.00708816937711637,0.003));
#12867=CARTESIAN_POINT('',(-0.0155331943184851,-0.00774900942266101,0.003));
#12868=CARTESIAN_POINT('',(-0.0156586950986479,-0.00777842366801166,0.003));
#12869=CARTESIAN_POINT('',(-0.0156586950986479,-0.00777842366801166,0.003));
#12870=CARTESIAN_POINT('',(-0.0155331943184851,-0.00774900942266101,0.003));
#12871=CARTESIAN_POINT('',(-0.0156547731992678,-0.00785751530551008,0.003));
#12872=CARTESIAN_POINT('',(-0.0156508512998877,-0.0079366069430085,0.003));
#12873=CARTESIAN_POINT('',(-0.0156508512998877,-0.0079366069430085,0.003));
#12874=CARTESIAN_POINT('',(-0.0156547731992678,-0.00785751530551008,0.003));
#12875=CARTESIAN_POINT('',(-0.0149520995603356,-0.0079366069430085,0.003));
#12876=CARTESIAN_POINT('',(-0.0142533478207834,-0.0079366069430085,0.003));
#12877=CARTESIAN_POINT('',(-0.0142533478207834,-0.0079366069430085,0.003));
#12878=CARTESIAN_POINT('',(-0.0149520995603356,-0.0079366069430085,0.003));
#12879=CARTESIAN_POINT('',(-0.0142494259214033,-0.00784901785685322,0.003));
#12880=CARTESIAN_POINT('',(-0.0142455040220232,-0.00776142877069795,0.003));
#12881=CARTESIAN_POINT('',(-0.0142455040220232,-0.00776142877069795,0.003));
#12882=CARTESIAN_POINT('',(-0.0142494259214033,-0.00784901785685322,0.003));
#12883=CARTESIAN_POINT('',(-0.0144337551922674,-0.00774051197400415,0.003));
#12884=CARTESIAN_POINT('',(-0.0146220063625116,-0.00771959517731036,0.003));
#12885=CARTESIAN_POINT('',(-0.0146220063625116,-0.00771959517731036,0.003));
#12886=CARTESIAN_POINT('',(-0.0144337551922674,-0.00774051197400415,0.003));
#12887=CARTESIAN_POINT('',(-0.0146553425072423,-0.00708816937711637,0.003));
#12888=CARTESIAN_POINT('',(-0.0146886786519731,-0.00645674357692238,0.003));
#12889=CARTESIAN_POINT('',(-0.0146886786519731,-0.00645674357692238,0.003));
#12890=CARTESIAN_POINT('',(-0.0146553425072423,-0.00708816937711637,0.003));
#12891=CARTESIAN_POINT('',(-0.0146886786519731,-0.00636457894149034,0.003));
#12892=CARTESIAN_POINT('',(-0.0146886786519731,-0.00627197207977313,0.003));
#12893=CARTESIAN_POINT('',(-0.0146886786519731,-0.0062724143060583,0.003));
#12894=CARTESIAN_POINT('',(-0.0146886786519731,-0.00636457894149034,0.003));
#12895=CARTESIAN_POINT('',(-0.0140805328358029,-0.00357548275670172,0.003));
#12896=CARTESIAN_POINT('',(-0.0141108521433069,-0.00633908659551978,0.003));
#12897=CARTESIAN_POINT('',(-0.0141108521433069,-0.00633908659551978,0.003));
#12898=CARTESIAN_POINT('',(-0.0140805328358029,-0.00357548275670172,0.003));
#12899=CARTESIAN_POINT('',(-0.0128225081969484,-0.00583316157548857,0.003));
#12900=CARTESIAN_POINT('',(-0.0128225081969484,-0.00583316157548857,0.));
#12901=CARTESIAN_POINT('',(-0.013134952847562,-0.00617044492217604,0.003));
#12902=CARTESIAN_POINT('',(-0.013134952847562,-0.00617044492217604,4.33680868994202E-19));
#12903=CARTESIAN_POINT('',(-0.0135644008296815,-0.00633908659551978,0.003));
#12904=CARTESIAN_POINT('',(-0.0135644008296815,-0.00633908659551978,4.33680868994202E-19));
#12905=CARTESIAN_POINT('',(-0.0141108521433069,-0.00633908659551978,0.003));
#12906=CARTESIAN_POINT('',(-0.0141108521433069,-0.00633908659551978,0.));
#12907=CARTESIAN_POINT('',(-0.0128225081969484,-0.00583316157548857,0.003));
#12908=CARTESIAN_POINT('',(-0.0128225081969484,-0.00583316157548857,0.003));
#12909=CARTESIAN_POINT('',(-0.0128225081969484,-0.00583316157548857,0.003));
#12910=CARTESIAN_POINT('',(-0.0132911751728688,-0.00633908659551978,0.003));
#12911=CARTESIAN_POINT('',(-0.0141108521433069,-0.00633908659551978,0.003));
#12912=CARTESIAN_POINT('',(-0.012353841221028,-0.00451932528315947,0.003));
#12913=CARTESIAN_POINT('',(-0.012353841221028,-0.00451932528315947,0.));
#12914=CARTESIAN_POINT('',(-0.012353841221028,-0.00505793279802474,0.003));
#12915=CARTESIAN_POINT('',(-0.012353841221028,-0.00505793279802474,4.33680868994202E-19));
#12916=CARTESIAN_POINT('',(-0.0125100635463348,-0.0054958782288011,0.003));
#12917=CARTESIAN_POINT('',(-0.0125100635463348,-0.0054958782288011,4.33680868994202E-19));
#12918=CARTESIAN_POINT('',(-0.0128225081969484,-0.00583316157548857,0.003));
#12919=CARTESIAN_POINT('',(-0.0128225081969484,-0.00583316157548857,0.));
#12920=CARTESIAN_POINT('',(-0.012353841221028,-0.00451932528315947,0.003));
#12921=CARTESIAN_POINT('',(-0.012353841221028,-0.00451932528315947,0.003));
#12922=CARTESIAN_POINT('',(-0.012353841221028,-0.00451932528315947,0.003));
#12923=CARTESIAN_POINT('',(-0.012353841221028,-0.00532723655545737,0.003));
#12924=CARTESIAN_POINT('',(-0.0128225081969484,-0.00583316157548857,0.003));
#12925=CARTESIAN_POINT('',(-0.0127303435615163,-0.00323032768690425,0.003));
#12926=CARTESIAN_POINT('',(-0.0127303435615163,-0.00323032768690425,0.));
#12927=CARTESIAN_POINT('',(-0.0124793420011908,-0.0035510519028758,0.003));
#12928=CARTESIAN_POINT('',(-0.0124793420011908,-0.0035510519028758,4.33680868994202E-19));
#12929=CARTESIAN_POINT('',(-0.012353841221028,-0.00398071776829421,0.003));
#12930=CARTESIAN_POINT('',(-0.012353841221028,-0.00398071776829421,4.33680868994202E-19));
#12931=CARTESIAN_POINT('',(-0.012353841221028,-0.00451932528315947,0.003));
#12932=CARTESIAN_POINT('',(-0.012353841221028,-0.00451932528315947,0.));
#12933=CARTESIAN_POINT('',(-0.0127303435615163,-0.00323032768690425,0.003));
#12934=CARTESIAN_POINT('',(-0.0127303435615163,-0.00323032768690425,0.003));
#12935=CARTESIAN_POINT('',(-0.0127303435615163,-0.00323032768690425,0.003));
#12936=CARTESIAN_POINT('',(-0.012353841221028,-0.00371141401086158,0.003));
#12937=CARTESIAN_POINT('',(-0.012353841221028,-0.00451932528315947,0.003));
#12938=CARTESIAN_POINT('',(-0.0136506826160434,-0.00274924136294693,0.003));
#12939=CARTESIAN_POINT('',(-0.0136506826160434,-0.00274924136294693,0.));
#12940=CARTESIAN_POINT('',(-0.0132881248066843,-0.00274924136294693,0.003));
#12941=CARTESIAN_POINT('',(-0.0132881248066843,-0.00274924136294693,4.33680868994202E-19));
#12942=CARTESIAN_POINT('',(-0.0129813451218419,-0.0029096034709327,0.003));
#12943=CARTESIAN_POINT('',(-0.0129813451218419,-0.0029096034709327,4.33680868994202E-19));
#12944=CARTESIAN_POINT('',(-0.0127303435615163,-0.00323032768690425,0.003));
#12945=CARTESIAN_POINT('',(-0.0127303435615163,-0.00323032768690425,0.));
#12946=CARTESIAN_POINT('',(-0.0136506826160434,-0.00274924136294693,0.003));
#12947=CARTESIAN_POINT('',(-0.0136506826160434,-0.00274924136294693,0.003));
#12948=CARTESIAN_POINT('',(-0.0136506826160434,-0.00274924136294693,0.003));
#12949=CARTESIAN_POINT('',(-0.0131068459020047,-0.00274924136294693,0.003));
#12950=CARTESIAN_POINT('',(-0.0127303435615163,-0.00323032768690425,0.003));
#12951=CARTESIAN_POINT('',(-0.0146468450585855,-0.00315188969930251,0.003));
#12952=CARTESIAN_POINT('',(-0.0146468450585855,-0.00315188969930251,0.));
#12953=CARTESIAN_POINT('',(-0.0143452945729166,-0.00288345747506546,0.003));
#12954=CARTESIAN_POINT('',(-0.0143452945729166,-0.00288345747506546,4.33680868994202E-19));
#12955=CARTESIAN_POINT('',(-0.0140132404254025,-0.00274924136294693,0.003));
#12956=CARTESIAN_POINT('',(-0.0140132404254025,-0.00274924136294693,4.33680868994202E-19));
#12957=CARTESIAN_POINT('',(-0.0136506826160434,-0.00274924136294693,0.003));
#12958=CARTESIAN_POINT('',(-0.0136506826160434,-0.00274924136294693,0.));
#12959=CARTESIAN_POINT('',(-0.0146468450585855,-0.00315188969930251,0.003));
#12960=CARTESIAN_POINT('',(-0.0146468450585855,-0.00315188969930251,0.003));
#12961=CARTESIAN_POINT('',(-0.0146468450585855,-0.00315188969930251,0.003));
#12962=CARTESIAN_POINT('',(-0.0141945193300821,-0.00274924136294693,0.003));
#12963=CARTESIAN_POINT('',(-0.0136506826160434,-0.00274924136294693,0.003));
#12964=CARTESIAN_POINT('',(-0.0146468450585855,-0.00297997977647538,0.003));
#12965=CARTESIAN_POINT('',(-0.0146468450585855,-0.00280806985364823,0.003));
#12966=CARTESIAN_POINT('',(-0.0146468450585855,-0.00280806985364823,0.003));
#12967=CARTESIAN_POINT('',(-0.0146468450585855,-0.00297997977647538,0.003));
#12968=CARTESIAN_POINT('',(-0.0151658430765503,-0.00284598154765574,0.003));
#12969=CARTESIAN_POINT('',(-0.0156848410945151,-0.00288389324166325,0.003));
#12970=CARTESIAN_POINT('',(-0.0156848410945151,-0.00288389324166325,0.003));
#12971=CARTESIAN_POINT('',(-0.0151658430765503,-0.00284598154765574,0.003));
#12972=CARTESIAN_POINT('',(-0.0156887629938952,-0.00296298487916167,0.003));
#12973=CARTESIAN_POINT('',(-0.0156926848932753,-0.00304207651666008,0.003));
#12974=CARTESIAN_POINT('',(-0.0156926848932753,-0.00304207651666008,0.003));
#12975=CARTESIAN_POINT('',(-0.0156887629938952,-0.00296298487916167,0.003));
#12976=CARTESIAN_POINT('',(-0.0155501892157988,-0.00307149076201073,0.003));
#12977=CARTESIAN_POINT('',(-0.0154076935383223,-0.00310090500736139,0.003));
#12978=CARTESIAN_POINT('',(-0.0154076935383223,-0.00310090500736139,0.003));
#12979=CARTESIAN_POINT('',(-0.0155501892157988,-0.00307149076201073,0.003));
#12980=CARTESIAN_POINT('',(-0.0153704354942115,-0.00373298445745205,0.003));
#12981=CARTESIAN_POINT('',(-0.0153704354942115,-0.00373298445745205,0.003));
#12982=CARTESIAN_POINT('',(-0.0130741634071706,-0.00460756801921143,0.003));
#12983=CARTESIAN_POINT('',(-0.0130741634071706,-0.00460756801921143,0.));
#12984=CARTESIAN_POINT('',(-0.0130741634071706,-0.00416700798884833,0.003));
#12985=CARTESIAN_POINT('',(-0.0130741634071706,-0.00416700798884833,4.33680868994202E-19));
#12986=CARTESIAN_POINT('',(-0.0131508583283812,-0.00382536697618299,0.003));
#12987=CARTESIAN_POINT('',(-0.0131508583283812,-0.00382536697618299,4.33680868994202E-19));
#12988=CARTESIAN_POINT('',(-0.0133042481708024,-0.00358264498121539,0.003));
#12989=CARTESIAN_POINT('',(-0.0133042481708024,-0.00358264498121539,0.));
#12990=CARTESIAN_POINT('',(-0.0130741634071706,-0.00460756801921143,0.));
#12991=CARTESIAN_POINT('',(-0.0130741634071706,-0.00394672797366678,0.));
#12992=CARTESIAN_POINT('',(-0.0133042481708024,-0.00358264498121539,0.));
#12993=CARTESIAN_POINT('',(-0.0130741634071706,-0.00460756801921143,0.003));
#12994=CARTESIAN_POINT('',(-0.0130741634071706,-0.00394672797366678,0.003));
#12995=CARTESIAN_POINT('',(-0.0133042481708024,-0.00358264498121539,0.003));
#12996=CARTESIAN_POINT('',(0.,0.,0.003));
#12997=CARTESIAN_POINT('',(0.,0.,0.));
#12998=CARTESIAN_POINT('',(-0.0110949115200201,-0.00283748409899888,0.003));
#12999=CARTESIAN_POINT('',(-0.0116348263346787,-0.00288389324166325,0.003));
#13000=CARTESIAN_POINT('',(-0.0116348263346787,-0.00288389324166325,0.003));
#13001=CARTESIAN_POINT('',(-0.0110949115200201,-0.00283748409899888,0.003));
#13002=CARTESIAN_POINT('',(-0.0105549967053615,-0.00279107495633452,0.003));
#13003=CARTESIAN_POINT('',(-0.0105549967053615,-0.00279107495633452,0.003));
#13004=CARTESIAN_POINT('',(-0.0116387482340588,-0.00296298487916167,0.003));
#13005=CARTESIAN_POINT('',(-0.0116426701334389,-0.00304207651666008,0.003));
#13006=CARTESIAN_POINT('',(-0.0116426701334389,-0.00304207651666008,0.003));
#13007=CARTESIAN_POINT('',(-0.0116387482340588,-0.00296298487916167,0.003));
#13008=CARTESIAN_POINT('',(-0.0115001744559624,-0.00307149076201073,0.003));
#13009=CARTESIAN_POINT('',(-0.0113576787784859,-0.00310090500736139,0.003));
#13010=CARTESIAN_POINT('',(-0.0113576787784859,-0.00310090500736139,0.003));
#13011=CARTESIAN_POINT('',(-0.0115001744559624,-0.00307149076201073,0.003));
#13012=CARTESIAN_POINT('',(-0.0113204207343751,-0.00373298445745205,0.003));
#13013=CARTESIAN_POINT('',(-0.0112831626902643,-0.00436506390754272,0.003));
#13014=CARTESIAN_POINT('',(-0.0112831626902643,-0.00436506390754272,0.003));
#13015=CARTESIAN_POINT('',(-0.0113204207343751,-0.00373298445745205,0.003));
#13016=CARTESIAN_POINT('',(-0.0112831626902643,-0.00454873952851012,0.003));
#13017=CARTESIAN_POINT('',(-0.0112831626902643,-0.00473241514947752,0.003));
#13018=CARTESIAN_POINT('',(-0.0112831626902643,-0.00473241514947752,0.003));
#13019=CARTESIAN_POINT('',(-0.0112831626902643,-0.00454873952851012,0.003));
#13020=CARTESIAN_POINT('',(-0.0113204207343751,-0.00536449459956819,0.003));
#13021=CARTESIAN_POINT('',(-0.0113576787784859,-0.00599657404965886,0.003));
#13022=CARTESIAN_POINT('',(-0.0113576787784859,-0.00599657404965886,0.003));
#13023=CARTESIAN_POINT('',(-0.0113204207343751,-0.00536449459956819,0.003));
#13024=CARTESIAN_POINT('',(-0.0114831795586487,-0.00602533464511283,0.003));
#13025=CARTESIAN_POINT('',(-0.0116086803388115,-0.0060540952405668,0.003));
#13026=CARTESIAN_POINT('',(-0.0116086803388115,-0.0060540952405668,0.003));
#13027=CARTESIAN_POINT('',(-0.0114831795586487,-0.00602533464511283,0.003));
#13028=CARTESIAN_POINT('',(-0.0116047584394314,-0.0061338405279619,0.003));
#13029=CARTESIAN_POINT('',(-0.0116008365400513,-0.006213585815357,0.003));
#13030=CARTESIAN_POINT('',(-0.0116008365400513,-0.006213585815357,0.003));
#13031=CARTESIAN_POINT('',(-0.0116047584394314,-0.0061338405279619,0.003));
#13032=CARTESIAN_POINT('',(-0.0108393344104178,-0.006213585815357,0.003));
#13033=CARTESIAN_POINT('',(-0.0100778322807843,-0.006213585815357,0.003));
#13034=CARTESIAN_POINT('',(-0.0100778322807843,-0.006213585815357,0.003));
#13035=CARTESIAN_POINT('',(-0.0108393344104178,-0.006213585815357,0.003));
#13036=CARTESIAN_POINT('',(-0.0100739103814042,-0.0061338405279619,0.003));
#13037=CARTESIAN_POINT('',(-0.0100699884820241,-0.0060540952405668,0.003));
#13038=CARTESIAN_POINT('',(-0.0100699884820241,-0.0060540952405668,0.003));
#13039=CARTESIAN_POINT('',(-0.0100739103814042,-0.0061338405279619,0.003));
#13040=CARTESIAN_POINT('',(-0.0103209900423496,-0.00602533464511283,0.003));
#13041=CARTESIAN_POINT('',(-0.0105719916026752,-0.00599657404965886,0.003));
#13042=CARTESIAN_POINT('',(-0.0105719916026752,-0.00599657404965886,0.003));
#13043=CARTESIAN_POINT('',(-0.0103209900423496,-0.00602533464511283,0.003));
#13044=CARTESIAN_POINT('',(-0.0106053277474059,-0.00536449459956819,0.003));
#13045=CARTESIAN_POINT('',(-0.0106386638921367,-0.00473241514947752,0.003));
#13046=CARTESIAN_POINT('',(-0.0106386638921367,-0.00473241514947752,0.003));
#13047=CARTESIAN_POINT('',(-0.0106053277474059,-0.00536449459956819,0.003));
#13048=CARTESIAN_POINT('',(-0.0106386638921367,-0.00454873952851012,0.003));
#13049=CARTESIAN_POINT('',(-0.0106386638921367,-0.00436506390754272,0.003));
#13050=CARTESIAN_POINT('',(-0.0106386638921367,-0.00436506390754272,0.003));
#13051=CARTESIAN_POINT('',(-0.0106386638921367,-0.00454873952851012,0.003));
#13052=CARTESIAN_POINT('',(-0.010621668994823,-0.00405523385651585,0.003));
#13053=CARTESIAN_POINT('',(-0.0106046740975093,-0.00374540380548899,0.003));
#13054=CARTESIAN_POINT('',(-0.0106046740975093,-0.00374540380548899,0.003));
#13055=CARTESIAN_POINT('',(-0.010621668994823,-0.00405523385651585,0.003));
#13056=CARTESIAN_POINT('',(-0.0102288254069176,-0.00340289125962808,0.003));
#13057=CARTESIAN_POINT('',(-0.0102288254069176,-0.00340289125962808,0.));
#13058=CARTESIAN_POINT('',(-0.0103233867586375,-0.00345866938414486,0.003));
#13059=CARTESIAN_POINT('',(-0.0103233867586375,-0.00345866938414486,4.33680868994202E-19));
#13060=CARTESIAN_POINT('',(-0.0104486696555014,-0.00357284023276517,0.003));
#13061=CARTESIAN_POINT('',(-0.0104486696555014,-0.00357284023276517,4.33680868994202E-19));
#13062=CARTESIAN_POINT('',(-0.0106046740975093,-0.00374540380548899,0.003));
#13063=CARTESIAN_POINT('',(-0.0106046740975093,-0.00374540380548899,0.));
#13064=CARTESIAN_POINT('',(-0.0102288254069176,-0.00340289125962808,0.003));
#13065=CARTESIAN_POINT('',(-0.0102288254069176,-0.00340289125962808,0.003));
#13066=CARTESIAN_POINT('',(-0.0102288254069176,-0.00340289125962808,0.003));
#13067=CARTESIAN_POINT('',(-0.0103706674344974,-0.00348655844640326,0.003));
#13068=CARTESIAN_POINT('',(-0.0106046740975093,-0.00374540380548899,0.003));
#13069=CARTESIAN_POINT('',(-0.00992585069991523,-0.00390916972844949,0.003));
#13070=CARTESIAN_POINT('',(-0.00992357090516751,-0.00331922407285289,0.003));
#13071=CARTESIAN_POINT('',(-0.00992357090516751,-0.00331922407285289,0.003));
#13072=CARTESIAN_POINT('',(-0.00992585069991523,-0.00390916972844949,0.003));
#13073=CARTESIAN_POINT('',(-0.00951700066943184,-0.00340289125962808,0.003));
#13074=CARTESIAN_POINT('',(-0.00951700066943184,-0.00340289125962808,0.));
#13075=CARTESIAN_POINT('',(-0.00967910584380877,-0.00334711313511129,0.003));
#13076=CARTESIAN_POINT('',(-0.00967910584380877,-0.00334711313511129,4.33680868994202E-19));
#13077=CARTESIAN_POINT('',(-0.00981462925572066,-0.00331922407285289,0.003));
#13078=CARTESIAN_POINT('',(-0.00981462925572066,-0.00331922407285289,4.33680868994202E-19));
#13079=CARTESIAN_POINT('',(-0.00992357090516751,-0.00331922407285289,0.003));
#13080=CARTESIAN_POINT('',(-0.00992357090516751,-0.00331922407285289,0.));
#13081=CARTESIAN_POINT('',(-0.00951700066943184,-0.00340289125962808,0.003));
#13082=CARTESIAN_POINT('',(-0.00951700066943184,-0.00340289125962808,0.003));
#13083=CARTESIAN_POINT('',(-0.00951700066943184,-0.00340289125962808,0.003));
#13084=CARTESIAN_POINT('',(-0.00976015843099723,-0.00331922407285289,0.003));
#13085=CARTESIAN_POINT('',(-0.00992357090516751,-0.00331922407285289,0.003));
#13086=CARTESIAN_POINT('',(-0.00948824007397787,-0.00358264498121539,0.003));
#13087=CARTESIAN_POINT('',(-0.0094594794785239,-0.00376239870280271,0.003));
#13088=CARTESIAN_POINT('',(-0.0094594794785239,-0.00376239870280271,0.003));
#13089=CARTESIAN_POINT('',(-0.00948824007397787,-0.00358264498121539,0.003));
#13090=CARTESIAN_POINT('',(-0.00938823163978565,-0.00376239870280271,0.003));
#13091=CARTESIAN_POINT('',(-0.00931698380104741,-0.00376239870280271,0.003));
#13092=CARTESIAN_POINT('',(-0.00931698380104741,-0.00376239870280271,0.003));
#13093=CARTESIAN_POINT('',(-0.00938823163978565,-0.00376239870280271,0.003));
#13094=CARTESIAN_POINT('',(-0.00929606700435361,-0.00327673682956861,0.003));
#13095=CARTESIAN_POINT('',(-0.00927514857963131,-0.00279103715554777,0.003));
#13096=CARTESIAN_POINT('',(-0.00927514857963131,-0.00279103715554777,0.003));
#13097=CARTESIAN_POINT('',(-0.00929606700435361,-0.00327673682956861,0.003));
#13098=CARTESIAN_POINT('',(-0.00976431150117094,-0.0056354758758252,0.003));
#13099=CARTESIAN_POINT('',(-0.0097680022297574,-0.00274924136294693,0.003));
#13100=CARTESIAN_POINT('',(-0.0097680022297574,-0.00274924136294693,0.003));
#13101=CARTESIAN_POINT('',(-0.00976431150117094,-0.0056354758758252,0.003));
#13102=CARTESIAN_POINT('',(-0.0101948356122902,-0.00287082024372962,0.003));
#13103=CARTESIAN_POINT('',(-0.0101948356122902,-0.00287082024372962,0.));
#13104=CARTESIAN_POINT('',(-0.0100776143974854,-0.00278976765654116,0.003));
#13105=CARTESIAN_POINT('',(-0.0100776143974854,-0.00278976765654116,4.33680868994202E-19));
#13106=CARTESIAN_POINT('',(-0.00993533660330777,-0.00274924136294693,0.003));
#13107=CARTESIAN_POINT('',(-0.00993533660330777,-0.00274924136294693,4.33680868994202E-19));
#13108=CARTESIAN_POINT('',(-0.0097680022297574,-0.00274924136294693,0.003));
#13109=CARTESIAN_POINT('',(-0.0097680022297574,-0.00274924136294693,0.));
#13110=CARTESIAN_POINT('',(-0.0101948356122902,-0.00287082024372962,0.003));
#13111=CARTESIAN_POINT('',(-0.0101948356122902,-0.00287082024372962,0.003));
#13112=CARTESIAN_POINT('',(-0.0101948356122902,-0.00287082024372962,0.003));
#13113=CARTESIAN_POINT('',(-0.010019003790083,-0.00274924136294693,0.003));
#13114=CARTESIAN_POINT('',(-0.0097680022297574,-0.00274924136294693,0.003));
#13115=CARTESIAN_POINT('',(-0.0105889864999889,-0.00334406276892677,0.003));
#13116=CARTESIAN_POINT('',(-0.0105889864999889,-0.00334406276892677,0.));
#13117=CARTESIAN_POINT('',(-0.0104434404563279,-0.00310962033931713,0.003));
#13118=CARTESIAN_POINT('',(-0.0104434404563279,-0.00310962033931713,4.33680868994202E-19));
#13119=CARTESIAN_POINT('',(-0.010312056827095,-0.00295187283091808,0.003));
#13120=CARTESIAN_POINT('',(-0.010312056827095,-0.00295187283091808,4.33680868994202E-19));
#13121=CARTESIAN_POINT('',(-0.0101948356122902,-0.00287082024372962,0.003));
#13122=CARTESIAN_POINT('',(-0.0101948356122902,-0.00287082024372962,0.));
#13123=CARTESIAN_POINT('',(-0.0105889864999889,-0.00334406276892677,0.003));
#13124=CARTESIAN_POINT('',(-0.0105889864999889,-0.00334406276892677,0.003));
#13125=CARTESIAN_POINT('',(-0.0105889864999889,-0.00334406276892677,0.003));
#13126=CARTESIAN_POINT('',(-0.0103706674344974,-0.00299239912451232,0.003));
#13127=CARTESIAN_POINT('',(-0.0101948356122902,-0.00287082024372962,0.003));
#13128=CARTESIAN_POINT('',(-0.0105719916026752,-0.00306756886263064,0.003));
#13129=CARTESIAN_POINT('',(-0.0105719916026752,-0.00306756886263064,0.003));
#13130=CARTESIAN_POINT('',(0.,0.,0.003));
#13131=CARTESIAN_POINT('',(-0.00725014282774163,-0.00633908659551978,0.003));
#13132=CARTESIAN_POINT('',(-0.00725014282774163,-0.00633908659551978,0.));
#13133=CARTESIAN_POINT('',(-0.00776870507910867,-0.00633908659551978,0.003));
#13134=CARTESIAN_POINT('',(-0.00776870507910867,-0.00633908659551978,4.33680868994202E-19));
#13135=CARTESIAN_POINT('',(-0.0081730964818554,-0.00618700405289197,0.003));
#13136=CARTESIAN_POINT('',(-0.0081730964818554,-0.00618700405289197,4.33680868994202E-19));
#13137=CARTESIAN_POINT('',(-0.00846331703598183,-0.00588283896763634,0.003));
#13138=CARTESIAN_POINT('',(-0.00846331703598183,-0.00588283896763634,0.));
#13139=CARTESIAN_POINT('',(-0.00725014282774163,-0.00633908659551978,0.003));
#13140=CARTESIAN_POINT('',(-0.00725014282774163,-0.00633908659551978,0.003));
#13141=CARTESIAN_POINT('',(-0.00725014282774163,-0.00633908659551978,0.003));
#13142=CARTESIAN_POINT('',(-0.00802798620479219,-0.00633908659551978,0.003));
#13143=CARTESIAN_POINT('',(-0.00846331703598183,-0.00588283896763634,0.003));
#13144=CARTESIAN_POINT('',(-0.00846331703598183,-0.00588283896763634,0.003));
#13145=CARTESIAN_POINT('',(-0.00846331703598183,-0.00588283896763634,0.003));
#13146=CARTESIAN_POINT('',(-0.00601212992342754,-0.00583316157548857,0.003));
#13147=CARTESIAN_POINT('',(-0.00601212992342754,-0.00583316157548857,0.));
#13148=CARTESIAN_POINT('',(-0.00631890960826989,-0.00617044492217604,0.003));
#13149=CARTESIAN_POINT('',(-0.00631890960826989,-0.00617044492217604,4.33680868994202E-19));
#13150=CARTESIAN_POINT('',(-0.00673158057637459,-0.00633908659551978,0.003));
#13151=CARTESIAN_POINT('',(-0.00673158057637459,-0.00633908659551978,4.33680868994202E-19));
#13152=CARTESIAN_POINT('',(-0.00725014282774163,-0.00633908659551978,0.003));
#13153=CARTESIAN_POINT('',(-0.00725014282774163,-0.00633908659551978,0.));
#13154=CARTESIAN_POINT('',(-0.00601212992342754,-0.00583316157548857,0.003));
#13155=CARTESIAN_POINT('',(-0.00601212992342754,-0.00583316157548857,0.003));
#13156=CARTESIAN_POINT('',(-0.00601212992342754,-0.00583316157548857,0.003));
#13157=CARTESIAN_POINT('',(-0.00647229945069107,-0.00633908659551978,0.003));
#13158=CARTESIAN_POINT('',(-0.00725014282774163,-0.00633908659551978,0.003));
#13159=CARTESIAN_POINT('',(-0.00555196039616401,-0.00448598913842873,0.003));
#13160=CARTESIAN_POINT('',(-0.00555196039616401,-0.00448598913842873,0.));
#13161=CARTESIAN_POINT('',(-0.00555196039616401,-0.00504682074978116,0.003));
#13162=CARTESIAN_POINT('',(-0.00555196039616401,-0.00504682074978116,4.33680868994202E-19));
#13163=CARTESIAN_POINT('',(-0.00570535023858519,-0.0054958782288011,0.003));
#13164=CARTESIAN_POINT('',(-0.00570535023858519,-0.0054958782288011,4.33680868994202E-19));
#13165=CARTESIAN_POINT('',(-0.00601212992342754,-0.00583316157548857,0.003));
#13166=CARTESIAN_POINT('',(-0.00601212992342754,-0.00583316157548857,0.));
#13167=CARTESIAN_POINT('',(-0.00555196039616401,-0.00448598913842873,0.003));
#13168=CARTESIAN_POINT('',(-0.00555196039616401,-0.00448598913842873,0.003));
#13169=CARTESIAN_POINT('',(-0.00555196039616401,-0.00448598913842873,0.003));
#13170=CARTESIAN_POINT('',(-0.00555196039616401,-0.00532723655545737,0.003));
#13171=CARTESIAN_POINT('',(-0.00601212992342754,-0.00583316157548857,0.003));
#13172=CARTESIAN_POINT('',(-0.00598271567807689,-0.00319699154217352,0.003));
#13173=CARTESIAN_POINT('',(-0.00598271567807689,-0.00319699154217352,0.));
#13174=CARTESIAN_POINT('',(-0.00569554549013497,-0.00349549166165791,0.003));
#13175=CARTESIAN_POINT('',(-0.00569554549013497,-0.00349549166165791,4.33680868994202E-19));
#13176=CARTESIAN_POINT('',(-0.00555196039616401,-0.00392515752707631,0.003));
#13177=CARTESIAN_POINT('',(-0.00555196039616401,-0.00392515752707631,4.33680868994202E-19));
#13178=CARTESIAN_POINT('',(-0.00555196039616401,-0.00448598913842873,0.003));
#13179=CARTESIAN_POINT('',(-0.00555196039616401,-0.00448598913842873,0.));
#13180=CARTESIAN_POINT('',(-0.00598271567807689,-0.00319699154217352,0.003));
#13181=CARTESIAN_POINT('',(-0.00598271567807689,-0.00319699154217352,0.003));
#13182=CARTESIAN_POINT('',(-0.00598271567807689,-0.00319699154217352,0.003));
#13183=CARTESIAN_POINT('',(-0.00555196039616401,-0.0036447417214001,0.003));
#13184=CARTESIAN_POINT('',(-0.00555196039616401,-0.00448598913842873,0.003));
#13185=CARTESIAN_POINT('',(-0.00719588988631709,-0.00274924136294693,0.003));
#13186=CARTESIAN_POINT('',(-0.00719588988631709,-0.00274924136294693,0.));
#13187=CARTESIAN_POINT('',(-0.00667427726876554,-0.00274924136294693,0.003));
#13188=CARTESIAN_POINT('',(-0.00667427726876554,-0.00274924136294693,4.33680868994202E-19));
#13189=CARTESIAN_POINT('',(-0.0062698858660188,-0.00289849142268913,0.003));
#13190=CARTESIAN_POINT('',(-0.0062698858660188,-0.00289849142268913,4.33680868994202E-19));
#13191=CARTESIAN_POINT('',(-0.00598271567807689,-0.00319699154217352,0.003));
#13192=CARTESIAN_POINT('',(-0.00598271567807689,-0.00319699154217352,0.));
#13193=CARTESIAN_POINT('',(-0.00719588988631709,-0.00274924136294693,0.003));
#13194=CARTESIAN_POINT('',(-0.00719588988631709,-0.00274924136294693,0.003));
#13195=CARTESIAN_POINT('',(-0.00719588988631709,-0.00274924136294693,0.003));
#13196=CARTESIAN_POINT('',(-0.00641347095998976,-0.00274924136294693,0.003));
#13197=CARTESIAN_POINT('',(-0.00598271567807689,-0.00319699154217352,0.003));
#13198=CARTESIAN_POINT('',(-0.00843847833990795,-0.00325582003287481,0.003));
#13199=CARTESIAN_POINT('',(-0.00843847833990795,-0.00325582003287481,0.));
#13200=CARTESIAN_POINT('',(-0.0081316986550656,-0.00291810091958956,0.003));
#13201=CARTESIAN_POINT('',(-0.0081316986550656,-0.00291810091958956,4.33680868994202E-19));
#13202=CARTESIAN_POINT('',(-0.00771750250386864,-0.00274924136294693,0.003));
#13203=CARTESIAN_POINT('',(-0.00771750250386864,-0.00274924136294693,4.33680868994202E-19));
#13204=CARTESIAN_POINT('',(-0.00719588988631709,-0.00274924136294693,0.003));
#13205=CARTESIAN_POINT('',(-0.00719588988631709,-0.00274924136294693,0.));
#13206=CARTESIAN_POINT('',(-0.00843847833990795,-0.00325582003287481,0.003));
#13207=CARTESIAN_POINT('',(-0.00843847833990795,-0.00325582003287481,0.003));
#13208=CARTESIAN_POINT('',(-0.00843847833990795,-0.00325582003287481,0.003));
#13209=CARTESIAN_POINT('',(-0.00797830881264442,-0.00274924136294693,0.003));
#13210=CARTESIAN_POINT('',(-0.00719588988631709,-0.00274924136294693,0.003));
#13211=CARTESIAN_POINT('',(-0.00889864786717148,-0.0045944950212778,0.003));
#13212=CARTESIAN_POINT('',(-0.00889864786717148,-0.0045944950212778,0.));
#13213=CARTESIAN_POINT('',(-0.00889864786717148,-0.0040397641422944,0.003));
#13214=CARTESIAN_POINT('',(-0.00889864786717148,-0.0040397641422944,4.33680868994202E-19));
#13215=CARTESIAN_POINT('',(-0.0087452580247503,-0.00359353914616007,0.003));
#13216=CARTESIAN_POINT('',(-0.0087452580247503,-0.00359353914616007,4.33680868994202E-19));
#13217=CARTESIAN_POINT('',(-0.00843847833990795,-0.00325582003287481,0.003));
#13218=CARTESIAN_POINT('',(-0.00843847833990795,-0.00325582003287481,0.));
#13219=CARTESIAN_POINT('',(-0.00889864786717148,-0.0045944950212778,0.003));
#13220=CARTESIAN_POINT('',(-0.00889864786717148,-0.0045944950212778,0.003));
#13221=CARTESIAN_POINT('',(-0.00889864786717148,-0.0045944950212778,0.003));
#13222=CARTESIAN_POINT('',(-0.00889864786717148,-0.00376239870280271,0.003));
#13223=CARTESIAN_POINT('',(-0.00843847833990795,-0.00325582003287481,0.003));
#13224=CARTESIAN_POINT('',(-0.00716647564096644,-0.00587107326949608,0.003));
#13225=CARTESIAN_POINT('',(-0.00716647564096644,-0.00587107326949608,0.));
#13226=CARTESIAN_POINT('',(-0.00657557613436669,-0.00587107326949608,0.003));
#13227=CARTESIAN_POINT('',(-0.00657557613436669,-0.00587107326949608,4.33680868994202E-19));
#13228=CARTESIAN_POINT('',(-0.00628012638106681,-0.00546101690097811,0.003));
#13229=CARTESIAN_POINT('',(-0.00628012638106681,-0.00546101690097811,4.33680868994202E-19));
#13230=CARTESIAN_POINT('',(-0.00628012638106681,-0.00464090416394216,0.003));
#13231=CARTESIAN_POINT('',(-0.00628012638106681,-0.00464090416394216,0.));
#13232=CARTESIAN_POINT('',(-0.00716647564096644,-0.00587107326949608,0.));
#13233=CARTESIAN_POINT('',(-0.00628012638106681,-0.00587107326949608,0.));
#13234=CARTESIAN_POINT('',(-0.00628012638106681,-0.00464090416394216,0.));
#13235=CARTESIAN_POINT('',(-0.00716647564096644,-0.00587107326949608,0.));
#13236=CARTESIAN_POINT('',(-0.00628012638106681,-0.00464090416394216,0.));
#13237=CARTESIAN_POINT('',(-0.00716647564096644,-0.00587107326949608,0.003));
#13238=CARTESIAN_POINT('',(-0.00716647564096644,-0.00587107326949608,0.003));
#13239=CARTESIAN_POINT('',(-0.00716647564096644,-0.00587107326949608,0.003));
#13240=CARTESIAN_POINT('',(-0.00628012638106681,-0.00587107326949608,0.003));
#13241=CARTESIAN_POINT('',(-0.00628012638106681,-0.00464090416394216,0.003));
#13242=CARTESIAN_POINT('',(-0.00628012638106681,-0.00464090416394216,0.003));
#13243=CARTESIAN_POINT('',(-0.00628012638106681,-0.00464090416394216,0.003));
#13244=CARTESIAN_POINT('',(-0.00817963298082221,-0.0044905646877055,0.003));
#13245=CARTESIAN_POINT('',(-0.00817963298082221,-0.0044905646877055,0.));
#13246=CARTESIAN_POINT('',(-0.00817963298082221,-0.00541090374223255,0.003));
#13247=CARTESIAN_POINT('',(-0.00817963298082221,-0.00541090374223255,4.33680868994202E-19));
#13248=CARTESIAN_POINT('',(-0.00784191386753695,-0.00587107326949608,0.003));
#13249=CARTESIAN_POINT('',(-0.00784191386753695,-0.00587107326949608,4.33680868994202E-19));
#13250=CARTESIAN_POINT('',(-0.00716647564096644,-0.00587107326949608,0.003));
#13251=CARTESIAN_POINT('',(-0.00716647564096644,-0.00587107326949608,0.));
#13252=CARTESIAN_POINT('',(-0.00817963298082221,-0.0044905646877055,0.));
#13253=CARTESIAN_POINT('',(-0.00817963298082221,-0.00587107326949608,0.));
#13254=CARTESIAN_POINT('',(-0.00716647564096644,-0.00587107326949608,0.));
#13255=CARTESIAN_POINT('',(-0.00817963298082221,-0.0044905646877055,0.));
#13256=CARTESIAN_POINT('',(-0.00817963298082221,-0.0044905646877055,0.003));
#13257=CARTESIAN_POINT('',(-0.00817963298082221,-0.0044905646877055,0.003));
#13258=CARTESIAN_POINT('',(-0.00817963298082221,-0.0044905646877055,0.003));
#13259=CARTESIAN_POINT('',(-0.00817963298082221,-0.00587107326949608,0.003));
#13260=CARTESIAN_POINT('',(-0.00716647564096644,-0.00587107326949608,0.003));
#13261=CARTESIAN_POINT('',(-0.00797438691326434,-0.00350682159320037,0.003));
#13262=CARTESIAN_POINT('',(-0.00797438691326434,-0.00350682159320037,0.));
#13263=CARTESIAN_POINT('',(-0.00811121762496959,-0.00369899466282463,0.003));
#13264=CARTESIAN_POINT('',(-0.00811121762496959,-0.00369899466282463,4.33680868994202E-19));
#13265=CARTESIAN_POINT('',(-0.00817963298082221,-0.00402690902765967,0.003));
#13266=CARTESIAN_POINT('',(-0.00817963298082221,-0.00402690902765967,4.33680868994202E-19));
#13267=CARTESIAN_POINT('',(-0.00817963298082221,-0.0044905646877055,0.003));
#13268=CARTESIAN_POINT('',(-0.00817963298082221,-0.0044905646877055,0.));
#13269=CARTESIAN_POINT('',(-0.00797438691326434,-0.00350682159320037,0.));
#13270=CARTESIAN_POINT('',(-0.00817963298082221,-0.00379508119763676,0.));
#13271=CARTESIAN_POINT('',(-0.00817963298082221,-0.0044905646877055,0.));
#13272=CARTESIAN_POINT('',(-0.00797438691326434,-0.00350682159320037,0.));
#13273=CARTESIAN_POINT('',(-0.00797438691326434,-0.00350682159320037,0.003));
#13274=CARTESIAN_POINT('',(-0.00797438691326434,-0.00350682159320037,0.003));
#13275=CARTESIAN_POINT('',(-0.00797438691326434,-0.00350682159320037,0.003));
#13276=CARTESIAN_POINT('',(-0.00817963298082221,-0.00379508119763676,0.003));
#13277=CARTESIAN_POINT('',(-0.00817963298082221,-0.0044905646877055,0.003));
#13278=CARTESIAN_POINT('',(-0.00730897131844293,-0.00321856198876399,0.003));
#13279=CARTESIAN_POINT('',(-0.00730897131844293,-0.00321856198876399,0.));
#13280=CARTESIAN_POINT('',(-0.00761575100328528,-0.00321856198876399,0.003));
#13281=CARTESIAN_POINT('',(-0.00761575100328528,-0.00321856198876399,4.33680868994202E-19));
#13282=CARTESIAN_POINT('',(-0.00783755620155909,-0.00331464852357612,0.003));
#13283=CARTESIAN_POINT('',(-0.00783755620155909,-0.00331464852357612,4.33680868994202E-19));
#13284=CARTESIAN_POINT('',(-0.00797438691326434,-0.00350682159320037,0.003));
#13285=CARTESIAN_POINT('',(-0.00797438691326434,-0.00350682159320037,0.));
#13286=CARTESIAN_POINT('',(-0.00730897131844293,-0.00321856198876399,0.));
#13287=CARTESIAN_POINT('',(-0.00776914084570646,-0.00321856198876399,0.));
#13288=CARTESIAN_POINT('',(-0.00797438691326434,-0.00350682159320037,0.));
#13289=CARTESIAN_POINT('',(-0.00730897131844293,-0.00321856198876399,0.));
#13290=CARTESIAN_POINT('',(-0.00730897131844293,-0.00321856198876399,0.003));
#13291=CARTESIAN_POINT('',(-0.00730897131844293,-0.00321856198876399,0.003));
#13292=CARTESIAN_POINT('',(-0.00730897131844293,-0.00321856198876399,0.003));
#13293=CARTESIAN_POINT('',(-0.00776914084570646,-0.00321856198876399,0.003));
#13294=CARTESIAN_POINT('',(-0.00797438691326434,-0.00350682159320037,0.003));
#13295=CARTESIAN_POINT('',(-0.00628012638106681,-0.00464090416394216,0.003));
#13296=CARTESIAN_POINT('',(-0.00628012638106681,-0.00464090416394216,0.));
#13297=CARTESIAN_POINT('',(-0.00628012638106681,-0.00369267604715671,0.003));
#13298=CARTESIAN_POINT('',(-0.00628012638106681,-0.00369267604715671,4.33680868994202E-19));
#13299=CARTESIAN_POINT('',(-0.00662307469352552,-0.00321856198876399,0.003));
#13300=CARTESIAN_POINT('',(-0.00662307469352552,-0.00321856198876399,4.33680868994202E-19));
#13301=CARTESIAN_POINT('',(-0.00730897131844293,-0.00321856198876399,0.003));
#13302=CARTESIAN_POINT('',(-0.00730897131844293,-0.00321856198876399,0.));
#13303=CARTESIAN_POINT('',(-0.00628012638106681,-0.00464090416394216,0.));
#13304=CARTESIAN_POINT('',(-0.00628012638106681,-0.00321856198876399,0.));
#13305=CARTESIAN_POINT('',(-0.00730897131844293,-0.00321856198876399,0.));
#13306=CARTESIAN_POINT('',(-0.00628012638106681,-0.00464090416394216,0.003));
#13307=CARTESIAN_POINT('',(-0.00628012638106681,-0.00321856198876399,0.003));
#13308=CARTESIAN_POINT('',(-0.00730897131844293,-0.00321856198876399,0.003));
#13309=CARTESIAN_POINT('',(-0.00846331703598183,-0.00588283896763634,0.003));
#13310=CARTESIAN_POINT('',(-0.00846331703598183,-0.00588283896763634,0.));
#13311=CARTESIAN_POINT('',(-0.00875353759010826,-0.00557867388238071,0.003));
#13312=CARTESIAN_POINT('',(-0.00875353759010826,-0.00557867388238071,4.33680868994202E-19));
#13313=CARTESIAN_POINT('',(-0.00889864786717148,-0.0051492259002612,0.003));
#13314=CARTESIAN_POINT('',(-0.00889864786717148,-0.0051492259002612,4.33680868994202E-19));
#13315=CARTESIAN_POINT('',(-0.00889864786717148,-0.0045944950212778,0.003));
#13316=CARTESIAN_POINT('',(-0.00889864786717148,-0.0045944950212778,0.));
#13317=CARTESIAN_POINT('',(-0.00846331703598183,-0.00588283896763634,0.003));
#13318=CARTESIAN_POINT('',(-0.00889864786717148,-0.0054265913397529,0.003));
#13319=CARTESIAN_POINT('',(-0.00889864786717148,-0.0045944950212778,0.003));
#13320=CARTESIAN_POINT('',(0.,0.,0.003));
#13321=CARTESIAN_POINT('',(0.,0.,0.));
#13322=CARTESIAN_POINT('',(-0.00347270007482129,-0.00632666724748284,0.003));
#13323=CARTESIAN_POINT('',(-0.00335961864269545,-0.0063142478994459,0.003));
#13324=CARTESIAN_POINT('',(-0.00335961864269545,-0.0063142478994459,0.003));
#13325=CARTESIAN_POINT('',(-0.00347270007482129,-0.00632666724748284,0.003));
#13326=CARTESIAN_POINT('',(-0.00358578150694713,-0.00633908659551978,0.003));
#13327=CARTESIAN_POINT('',(-0.00358578150694713,-0.00633908659551978,0.003));
#13328=CARTESIAN_POINT('',(-0.00266086690314331,-0.00470365455402355,0.003));
#13329=CARTESIAN_POINT('',(-0.00196211516359117,-0.00309306120860121,0.003));
#13330=CARTESIAN_POINT('',(-0.00196211516359117,-0.00309306120860121,0.003));
#13331=CARTESIAN_POINT('',(-0.00266086690314331,-0.00470365455402355,0.003));
#13332=CARTESIAN_POINT('',(-0.00182877058466821,-0.00306364696325056,0.003));
#13333=CARTESIAN_POINT('',(-0.00169542600574526,-0.00303423271789991,0.003));
#13334=CARTESIAN_POINT('',(-0.00169542600574526,-0.00303423271789991,0.003));
#13335=CARTESIAN_POINT('',(-0.00182877058466821,-0.00306364696325056,0.003));
#13336=CARTESIAN_POINT('',(-0.00169934790512534,-0.00295448743050481,0.003));
#13337=CARTESIAN_POINT('',(-0.00170326980450542,-0.00287474214310971,0.003));
#13338=CARTESIAN_POINT('',(-0.00170326980450542,-0.00287474214310971,0.003));
#13339=CARTESIAN_POINT('',(-0.00169934790512534,-0.00295448743050481,0.003));
#13340=CARTESIAN_POINT('',(-0.00235561240139321,-0.00287474214310971,0.003));
#13341=CARTESIAN_POINT('',(-0.00300795499828099,-0.00287474214310971,0.003));
#13342=CARTESIAN_POINT('',(-0.00300795499828099,-0.00287474214310971,0.003));
#13343=CARTESIAN_POINT('',(-0.00235561240139321,-0.00287474214310971,0.003));
#13344=CARTESIAN_POINT('',(-0.00301253054755776,-0.00296298487916167,0.003));
#13345=CARTESIAN_POINT('',(-0.00301710609683453,-0.00305122761521362,0.003));
#13346=CARTESIAN_POINT('',(-0.00301710609683453,-0.00305122761521362,0.003));
#13347=CARTESIAN_POINT('',(-0.00301253054755776,-0.00296298487916167,0.003));
#13348=CARTESIAN_POINT('',(-0.00284519617400739,-0.00307214441190742,0.003));
#13349=CARTESIAN_POINT('',(-0.00267328625118024,-0.00309306120860121,0.003));
#13350=CARTESIAN_POINT('',(-0.00267328625118024,-0.00309306120860121,0.003));
#13351=CARTESIAN_POINT('',(-0.00284519617400739,-0.00307214441190742,0.003));
#13352=CARTESIAN_POINT('',(-0.00274910963919526,-0.00346956354908955,0.003));
#13353=CARTESIAN_POINT('',(-0.00282493302721027,-0.00384606588957789,0.003));
#13354=CARTESIAN_POINT('',(-0.00282493302721027,-0.00384606588957789,0.003));
#13355=CARTESIAN_POINT('',(-0.00274910963919526,-0.00346956354908955,0.003));
#13356=CARTESIAN_POINT('',(-0.00311319263164666,-0.00460299246993466,0.003));
#13357=CARTESIAN_POINT('',(-0.00340145223608305,-0.00535991905029142,0.003));
#13358=CARTESIAN_POINT('',(-0.00340145223608305,-0.00535991905029142,0.003));
#13359=CARTESIAN_POINT('',(-0.00311319263164666,-0.00460299246993466,0.003));
#13360=CARTESIAN_POINT('',(-0.00369036549041611,-0.00460299246993466,0.003));
#13361=CARTESIAN_POINT('',(-0.00397927874474917,-0.00384606588957789,0.003));
#13362=CARTESIAN_POINT('',(-0.00397927874474917,-0.00384606588957789,0.003));
#13363=CARTESIAN_POINT('',(-0.00369036549041611,-0.00460299246993466,0.003));
#13364=CARTESIAN_POINT('',(-0.00406686783090445,-0.00346956354908955,0.003));
#13365=CARTESIAN_POINT('',(-0.00415445691705972,-0.00309306120860121,0.003));
#13366=CARTESIAN_POINT('',(-0.00415445691705972,-0.00309306120860121,0.003));
#13367=CARTESIAN_POINT('',(-0.00406686783090445,-0.00346956354908955,0.003));
#13368=CARTESIAN_POINT('',(-0.00397078129609232,-0.00307214441190742,0.003));
#13369=CARTESIAN_POINT('',(-0.00378710567512492,-0.00305122761521361,0.003));
#13370=CARTESIAN_POINT('',(-0.00378710567512492,-0.00305122761521361,0.003));
#13371=CARTESIAN_POINT('',(-0.00397078129609232,-0.00307214441190742,0.003));
#13372=CARTESIAN_POINT('',(-0.00379102757450501,-0.00296298487916167,0.003));
#13373=CARTESIAN_POINT('',(-0.00379494947388509,-0.00287474214310971,0.003));
#13374=CARTESIAN_POINT('',(-0.00379494947388509,-0.00287474214310971,0.003));
#13375=CARTESIAN_POINT('',(-0.00379102757450501,-0.00296298487916167,0.003));
#13376=CARTESIAN_POINT('',(-0.00453553480682483,-0.00287474214310971,0.003));
#13377=CARTESIAN_POINT('',(-0.00527612013976457,-0.00287474214310971,0.003));
#13378=CARTESIAN_POINT('',(-0.00527612013976457,-0.00287474214310971,0.003));
#13379=CARTESIAN_POINT('',(-0.00453553480682483,-0.00287474214310971,0.003));
#13380=CARTESIAN_POINT('',(-0.00528004203914466,-0.00295448743050481,0.003));
#13381=CARTESIAN_POINT('',(-0.00528396393852474,-0.00303423271789991,0.003));
#13382=CARTESIAN_POINT('',(-0.00528396393852474,-0.00303423271789991,0.003));
#13383=CARTESIAN_POINT('',(-0.00528004203914466,-0.00295448743050481,0.003));
#13384=CARTESIAN_POINT('',(-0.00515454125898188,-0.00306364696325056,0.003));
#13385=CARTESIAN_POINT('',(-0.00502511857943901,-0.00309306120860121,0.003));
#13386=CARTESIAN_POINT('',(-0.00502511857943901,-0.00309306120860121,0.003));
#13387=CARTESIAN_POINT('',(-0.00515454125898188,-0.00306364696325056,0.003));
#13388=CARTESIAN_POINT('',(-0.00430545004319307,-0.0047160739020605,0.003));
#13389=CARTESIAN_POINT('',(-0.00430545004319307,-0.0047160739020605,0.003));
#13390=CARTESIAN_POINT('',(0.,0.,0.003));
#13391=CARTESIAN_POINT('',(0.000137408304548676,-0.00411798424659725,0.003));
#13392=CARTESIAN_POINT('',(0.000137408304548676,-0.00411798424659725,0.));
#13393=CARTESIAN_POINT('',(-0.000674424867129306,-0.00412190614597734,0.));
#13394=CARTESIAN_POINT('',(0.000949241476226659,-0.00411406234721716,0.));
#13395=CARTESIAN_POINT('',(-0.000674424867129306,-0.00412190614597734,0.003));
#13396=CARTESIAN_POINT('',(-0.000674424867129306,-0.00412190614597734,0.003));
#13397=CARTESIAN_POINT('',(0.000137408304548676,-0.00411798424659725,0.003));
#13398=CARTESIAN_POINT('',(0.000949241476226659,-0.00411406234721716,0.003));
#13399=CARTESIAN_POINT('',(0.000949241476226659,-0.00411406234721716,0.003));
#13400=CARTESIAN_POINT('',(0.000187085696696443,-0.00321856198876399,0.003));
#13401=CARTESIAN_POINT('',(0.000187085696696443,-0.00321856198876399,0.));
#13402=CARTESIAN_POINT('',(-0.000331476554670598,-0.00321856198876399,0.003));
#13403=CARTESIAN_POINT('',(-0.000331476554670598,-0.00321856198876399,4.33680868994202E-19));
#13404=CARTESIAN_POINT('',(-0.000618646742612514,-0.0035196767078351,0.003));
#13405=CARTESIAN_POINT('',(-0.000618646742612514,-0.0035196767078351,4.33680868994202E-19));
#13406=CARTESIAN_POINT('',(-0.000674424867129306,-0.00412190614597734,0.003));
#13407=CARTESIAN_POINT('',(-0.000674424867129306,-0.00412190614597734,0.));
#13408=CARTESIAN_POINT('',(0.000187085696696443,-0.00321856198876399,0.));
#13409=CARTESIAN_POINT('',(-0.000590757680354118,-0.00321856198876399,0.));
#13410=CARTESIAN_POINT('',(-0.000674424867129306,-0.00412190614597734,0.));
#13411=CARTESIAN_POINT('',(0.000187085696696443,-0.00321856198876399,0.));
#13412=CARTESIAN_POINT('',(0.000187085696696443,-0.00321856198876399,0.003));
#13413=CARTESIAN_POINT('',(0.000187085696696443,-0.00321856198876399,0.003));
#13414=CARTESIAN_POINT('',(0.000187085696696443,-0.00321856198876399,0.003));
#13415=CARTESIAN_POINT('',(-0.000590757680354118,-0.00321856198876399,0.003));
#13416=CARTESIAN_POINT('',(-0.000674424867129306,-0.00412190614597734,0.003));
#13417=CARTESIAN_POINT('',(0.000764912205362577,-0.00342772995570196,0.003));
#13418=CARTESIAN_POINT('',(0.000764912205362577,-0.00342772995570196,0.));
#13419=CARTESIAN_POINT('',(0.00064202602478652,-0.00328828464440998,0.003));
#13420=CARTESIAN_POINT('',(0.00064202602478652,-0.00328828464440998,4.33680868994202E-19));
#13421=CARTESIAN_POINT('',(0.000449417188564476,-0.00321856198876399,0.003));
#13422=CARTESIAN_POINT('',(0.000449417188564476,-0.00321856198876399,4.33680868994202E-19));
#13423=CARTESIAN_POINT('',(0.000187085696696443,-0.00321856198876399,0.003));
#13424=CARTESIAN_POINT('',(0.000187085696696443,-0.00321856198876399,0.));
#13425=CARTESIAN_POINT('',(0.000764912205362577,-0.00342772995570196,0.));
#13426=CARTESIAN_POINT('',(0.000580582934498492,-0.00321856198876399,0.));
#13427=CARTESIAN_POINT('',(0.000187085696696443,-0.00321856198876399,0.));
#13428=CARTESIAN_POINT('',(0.000764912205362577,-0.00342772995570196,0.));
#13429=CARTESIAN_POINT('',(0.000764912205362577,-0.00342772995570196,0.003));
#13430=CARTESIAN_POINT('',(0.000764912205362577,-0.00342772995570196,0.003));
#13431=CARTESIAN_POINT('',(0.000764912205362577,-0.00342772995570196,0.003));
#13432=CARTESIAN_POINT('',(0.000580582934498492,-0.00321856198876399,0.003));
#13433=CARTESIAN_POINT('',(0.000187085696696443,-0.00321856198876399,0.003));
#13434=CARTESIAN_POINT('',(0.000120413407234968,-0.00633908659551978,0.003));
#13435=CARTESIAN_POINT('',(0.000120413407234968,-0.00633908659551978,0.));
#13436=CARTESIAN_POINT('',(-0.000325811588899362,-0.00633908659551978,0.003));
#13437=CARTESIAN_POINT('',(-0.000325811588899362,-0.00633908659551978,4.33680868994202E-19));
#13438=CARTESIAN_POINT('',(-0.000692509180937485,-0.0061856967530986,0.003));
#13439=CARTESIAN_POINT('',(-0.000692509180937485,-0.0061856967530986,4.33680868994202E-19));
#13440=CARTESIAN_POINT('',(-0.0009796793688794,-0.00587891706825625,0.003));
#13441=CARTESIAN_POINT('',(-0.0009796793688794,-0.00587891706825625,0.));
#13442=CARTESIAN_POINT('',(0.000120413407234968,-0.00633908659551978,0.003));
#13443=CARTESIAN_POINT('',(0.000120413407234968,-0.00633908659551978,0.003));
#13444=CARTESIAN_POINT('',(0.000120413407234968,-0.00633908659551978,0.003));
#13445=CARTESIAN_POINT('',(-0.000548924086966527,-0.00633908659551978,0.003));
#13446=CARTESIAN_POINT('',(-0.0009796793688794,-0.00587891706825625,0.003));
#13447=CARTESIAN_POINT('',(-0.0009796793688794,-0.00587891706825625,0.003));
#13448=CARTESIAN_POINT('',(-0.0009796793688794,-0.00587891706825625,0.003));
#13449=CARTESIAN_POINT('',(0.00133358761547517,-0.00613776242734198,0.003));
#13450=CARTESIAN_POINT('',(0.00133358761547517,-0.00613776242734198,0.));
#13451=CARTESIAN_POINT('',(0.00097102980611603,-0.00627197853946051,0.003));
#13452=CARTESIAN_POINT('',(0.00097102980611603,-0.00627197853946051,4.33680868994202E-19));
#13453=CARTESIAN_POINT('',(0.000566638403369295,-0.00633908659551978,0.003));
#13454=CARTESIAN_POINT('',(0.000566638403369295,-0.00633908659551978,4.33680868994202E-19));
#13455=CARTESIAN_POINT('',(0.000120413407234968,-0.00633908659551978,0.003));
#13456=CARTESIAN_POINT('',(0.000120413407234968,-0.00633908659551978,0.));
#13457=CARTESIAN_POINT('',(0.00133358761547517,-0.00613776242734198,0.003));
#13458=CARTESIAN_POINT('',(0.00133358761547517,-0.00613776242734198,0.003));
#13459=CARTESIAN_POINT('',(0.00133358761547517,-0.00613776242734198,0.003));
#13460=CARTESIAN_POINT('',(0.000789750901436459,-0.00633908659551978,0.003));
#13461=CARTESIAN_POINT('',(0.000120413407234968,-0.00633908659551978,0.003));
#13462=CARTESIAN_POINT('',(0.00137149930948268,-0.0062345026120508,0.003));
#13463=CARTESIAN_POINT('',(0.00140941100349019,-0.0063312427967596,0.003));
#13464=CARTESIAN_POINT('',(0.00140941100349019,-0.0063312427967596,0.003));
#13465=CARTESIAN_POINT('',(0.00137149930948268,-0.0062345026120508,0.003));
#13466=CARTESIAN_POINT('',(0.00147608329295166,-0.0063312427967596,0.003));
#13467=CARTESIAN_POINT('',(0.00154275558241314,-0.0063312427967596,0.003));
#13468=CARTESIAN_POINT('',(0.00154275558241314,-0.0063312427967596,0.003));
#13469=CARTESIAN_POINT('',(0.00147608329295166,-0.0063312427967596,0.003));
#13470=CARTESIAN_POINT('',(0.00151334133706248,-0.00574949438871339,0.003));
#13471=CARTESIAN_POINT('',(0.00148392709171184,-0.00516774598066717,0.003));
#13472=CARTESIAN_POINT('',(0.00148392709171184,-0.00516774598066717,0.003));
#13473=CARTESIAN_POINT('',(0.00151334133706248,-0.00574949438871339,0.003));
#13474=CARTESIAN_POINT('',(0.00141333290287027,-0.00516382408128708,0.003));
#13475=CARTESIAN_POINT('',(0.00134273871402871,-0.00515990218190699,0.003));
#13476=CARTESIAN_POINT('',(0.00134273871402871,-0.00515990218190699,0.003));
#13477=CARTESIAN_POINT('',(0.00141333290287027,-0.00516382408128708,0.003));
#13478=CARTESIAN_POINT('',(0.00131332446867806,-0.00533115845483745,0.003));
#13479=CARTESIAN_POINT('',(0.0012839102233274,-0.00550241472776791,0.003));
#13480=CARTESIAN_POINT('',(0.0012839102233274,-0.00550241472776791,0.003));
#13481=CARTESIAN_POINT('',(0.00131332446867806,-0.00533115845483745,0.003));
#13482=CARTESIAN_POINT('',(0.000313240126755904,-0.00587107326949608,0.003));
#13483=CARTESIAN_POINT('',(0.000313240126755904,-0.00587107326949608,0.));
#13484=CARTESIAN_POINT('',(0.000637014708911965,-0.00587107326949608,0.003));
#13485=CARTESIAN_POINT('',(0.000637014708911965,-0.00587107326949608,4.33680868994202E-19));
#13486=CARTESIAN_POINT('',(0.000960571407769131,-0.00574818708892002,0.003));
#13487=CARTESIAN_POINT('',(0.000960571407769131,-0.00574818708892002,4.33680868994202E-19));
#13488=CARTESIAN_POINT('',(0.0012839102233274,-0.00550241472776791,0.003));
#13489=CARTESIAN_POINT('',(0.0012839102233274,-0.00550241472776791,0.));
#13490=CARTESIAN_POINT('',(0.000313240126755904,-0.00587107326949608,0.003));
#13491=CARTESIAN_POINT('',(0.000313240126755904,-0.00587107326949608,0.003));
#13492=CARTESIAN_POINT('',(0.000313240126755904,-0.00587107326949608,0.003));
#13493=CARTESIAN_POINT('',(0.000798901999989995,-0.00587107326949608,0.003));
#13494=CARTESIAN_POINT('',(0.0012839102233274,-0.00550241472776791,0.003));
#13495=CARTESIAN_POINT('',(-0.000431920755460599,-0.00551091217642477,0.003));
#13496=CARTESIAN_POINT('',(-0.000431920755460599,-0.00551091217642477,0.));
#13497=CARTESIAN_POINT('',(-0.000258921416138991,-0.00575101957180564,0.003));
#13498=CARTESIAN_POINT('',(-0.000258921416138991,-0.00575101957180564,4.33680868994202E-19));
#13499=CARTESIAN_POINT('',(-1.0534455400157E-5,-0.00587107326949608,0.003));
#13500=CARTESIAN_POINT('',(-1.0534455400157E-5,-0.00587107326949608,4.33680868994202E-19));
#13501=CARTESIAN_POINT('',(0.000313240126755904,-0.00587107326949608,0.003));
#13502=CARTESIAN_POINT('',(0.000313240126755904,-0.00587107326949608,0.));
#13503=CARTESIAN_POINT('',(-0.000431920755460599,-0.00551091217642477,0.003));
#13504=CARTESIAN_POINT('',(-0.000431920755460599,-0.00551091217642477,0.003));
#13505=CARTESIAN_POINT('',(-0.000431920755460599,-0.00551091217642477,0.003));
#13506=CARTESIAN_POINT('',(-0.000172421746478187,-0.00587107326949608,0.003));
#13507=CARTESIAN_POINT('',(0.000313240126755904,-0.00587107326949608,0.003));
#13508=CARTESIAN_POINT('',(-0.000691419764443015,-0.00455723697716698,0.003));
#13509=CARTESIAN_POINT('',(-0.000691419764443015,-0.00455723697716698,0.));
#13510=CARTESIAN_POINT('',(-0.000691419764443015,-0.00495291304795797,0.003));
#13511=CARTESIAN_POINT('',(-0.000691419764443015,-0.00495291304795797,4.33680868994202E-19));
#13512=CARTESIAN_POINT('',(-0.00060492009478221,-0.0052708047810439,0.003));
#13513=CARTESIAN_POINT('',(-0.00060492009478221,-0.0052708047810439,4.33680868994202E-19));
#13514=CARTESIAN_POINT('',(-0.000431920755460599,-0.00551091217642477,0.003));
#13515=CARTESIAN_POINT('',(-0.000431920755460599,-0.00551091217642477,0.));
#13516=CARTESIAN_POINT('',(-0.000691419764443015,-0.00455723697716698,0.003));
#13517=CARTESIAN_POINT('',(-0.000691419764443015,-0.00455723697716698,0.003));
#13518=CARTESIAN_POINT('',(-0.000691419764443015,-0.00455723697716698,0.003));
#13519=CARTESIAN_POINT('',(-0.000691419764443015,-0.00515075108335346,0.003));
#13520=CARTESIAN_POINT('',(-0.000431920755460599,-0.00551091217642477,0.003));
#13521=CARTESIAN_POINT('',(0.00046357960299257,-0.00455723697716698,0.003));
#13522=CARTESIAN_POINT('',(0.00161845925956815,-0.00455723697716698,0.003));
#13523=CARTESIAN_POINT('',(0.00161845925956815,-0.00455723697716698,0.003));
#13524=CARTESIAN_POINT('',(0.00046357960299257,-0.00455723697716698,0.003));
#13525=CARTESIAN_POINT('',(-0.0022872221126916,-0.00411360049934589,0.003));
#13526=CARTESIAN_POINT('',(0.00164341766650204,-0.0041297499447375,0.003));
#13527=CARTESIAN_POINT('',(0.00164341766650204,-0.0041297499447375,0.003));
#13528=CARTESIAN_POINT('',(-0.0022872221126916,-0.00411360049934589,0.003));
#13529=CARTESIAN_POINT('',(0.00129175402208758,-0.00308391011004768,0.003));
#13530=CARTESIAN_POINT('',(0.00129175402208758,-0.00308391011004768,0.));
#13531=CARTESIAN_POINT('',(0.00152619645169722,-0.00330702260811484,0.003));
#13532=CARTESIAN_POINT('',(0.00152619645169722,-0.00330702260811484,4.33680868994202E-19));
#13533=CARTESIAN_POINT('',(0.00164341766650204,-0.00365563588634478,0.003));
#13534=CARTESIAN_POINT('',(0.00164341766650204,-0.00365563588634478,4.33680868994202E-19));
#13535=CARTESIAN_POINT('',(0.00164341766650204,-0.0041297499447375,0.003));
#13536=CARTESIAN_POINT('',(0.00164341766650204,-0.0041297499447375,0.));
#13537=CARTESIAN_POINT('',(0.00129175402208758,-0.00308391011004768,0.003));
#13538=CARTESIAN_POINT('',(0.00129175402208758,-0.00308391011004768,0.003));
#13539=CARTESIAN_POINT('',(0.00129175402208758,-0.00308391011004768,0.003));
#13540=CARTESIAN_POINT('',(0.00164341766650204,-0.00341857885714842,0.003));
#13541=CARTESIAN_POINT('',(0.00164341766650204,-0.0041297499447375,0.003));
#13542=CARTESIAN_POINT('',(0.00020800249339024,-0.00274924136294693,0.003));
#13543=CARTESIAN_POINT('',(0.00020800249339024,-0.00274924136294693,0.));
#13544=CARTESIAN_POINT('',(0.000696061082912162,-0.00274924136294693,0.003));
#13545=CARTESIAN_POINT('',(0.000696061082912162,-0.00274924136294693,4.33680868994202E-19));
#13546=CARTESIAN_POINT('',(0.00105731159247794,-0.00286079761198051,0.003));
#13547=CARTESIAN_POINT('',(0.00105731159247794,-0.00286079761198051,4.33680868994202E-19));
#13548=CARTESIAN_POINT('',(0.00129175402208758,-0.00308391011004768,0.003));
#13549=CARTESIAN_POINT('',(0.00129175402208758,-0.00308391011004768,0.));
#13550=CARTESIAN_POINT('',(0.00020800249339024,-0.00274924136294693,0.003));
#13551=CARTESIAN_POINT('',(0.00020800249339024,-0.00274924136294693,0.003));
#13552=CARTESIAN_POINT('',(0.00020800249339024,-0.00274924136294693,0.003));
#13553=CARTESIAN_POINT('',(0.000940090377673123,-0.00274924136294693,0.003));
#13554=CARTESIAN_POINT('',(0.00129175402208758,-0.00308391011004768,0.003));
#13555=CARTESIAN_POINT('',(-0.000967260020842457,-0.00326823938091176,0.003));
#13556=CARTESIAN_POINT('',(-0.000967260020842457,-0.00326823938091176,0.));
#13557=CARTESIAN_POINT('',(-0.00067181026754258,-0.00292224070226854,0.003));
#13558=CARTESIAN_POINT('',(-0.00067181026754258,-0.00292224070226854,4.33680868994202E-19));
#13559=CARTESIAN_POINT('',(-0.000280056096131681,-0.00274924136294693,0.003));
#13560=CARTESIAN_POINT('',(-0.000280056096131681,-0.00274924136294693,4.33680868994202E-19));
#13561=CARTESIAN_POINT('',(0.00020800249339024,-0.00274924136294693,0.003));
#13562=CARTESIAN_POINT('',(0.00020800249339024,-0.00274924136294693,0.));
#13563=CARTESIAN_POINT('',(-0.000967260020842457,-0.00326823938091176,0.003));
#13564=CARTESIAN_POINT('',(-0.000967260020842457,-0.00326823938091176,0.003));
#13565=CARTESIAN_POINT('',(-0.000967260020842457,-0.00326823938091176,0.003));
#13566=CARTESIAN_POINT('',(-0.000524085390892642,-0.00274924136294693,0.003));
#13567=CARTESIAN_POINT('',(0.00020800249339024,-0.00274924136294693,0.003));
#13568=CARTESIAN_POINT('',(-0.00141043465079228,-0.00460299246993466,0.003));
#13569=CARTESIAN_POINT('',(-0.00141043465079228,-0.00460299246993466,0.));
#13570=CARTESIAN_POINT('',(-0.00141043465079228,-0.00405915575589595,0.003));
#13571=CARTESIAN_POINT('',(-0.00141043465079228,-0.00405915575589595,4.33680868994202E-19));
#13572=CARTESIAN_POINT('',(-0.00126270977414234,-0.00361423805955498,0.003));
#13573=CARTESIAN_POINT('',(-0.00126270977414234,-0.00361423805955498,4.33680868994202E-19));
#13574=CARTESIAN_POINT('',(-0.000967260020842457,-0.00326823938091176,0.003));
#13575=CARTESIAN_POINT('',(-0.000967260020842457,-0.00326823938091176,0.));
#13576=CARTESIAN_POINT('',(-0.00141043465079228,-0.00460299246993466,0.003));
#13577=CARTESIAN_POINT('',(-0.00141043465079228,-0.00460299246993466,0.003));
#13578=CARTESIAN_POINT('',(-0.00141043465079228,-0.00460299246993466,0.003));
#13579=CARTESIAN_POINT('',(-0.00141043465079228,-0.00378723739887659,0.003));
#13580=CARTESIAN_POINT('',(-0.000967260020842457,-0.00326823938091176,0.003));
#13581=CARTESIAN_POINT('',(-0.0009796793688794,-0.00587891706825625,0.003));
#13582=CARTESIAN_POINT('',(-0.0009796793688794,-0.00587891706825625,0.));
#13583=CARTESIAN_POINT('',(-0.00126684955682132,-0.0055721373834139,0.003));
#13584=CARTESIAN_POINT('',(-0.00126684955682132,-0.0055721373834139,4.33680868994202E-19));
#13585=CARTESIAN_POINT('',(-0.00141043465079228,-0.00514682918397337,0.003));
#13586=CARTESIAN_POINT('',(-0.00141043465079228,-0.00514682918397337,4.33680868994202E-19));
#13587=CARTESIAN_POINT('',(-0.00141043465079228,-0.00460299246993466,0.003));
#13588=CARTESIAN_POINT('',(-0.00141043465079228,-0.00460299246993466,0.));
#13589=CARTESIAN_POINT('',(-0.0009796793688794,-0.00587891706825625,0.003));
#13590=CARTESIAN_POINT('',(-0.00141043465079228,-0.00541874754099273,0.003));
#13591=CARTESIAN_POINT('',(-0.00141043465079228,-0.00460299246993466,0.003));
#13592=CARTESIAN_POINT('',(0.000949241476226659,-0.00411406234721716,0.003));
#13593=CARTESIAN_POINT('',(0.000949241476226659,-0.00411406234721716,0.));
#13594=CARTESIAN_POINT('',(0.000949241476226659,-0.00379595273083234,0.003));
#13595=CARTESIAN_POINT('',(0.000949241476226659,-0.00379595273083234,4.33680868994202E-19));
#13596=CARTESIAN_POINT('',(0.000887798385938632,-0.00356717526699394,0.003));
#13597=CARTESIAN_POINT('',(0.000887798385938632,-0.00356717526699394,4.33680868994202E-19));
#13598=CARTESIAN_POINT('',(0.000764912205362577,-0.00342772995570196,0.003));
#13599=CARTESIAN_POINT('',(0.000764912205362577,-0.00342772995570196,0.));
#13600=CARTESIAN_POINT('',(0.000949241476226659,-0.00411406234721716,0.));
#13601=CARTESIAN_POINT('',(0.000949241476226659,-0.00363689792263993,0.));
#13602=CARTESIAN_POINT('',(0.000764912205362577,-0.00342772995570196,0.));
#13603=CARTESIAN_POINT('',(0.000949241476226659,-0.00411406234721716,0.003));
#13604=CARTESIAN_POINT('',(0.000949241476226659,-0.00363689792263993,0.003));
#13605=CARTESIAN_POINT('',(0.000764912205362577,-0.00342772995570196,0.003));
#13606=CARTESIAN_POINT('',(0.,0.,0.003));
#13607=CARTESIAN_POINT('',(0.,0.,0.));
#13608=CARTESIAN_POINT('',(0.00326185481068455,-0.00351531904185723,0.003));
#13609=CARTESIAN_POINT('',(0.00326185481068455,-0.00351531904185723,0.));
#13610=CARTESIAN_POINT('',(0.00310846496826338,-0.00371925780962175,0.003));
#13611=CARTESIAN_POINT('',(0.00310846496826338,-0.00371925780962175,4.33680868994202E-19));
#13612=CARTESIAN_POINT('',(0.00303177004705279,-0.00404150720868555,0.003));
#13613=CARTESIAN_POINT('',(0.00303177004705279,-0.00404150720868555,4.33680868994202E-19));
#13614=CARTESIAN_POINT('',(0.00303177004705279,-0.00448206723904864,0.003));
#13615=CARTESIAN_POINT('',(0.00303177004705279,-0.00448206723904864,0.));
#13616=CARTESIAN_POINT('',(0.00326185481068455,-0.00351531904185723,0.));
#13617=CARTESIAN_POINT('',(0.00303177004705279,-0.003821227193504,0.));
#13618=CARTESIAN_POINT('',(0.00303177004705279,-0.00448206723904864,0.));
#13619=CARTESIAN_POINT('',(0.00326185481068455,-0.00351531904185723,0.));
#13620=CARTESIAN_POINT('',(0.00303177004705279,-0.00448206723904864,0.));
#13621=CARTESIAN_POINT('',(0.00326185481068455,-0.00351531904185723,0.003));
#13622=CARTESIAN_POINT('',(0.00326185481068455,-0.00351531904185723,0.003));
#13623=CARTESIAN_POINT('',(0.00326185481068455,-0.00351531904185723,0.003));
#13624=CARTESIAN_POINT('',(0.00303177004705279,-0.003821227193504,0.003));
#13625=CARTESIAN_POINT('',(0.00303177004705279,-0.00448206723904864,0.003));
#13626=CARTESIAN_POINT('',(0.00303177004705279,-0.00448206723904864,0.003));
#13627=CARTESIAN_POINT('',(0.00303177004705279,-0.00448206723904864,0.003));
#13628=CARTESIAN_POINT('',(0.00398609889620726,-0.00320941089021046,0.003));
#13629=CARTESIAN_POINT('',(0.00398609889620726,-0.00320941089021046,0.));
#13630=CARTESIAN_POINT('',(0.00365665934827996,-0.00320941089021046,0.003));
#13631=CARTESIAN_POINT('',(0.00365665934827996,-0.00320941089021046,4.33680868994202E-19));
#13632=CARTESIAN_POINT('',(0.00341524465310573,-0.00331138027409271,0.003));
#13633=CARTESIAN_POINT('',(0.00341524465310573,-0.00331138027409271,4.33680868994202E-19));
#13634=CARTESIAN_POINT('',(0.00326185481068455,-0.00351531904185723,0.003));
#13635=CARTESIAN_POINT('',(0.00326185481068455,-0.00351531904185723,0.));
#13636=CARTESIAN_POINT('',(0.00398609889620726,-0.00320941089021046,0.));
#13637=CARTESIAN_POINT('',(0.00349193957431631,-0.00320941089021046,0.));
#13638=CARTESIAN_POINT('',(0.00326185481068455,-0.00351531904185723,0.));
#13639=CARTESIAN_POINT('',(0.00398609889620726,-0.00320941089021046,0.));
#13640=CARTESIAN_POINT('',(0.00398609889620726,-0.00320941089021046,0.003));
#13641=CARTESIAN_POINT('',(0.00398609889620726,-0.00320941089021046,0.003));
#13642=CARTESIAN_POINT('',(0.00398609889620726,-0.00320941089021046,0.003));
#13643=CARTESIAN_POINT('',(0.00349193957431631,-0.00320941089021046,0.003));
#13644=CARTESIAN_POINT('',(0.00326185481068455,-0.00351531904185723,0.003));
#13645=CARTESIAN_POINT('',(0.00464759259164858,-0.00330222917553918,0.003));
#13646=CARTESIAN_POINT('',(0.00464759259164858,-0.00330222917553918,0.));
#13647=CARTESIAN_POINT('',(0.00437916036741152,-0.00324035031865336,0.003));
#13648=CARTESIAN_POINT('',(0.00437916036741152,-0.00324035031865336,4.33680868994202E-19));
#13649=CARTESIAN_POINT('',(0.00415866246893108,-0.00320941089021046,0.003));
#13650=CARTESIAN_POINT('',(0.00415866246893108,-0.00320941089021046,4.33680868994202E-19));
#13651=CARTESIAN_POINT('',(0.00398609889620726,-0.00320941089021046,0.003));
#13652=CARTESIAN_POINT('',(0.00398609889620726,-0.00320941089021046,0.));
#13653=CARTESIAN_POINT('',(0.00464759259164858,-0.00330222917553918,0.));
#13654=CARTESIAN_POINT('',(0.004244944255293,-0.00320941089021046,0.));
#13655=CARTESIAN_POINT('',(0.00398609889620726,-0.00320941089021046,0.));
#13656=CARTESIAN_POINT('',(0.00464759259164858,-0.00330222917553918,0.));
#13657=CARTESIAN_POINT('',(0.00464759259164858,-0.00330222917553918,0.003));
#13658=CARTESIAN_POINT('',(0.00464759259164858,-0.00330222917553918,0.003));
#13659=CARTESIAN_POINT('',(0.00464759259164858,-0.00330222917553918,0.003));
#13660=CARTESIAN_POINT('',(0.004244944255293,-0.00320941089021046,0.003));
#13661=CARTESIAN_POINT('',(0.00398609889620726,-0.00320941089021046,0.003));
#13662=CARTESIAN_POINT('',(0.00464759259164858,-0.00401732216250835,0.003));
#13663=CARTESIAN_POINT('',(0.00464759259164858,-0.00401732216250835,0.));
#13664=CARTESIAN_POINT('',(0.00464759259164858,-0.00473241514947752,0.));
#13665=CARTESIAN_POINT('',(0.00464759259164858,-0.00473241514947752,0.003));
#13666=CARTESIAN_POINT('',(0.00464759259164858,-0.00473241514947752,0.003));
#13667=CARTESIAN_POINT('',(0.00464759259164858,-0.00401732216250835,0.003));
#13668=CARTESIAN_POINT('',(0.00462667579495478,-0.00511741493862272,0.003));
#13669=CARTESIAN_POINT('',(0.00462667579495478,-0.00511741493862272,0.));
#13670=CARTESIAN_POINT('',(0.00460575899826099,-0.00550241472776791,0.));
#13671=CARTESIAN_POINT('',(0.00460575899826099,-0.00550241472776791,0.003));
#13672=CARTESIAN_POINT('',(0.00460575899826099,-0.00550241472776791,0.003));
#13673=CARTESIAN_POINT('',(0.00462667579495478,-0.00511741493862272,0.003));
#13674=CARTESIAN_POINT('',(0.00386452001542457,-0.00587107326949608,0.003));
#13675=CARTESIAN_POINT('',(0.00386452001542457,-0.00587107326949608,0.));
#13676=CARTESIAN_POINT('',(0.0041129069761634,-0.00587107326949608,0.003));
#13677=CARTESIAN_POINT('',(0.0041129069761634,-0.00587107326949608,4.33680868994202E-19));
#13678=CARTESIAN_POINT('',(0.00435998663710888,-0.00574818708892002,0.003));
#13679=CARTESIAN_POINT('',(0.00435998663710888,-0.00574818708892002,4.33680868994202E-19));
#13680=CARTESIAN_POINT('',(0.00460575899826099,-0.00550241472776791,0.003));
#13681=CARTESIAN_POINT('',(0.00460575899826099,-0.00550241472776791,0.));
#13682=CARTESIAN_POINT('',(0.00386452001542457,-0.00587107326949608,0.));
#13683=CARTESIAN_POINT('',(0.00423710045653282,-0.00587107326949608,0.));
#13684=CARTESIAN_POINT('',(0.00460575899826099,-0.00550241472776791,0.));
#13685=CARTESIAN_POINT('',(0.00386452001542457,-0.00587107326949608,0.));
#13686=CARTESIAN_POINT('',(0.00386452001542457,-0.00587107326949608,0.003));
#13687=CARTESIAN_POINT('',(0.00386452001542457,-0.00587107326949608,0.003));
#13688=CARTESIAN_POINT('',(0.00386452001542457,-0.00587107326949608,0.003));
#13689=CARTESIAN_POINT('',(0.00423710045653282,-0.00587107326949608,0.003));
#13690=CARTESIAN_POINT('',(0.00460575899826099,-0.00550241472776791,0.003));
#13691=CARTESIAN_POINT('',(0.00326185481068455,-0.00550699027704468,0.003));
#13692=CARTESIAN_POINT('',(0.00326185481068455,-0.00550699027704468,0.));
#13693=CARTESIAN_POINT('',(0.00341524465310573,-0.00574971227201228,0.003));
#13694=CARTESIAN_POINT('',(0.00341524465310573,-0.00574971227201228,4.33680868994202E-19));
#13695=CARTESIAN_POINT('',(0.00361613305468573,-0.00587107326949608,0.003));
#13696=CARTESIAN_POINT('',(0.00361613305468573,-0.00587107326949608,4.33680868994202E-19));
#13697=CARTESIAN_POINT('',(0.00386452001542457,-0.00587107326949608,0.003));
#13698=CARTESIAN_POINT('',(0.00386452001542457,-0.00587107326949608,0.));
#13699=CARTESIAN_POINT('',(0.00326185481068455,-0.00550699027704468,0.));
#13700=CARTESIAN_POINT('',(0.00349193957431631,-0.00587107326949608,0.));
#13701=CARTESIAN_POINT('',(0.00386452001542457,-0.00587107326949608,0.));
#13702=CARTESIAN_POINT('',(0.00326185481068455,-0.00550699027704468,0.));
#13703=CARTESIAN_POINT('',(0.00326185481068455,-0.00550699027704468,0.003));
#13704=CARTESIAN_POINT('',(0.00326185481068455,-0.00550699027704468,0.003));
#13705=CARTESIAN_POINT('',(0.00326185481068455,-0.00550699027704468,0.003));
#13706=CARTESIAN_POINT('',(0.00349193957431631,-0.00587107326949608,0.003));
#13707=CARTESIAN_POINT('',(0.00386452001542457,-0.00587107326949608,0.003));
#13708=CARTESIAN_POINT('',(0.00460575899826099,-0.00610900183188802,0.003));
#13709=CARTESIAN_POINT('',(0.00460575899826099,-0.00628025810481848,0.003));
#13710=CARTESIAN_POINT('',(0.00460575899826099,-0.00628025810481848,0.003));
#13711=CARTESIAN_POINT('',(0.00460575899826099,-0.00610900183188802,0.003));
#13712=CARTESIAN_POINT('',(0.00460575899826099,-0.00593774555895756,0.003));
#13713=CARTESIAN_POINT('',(0.00460575899826099,-0.00593774555895756,0.003));
#13714=CARTESIAN_POINT('',(0.00512410336632913,-0.00624300006070765,0.003));
#13715=CARTESIAN_POINT('',(0.00564244773439728,-0.00620574201659683,0.003));
#13716=CARTESIAN_POINT('',(0.00564244773439728,-0.00620574201659683,0.003));
#13717=CARTESIAN_POINT('',(0.00512410336632913,-0.00624300006070765,0.003));
#13718=CARTESIAN_POINT('',(0.00564702328367405,-0.00612599672920173,0.003));
#13719=CARTESIAN_POINT('',(0.00565159883295082,-0.00604625144180663,0.003));
#13720=CARTESIAN_POINT('',(0.00565159883295082,-0.00604625144180663,0.003));
#13721=CARTESIAN_POINT('',(0.00564702328367405,-0.00612599672920173,0.003));
#13722=CARTESIAN_POINT('',(0.00550910315547433,-0.00601683719645597,0.003));
#13723=CARTESIAN_POINT('',(0.00536660747799784,-0.00598742295110532,0.003));
#13724=CARTESIAN_POINT('',(0.00536660747799784,-0.00598742295110532,0.003));
#13725=CARTESIAN_POINT('',(0.00550910315547433,-0.00601683719645597,0.003));
#13726=CARTESIAN_POINT('',(0.00532869578399033,-0.00535599715091134,0.003));
#13727=CARTESIAN_POINT('',(0.00529078408998283,-0.00472457135071735,0.003));
#13728=CARTESIAN_POINT('',(0.00529078408998283,-0.00472457135071735,0.003));
#13729=CARTESIAN_POINT('',(0.00532869578399033,-0.00535599715091134,0.003));
#13730=CARTESIAN_POINT('',(0.00529078408998283,-0.0036826534154076,0.003));
#13731=CARTESIAN_POINT('',(0.00529078408998283,-0.00264073548009786,0.003));
#13732=CARTESIAN_POINT('',(0.00529078408998283,-0.00264073548009786,0.003));
#13733=CARTESIAN_POINT('',(0.00529078408998283,-0.0036826534154076,0.003));
#13734=CARTESIAN_POINT('',(0.00533261768337042,-0.00185831655377053,0.003));
#13735=CARTESIAN_POINT('',(0.00537445127675802,-0.0010758976274432,0.003));
#13736=CARTESIAN_POINT('',(0.00537445127675802,-0.0010758976274432,0.003));
#13737=CARTESIAN_POINT('',(0.00533261768337042,-0.00185831655377053,0.003));
#13738=CARTESIAN_POINT('',(0.00479335651860848,-0.00112230677010756,0.003));
#13739=CARTESIAN_POINT('',(0.00421226176045894,-0.00116871591277192,0.003));
#13740=CARTESIAN_POINT('',(0.00421226176045894,-0.00116871591277192,0.003));
#13741=CARTESIAN_POINT('',(0.00479335651860848,-0.00112230677010756,0.003));
#13742=CARTESIAN_POINT('',(0.00420768621118217,-0.00124780755027034,0.003));
#13743=CARTESIAN_POINT('',(0.0042031106619054,-0.00132689918776876,0.003));
#13744=CARTESIAN_POINT('',(0.0042031106619054,-0.00132689918776876,0.003));
#13745=CARTESIAN_POINT('',(0.00420768621118217,-0.00124780755027034,0.003));
#13746=CARTESIAN_POINT('',(0.00438743993276948,-0.00135631343311941,0.003));
#13747=CARTESIAN_POINT('',(0.00457176920363357,-0.00138572767847006,0.003));
#13748=CARTESIAN_POINT('',(0.00457176920363357,-0.00138572767847006,0.003));
#13749=CARTESIAN_POINT('',(0.00438743993276948,-0.00135631343311941,0.003));
#13750=CARTESIAN_POINT('',(0.00460968089764107,-0.00200930967990387,0.003));
#13751=CARTESIAN_POINT('',(0.00464759259164858,-0.00263289168133769,0.003));
#13752=CARTESIAN_POINT('',(0.00464759259164858,-0.00263289168133769,0.003));
#13753=CARTESIAN_POINT('',(0.00460968089764107,-0.00200930967990387,0.003));
#13754=CARTESIAN_POINT('',(0.00464759259164858,-0.00272505631676973,0.003));
#13755=CARTESIAN_POINT('',(0.00464759259164858,-0.00281767481860851,0.003));
#13756=CARTESIAN_POINT('',(0.00464759259164858,-0.00281722095220177,0.003));
#13757=CARTESIAN_POINT('',(0.00464759259164858,-0.00272505631676973,0.003));
#13758=CARTESIAN_POINT('',(0.00403929092701193,-0.00546209839602499,0.003));
#13759=CARTESIAN_POINT('',(0.00406976608298245,-0.00274924136294693,0.003));
#13760=CARTESIAN_POINT('',(0.00406976608298245,-0.00274924136294693,0.003));
#13761=CARTESIAN_POINT('',(0.00403929092701193,-0.00546209839602499,0.003));
#13762=CARTESIAN_POINT('',(0.00278142213662391,-0.00325582003287481,0.003));
#13763=CARTESIAN_POINT('',(0.00278142213662391,-0.00325582003287481,0.));
#13764=CARTESIAN_POINT('',(0.0030938667872375,-0.00291810091958956,0.003));
#13765=CARTESIAN_POINT('',(0.0030938667872375,-0.00291810091958956,4.33680868994202E-19));
#13766=CARTESIAN_POINT('',(0.00352331476935701,-0.00274924136294693,0.003));
#13767=CARTESIAN_POINT('',(0.00352331476935701,-0.00274924136294693,4.33680868994202E-19));
#13768=CARTESIAN_POINT('',(0.00406976608298245,-0.00274924136294693,0.003));
#13769=CARTESIAN_POINT('',(0.00406976608298245,-0.00274924136294693,0.));
#13770=CARTESIAN_POINT('',(0.00278142213662391,-0.00325582003287481,0.003));
#13771=CARTESIAN_POINT('',(0.00278142213662391,-0.00325582003287481,0.003));
#13772=CARTESIAN_POINT('',(0.00278142213662391,-0.00325582003287481,0.003));
#13773=CARTESIAN_POINT('',(0.00325008911254429,-0.00274924136294693,0.003));
#13774=CARTESIAN_POINT('',(0.00406976608298245,-0.00274924136294693,0.003));
#13775=CARTESIAN_POINT('',(0.00231275516070353,-0.00456965632520392,0.003));
#13776=CARTESIAN_POINT('',(0.00231275516070353,-0.00456965632520392,0.));
#13777=CARTESIAN_POINT('',(0.00231275516070353,-0.00403148457693644,0.003));
#13778=CARTESIAN_POINT('',(0.00231275516070353,-0.00403148457693644,4.33680868994202E-19));
#13779=CARTESIAN_POINT('',(0.00246897748601032,-0.00359353914616007,0.003));
#13780=CARTESIAN_POINT('',(0.00246897748601032,-0.00359353914616007,4.33680868994202E-19));
#13781=CARTESIAN_POINT('',(0.00278142213662391,-0.00325582003287481,0.003));
#13782=CARTESIAN_POINT('',(0.00278142213662391,-0.00325582003287481,0.));
#13783=CARTESIAN_POINT('',(0.00231275516070353,-0.00456965632520392,0.003));
#13784=CARTESIAN_POINT('',(0.00231275516070353,-0.00456965632520392,0.003));
#13785=CARTESIAN_POINT('',(0.00231275516070353,-0.00456965632520392,0.003));
#13786=CARTESIAN_POINT('',(0.00231275516070353,-0.00376239870280271,0.003));
#13787=CARTESIAN_POINT('',(0.00278142213662391,-0.00325582003287481,0.003));
#13788=CARTESIAN_POINT('',(0.00268925750119187,-0.00585800027156246,0.003));
#13789=CARTESIAN_POINT('',(0.00268925750119187,-0.00585800027156246,0.));
#13790=CARTESIAN_POINT('',(0.00243825594086631,-0.00553727605559091,0.003));
#13791=CARTESIAN_POINT('',(0.00243825594086631,-0.00553727605559091,4.33680868994202E-19));
#13792=CARTESIAN_POINT('',(0.00231275516070353,-0.00510782807347139,0.003));
#13793=CARTESIAN_POINT('',(0.00231275516070353,-0.00510782807347139,4.33680868994202E-19));
#13794=CARTESIAN_POINT('',(0.00231275516070353,-0.00456965632520392,0.003));
#13795=CARTESIAN_POINT('',(0.00231275516070353,-0.00456965632520392,0.));
#13796=CARTESIAN_POINT('',(0.00268925750119187,-0.00585800027156246,0.003));
#13797=CARTESIAN_POINT('',(0.00268925750119187,-0.00585800027156246,0.003));
#13798=CARTESIAN_POINT('',(0.00268925750119187,-0.00585800027156246,0.003));
#13799=CARTESIAN_POINT('',(0.00231275516070353,-0.00537691394760513,0.003));
#13800=CARTESIAN_POINT('',(0.00231275516070353,-0.00456965632520392,0.003));
#13801=CARTESIAN_POINT('',(0.00360567465633883,-0.00633908659551978,0.003));
#13802=CARTESIAN_POINT('',(0.00360567465633883,-0.00633908659551978,0.));
#13803=CARTESIAN_POINT('',(0.00324573144656642,-0.00633908659551978,0.003));
#13804=CARTESIAN_POINT('',(0.00324573144656642,-0.00633908659551978,4.33680868994202E-19));
#13805=CARTESIAN_POINT('',(0.00294025906151743,-0.00617872448753401,0.003));
#13806=CARTESIAN_POINT('',(0.00294025906151743,-0.00617872448753401,4.33680868994202E-19));
#13807=CARTESIAN_POINT('',(0.00268925750119187,-0.00585800027156246,0.003));
#13808=CARTESIAN_POINT('',(0.00268925750119187,-0.00585800027156246,0.));
#13809=CARTESIAN_POINT('',(0.00360567465633883,-0.00633908659551978,0.003));
#13810=CARTESIAN_POINT('',(0.00360567465633883,-0.00633908659551978,0.003));
#13811=CARTESIAN_POINT('',(0.00360567465633883,-0.00633908659551978,0.003));
#13812=CARTESIAN_POINT('',(0.00306575984168021,-0.00633908659551978,0.003));
#13813=CARTESIAN_POINT('',(0.00268925750119187,-0.00585800027156246,0.003));
#13814=CARTESIAN_POINT('',(0.00460575899826099,-0.00593774555895756,0.003));
#13815=CARTESIAN_POINT('',(0.00460575899826099,-0.00593774555895756,0.));
#13816=CARTESIAN_POINT('',(0.00429897931341864,-0.00620530624999904,0.003));
#13817=CARTESIAN_POINT('',(0.00429897931341864,-0.00620530624999904,4.33680868994202E-19));
#13818=CARTESIAN_POINT('',(0.00396561786611125,-0.00633908659551978,0.003));
#13819=CARTESIAN_POINT('',(0.00396561786611125,-0.00633908659551978,4.33680868994202E-19));
#13820=CARTESIAN_POINT('',(0.00360567465633883,-0.00633908659551978,0.003));
#13821=CARTESIAN_POINT('',(0.00360567465633883,-0.00633908659551978,0.));
#13822=CARTESIAN_POINT('',(0.00460575899826099,-0.00593774555895756,0.003));
#13823=CARTESIAN_POINT('',(0.00414558947099746,-0.00633908659551978,0.003));
#13824=CARTESIAN_POINT('',(0.00360567465633883,-0.00633908659551978,0.003));
#13825=CARTESIAN_POINT('',(0.00303177004705279,-0.00448206723904864,0.003));
#13826=CARTESIAN_POINT('',(0.00303177004705279,-0.00448206723904864,0.));
#13827=CARTESIAN_POINT('',(0.00303177004705279,-0.00492262726941173,0.003));
#13828=CARTESIAN_POINT('',(0.00303177004705279,-0.00492262726941173,4.33680868994202E-19));
#13829=CARTESIAN_POINT('',(0.00310846496826338,-0.00526426828207708,0.003));
#13830=CARTESIAN_POINT('',(0.00310846496826338,-0.00526426828207708,4.33680868994202E-19));
#13831=CARTESIAN_POINT('',(0.00326185481068455,-0.00550699027704468,0.003));
#13832=CARTESIAN_POINT('',(0.00326185481068455,-0.00550699027704468,0.));
#13833=CARTESIAN_POINT('',(0.00303177004705279,-0.00448206723904864,0.));
#13834=CARTESIAN_POINT('',(0.00303177004705279,-0.00514290728459328,0.));
#13835=CARTESIAN_POINT('',(0.00326185481068455,-0.00550699027704468,0.));
#13836=CARTESIAN_POINT('',(0.00303177004705279,-0.00448206723904864,0.003));
#13837=CARTESIAN_POINT('',(0.00303177004705279,-0.00514290728459328,0.003));
#13838=CARTESIAN_POINT('',(0.00326185481068455,-0.00550699027704468,0.003));
#13839=CARTESIAN_POINT('',(0.,0.,0.003));
#13840=CARTESIAN_POINT('',(0.,0.,0.));
#13841=CARTESIAN_POINT('',(0.028,3.46944695195361E-18,0.003));
#13842=CARTESIAN_POINT('',(0.028,3.46944695195361E-18,0.003));
#13843=CARTESIAN_POINT('',(0.028,-0.006,0.003));
#13844=CARTESIAN_POINT('',(0.028,0.006,0.003));
#13845=CARTESIAN_POINT('',(0.028,0.006,0.003));
#13846=CARTESIAN_POINT('',(0.028,0.006,0.002));
#13847=CARTESIAN_POINT('',(0.028,0.006,0.001));
#13848=CARTESIAN_POINT('',(0.028,0.006,0.));
#13849=CARTESIAN_POINT('',(0.028,-0.006,0.));
#13850=CARTESIAN_POINT('',(0.028,-0.006,0.001));
#13851=CARTESIAN_POINT('',(0.028,-0.006,0.002));
#13852=CARTESIAN_POINT('',(0.028,-0.006,0.003));
#13853=CARTESIAN_POINT('',(0.,-0.013,0.003));
#13854=CARTESIAN_POINT('',(-0.021,-0.013,0.));
#13855=CARTESIAN_POINT('',(-0.021,-0.013,0.001));
#13856=CARTESIAN_POINT('',(-0.021,-0.013,0.002));
#13857=CARTESIAN_POINT('',(-0.021,-0.013,0.003));
#13858=CARTESIAN_POINT('',(-0.021,-0.013,0.003));
#13859=CARTESIAN_POINT('',(0.,-0.013,0.003));
#13860=CARTESIAN_POINT('',(0.021,-0.013,0.003));
#13861=CARTESIAN_POINT('',(0.021,-0.013,0.003));
#13862=CARTESIAN_POINT('',(0.021,-0.013,0.002));
#13863=CARTESIAN_POINT('',(0.021,-0.013,0.001));
#13864=CARTESIAN_POINT('',(0.021,-0.013,0.));
#13865=CARTESIAN_POINT('',(-0.028,-3.46944695195361E-18,0.003));
#13866=CARTESIAN_POINT('',(-0.028,0.006,0.));
#13867=CARTESIAN_POINT('',(-0.028,0.006,0.001));
#13868=CARTESIAN_POINT('',(-0.028,0.006,0.002));
#13869=CARTESIAN_POINT('',(-0.028,0.006,0.003));
#13870=CARTESIAN_POINT('',(-0.028,0.006,0.003));
#13871=CARTESIAN_POINT('',(-0.028,-3.46944695195361E-18,0.003));
#13872=CARTESIAN_POINT('',(-0.028,-0.006,0.003));
#13873=CARTESIAN_POINT('',(-0.028,-0.006,0.003));
#13874=CARTESIAN_POINT('',(-0.028,-0.006,0.002));
#13875=CARTESIAN_POINT('',(-0.028,-0.006,0.001));
#13876=CARTESIAN_POINT('',(-0.028,-0.006,0.));
#13877=CARTESIAN_POINT('',(0.,0.013,0.003));
#13878=CARTESIAN_POINT('',(0.,0.013,0.003));
#13879=CARTESIAN_POINT('',(0.021,0.013,0.003));
#13880=CARTESIAN_POINT('',(-0.021,0.013,0.003));
#13881=CARTESIAN_POINT('',(-0.021,0.013,0.003));
#13882=CARTESIAN_POINT('',(-0.021,0.013,0.002));
#13883=CARTESIAN_POINT('',(-0.021,0.013,0.001));
#13884=CARTESIAN_POINT('',(-0.021,0.013,0.));
#13885=CARTESIAN_POINT('',(0.021,0.013,0.));
#13886=CARTESIAN_POINT('',(0.021,0.013,0.001));
#13887=CARTESIAN_POINT('',(0.021,0.013,0.002));
#13888=CARTESIAN_POINT('',(0.021,0.013,0.003));
#13889=CARTESIAN_POINT('',(0.,0.,0.003));
#13890=CARTESIAN_POINT('',(0.028,-0.006,0.003));
#13891=CARTESIAN_POINT('',(0.028,-0.00694873437678973,0.003));
#13892=CARTESIAN_POINT('',(0.0278347519116394,-0.00881857302999325,0.003));
#13893=CARTESIAN_POINT('',(0.0264611562808353,-0.0114544692619359,0.003));
#13894=CARTESIAN_POINT('',(0.0238607720186048,-0.0128233239622157,0.003));
#13895=CARTESIAN_POINT('',(0.0219525533753434,-0.013,0.003));
#13896=CARTESIAN_POINT('',(0.021,-0.013,0.003));
#13897=CARTESIAN_POINT('',(-0.021,-0.013,0.003));
#13898=CARTESIAN_POINT('',(-0.0219487343767897,-0.013,0.003));
#13899=CARTESIAN_POINT('',(-0.0238185730299933,-0.0128347519116394,0.003));
#13900=CARTESIAN_POINT('',(-0.0264544692619359,-0.0114611562808353,0.003));
#13901=CARTESIAN_POINT('',(-0.0278233239622157,-0.00886077201860487,0.003));
#13902=CARTESIAN_POINT('',(-0.028,-0.0069525533753434,0.003));
#13903=CARTESIAN_POINT('',(-0.028,-0.006,0.003));
#13904=CARTESIAN_POINT('',(-0.028,0.006,0.003));
#13905=CARTESIAN_POINT('',(-0.028,0.00694873437678973,0.003));
#13906=CARTESIAN_POINT('',(-0.0278347519116394,0.00881857302999325,0.003));
#13907=CARTESIAN_POINT('',(-0.0264611562808353,0.0114544692619359,0.003));
#13908=CARTESIAN_POINT('',(-0.0238607720186048,0.0128233239622157,0.003));
#13909=CARTESIAN_POINT('',(-0.0219525533753434,0.013,0.003));
#13910=CARTESIAN_POINT('',(-0.021,0.013,0.003));
#13911=CARTESIAN_POINT('',(0.021,0.013,0.003));
#13912=CARTESIAN_POINT('',(0.0219487343767897,0.013,0.003));
#13913=CARTESIAN_POINT('',(0.0238185730299933,0.0128347519116394,0.003));
#13914=CARTESIAN_POINT('',(0.0264544692619359,0.0114611562808353,0.003));
#13915=CARTESIAN_POINT('',(0.0278233239622157,0.00886077201860487,0.003));
#13916=CARTESIAN_POINT('',(0.028,0.0069525533753434,0.003));
#13917=CARTESIAN_POINT('',(0.028,0.006,0.003));
#13918=CARTESIAN_POINT('',(0.,0.015,0.003));
#13919=CARTESIAN_POINT('',(0.023,0.015,0.003));
#13920=CARTESIAN_POINT('',(-0.023,0.015,0.003));
#13921=CARTESIAN_POINT('',(-0.023,0.015,0.003));
#13922=CARTESIAN_POINT('',(-0.0276666666666667,0.015,0.003));
#13923=CARTESIAN_POINT('',(-0.03,0.0126666666666667,0.003));
#13924=CARTESIAN_POINT('',(-0.03,0.008,0.003));
#13925=CARTESIAN_POINT('',(-0.03,0.008,0.003));
#13926=CARTESIAN_POINT('',(-0.03,0.,0.003));
#13927=CARTESIAN_POINT('',(-0.03,-0.008,0.003));
#13928=CARTESIAN_POINT('',(-0.03,-0.008,0.003));
#13929=CARTESIAN_POINT('',(-0.03,-0.0126666666666667,0.003));
#13930=CARTESIAN_POINT('',(-0.0276666666666667,-0.015,0.003));
#13931=CARTESIAN_POINT('',(-0.023,-0.015,0.003));
#13932=CARTESIAN_POINT('',(-0.023,-0.015,0.003));
#13933=CARTESIAN_POINT('',(0.,-0.015,0.003));
#13934=CARTESIAN_POINT('',(0.023,-0.015,0.003));
#13935=CARTESIAN_POINT('',(0.023,-0.015,0.003));
#13936=CARTESIAN_POINT('',(0.0276666666666667,-0.015,0.003));
#13937=CARTESIAN_POINT('',(0.03,-0.0126666666666667,0.003));
#13938=CARTESIAN_POINT('',(0.03,-0.008,0.003));
#13939=CARTESIAN_POINT('',(0.03,-0.008,0.003));
#13940=CARTESIAN_POINT('',(0.03,0.,0.003));
#13941=CARTESIAN_POINT('',(0.03,0.008,0.003));
#13942=CARTESIAN_POINT('',(0.03,0.008,0.003));
#13943=CARTESIAN_POINT('',(0.03,0.0126666666666667,0.003));
#13944=CARTESIAN_POINT('',(0.0276666666666667,0.015,0.003));
#13945=CARTESIAN_POINT('',(0.023,0.015,0.003));
#13946=CARTESIAN_POINT('',(0.,0.,-0.002));
#13947=CARTESIAN_POINT('',(0.003,-1.1327982892113E-19,-0.002));
#13948=CARTESIAN_POINT('',(0.00385,-1.1327982892113E-19,-0.002));
#13949=CARTESIAN_POINT('',(-0.007,1.55463659143465E-6,-0.002));
#13950=CARTESIAN_POINT('',(-0.00615,1.55463659143465E-6,-0.002));
#13951=CARTESIAN_POINT('',(-0.03,-3.46944695195361E-18,-0.002));
#13952=CARTESIAN_POINT('',(-0.03,-0.008,-0.002));
#13953=CARTESIAN_POINT('',(-0.03,0.008,-0.002));
#13954=CARTESIAN_POINT('',(-0.03,0.008,-0.002));
#13955=CARTESIAN_POINT('',(-0.03,0.0126666666666667,-0.002));
#13956=CARTESIAN_POINT('',(-0.0276666666666667,0.015,-0.002));
#13957=CARTESIAN_POINT('',(-0.023,0.015,-0.002));
#13958=CARTESIAN_POINT('',(-0.023,0.015,-0.002));
#13959=CARTESIAN_POINT('',(0.,0.015,-0.002));
#13960=CARTESIAN_POINT('',(0.023,0.015,-0.002));
#13961=CARTESIAN_POINT('',(0.023,0.015,-0.002));
#13962=CARTESIAN_POINT('',(0.0276666666666667,0.015,-0.002));
#13963=CARTESIAN_POINT('',(0.03,0.0126666666666667,-0.002));
#13964=CARTESIAN_POINT('',(0.03,0.008,-0.002));
#13965=CARTESIAN_POINT('',(0.03,0.008,-0.002));
#13966=CARTESIAN_POINT('',(0.03,1.7347234759768E-18,-0.002));
#13967=CARTESIAN_POINT('',(0.03,-0.008,-0.002));
#13968=CARTESIAN_POINT('',(0.03,-0.008,-0.002));
#13969=CARTESIAN_POINT('',(0.03,-0.0126666666666667,-0.002));
#13970=CARTESIAN_POINT('',(0.0276666666666667,-0.015,-0.002));
#13971=CARTESIAN_POINT('',(0.023,-0.015,-0.002));
#13972=CARTESIAN_POINT('',(0.023,-0.015,-0.002));
#13973=CARTESIAN_POINT('',(0.,-0.015,-0.002));
#13974=CARTESIAN_POINT('',(-0.023,-0.015,-0.002));
#13975=CARTESIAN_POINT('',(-0.023,-0.015,-0.002));
#13976=CARTESIAN_POINT('',(-0.0276666666666667,-0.015,-0.002));
#13977=CARTESIAN_POINT('',(-0.03,-0.0126666666666667,-0.002));
#13978=CARTESIAN_POINT('',(-0.03,-0.008,-0.002));
#13979=CARTESIAN_POINT('',(-0.03,-3.46944695195361E-18,-0.002));
#13980=CARTESIAN_POINT('',(-0.03,0.008,0.003));
#13981=CARTESIAN_POINT('',(-0.03,0.008,0.00133333333333333));
#13982=CARTESIAN_POINT('',(-0.03,0.008,-0.000333333333333334));
#13983=CARTESIAN_POINT('',(-0.03,0.008,-0.002));
#13984=CARTESIAN_POINT('',(-0.03,-0.008,-0.002));
#13985=CARTESIAN_POINT('',(-0.03,-0.008,-0.000333333333333333));
#13986=CARTESIAN_POINT('',(-0.03,-0.008,0.00133333333333333));
#13987=CARTESIAN_POINT('',(-0.03,-0.008,0.003));
#13988=CARTESIAN_POINT('',(0.,0.015,-0.002));
#13989=CARTESIAN_POINT('',(-0.023,0.015,-0.002));
#13990=CARTESIAN_POINT('',(-0.023,0.015,-0.000333333333333334));
#13991=CARTESIAN_POINT('',(-0.023,0.015,0.00133333333333333));
#13992=CARTESIAN_POINT('',(-0.023,0.015,0.003));
#13993=CARTESIAN_POINT('',(0.023,0.015,0.003));
#13994=CARTESIAN_POINT('',(0.023,0.015,0.00133333333333333));
#13995=CARTESIAN_POINT('',(0.023,0.015,-0.000333333333333333));
#13996=CARTESIAN_POINT('',(0.023,0.015,-0.002));
#13997=CARTESIAN_POINT('',(0.03,1.7347234759768E-18,-0.002));
#13998=CARTESIAN_POINT('',(0.03,0.008,-0.002));
#13999=CARTESIAN_POINT('',(0.03,0.008,-0.000333333333333333));
#14000=CARTESIAN_POINT('',(0.03,0.008,0.00133333333333333));
#14001=CARTESIAN_POINT('',(0.03,0.008,0.003));
#14002=CARTESIAN_POINT('',(0.03,-0.008,0.003));
#14003=CARTESIAN_POINT('',(0.03,-0.008,0.00133333333333333));
#14004=CARTESIAN_POINT('',(0.03,-0.008,-0.000333333333333334));
#14005=CARTESIAN_POINT('',(0.03,-0.008,-0.002));
#14006=CARTESIAN_POINT('',(0.,-0.015,-0.002));
#14007=CARTESIAN_POINT('',(-0.023,-0.015,0.003));
#14008=CARTESIAN_POINT('',(-0.023,-0.015,0.00133333333333333));
#14009=CARTESIAN_POINT('',(-0.023,-0.015,-0.000333333333333333));
#14010=CARTESIAN_POINT('',(-0.023,-0.015,-0.002));
#14011=CARTESIAN_POINT('',(0.023,-0.015,-0.002));
#14012=CARTESIAN_POINT('',(0.023,-0.015,-0.000333333333333334));
#14013=CARTESIAN_POINT('',(0.023,-0.015,0.00133333333333333));
#14014=CARTESIAN_POINT('',(0.023,-0.015,0.003));
#14015=CARTESIAN_POINT('',(0.0170274786651135,3.9801020972289E-19,0.003));
#14016=CARTESIAN_POINT('',(0.0170274786651135,3.9801020972289E-19,0.003));
#14017=CARTESIAN_POINT('',(0.0235274786651135,3.9801020972289E-19,0.003));
#14018=CARTESIAN_POINT('',(0.0170274786651135,3.9801020972289E-19,0.));
#14019=CARTESIAN_POINT('',(0.0235274786651135,3.9801020972289E-19,0.));
#14020=CARTESIAN_POINT('',(0.0170274786651135,4.62887109841444E-19,0.003));
#14021=CARTESIAN_POINT('',(0.0170274786651135,4.62887109841444E-19,0.003));
#14022=CARTESIAN_POINT('',(0.0245869988494429,4.62887109841444E-19,0.003));
#14023=CARTESIAN_POINT('',(0.,0.,0.003));
#14024=CARTESIAN_POINT('',(0.,0.,0.));
#14025=CARTESIAN_POINT('',(0.0126059260219336,1.21972744404619E-19,0.));
#14026=CARTESIAN_POINT('',(0.0124792602226103,-0.000230500391832458,0.));
#14027=CARTESIAN_POINT('',(0.0171078575996991,-0.00859128599531658,0.));
#14028=CARTESIAN_POINT('',(0.023135911691355,0.00357561855179779,0.));
#14029=CARTESIAN_POINT('',(0.0170811672920788,-0.0060546317918811,0.));
#14030=CARTESIAN_POINT('',(0.012722641641439,0.00021239352826652,0.));
#14031=CARTESIAN_POINT('',(0.0126059260219336,1.21972744404619E-19,0.));
#14032=CARTESIAN_POINT('',(0.0126059260219336,1.21972744404619E-19,0.));
#14033=CARTESIAN_POINT('',(0.0187076949894429,0.002597423755005,0.));
#14034=CARTESIAN_POINT('',(0.0199576949894429,0.002597423755005,0.));
#14035=CARTESIAN_POINT('',(0.0147821604859814,0.00263285727962635,0.));
#14036=CARTESIAN_POINT('',(0.0160321604859814,0.00263285727962635,0.));
#14037=CARTESIAN_POINT('',(0.0147821604859814,0.00263285727962635,0.003));
#14038=CARTESIAN_POINT('',(0.0147821604859814,0.00263285727962635,0.003));
#14039=CARTESIAN_POINT('',(0.0160321604859814,0.00263285727962635,0.003));
#14040=CARTESIAN_POINT('',(0.,0.,0.003));
#14041=CARTESIAN_POINT('',(0.0187076949894429,0.002597423755005,0.003));
#14042=CARTESIAN_POINT('',(0.0187076949894429,0.002597423755005,0.003));
#14043=CARTESIAN_POINT('',(0.0199576949894429,0.002597423755005,0.003));
#14044=CARTESIAN_POINT('',(0.,0.,0.003));
#14045=CARTESIAN_POINT('',(0.0126059260219336,1.21972744404619E-19,0.003));
#14046=CARTESIAN_POINT('',(0.0126059260219336,1.21972744404619E-19,0.));
#14047=CARTESIAN_POINT('',(0.0124792602226103,-0.000230500391832458,0.003));
#14048=CARTESIAN_POINT('',(0.0124792602226103,-0.000230500391832458,0.));
#14049=CARTESIAN_POINT('',(0.0171078575996991,-0.00859128599531658,0.003));
#14050=CARTESIAN_POINT('',(0.0171078575996991,-0.00859128599531658,0.));
#14051=CARTESIAN_POINT('',(0.023135911691355,0.00357561855179779,0.003));
#14052=CARTESIAN_POINT('',(0.023135911691355,0.00357561855179779,0.));
#14053=CARTESIAN_POINT('',(0.0170811672920788,-0.0060546317918811,0.003));
#14054=CARTESIAN_POINT('',(0.0170811672920788,-0.0060546317918811,0.));
#14055=CARTESIAN_POINT('',(0.012722641641439,0.00021239352826652,0.003));
#14056=CARTESIAN_POINT('',(0.012722641641439,0.00021239352826652,0.));
#14057=CARTESIAN_POINT('',(0.0126059260219336,1.21972744404619E-19,0.003));
#14058=CARTESIAN_POINT('',(0.0126059260219336,1.21972744404619E-19,0.));
#14059=CARTESIAN_POINT('',(0.0126059260219336,1.21972744404619E-19,0.003));
#14060=CARTESIAN_POINT('',(0.0124792602226103,-0.000230500391832458,0.003));
#14061=CARTESIAN_POINT('',(0.0171078575996991,-0.00859128599531658,0.003));
#14062=CARTESIAN_POINT('',(0.023135911691355,0.00357561855179779,0.003));
#14063=CARTESIAN_POINT('',(0.0170811672920788,-0.0060546317918811,0.003));
#14064=CARTESIAN_POINT('',(0.012722641641439,0.00021239352826652,0.003));
#14065=CARTESIAN_POINT('',(0.0126059260219336,1.21972744404619E-19,0.003));
#14066=CARTESIAN_POINT('',(0.0126059260219336,1.21972744404619E-19,0.003));
#14067=CARTESIAN_POINT('',(0.,0.,0.003));
#14068=CARTESIAN_POINT('',(-0.007,1.55463659143465E-6,-0.025));
#14069=CARTESIAN_POINT('',(0.003,-1.1327982892113E-19,-0.025));
#14070=CARTESIAN_POINT('',(-0.03,0.008,0.003));
#14071=CARTESIAN_POINT('',(-0.03,0.008,-0.002));
#14072=CARTESIAN_POINT('',(-0.03,0.0126666666666667,0.003));
#14073=CARTESIAN_POINT('',(-0.03,0.0126666666666667,-0.002));
#14074=CARTESIAN_POINT('',(-0.0276666666666666,0.015,0.003));
#14075=CARTESIAN_POINT('',(-0.0276666666666666,0.015,-0.002));
#14076=CARTESIAN_POINT('',(-0.023,0.015,0.003));
#14077=CARTESIAN_POINT('',(-0.023,0.015,-0.002));
#14078=CARTESIAN_POINT('',(0.03,0.008,-0.002));
#14079=CARTESIAN_POINT('',(0.03,0.008,0.003));
#14080=CARTESIAN_POINT('',(0.03,0.0126666666666667,-0.002));
#14081=CARTESIAN_POINT('',(0.03,0.0126666666666667,0.003));
#14082=CARTESIAN_POINT('',(0.0276666666666666,0.015,-0.002));
#14083=CARTESIAN_POINT('',(0.0276666666666666,0.015,0.003));
#14084=CARTESIAN_POINT('',(0.023,0.015,-0.002));
#14085=CARTESIAN_POINT('',(0.023,0.015,0.003));
#14086=CARTESIAN_POINT('',(-0.03,-0.008,-0.002));
#14087=CARTESIAN_POINT('',(-0.03,-0.008,0.003));
#14088=CARTESIAN_POINT('',(-0.03,-0.0126666666666667,-0.002));
#14089=CARTESIAN_POINT('',(-0.03,-0.0126666666666667,0.003));
#14090=CARTESIAN_POINT('',(-0.0276666666666666,-0.015,-0.002));
#14091=CARTESIAN_POINT('',(-0.0276666666666666,-0.015,0.003));
#14092=CARTESIAN_POINT('',(-0.023,-0.015,-0.002));
#14093=CARTESIAN_POINT('',(-0.023,-0.015,0.003));
#14094=CARTESIAN_POINT('',(0.03,-0.008,0.003));
#14095=CARTESIAN_POINT('',(0.03,-0.008,-0.002));
#14096=CARTESIAN_POINT('',(0.03,-0.0126666666666667,0.003));
#14097=CARTESIAN_POINT('',(0.03,-0.0126666666666667,-0.002));
#14098=CARTESIAN_POINT('',(0.0276666666666666,-0.015,0.003));
#14099=CARTESIAN_POINT('',(0.0276666666666666,-0.015,-0.002));
#14100=CARTESIAN_POINT('',(0.023,-0.015,0.003));
#14101=CARTESIAN_POINT('',(0.023,-0.015,-0.002));
#14102=CARTESIAN_POINT('',(-0.021,0.013,-2.52831167771068E-19));
#14103=CARTESIAN_POINT('',(-0.021,0.013,0.003));
#14104=CARTESIAN_POINT('',(-0.0256666666666667,0.013,-4.1561083278611E-19));
#14105=CARTESIAN_POINT('',(-0.0256666666666667,0.013,0.003));
#14106=CARTESIAN_POINT('',(-0.028,0.0106666666666667,-2.34910470705193E-19));
#14107=CARTESIAN_POINT('',(-0.028,0.0106666666666667,0.003));
#14108=CARTESIAN_POINT('',(-0.028,0.006,-2.18483165061473E-19));
#14109=CARTESIAN_POINT('',(-0.028,0.006,0.003));
#14110=CARTESIAN_POINT('',(0.021,0.013,0.003));
#14111=CARTESIAN_POINT('',(0.021,0.013,-4.33680868994202E-19));
#14112=CARTESIAN_POINT('',(0.0256666666666667,0.013,0.003));
#14113=CARTESIAN_POINT('',(0.0256666666666667,0.013,-1.30104260698261E-18));
#14114=CARTESIAN_POINT('',(0.028,0.0106666666666667,0.003));
#14115=CARTESIAN_POINT('',(0.028,0.0106666666666667,-2.16840434497101E-18));
#14116=CARTESIAN_POINT('',(0.028,0.006,0.003));
#14117=CARTESIAN_POINT('',(0.028,0.006,-1.73472347597681E-18));
#14118=CARTESIAN_POINT('',(-0.021,-0.013,0.003));
#14119=CARTESIAN_POINT('',(-0.021,-0.013,-4.33680868994202E-19));
#14120=CARTESIAN_POINT('',(-0.0256666666666667,-0.013,0.003));
#14121=CARTESIAN_POINT('',(-0.0256666666666667,-0.013,-1.30104260698261E-18));
#14122=CARTESIAN_POINT('',(-0.028,-0.0106666666666667,0.003));
#14123=CARTESIAN_POINT('',(-0.028,-0.0106666666666667,-2.16840434497101E-18));
#14124=CARTESIAN_POINT('',(-0.028,-0.006,0.003));
#14125=CARTESIAN_POINT('',(-0.028,-0.006,-1.73472347597681E-18));
#14126=CARTESIAN_POINT('',(0.021,-0.013,-2.52831167771068E-19));
#14127=CARTESIAN_POINT('',(0.021,-0.013,0.003));
#14128=CARTESIAN_POINT('',(0.0256666666666667,-0.013,-4.1561083278611E-19));
#14129=CARTESIAN_POINT('',(0.0256666666666667,-0.013,0.003));
#14130=CARTESIAN_POINT('',(0.028,-0.0106666666666667,-2.34910470705193E-19));
#14131=CARTESIAN_POINT('',(0.028,-0.0106666666666667,0.003));
#14132=CARTESIAN_POINT('',(0.028,-0.006,-2.18483165061473E-19));
#14133=CARTESIAN_POINT('',(0.028,-0.006,0.003));
#14134=MECHANICAL_DESIGN_GEOMETRIC_PRESENTATION_REPRESENTATION('',(#8303),
#14135);
#14135=(
GEOMETRIC_REPRESENTATION_CONTEXT(3)
GLOBAL_UNCERTAINTY_ASSIGNED_CONTEXT((#14136))
GLOBAL_UNIT_ASSIGNED_CONTEXT((#14139,#14138,#14137))
REPRESENTATION_CONTEXT('Part 1','TOP_LEVEL_ASSEMBLY_PART')
);
#14136=UNCERTAINTY_MEASURE_WITH_UNIT(LENGTH_MEASURE(2.E-5),#14139,
'DISTANCE_ACCURACY_VALUE','Maximum Tolerance applied to model');
#14137=(
NAMED_UNIT(*)
SI_UNIT($,.STERADIAN.)
SOLID_ANGLE_UNIT()
);
#14138=(
NAMED_UNIT(*)
PLANE_ANGLE_UNIT()
SI_UNIT($,.RADIAN.)
);
#14139=(
LENGTH_UNIT()
NAMED_UNIT(*)
SI_UNIT($,.METRE.)
);
#14140=PRODUCT_DEFINITION_SHAPE('','',#14141);
#14141=PRODUCT_DEFINITION('','',#14143,#14142);
#14142=PRODUCT_DEFINITION_CONTEXT('',#14149,'design');
#14143=PRODUCT_DEFINITION_FORMATION_WITH_SPECIFIED_SOURCE('','',#14145,
 .NOT_KNOWN.);
#14144=PRODUCT_RELATED_PRODUCT_CATEGORY('','',(#14145));
#14145=PRODUCT('Part 1','Part 1','Part 1',(#14147));
#14146=PRODUCT_CATEGORY('','');
#14147=PRODUCT_CONTEXT('',#14149,'mechanical');
#14148=APPLICATION_PROTOCOL_DEFINITION('international standard',
'ap242_managed_model_based_3d_engineering',2020,#14149);
#14149=APPLICATION_CONTEXT('managed model based 3d engineering');
ENDSEC;
END-ISO-10303-21;
